{"type":"FeatureCollection","crs":{"type":"name","properties":{"name":"EPSG:4326"}},"features":[{"type":"Feature","geometry":{"type":"Point","coordinates":[-114.584284300002,33.5745542000014]},"properties":{"name1":"Veterans Alcoholic Rehab Prog (VARP)","name2":"Metcalf Recovery Ranch","street1":"9826 18th Avenue","city":"Blythe","county":"Riverside","zip":92225,"phone":"760-922-8625","website":"http://www.varpinc.org","type_facility":"SU","sa":1,"dt":null,"otp":null,"res":1,"op":null,"hi":null}},{"type":"Feature","geometry":{"type":"Point","coordinates":[-116.056142200002,35.2837440000013]},"properties":{"name1":"Serenity Cottages of the Desert","name2":null,"street1":"57131 Lakeview Road","city":"Baker","county":"San Bernardino","zip":92309,"phone":"909-389-8582","website":"http://Serenitycottagesotd.com","type_facility":"SU","sa":1,"dt":1,"otp":null,"res":1,"op":null,"hi":1}},{"type":"Feature","geometry":{"type":"Point","coordinates":[-116.997502000002,34.8898360000012]},"properties":{"name1":"San Bernardino Cnty Dept Behav Health","name2":"Barstow Counseling/Behavioral Health","street1":"1841 East Main Street","city":"Barstow","county":"San Bernardino","zip":92311,"phone":"760-255-5700","website":"http://www.sbcounty.gov","type_facility":"SU","sa":1,"dt":null,"otp":null,"res":null,"op":1,"hi":null}},{"type":"Feature","geometry":{"type":"Point","coordinates":[-117.022732700002,34.8968401000013]},"properties":{"name1":"High Desert Child Adolescent and","name2":"Family Services Center Inc","street1":"225 Barstow Road","city":"Barstow","county":"San Bernardino","zip":92311,"phone":"760-255-1083","website":"https://highdesert.profitsmakelifeeasier.multisiteadmin.com/a/preview","type_facility":"SU","sa":1,"dt":null,"otp":null,"res":null,"op":1,"hi":null}},{"type":"Feature","geometry":{"type":"Point","coordinates":[-116.199168700002,33.7193121000013]},"properties":{"name1":"Indio Substance Abuse","name2":"Prevention and Treatment Program","street1":"83912 Avenue 45","city":"Indio","county":"Riverside","zip":92201,"phone":"760-347-0754","website":"http://www.rcdmh.org/Substance-Use-Programs","type_facility":"SU","sa":1,"dt":null,"otp":null,"res":null,"op":1,"hi":null}},{"type":"Feature","geometry":{"type":"Point","coordinates":[-116.178268600002,33.6831788000013]},"properties":{"name1":"Riverside County Latino Commission on","name2":"Alc/Drug Abuse Servs/Counseling","street1":"1612 1st Street","city":"Coachella","county":"Riverside","zip":92236,"phone":"760-398-9000","website":"http://www.latinocommission.com","type_facility":"SU","sa":1,"dt":null,"otp":null,"res":null,"op":1,"hi":null}},{"type":"Feature","geometry":{"type":"Point","coordinates":[-116.228121000002,33.7267928000013]},"properties":{"name1":"ABC Recovery Center Inc","name2":null,"street1":"82353 Indio Boulevard","city":"Indio","county":"Riverside","zip":92201,"phone":"760-342-6616","website":"http://www.abcrecoverycenter.org","type_facility":"SU","sa":1,"dt":null,"otp":null,"res":null,"op":1,"hi":null}},{"type":"Feature","geometry":{"type":"Point","coordinates":[-116.226481800002,33.7247625000013]},"properties":{"name1":"ABC Recovery Center Inc","name2":null,"street1":"44435 Biskra Street","city":"Indio","county":"Riverside","zip":92201,"phone":"760-342-6616","website":"http://abcrecoverycenter.org","type_facility":"SU","sa":1,"dt":1,"otp":null,"res":1,"op":null,"hi":null}},{"type":"Feature","geometry":{"type":"Point","coordinates":[-116.226931700002,33.7251174000013]},"properties":{"name1":"ABC Recovery Center Inc","name2":null,"street1":"44374 Palm Street","city":"Indio","county":"Riverside","zip":92201,"phone":"760-342-6616","website":"http://www.abcrecoverycenter.org","type_facility":"SU","sa":1,"dt":1,"otp":null,"res":1,"op":null,"hi":null}},{"type":"Feature","geometry":{"type":"Point","coordinates":[-116.220263900002,33.7155179000013]},"properties":{"name1":"Awareness Program","name2":null,"street1":"45926 Oasis Street","city":"Indio","county":"Riverside","zip":92201,"phone":"760-342-1233","website":"http://www.theawarenessgroup.org","type_facility":"SU","sa":1,"dt":null,"otp":null,"res":null,"op":1,"hi":null}},{"type":"Feature","geometry":{"type":"Point","coordinates":[-116.198182600002,33.6833153000013]},"properties":{"name1":"Riverside County Latino Commission on","name2":"Alc/Drug Abuse Servs/Beas Yth Trt Home","street1":"50173 Calle Marbella","city":"Coachella","county":"Riverside","zip":92236,"phone":"760-398-9000","website":"http://www.latinocommission.com","type_facility":"SU","sa":1,"dt":null,"otp":null,"res":1,"op":null,"hi":null}},{"type":"Feature","geometry":{"type":"Point","coordinates":[-116.236100000002,33.7269000000013]},"properties":{"name1":"Riverside County Latino Commission on","name2":"Alc/Drug Abuse Servs/Casa Las Palmas","street1":"83844 Hopi Avenue","city":"Indio","county":"Riverside","zip":92201,"phone":"760-398-9000","website":"http://www.latinocommission.com","type_facility":"SU","sa":1,"dt":null,"otp":null,"res":1,"op":null,"hi":null}},{"type":"Feature","geometry":{"type":"Point","coordinates":[-116.244742400002,33.7326860000013]},"properties":{"name1":"Riverside County Latino Commission on","name2":"Alc/Drug Abuse Servs/Michaels Yth Trt","street1":"43485 Hollyhock Street","city":"Indio","county":"Riverside","zip":92201,"phone":"760-619-2860","website":"http://www.latinocommission.com","type_facility":"SU","sa":1,"dt":null,"otp":null,"res":1,"op":null,"hi":1}},{"type":"Feature","geometry":{"type":"Point","coordinates":[-116.239343100002,33.7070798000013]},"properties":{"name1":"Coachella Valley Treatment Center","name2":null,"street1":"81709 Dr Carreon Boulevard","city":"Indio","county":"Riverside","zip":92201,"phone":"760-347-0000","website":"http://coachellatreatmentcenter.com","type_facility":"SU","sa":1,"dt":1,"otp":null,"res":null,"op":1,"hi":null}},{"type":"Feature","geometry":{"type":"Point","coordinates":[-116.209373500002,33.6482174000013]},"properties":{"name1":"Riverside County Latino Commission on","name2":"Alc/Drug Servs/Casa Cecilia Recov Home","street1":"83385 Rosa Avenue","city":"Thermal","county":"Riverside","zip":92274,"phone":"760-398-9000","website":"http://www.latinocommission.com","type_facility":"SU","sa":1,"dt":null,"otp":null,"res":1,"op":null,"hi":null}},{"type":"Feature","geometry":{"type":"Point","coordinates":[-116.473996000002,33.9525074000013]},"properties":{"name1":"Bella Monte Recovery Center","name2":null,"street1":"68111 Calle Las Tiendas","city":"Desert Hot Springs","county":"Riverside","zip":92240,"phone":"760-671-9803","website":"http://www.bellamonterecovery.com","type_facility":"SU","sa":1,"dt":1,"otp":null,"res":1,"op":null,"hi":null}},{"type":"Feature","geometry":{"type":"Point","coordinates":[-116.474715900002,33.9517088000013]},"properties":{"name1":"Affinity Recovery","name2":null,"street1":"13340 Mountain View Road","city":"Desert Hot Springs","county":"Riverside","zip":92240,"phone":"949-531-6465","website":"http://www.affinityrecovery.com","type_facility":"SU","sa":1,"dt":1,"otp":null,"res":1,"op":null,"hi":null}},{"type":"Feature","geometry":{"type":"Point","coordinates":[-116.481325100002,33.9504923000013]},"properties":{"name1":"Soroptimist House of Hope Inc","name2":null,"street1":"13525 Cielo Azul Way","city":"Desert Hot Springs","county":"Riverside","zip":92240,"phone":"760-329-4673","website":"http://www.recoveryhouseofhope.org","type_facility":"SU","sa":1,"dt":null,"otp":null,"res":1,"op":null,"hi":null}},{"type":"Feature","geometry":{"type":"Point","coordinates":[-116.154931600002,33.5637252000013]},"properties":{"name1":"Riverside San Bernardino County/Indian","name2":"Health Inc/Torres Martinez Clinic","street1":"66-655 Martinez Road","city":"Thermal","county":"Riverside","zip":92274,"phone":"909-864-1097 x4709","website":"http://www.rsbcihi.org","type_facility":"SU","sa":1,"dt":null,"otp":null,"res":null,"op":1,"hi":null}},{"type":"Feature","geometry":{"type":"Point","coordinates":[-116.526274100002,33.9896107000013]},"properties":{"name1":"Ranch Recovery Centers Inc","name2":"DBA The Ranch","street1":"7885 Annandale Avenue","city":"Desert Hot Springs","county":"Riverside","zip":92240,"phone":"760-329-2924","website":"http://www.ranchrecovery.org","type_facility":"SU","sa":1,"dt":1,"otp":null,"res":1,"op":null,"hi":null}},{"type":"Feature","geometry":{"type":"Point","coordinates":[-116.376751800002,33.7955375000013]},"properties":{"name1":"Banyan Palm Springs LLC","name2":null,"street1":"73771 Dinah Shore Drive","city":"Palm Desert","county":"Riverside","zip":92211,"phone":"800-547-4615","website":"https://www.banyanpalmsprings.com/","type_facility":"SU","sa":1,"dt":null,"otp":null,"res":null,"op":1,"hi":null}},{"type":"Feature","geometry":{"type":"Point","coordinates":[-116.500663500002,33.9445045000013]},"properties":{"name1":"Riverside University Health System","name2":"Desert Hot Springs Substance Abuse","street1":"14320 Palm Drive","city":"Desert Hot Springs","county":"Riverside","zip":92240,"phone":"760-770-2264","website":"http://www.rcdmh.org/sapt","type_facility":"SU","sa":1,"dt":null,"otp":null,"res":null,"op":1,"hi":null}},{"type":"Feature","geometry":{"type":"Point","coordinates":[-116.458968200002,33.8325600000013]},"properties":{"name1":"Coachella Valley Recovery Ctr","name2":null,"street1":"29660 Avenida La Vista","city":"Cathedral City","county":"Riverside","zip":92234,"phone":"760-760-5888","website":"http://coachellavalleyrecoverycenter.com","type_facility":"SU","sa":1,"dt":1,"otp":null,"res":1,"op":null,"hi":1}},{"type":"Feature","geometry":{"type":"Point","coordinates":[-117.693028800002,35.6514483000011]},"properties":{"name1":"Aegis Treatment Centers LLC","name2":null,"street1":"1111 West Inyokern Road","city":"Ridgecrest","county":"Kern","zip":93555,"phone":"760-301-6945","website":"http://www.pinnacletreatment.com","type_facility":"SU","sa":1,"dt":null,"otp":null,"res":null,"op":1,"hi":null}},{"type":"Feature","geometry":{"type":"Point","coordinates":[-116.446359800002,33.7732263000012]},"properties":{"name1":"Addiction Therapeutic Services","name2":null,"street1":"69730 Highway 111","city":"Rancho Mirage","county":"Riverside","zip":92270,"phone":"760-322-1777","website":"http://www.ats-iop.com","type_facility":"SU","sa":1,"dt":1,"otp":null,"res":null,"op":1,"hi":null}},{"type":"Feature","geometry":{"type":"Point","coordinates":[-116.470331300002,33.7793963000013]},"properties":{"name1":"California Behavioral Health LLC","name2":null,"street1":"37066 Bankside Drive","city":"Cathedral City","county":"Riverside","zip":92234,"phone":"760-459-3736","website":"http://www.cabehavioral.com","type_facility":"SU","sa":1,"dt":1,"otp":null,"res":1,"op":null,"hi":null}},{"type":"Feature","geometry":{"type":"Point","coordinates":[-116.482872000002,33.7908648000013]},"properties":{"name1":"Banyan Palm Springs","name2":null,"street1":"67580 Jones Road","city":"Cathedral City","county":"Riverside","zip":92234,"phone":"800-547-4615","website":"http://www.banyanpalmsprings.com","type_facility":"SU","sa":1,"dt":1,"otp":null,"res":1,"op":null,"hi":null}},{"type":"Feature","geometry":{"type":"Point","coordinates":[-118.389733600002,37.3616952000011]},"properties":{"name1":"Alpine Recovery Center","name2":null,"street1":"375 East Line Street","city":"Bishop","county":"Inyo","zip":93514,"phone":"760-873-4357","website":"http://alpinecenterbishop.com","type_facility":"SU","sa":1,"dt":null,"otp":null,"res":null,"op":1,"hi":null}},{"type":"Feature","geometry":{"type":"Point","coordinates":[-116.523004500002,33.8306739000013]},"properties":{"name1":"Intervention911","name2":"KSC Detox","street1":"501 North Cantera Circle","city":"Palm Springs","county":"Riverside","zip":92262,"phone":"760-548-4194","website":"http://www.kenseeleydetox.com","type_facility":"SU","sa":1,"dt":1,"otp":null,"res":1,"op":null,"hi":null}},{"type":"Feature","geometry":{"type":"Point","coordinates":[-115.554924400002,32.7915152000013]},"properties":{"name1":"Imperial Valley Medical Clinic Inc","name2":"Medical Treatment Center","street1":"200 South 5th Street","city":"El Centro","county":"Imperial","zip":92243,"phone":"760-482-0864","website":"http://ivmedclinics.com","type_facility":"SU","sa":1,"dt":1,"otp":1,"res":null,"op":1,"hi":null}},{"type":"Feature","geometry":{"type":"Point","coordinates":[-116.525545400002,33.8234456000013]},"properties":{"name1":"Intervention911","name2":null,"street1":"1900 East Tahquitz Canyon Way","city":"Palm Springs","county":"Riverside","zip":92262,"phone":"844-230-4911","website":"http://intervention911.com","type_facility":"SU","sa":1,"dt":null,"otp":null,"res":null,"op":1,"hi":null}},{"type":"Feature","geometry":{"type":"Point","coordinates":[-116.525545400002,33.8234456000013]},"properties":{"name1":"Ken Seeley Communities","name2":null,"street1":"1900 East Tahquitz Canyon Way","city":"Palm Springs","county":"Riverside","zip":92262,"phone":"855-924-1911","website":"http://kenseeleyrehab.com","type_facility":"SU","sa":1,"dt":null,"otp":null,"res":null,"op":1,"hi":null}},{"type":"Feature","geometry":{"type":"Point","coordinates":[-116.528729300002,33.8244594000013]},"properties":{"name1":"RUHS/Behavioral Health","name2":"Palm Springs SAPT Clinic","street1":"191 North Sunrise Way","city":"Palm Springs","county":"Riverside","zip":92262,"phone":"760-770-2286","website":"http://www.rcdmh.org/sapt","type_facility":"SU","sa":1,"dt":null,"otp":null,"res":null,"op":1,"hi":null}},{"type":"Feature","geometry":{"type":"Point","coordinates":[-116.545201400002,33.8414415000013]},"properties":{"name1":"Desert Comprehensive Treatment Center","name2":"WCHS Inc","street1":"1330 North Indian Canyon Drive","city":"Palm Springs","county":"Riverside","zip":92262,"phone":"760-322-9065","website":"http://www.ctcprograms.com/location/desert-comprehensive-treatment-center/","type_facility":"SU","sa":1,"dt":1,"otp":1,"res":null,"op":1,"hi":null}},{"type":"Feature","geometry":{"type":"Point","coordinates":[-115.573039000002,32.7912320000013]},"properties":{"name1":"County of Imperial","name2":"El Centro Adolescent SUD Trt Program","street1":"315 South Waterman Avenue","city":"El Centro","county":"Imperial","zip":92243,"phone":"442-265-1525","website":"https://bhs.imperialcounty.org/","type_facility":"SU","sa":1,"dt":null,"otp":null,"res":null,"op":1,"hi":null}},{"type":"Feature","geometry":{"type":"Point","coordinates":[-115.550580600002,32.7693353000014]},"properties":{"name1":"County of Imperial","name2":"El Centro Adult SUD Treatment Program","street1":"2695 South 4th Street","city":"El Centro","county":"Imperial","zip":92243,"phone":"442-265-1525","website":"https://bhs.imperialcounty.org/","type_facility":"SU","sa":1,"dt":1,"otp":null,"res":null,"op":1,"hi":null}},{"type":"Feature","geometry":{"type":"Point","coordinates":[-118.413026300002,37.3636683000011]},"properties":{"name1":"Toiyabe Indian Health Project","name2":"Family Services Department","street1":"250 North See Vee Lane","city":"Bishop","county":"Inyo","zip":93514,"phone":"760-873-6394","website":"http://www.toiyabe.us","type_facility":"SU","sa":1,"dt":null,"otp":null,"res":null,"op":1,"hi":null}},{"type":"Feature","geometry":{"type":"Point","coordinates":[-116.547021400002,33.8305740000013]},"properties":{"name1":"Michaels House","name2":"Outpatient Center","street1":"515 North Palm Canyon Drive","city":"Palm Springs","county":"Riverside","zip":92262,"phone":"760-450-9001","website":"http://www.michaelshouse.com","type_facility":"SU","sa":1,"dt":null,"otp":null,"res":null,"op":1,"hi":null}},{"type":"Feature","geometry":{"type":"Point","coordinates":[-116.538509800002,33.7972681000013]},"properties":{"name1":"Michaels House","name2":"Treatment Center","street1":"1910 Camino Real","city":"Palm Springs","county":"Riverside","zip":92264,"phone":"760-450-9001","website":"http://www.michaelshouse.com","type_facility":"SU","sa":1,"dt":1,"otp":null,"res":1,"op":null,"hi":1}},{"type":"Feature","geometry":{"type":"Point","coordinates":[-115.500490700002,32.6828841000013]},"properties":{"name1":"County of Imperial","name2":"Calexico Adolescent SUD Treatment Prog","street1":"101 Hacienda Drive","city":"Calexico","county":"Imperial","zip":92231,"phone":"442-265-1525","website":"https://bhs.imperialcounty.org/","type_facility":"SU","sa":1,"dt":null,"otp":null,"res":null,"op":1,"hi":null}},{"type":"Feature","geometry":{"type":"Point","coordinates":[-115.497783300002,32.6679111000013]},"properties":{"name1":"County of Imperial","name2":"Calexico Adult SUD Treatment Program","street1":"25 East 3rd Street","city":"Calexico","county":"Imperial","zip":92231,"phone":"442-265-1525","website":"https://bhs.imperialcounty.org/","type_facility":"SU","sa":1,"dt":null,"otp":null,"res":null,"op":1,"hi":null}},{"type":"Feature","geometry":{"type":"Point","coordinates":[-115.503813900002,32.6721751000014]},"properties":{"name1":"Imperial Valley Medical Clinic Inc","name2":null,"street1":"535 Cesar Chavez Boulevard","city":"Calexico","county":"Imperial","zip":92231,"phone":"760-357-6566","website":"http://ivmedclinics.com","type_facility":"SU","sa":1,"dt":1,"otp":1,"res":null,"op":1,"hi":null}},{"type":"Feature","geometry":{"type":"Point","coordinates":[-116.829654700002,33.9537709000012]},"properties":{"name1":"Riverside San Bernardino County/Indian","name2":"Health Inc/Morongo Clinic","street1":"11555 1/2 Potrero Road","city":"Banning","county":"Riverside","zip":92220,"phone":"909-864-1097 x4709","website":"http://www.rsbcihi.org","type_facility":"SU","sa":1,"dt":null,"otp":null,"res":null,"op":1,"hi":null}},{"type":"Feature","geometry":{"type":"Point","coordinates":[-117.308160900002,34.5235625000012]},"properties":{"name1":"High Desert Child Adolescent and","name2":"Family Services Center Inc","street1":"16248 Victor Street","city":"Victorville","county":"San Bernardino","zip":92395,"phone":"760-243-7151","website":"https://highdesert.profitsmakelifeeasier.multisiteadmin.com/a/preview","type_facility":"SU","sa":1,"dt":null,"otp":null,"res":null,"op":1,"hi":null}},{"type":"Feature","geometry":{"type":"Point","coordinates":[-116.906815100002,33.9603675000013]},"properties":{"name1":"MFI Recovery Center","name2":"Sunrise House","street1":"43250 Midnight Court","city":"Banning","county":"Riverside","zip":92220,"phone":"951-922-1725","website":"http://www.mfirecovery.com","type_facility":"SU","sa":1,"dt":null,"otp":null,"res":1,"op":null,"hi":null}},{"type":"Feature","geometry":{"type":"Point","coordinates":[-117.290532700002,34.4794586000012]},"properties":{"name1":"Aspire Counseling Services","name2":"Victorville","street1":"12571 Hesperia Road","city":"Victorville","county":"San Bernardino","zip":92395,"phone":"888-585-7373","website":"http://www.aspirecounselingservice.com","type_facility":"SU","sa":1,"dt":null,"otp":null,"res":null,"op":1,"hi":null}},{"type":"Feature","geometry":{"type":"Point","coordinates":[-116.888351900002,33.9257813000012]},"properties":{"name1":"MFI Recovery Center","name2":null,"street1":"1035 West Ramsey Street","city":"Banning","county":"Riverside","zip":92220,"phone":"951-683-6596","website":"http://www.mfirecovery.com","type_facility":"SU","sa":1,"dt":null,"otp":null,"res":null,"op":1,"hi":null}},{"type":"Feature","geometry":{"type":"Point","coordinates":[-117.329044500002,34.5103650000012]},"properties":{"name1":"Desert Bloom Recovery LLC","name2":null,"street1":"14286 California Avenue","city":"Victorville","county":"San Bernardino","zip":92392,"phone":"888-503-1503","website":"http://www.desertbloomrecovery.com","type_facility":"SU","sa":1,"dt":null,"otp":null,"res":null,"op":1,"hi":null}},{"type":"Feature","geometry":{"type":"Point","coordinates":[-117.371152400002,34.5039578000012]},"properties":{"name1":"Saint John of God Healthcare Services","name2":null,"street1":"13333 Palmdale Road","city":"Victorville","county":"San Bernardino","zip":92392,"phone":"760-241-4917 x71502","website":"http://","type_facility":"SU","sa":1,"dt":1,"otp":null,"res":1,"op":null,"hi":null}},{"type":"Feature","geometry":{"type":"Point","coordinates":[-117.349849600002,34.4650383000012]},"properties":{"name1":"Aegis Treatment Centers LLC","name2":"Hesperia","street1":"11776 Mariposa Road","city":"Hesperia","county":"San Bernardino","zip":92345,"phone":"760-956-2462","website":"http://www.aegistreatmentcenters.com","type_facility":"SU","sa":1,"dt":1,"otp":1,"res":null,"op":1,"hi":null}},{"type":"Feature","geometry":{"type":"Point","coordinates":[-116.920000000002,33.7938000000012]},"properties":{"name1":"LaVista Alcohol/Drug Recovery Center","name2":"A Division of MFI","street1":"- - -","city":"San Jacinto","county":"Riverside","zip":92583,"phone":"951-925-8450 x1613","website":"http://www.mfirecovery.com","type_facility":"SU","sa":1,"dt":null,"otp":null,"res":1,"op":null,"hi":null}},{"type":"Feature","geometry":{"type":"Point","coordinates":[-116.936808000002,33.7819373000012]},"properties":{"name1":"Riverside San Bernardino County","name2":"Indian Health Inc/Soboba Clinic","street1":"607 Donna Way","city":"San Jacinto","county":"Riverside","zip":92583,"phone":"909-864-1097 x4709","website":"http://www.rsbcihi.org","type_facility":"SU","sa":1,"dt":null,"otp":null,"res":null,"op":1,"hi":null}},{"type":"Feature","geometry":{"type":"Point","coordinates":[-117.168523200002,34.0749169000012]},"properties":{"name1":"Destiny Recovery Center LLC","name2":null,"street1":"1539 Carolyn Court","city":"Redlands","county":"San Bernardino","zip":92374,"phone":"909-413-4304","website":"https://destiny-rc.com","type_facility":"SU","sa":1,"dt":1,"otp":null,"res":1,"op":null,"hi":null}},{"type":"Feature","geometry":{"type":"Point","coordinates":[-117.174220800002,34.0622017000013]},"properties":{"name1":"Liberty House Recovery","name2":null,"street1":"710 The Terrace","city":"Redlands","county":"San Bernardino","zip":92374,"phone":"909-487-8946","website":"https://libertyhouserecovery.org/","type_facility":"SU","sa":1,"dt":1,"otp":null,"res":1,"op":null,"hi":1}},{"type":"Feature","geometry":{"type":"Point","coordinates":[-117.259800000002,34.1473000000012]},"properties":{"name1":"Merito House Addiction Treatment Ctr","name2":"Addiction Treatment Center","street1":"- - -","city":"San Bernardino","county":"San Bernardino","zip":92404,"phone":"909-920-5102","website":"http://hishouserehab.com","type_facility":"SU","sa":1,"dt":1,"otp":null,"res":1,"op":1,"hi":null}},{"type":"Feature","geometry":{"type":"Point","coordinates":[-116.960405400002,33.7523417000012]},"properties":{"name1":"Hemet Valley Recovery Center and ","name2":"Sage Retreat","street1":"371 North Weston Place","city":"Hemet","county":"Riverside","zip":92543,"phone":"866-273-0868","website":"http://www.hvrc.com","type_facility":"SU","sa":1,"dt":1,"otp":null,"res":1,"op":1,"hi":1}},{"type":"Feature","geometry":{"type":"Point","coordinates":[-116.971361700002,33.7631543000012]},"properties":{"name1":"Valley Wide Counseling","name2":"A Program of MFI Recovery Center","street1":"950 North State Street","city":"Hemet","county":"Riverside","zip":92543,"phone":"951-654-2026","website":"http://www.mfirecovery.com","type_facility":"SU","sa":1,"dt":null,"otp":null,"res":null,"op":1,"hi":null}},{"type":"Feature","geometry":{"type":"Point","coordinates":[-116.966040600002,33.7473028000013]},"properties":{"name1":"Evexia Health Services","name2":null,"street1":"601 East Florida Avenue","city":"Hemet","county":"Riverside","zip":92543,"phone":"951-391-1470","website":"http://www.evexiahealthservices.com","type_facility":"SU","sa":1,"dt":1,"otp":1,"res":null,"op":1,"hi":null}},{"type":"Feature","geometry":{"type":"Point","coordinates":[-117.217174200002,34.0617520000012]},"properties":{"name1":"Aegis Treatment Centers LLC","name2":"Redlands","street1":"1889 West Redlands Boulevard","city":"Redlands","county":"San Bernardino","zip":92373,"phone":"909-501-5167","website":"http://www.aegistreatmentcenters.com","type_facility":"SU","sa":1,"dt":1,"otp":1,"res":null,"op":1,"hi":null}},{"type":"Feature","geometry":{"type":"Point","coordinates":[-117.269953900002,34.1289453000012]},"properties":{"name1":"County of San Bernardino","name2":"Phoenix SUD Recovery Services","street1":"820 East Gilbert Street","city":"San Bernardino","county":"San Bernardino","zip":92415,"phone":"909-387-7200","website":"https://wp.sbcounty.gov/dbh/","type_facility":"SU","sa":1,"dt":null,"otp":null,"res":null,"op":1,"hi":null}},{"type":"Feature","geometry":{"type":"Point","coordinates":[-117.214025800002,34.0493580000012]},"properties":{"name1":"Loma Linda University","name2":"Behavioral Medicine Center","street1":"1710 Barton Road","city":"Redlands","county":"San Bernardino","zip":92373,"phone":"909-558-9200 x39310","website":"https://lluh.org/locations/loma-linda-university-behavioral-medicine-center-bmc","type_facility":"SU","sa":1,"dt":1,"otp":null,"res":null,"op":1,"hi":1}},{"type":"Feature","geometry":{"type":"Point","coordinates":[-117.293791100002,34.1331630000012]},"properties":{"name1":"Inland Behavioral and Health Services","name2":null,"street1":"1963 North E Street","city":"San Bernardino","county":"San Bernardino","zip":92405,"phone":"909-881-6146","website":"http://www.ibhealth.org","type_facility":"SU","sa":1,"dt":null,"otp":null,"res":null,"op":1,"hi":null}},{"type":"Feature","geometry":{"type":"Point","coordinates":[-117.291607900002,34.1201716000012]},"properties":{"name1":"Veterans Alcoholic Rehab Prog (VARP)","name2":"Gibson House for Women II","street1":"1139 North D Street","city":"San Bernardino","county":"San Bernardino","zip":92410,"phone":"909-888-6956","website":"http://www.varpinc.org","type_facility":"SU","sa":1,"dt":null,"otp":null,"res":1,"op":null,"hi":null}},{"type":"Feature","geometry":{"type":"Point","coordinates":[-117.291561000002,34.1200494000012]},"properties":{"name1":"Veterans Alcoholic Rehab Prog (VARP)","name2":"Gibson House for Women","street1":"1135 North D Street","city":"San Bernardino","county":"San Bernardino","zip":92410,"phone":"909-888-6956","website":"http://www.varpinc.org","type_facility":"SU","sa":1,"dt":null,"otp":null,"res":1,"op":null,"hi":null}},{"type":"Feature","geometry":{"type":"Point","coordinates":[-117.291388000002,34.1197830000012]},"properties":{"name1":"Veterans Alcoholic Rehab Prog (VARP)","name2":"Reading House I","street1":"1103 North D Street","city":"San Bernardino","county":"San Bernardino","zip":92410,"phone":"909-888-6956","website":"http://www.varpinc.org","type_facility":"SU","sa":1,"dt":null,"otp":null,"res":1,"op":null,"hi":null}},{"type":"Feature","geometry":{"type":"Point","coordinates":[-117.291446200002,34.1196947000012]},"properties":{"name1":"Veterans Alcoholic Rehab Prog (VARP)","name2":"Rearick House II","street1":"382 11th Street","city":"San Bernardino","county":"San Bernardino","zip":92410,"phone":"909-888-6956","website":"http://www.varpinc.org","type_facility":"SU","sa":1,"dt":null,"otp":null,"res":1,"op":null,"hi":null}},{"type":"Feature","geometry":{"type":"Point","coordinates":[-117.291449400002,34.1196441000013]},"properties":{"name1":"Veterans Alcoholic Rehab Prog (VARP)","name2":"Rearick House I","street1":"384 11th Street","city":"San Bernardino","county":"San Bernardino","zip":92410,"phone":"909-888-6956","website":"http://www.varpinc.org","type_facility":"SU","sa":1,"dt":null,"otp":null,"res":1,"op":null,"hi":null}},{"type":"Feature","geometry":{"type":"Point","coordinates":[-117.291609400002,34.1196803000012]},"properties":{"name1":"Veterans Alcoholic Rehab Prog (VARP)","name2":"Reading House II","street1":"1107 North D Street","city":"San Bernardino","county":"San Bernardino","zip":92410,"phone":"909-888-6956","website":"http://www.varpinc.org","type_facility":"SU","sa":1,"dt":null,"otp":null,"res":1,"op":null,"hi":null}},{"type":"Feature","geometry":{"type":"Point","coordinates":[-117.292238900002,34.1197385000012]},"properties":{"name1":"Veterans Alcoholic Rehab Prog (VARP)","name2":"Gibson House for Men","street1":"1100 North D Street","city":"San Bernardino","county":"San Bernardino","zip":92410,"phone":"909-884-0840","website":"http://www.varpinc.org","type_facility":"SU","sa":1,"dt":null,"otp":null,"res":1,"op":null,"hi":null}},{"type":"Feature","geometry":{"type":"Point","coordinates":[-117.292203900002,34.1193724000012]},"properties":{"name1":"Veterans Alcoholic Rehab Prog (VARP)","name2":"Big S House","street1":"1098 North D Street","city":"San Bernardino","county":"San Bernardino","zip":92410,"phone":"909-884-0840","website":"http://www.varpinc.org","type_facility":"SU","sa":1,"dt":null,"otp":null,"res":1,"op":null,"hi":null}},{"type":"Feature","geometry":{"type":"Point","coordinates":[-117.292203900002,34.1193724000012]},"properties":{"name1":"Veterans Alcoholic Rehab Prog (VARP)","name2":"Little S House","street1":"1098 1/2 North D Street","city":"San Bernardino","county":"San Bernardino","zip":92410,"phone":"909-884-0840","website":"http://www.varpinc.org","type_facility":"SU","sa":1,"dt":null,"otp":null,"res":1,"op":null,"hi":null}},{"type":"Feature","geometry":{"type":"Point","coordinates":[-117.292203900002,34.1192517000012]},"properties":{"name1":"Veterans Alcoholic Rehab Prog (VARP)","name2":"Kienzle House","street1":"1094 North D Street","city":"San Bernardino","county":"San Bernardino","zip":92410,"phone":"909-884-0840","website":"http://www.varpinc.org","type_facility":"SU","sa":1,"dt":null,"otp":null,"res":1,"op":null,"hi":null}},{"type":"Feature","geometry":{"type":"Point","coordinates":[-117.292800900002,34.1192294000012]},"properties":{"name1":"Veterans Alcoholic Rehab Prog (VARP)","name2":"Stoddard House","street1":"1087 Stoddard Street","city":"San Bernardino","county":"San Bernardino","zip":92410,"phone":"909-884-0840","website":"http://www.varpinc.org","type_facility":"SU","sa":1,"dt":null,"otp":null,"res":1,"op":null,"hi":null}},{"type":"Feature","geometry":{"type":"Point","coordinates":[-117.291561000002,34.1165496000012]},"properties":{"name1":"Inland Valley Recovery Services","name2":"San Bernardino Recovery Center","street1":"939 North D Street","city":"San Bernardino","county":"San Bernardino","zip":92410,"phone":"909-889-6519","website":"http://www.inlandvalleyrecovery.org","type_facility":"SU","sa":1,"dt":null,"otp":null,"res":null,"op":1,"hi":null}},{"type":"Feature","geometry":{"type":"Point","coordinates":[-117.249812200002,34.0499825000012]},"properties":{"name1":"Jerry L Pettis Memorial VA Med Center","name2":"STAR/Substance Treatment and Recovery","street1":"11201 Benton Street","city":"Loma Linda","county":"San Bernardino","zip":92357,"phone":"909-825-7084","website":"http://www.lomalinda.va.gov/","type_facility":"SU","sa":1,"dt":1,"otp":null,"res":null,"op":1,"hi":1}},{"type":"Feature","geometry":{"type":"Point","coordinates":[-117.037757300002,33.7739927000013]},"properties":{"name1":"Rose of Sharon 7","name2":"Divine Intervention Recovery Ranch","street1":"23931 Warren Road","city":"San Jacinto","county":"Riverside","zip":92582,"phone":"760-618-1286","website":"http://theroseofsharon7.org","type_facility":"SU","sa":1,"dt":null,"otp":null,"res":1,"op":null,"hi":1}},{"type":"Feature","geometry":{"type":"Point","coordinates":[-117.290571500002,34.1029716000012]},"properties":{"name1":"Foothill AIDS Project","name2":null,"street1":"344 West 2nd Street","city":"San Bernardino","county":"San Bernardino","zip":92401,"phone":"909-884-2722 x240","website":"http://fapinfo.org","type_facility":"SU","sa":1,"dt":null,"otp":null,"res":null,"op":1,"hi":null}},{"type":"Feature","geometry":{"type":"Point","coordinates":[-117.240500000002,34.0027000000013]},"properties":{"name1":"New Creation","name2":"Addiction Treatment Center","street1":"- - -","city":"Colton","county":"San Bernardino","zip":92324,"phone":"909-920-5102","website":"http://newcreationtreatment.com","type_facility":"SU","sa":1,"dt":1,"otp":null,"res":1,"op":null,"hi":null}},{"type":"Feature","geometry":{"type":"Point","coordinates":[-117.240500000002,34.0027000000013]},"properties":{"name1":"New Creation","name2":"Addiction Treatment Center","street1":"- - -","city":"Colton","county":"San Bernardino","zip":92324,"phone":"909-920-5102","website":"http://www.newcreationtreatment.com","type_facility":"SU","sa":1,"dt":1,"otp":null,"res":1,"op":null,"hi":null}},{"type":"Feature","geometry":{"type":"Point","coordinates":[-117.288803200002,34.0594231000012]},"properties":{"name1":"Colton Comprehensive Treatment Center","name2":"WCHS Inc","street1":"2275 East Cooley Drive","city":"Colton","county":"San Bernardino","zip":92324,"phone":"909-543-0790 x100","website":"http://www.ctcprograms.com/location/colton-comprehensive-treatment-center/","type_facility":"SU","sa":1,"dt":1,"otp":1,"res":null,"op":1,"hi":null}},{"type":"Feature","geometry":{"type":"Point","coordinates":[-116.896989000002,33.5447490000012]},"properties":{"name1":"Desert Sage Youth Wellness Center","name2":"California Area Indian Health Service","street1":"39990 Faure Road","city":"Hemet","county":"Riverside","zip":92544,"phone":"915-708-4019","website":"https://www.ihs.gov/california/index.cfm/yrtc-project/","type_facility":"SU","sa":1,"dt":null,"otp":null,"res":1,"op":null,"hi":null}},{"type":"Feature","geometry":{"type":"Point","coordinates":[-117.354308700002,34.1069828000012]},"properties":{"name1":"San Bernardino County","name2":"Rialto Behav and Addiction Trt Serv","street1":"850 East Foothill Boulevard","city":"Rialto","county":"San Bernardino","zip":92376,"phone":"909-421-9465","website":"https://wp.sbcounty.gov/dbh/","type_facility":"SU","sa":1,"dt":null,"otp":null,"res":null,"op":1,"hi":null}},{"type":"Feature","geometry":{"type":"Point","coordinates":[-116.956370100002,33.5845863000013]},"properties":{"name1":"Rancho Milagro Recovery Inc","name2":null,"street1":"37235 Painted Pony Road","city":"Temecula","county":"Riverside","zip":92592,"phone":"951-526-4582","website":"http://www.ranchomilagrorecovery.com","type_facility":"SU","sa":1,"dt":1,"otp":null,"res":1,"op":1,"hi":1}},{"type":"Feature","geometry":{"type":"Point","coordinates":[-117.314746700002,34.0363613000012]},"properties":{"name1":"Riverside San Bernardino County/Indian","name2":"Health Inc/San Manuel Clinic","street1":"11980 Mount Vernon Avenue","city":"Grand Terrace","county":"San Bernardino","zip":92313,"phone":"909-864-1097 x4709","website":"http://www.rsbcihi.org","type_facility":"SU","sa":1,"dt":null,"otp":null,"res":null,"op":1,"hi":null}},{"type":"Feature","geometry":{"type":"Point","coordinates":[-117.204000000002,33.8217000000013]},"properties":{"name1":"Riverside University Health System","name2":"Main Office","street1":"450 East San Jacinto Avenue","city":"Perris","county":"Riverside","zip":92571,"phone":"951-955-2400","website":"https://www.rcdmh.org/Sapt","type_facility":"SU","sa":1,"dt":null,"otp":null,"res":null,"op":1,"hi":null}},{"type":"Feature","geometry":{"type":"Point","coordinates":[-117.415594600002,34.1002191000012]},"properties":{"name1":"SB County Dept of Behavioral Health","name2":"Fontana CHOICE Program","street1":"17830 Arrow Boulevard","city":"Fontana","county":"San Bernardino","zip":92335,"phone":"909-356-6439","website":"https://wp.sbcounty.gov/dbh/","type_facility":"SU","sa":1,"dt":null,"otp":null,"res":null,"op":1,"hi":null}},{"type":"Feature","geometry":{"type":"Point","coordinates":[-117.395300000002,34.0579000000012]},"properties":{"name1":"Social Science Services Inc","name2":"Cedar House Life Change Center","street1":"- - -","city":"Bloomington","county":"San Bernardino","zip":92316,"phone":"909-421-7120 x112","website":"http://www.cedarhouse.org","type_facility":"SU","sa":1,"dt":null,"otp":null,"res":1,"op":null,"hi":null}},{"type":"Feature","geometry":{"type":"Point","coordinates":[-117.395300000002,34.0579000000012]},"properties":{"name1":"Social Science Services Inc","name2":"Cedar House Life Change Center","street1":"- - -","city":"Bloomington","county":"San Bernardino","zip":92316,"phone":"909-421-7120 x112","website":"http://www.cedarhouse.org","type_facility":"SU","sa":1,"dt":1,"otp":null,"res":1,"op":1,"hi":null}},{"type":"Feature","geometry":{"type":"Point","coordinates":[-117.454400000002,34.1331000000012]},"properties":{"name1":"Grace Hope Treatment and","name2":"Recovery Centers Inc","street1":"- - -","city":"Fontana","county":"San Bernardino","zip":92336,"phone":"909-275-3156","website":"http://www.gracehoperecovery.com","type_facility":"SU","sa":1,"dt":1,"otp":null,"res":1,"op":null,"hi":1}},{"type":"Feature","geometry":{"type":"Point","coordinates":[-117.367177600002,33.9913048000012]},"properties":{"name1":"Whiteside Manor","name2":"Mens Program","street1":"2743 Orange Street","city":"Riverside","county":"Riverside","zip":92501,"phone":"951-788-9515 x101","website":"http://www.whitesidemanor.com","type_facility":"SU","sa":1,"dt":null,"otp":null,"res":1,"op":null,"hi":null}},{"type":"Feature","geometry":{"type":"Point","coordinates":[-117.373200000002,33.9951000000012]},"properties":{"name1":"MFI Recovery Center","name2":"A Womens Place","street1":"- - -","city":"Riverside","county":"Riverside","zip":92501,"phone":"951-341-3786 x1299","website":"http://www.mfirecovery.com","type_facility":"SU","sa":1,"dt":null,"otp":null,"res":1,"op":null,"hi":null}},{"type":"Feature","geometry":{"type":"Point","coordinates":[-117.383405400002,33.9856902000013]},"properties":{"name1":"MFI Recovery Center","name2":null,"street1":"4440 University Avenue","city":"Riverside","county":"Riverside","zip":92501,"phone":"951-683-6596","website":"http://www.mfirecovery.com","type_facility":"SU","sa":1,"dt":1,"otp":null,"res":1,"op":null,"hi":null}},{"type":"Feature","geometry":{"type":"Point","coordinates":[-117.318600000002,33.8927000000012]},"properties":{"name1":"MFI Recovery Center","name2":"Woodcrest Facility","street1":"- - -","city":"Riverside","county":"Riverside","zip":92508,"phone":"951-683-6596","website":"http://www.mfirecovery.com","type_facility":"SU","sa":1,"dt":null,"otp":null,"res":1,"op":null,"hi":null}},{"type":"Feature","geometry":{"type":"Point","coordinates":[-117.516700000002,34.1243000000012]},"properties":{"name1":"Rancho Recovery","name2":"Addiction Treatment Center","street1":"- - -","city":"Rancho Cucamonga","county":"San Bernardino","zip":91739,"phone":"909-920-5102","website":"http://ranchorecovery.com","type_facility":"SU","sa":1,"dt":1,"otp":null,"res":1,"op":null,"hi":null}},{"type":"Feature","geometry":{"type":"Point","coordinates":[-117.396302900002,33.9490793000012]},"properties":{"name1":"Solid Ground Wellness in Recovery LLC","name2":null,"street1":"6860 Brockton Avenue","city":"Riverside","county":"Riverside","zip":92506,"phone":"888-747-6863 x407","website":"http://www.solidgroundwellness.com","type_facility":"SU","sa":1,"dt":null,"otp":null,"res":null,"op":1,"hi":null}},{"type":"Feature","geometry":{"type":"Point","coordinates":[-116.362945300002,32.7226886000013]},"properties":{"name1":"Southern Indian Health Council Inc","name2":"Kumeyaay Wellness Center","street1":"8 Crestwood Road","city":"Boulevard","county":"San Diego","zip":91905,"phone":"619-445-1188 x210","website":"http://sihc.org","type_facility":"SU","sa":1,"dt":null,"otp":null,"res":null,"op":1,"hi":null}},{"type":"Feature","geometry":{"type":"Point","coordinates":[-117.431291200002,33.9455798000012]},"properties":{"name1":"MFI Recovery Center","name2":null,"street1":"5870 Arlington Avenue","city":"Riverside","county":"Riverside","zip":92504,"phone":"800-923-5634","website":"http://www.mfirecovery.com","type_facility":"SU","sa":1,"dt":null,"otp":null,"res":null,"op":1,"hi":null}},{"type":"Feature","geometry":{"type":"Point","coordinates":[-117.148400000002,33.5694000000012]},"properties":{"name1":"Ranch Creek Recovery","name2":null,"street1":"- - -","city":"Murrieta","county":"Riverside","zip":92563,"phone":"951-412-0054","website":"http://www.ranchcreekrecovery.com","type_facility":"SU","sa":1,"dt":1,"otp":null,"res":1,"op":null,"hi":1}},{"type":"Feature","geometry":{"type":"Point","coordinates":[-117.179384200002,33.5776728000013]},"properties":{"name1":"MFI Recovery Center","name2":null,"street1":"24885 Whitewood Road","city":"Murrieta","county":"Riverside","zip":92563,"phone":"866-218-4697","website":"http://www.mfirecovery.com","type_facility":"SU","sa":1,"dt":null,"otp":null,"res":null,"op":1,"hi":null}},{"type":"Feature","geometry":{"type":"Point","coordinates":[-117.160754700002,33.5283922000012]},"properties":{"name1":"Riverside County Substance Use Program","name2":"DBA Temecula Substance Use Program","street1":"40925 County Center Drive","city":"Temecula","county":"Riverside","zip":92591,"phone":"951-600-6360","website":"http://www.ruhealth.org","type_facility":"SU","sa":1,"dt":null,"otp":null,"res":null,"op":1,"hi":null}},{"type":"Feature","geometry":{"type":"Point","coordinates":[-117.092279000002,33.4434261000013]},"properties":{"name1":"Riverside San Bernardino County","name2":"Indian Health Inc/Pechanga Clinic","street1":"47001 Pala Road","city":"Temecula","county":"Riverside","zip":92592,"phone":"909-864-1097 x4709","website":"http://www.rsbcihi.org","type_facility":"SU","sa":1,"dt":null,"otp":null,"res":null,"op":1,"hi":null}},{"type":"Feature","geometry":{"type":"Point","coordinates":[-117.579409800002,34.0637127000012]},"properties":{"name1":"New Creation Corporate Headquarters","name2":"Addiction Treatment Center","street1":"3286 Guasti Road","city":"Ontario","county":"San Bernardino","zip":91761,"phone":"909-920-5102","website":"http://www.newcreationtreatment.com","type_facility":"SU","sa":1,"dt":null,"otp":null,"res":1,"op":1,"hi":null}},{"type":"Feature","geometry":{"type":"Point","coordinates":[-117.494520900002,33.9476939000012]},"properties":{"name1":"Everlast Recovery Center","name2":null,"street1":"6560 Sandy Lane","city":"Riverside","county":"Riverside","zip":92505,"phone":"844-394-1962","website":"http://www.everlastrecovery.com","type_facility":"SU","sa":1,"dt":1,"otp":null,"res":1,"op":null,"hi":null}},{"type":"Feature","geometry":{"type":"Point","coordinates":[-117.169896000002,33.5167461000012]},"properties":{"name1":"Hill Alcohol and Drug Treatment","name2":null,"street1":"41877 Enterprise Circle North","city":"Temecula","county":"Riverside","zip":92590,"phone":"951-719-3685","website":"http://www.hillrecovery.com","type_facility":"SU","sa":1,"dt":1,"otp":null,"res":null,"op":1,"hi":null}},{"type":"Feature","geometry":{"type":"Point","coordinates":[-117.606949400002,34.0816653000012]},"properties":{"name1":"Embrace Life Change","name2":"Mental Health Treatment","street1":"1354 Carlos Place","city":"Ontario","county":"San Bernardino","zip":91764,"phone":"909-920-5102","website":"http://embracerecovery.com","type_facility":"SU","sa":1,"dt":1,"otp":null,"res":1,"op":1,"hi":null}},{"type":"Feature","geometry":{"type":"Point","coordinates":[-117.192021000002,33.5404720000013]},"properties":{"name1":"SBT Health","name2":"Solution Based Treatment","street1":"25819 Jefferson Avenue","city":"Murrieta","county":"Riverside","zip":92562,"phone":"833-999-1941","website":"https://www.solutionbasedtreatment.com","type_facility":"SU","sa":1,"dt":null,"otp":null,"res":null,"op":1,"hi":null}},{"type":"Feature","geometry":{"type":"Point","coordinates":[-117.295670900002,33.6580296000013]},"properties":{"name1":"RUHS/BH/SAPT/MCMT Lake Elsinore","name2":null,"street1":"31764 Casino Drive","city":"Lake Elsinore","county":"Riverside","zip":92530,"phone":"951-471-4649","website":"https://www.ruhealth.org/","type_facility":"SU","sa":1,"dt":null,"otp":null,"res":null,"op":1,"hi":null}},{"type":"Feature","geometry":{"type":"Point","coordinates":[-117.633903900002,34.0991081000012]},"properties":{"name1":"Inland Valley Drug and Alcohol","name2":"Recovery Services/Men/Women/Children","street1":"1260 East Arrow Highway","city":"Upland","county":"San Bernardino","zip":91786,"phone":"909-608-2002","website":"http://www.inlandvalleyrecovery.org","type_facility":"SU","sa":1,"dt":1,"otp":null,"res":1,"op":null,"hi":1}},{"type":"Feature","geometry":{"type":"Point","coordinates":[-117.185064300002,33.4888118000012]},"properties":{"name1":"Newport Institute","name2":null,"street1":"43821 Shady Creek","city":"Temecula","county":"Riverside","zip":92590,"phone":"855-272-7451","website":"http://newportinstitute.com","type_facility":"SU","sa":1,"dt":null,"otp":null,"res":1,"op":1,"hi":null}},{"type":"Feature","geometry":{"type":"Point","coordinates":[-117.654293200002,34.0963780000012]},"properties":{"name1":"G and C Swan Inc","name2":"His House Addiction Treatment Center","street1":"239 West 9th Street","city":"Upland","county":"San Bernardino","zip":91786,"phone":"909-981-6121","website":"http://","type_facility":"SU","sa":1,"dt":1,"otp":null,"res":1,"op":null,"hi":null}},{"type":"Feature","geometry":{"type":"Point","coordinates":[-117.662500000002,34.1048000000012]},"properties":{"name1":"His House Palm Recovery","name2":"Addiction Treatment Center","street1":"- - -","city":"Upland","county":"San Bernardino","zip":91786,"phone":"909-920-5102","website":"http://hishouserehab.com","type_facility":"SU","sa":1,"dt":1,"otp":null,"res":1,"op":null,"hi":null}},{"type":"Feature","geometry":{"type":"Point","coordinates":[-117.662500000002,34.1048000000012]},"properties":{"name1":"His House Treatment Center","name2":"Addiction Treatment Center","street1":"- - -","city":"Upland","county":"San Bernardino","zip":91786,"phone":"909-920-5102","website":"http://hisandherhouses.com","type_facility":"SU","sa":1,"dt":1,"otp":null,"res":1,"op":null,"hi":null}},{"type":"Feature","geometry":{"type":"Point","coordinates":[-117.668536000002,34.1057025000012]},"properties":{"name1":"Inland Valley Recovery Services","name2":"Upland Recovery Center","street1":"934 North Mountain Avenue","city":"Upland","county":"San Bernardino","zip":91786,"phone":"909-949-4667","website":"http://www.inlandvalleyrecovery.org","type_facility":"SU","sa":1,"dt":null,"otp":null,"res":null,"op":1,"hi":null}},{"type":"Feature","geometry":{"type":"Point","coordinates":[-117.696327900002,34.1400715000012]},"properties":{"name1":"Hathaway Recovery","name2":null,"street1":"1042 East Belmont Abbey Lane","city":"Claremont","county":"Los Angeles","zip":91711,"phone":"909-971-3333","website":"http://www.hathawayrecovery.com","type_facility":"SU","sa":1,"dt":1,"otp":null,"res":1,"op":1,"hi":1}},{"type":"Feature","geometry":{"type":"Point","coordinates":[-117.650589100002,34.0728849000012]},"properties":{"name1":"CLARE Matrix","name2":"Ontario Outpatient","street1":"812 North Euclid Avenue","city":"Ontario","county":"San Bernardino","zip":91762,"phone":"909-395-0888","website":"http://www.clarematrix.org","type_facility":"SU","sa":1,"dt":null,"otp":null,"res":null,"op":1,"hi":null}},{"type":"Feature","geometry":{"type":"Point","coordinates":[-117.268900000002,33.5484000000013]},"properties":{"name1":"Ranch Creek Recovery Inc","name2":null,"street1":"- - -","city":"Murrieta","county":"Riverside","zip":92562,"phone":"951-696-9200","website":"http://ranchcreekrecovery.com","type_facility":"SU","sa":1,"dt":1,"otp":null,"res":1,"op":null,"hi":1}},{"type":"Feature","geometry":{"type":"Point","coordinates":[-117.225800000002,33.4798000000013]},"properties":{"name1":"Ranch Creek Recovery","name2":null,"street1":"- - -","city":"Temecula","county":"Riverside","zip":92590,"phone":"951-695-9300","website":"http://www.ranchcreekrecovery.com","type_facility":"SU","sa":1,"dt":null,"otp":null,"res":null,"op":1,"hi":null}},{"type":"Feature","geometry":{"type":"Point","coordinates":[-116.486440500002,32.6499359000013]},"properties":{"name1":"San Diego Freedom Ranch Inc","name2":null,"street1":"1777 Buckman Springs Road","city":"Campo","county":"San Diego","zip":91906,"phone":"619-478-5696","website":"http://www.sdfreedomranch.org","type_facility":"SU","sa":1,"dt":1,"otp":null,"res":1,"op":null,"hi":null}},{"type":"Feature","geometry":{"type":"Point","coordinates":[-117.721233100002,34.1079585000012]},"properties":{"name1":"RS Recovery Services Inc","name2":null,"street1":"415 West Foothill Boulevard","city":"Claremont","county":"Los Angeles","zip":91711,"phone":"909-243-9492","website":"http://www.rsrecoveryservices.com","type_facility":"SU","sa":1,"dt":null,"otp":null,"res":null,"op":1,"hi":null}},{"type":"Feature","geometry":{"type":"Point","coordinates":[-118.110297200002,34.6891424000012]},"properties":{"name1":"Design for Change","name2":null,"street1":"1066 East Avenue J","city":"Lancaster","county":"Los Angeles","zip":93535,"phone":"855-997-1372","website":"http://designforchangerecovery.com","type_facility":"SU","sa":1,"dt":1,"otp":null,"res":1,"op":null,"hi":null}},{"type":"Feature","geometry":{"type":"Point","coordinates":[-118.124835400002,34.7045069000012]},"properties":{"name1":"County of Los Angeles","name2":"High Desert Regional Health Center","street1":"335 East Avenue I","city":"Lancaster","county":"Los Angeles","zip":93535,"phone":"661-471-4280","website":"http://dhs.lacounty.gov","type_facility":"SU","sa":1,"dt":null,"otp":null,"res":null,"op":1,"hi":null}},{"type":"Feature","geometry":{"type":"Point","coordinates":[-118.138310800002,34.7069148000012]},"properties":{"name1":"Western Pacific Re Hab","name2":"Western Pacific Lancaster RH","street1":"45335 North Sierra Highway","city":"Lancaster","county":"Los Angeles","zip":93534,"phone":"661-949-8599","website":"http://www.westpacmed.com","type_facility":"SU","sa":1,"dt":1,"otp":1,"res":null,"op":1,"hi":null}},{"type":"Feature","geometry":{"type":"Point","coordinates":[-117.566796300002,33.8703232000012]},"properties":{"name1":"Evexia Health Services","name2":null,"street1":"109 East 11th Street","city":"Corona","county":"Riverside","zip":92879,"phone":"951-427-3482","website":"http://www.evexiahealthservices.com","type_facility":"SU","sa":1,"dt":1,"otp":1,"res":null,"op":1,"hi":null}},{"type":"Feature","geometry":{"type":"Point","coordinates":[-118.138618600002,34.7066301000011]},"properties":{"name1":"Western Pacific Med Corp","name2":"Western Pacific Lancaster","street1":"45335 North Sierra Highway","city":"Lancaster","county":"Los Angeles","zip":93534,"phone":"818-956-3737","website":"http://www.westpacmed.com","type_facility":"SU","sa":1,"dt":1,"otp":1,"res":null,"op":1,"hi":null}},{"type":"Feature","geometry":{"type":"Point","coordinates":[-116.869146700002,33.0264873000012]},"properties":{"name1":"Mental Health Systems Inc","name2":"North Inland TRC/Ramona High School","street1":"1401 Hanson Lane","city":"Ramona","county":"San Diego","zip":92065,"phone":"760-744-3672","website":"http://turnbhs.org","type_facility":"SU","sa":1,"dt":null,"otp":null,"res":null,"op":1,"hi":null}},{"type":"Feature","geometry":{"type":"Point","coordinates":[-117.734382200002,34.0905937000012]},"properties":{"name1":"HealthRIGHT 360","name2":"Prototypes Womens Center Pomona","street1":"845 East Arrow Highway","city":"Pomona","county":"Los Angeles","zip":91767,"phone":"909-624-1233","website":"http://www.healthright360.org","type_facility":"SU","sa":1,"dt":null,"otp":null,"res":1,"op":null,"hi":null}},{"type":"Feature","geometry":{"type":"Point","coordinates":[-117.734382200002,34.0905937000012]},"properties":{"name1":"HealthRIGHT 360","name2":"FOTEP","street1":"845 East Arrow Highway","city":"Pomona","county":"Los Angeles","zip":91767,"phone":"626-258-0300","website":"http://www.healthright360.org","type_facility":"SU","sa":1,"dt":null,"otp":null,"res":1,"op":null,"hi":null}},{"type":"Feature","geometry":{"type":"Point","coordinates":[-117.735504700002,34.0910221000012]},"properties":{"name1":"HealthRIGHT 360","name2":"Prototypes Outpatient Behavioral Hlth","street1":"831 East Arrow Highway","city":"Pomona","county":"Los Angeles","zip":91767,"phone":"909-398-4383","website":"http://www.healthright360.org","type_facility":"SU","sa":1,"dt":null,"otp":null,"res":null,"op":1,"hi":null}},{"type":"Feature","geometry":{"type":"Point","coordinates":[-117.689679600002,34.0249201000012]},"properties":{"name1":"W and G Enterprises Inc","name2":"Alcohol Education and Recovery Servs","street1":"12560 Central Avenue","city":"Chino","county":"San Bernardino","zip":91710,"phone":"909-591-4761","website":"http://www.aers.us","type_facility":"SU","sa":1,"dt":null,"otp":null,"res":null,"op":1,"hi":null}},{"type":"Feature","geometry":{"type":"Point","coordinates":[-118.129503400002,34.6732831000012]},"properties":{"name1":"Penny Lane Centers","name2":"Antelope Valley Family Center","street1":"43520 Division Street","city":"Lancaster","county":"Los Angeles","zip":93535,"phone":"661-266-4783","website":"http://www.pennylane.org","type_facility":"SU","sa":1,"dt":null,"otp":null,"res":null,"op":1,"hi":null}},{"type":"Feature","geometry":{"type":"Point","coordinates":[-118.148085600002,34.7008181000012]},"properties":{"name1":"Tarzana Treatment Centers","name2":"Youth Residential","street1":"44447 North 10th Street West","city":"Lancaster","county":"Los Angeles","zip":93534,"phone":"800-996-1051","website":"http://www.tarzanatc.org","type_facility":"SU","sa":1,"dt":1,"otp":null,"res":1,"op":null,"hi":null}},{"type":"Feature","geometry":{"type":"Point","coordinates":[-118.153158000002,34.7034454000012]},"properties":{"name1":"Change Lanes","name2":"Youth Support Services","street1":"45118 13th Street West","city":"Lancaster","county":"Los Angeles","zip":93534,"phone":"661-948-2555","website":"http://www.changelanes.org","type_facility":"SU","sa":1,"dt":null,"otp":null,"res":null,"op":1,"hi":null}},{"type":"Feature","geometry":{"type":"Point","coordinates":[-118.148324700002,34.6911402000012]},"properties":{"name1":"Tarzana Treatment Centers","name2":null,"street1":"44459 10th Street West","city":"Lancaster","county":"Los Angeles","zip":93534,"phone":"800-996-1051","website":"http://www.tarzanatc.org","type_facility":"SU","sa":1,"dt":1,"otp":null,"res":null,"op":1,"hi":null}},{"type":"Feature","geometry":{"type":"Point","coordinates":[-118.148463100002,34.6905052000012]},"properties":{"name1":"Tarzana Treatment Centers","name2":null,"street1":"44443 10th Street West","city":"Lancaster","county":"Los Angeles","zip":93534,"phone":"800-996-1051","website":"http://www.tarzanatc.org","type_facility":"SU","sa":1,"dt":1,"otp":null,"res":null,"op":1,"hi":null}},{"type":"Feature","geometry":{"type":"Point","coordinates":[-118.148750300002,34.6909309000012]},"properties":{"name1":"Tarzana Treatment Centers","name2":"Antelope Valley","street1":"44447 10th Street West","city":"Lancaster","county":"Los Angeles","zip":93534,"phone":"800-996-1051","website":"http://www.tarzanatc.org","type_facility":"SU","sa":1,"dt":1,"otp":null,"res":1,"op":1,"hi":null}},{"type":"Feature","geometry":{"type":"Point","coordinates":[-117.544870400002,33.8125400000012]},"properties":{"name1":"Caring Hands Recovery LLC","name2":null,"street1":"1604 Rivendel Drive","city":"Corona","county":"Riverside","zip":92883,"phone":"760-468-3444","website":"http://caringhandsrecovery.com","type_facility":"SU","sa":1,"dt":1,"otp":null,"res":1,"op":null,"hi":1}},{"type":"Feature","geometry":{"type":"Point","coordinates":[-118.080094700002,34.5794251000011]},"properties":{"name1":"American Health Services LLC","name2":null,"street1":"2720 East Palmdale Boulevard","city":"Palmdale","county":"Los Angeles","zip":93550,"phone":"661-947-3333","website":"http://www.americanhealthservices.org","type_facility":"SU","sa":1,"dt":1,"otp":1,"res":null,"op":1,"hi":null}},{"type":"Feature","geometry":{"type":"Point","coordinates":[-117.746752560002,34.0792104730012]},"properties":{"name1":"One Touch Recovery Center","name2":"Christ Evangelistic Ministries","street1":"350 Vinton Avenue","city":"Pomona","county":"Los Angeles","zip":91767,"phone":"909-351-4480","website":"http://onetouchrecoverycenter.com","type_facility":"SU","sa":1,"dt":null,"otp":null,"res":null,"op":1,"hi":null}},{"type":"Feature","geometry":{"type":"Point","coordinates":[-118.155650900002,34.6900498000012]},"properties":{"name1":"New Directions Alcohol and","name2":"Drug Services Inc","street1":"1331 West Avenue J","city":"Lancaster","county":"Los Angeles","zip":93534,"phone":"661-802-7167","website":"http://www.newdirectionz.org","type_facility":"SU","sa":1,"dt":null,"otp":null,"res":null,"op":1,"hi":null}},{"type":"Feature","geometry":{"type":"Point","coordinates":[-117.754494100002,34.0641768000012]},"properties":{"name1":"National Council on Alc and Drug Dep","name2":"ESG and PV","street1":"656 North Park Avenue","city":"Pomona","county":"Los Angeles","zip":91768,"phone":"909-629-4084 x2001","website":"http://www.ncaddesgpv.org","type_facility":"SU","sa":1,"dt":null,"otp":null,"res":null,"op":1,"hi":null}},{"type":"Feature","geometry":{"type":"Point","coordinates":[-117.032284500002,33.1508645000013]},"properties":{"name1":"Mental Health Systems Inc","name2":"Teen Recovery Center/Valley High","street1":"410 Hidden Trails Road","city":"Escondido","county":"San Diego","zip":92027,"phone":"760-744-3672","website":"http://turnbhs.org","type_facility":"SU","sa":1,"dt":null,"otp":null,"res":null,"op":1,"hi":null}},{"type":"Feature","geometry":{"type":"Point","coordinates":[-118.123994600002,34.5795767000012]},"properties":{"name1":"Tarzana Treatment Centers Inc","name2":null,"street1":"320 East Palmdale Boulevard","city":"Palmdale","county":"Los Angeles","zip":93550,"phone":"800-996-1051","website":"http://www.tarzanatc.org","type_facility":"SU","sa":1,"dt":1,"otp":null,"res":null,"op":1,"hi":null}},{"type":"Feature","geometry":{"type":"Point","coordinates":[-118.189540000002,34.6745372000011]},"properties":{"name1":"Quest 2 Recovery","name2":null,"street1":"3239 West Avenue K1","city":"Lancaster","county":"Los Angeles","zip":93536,"phone":"888-418-4154","website":"http://www.quest2recovery.com","type_facility":"SU","sa":1,"dt":1,"otp":null,"res":1,"op":null,"hi":1}},{"type":"Feature","geometry":{"type":"Point","coordinates":[-117.111400000002,33.2085000000013]},"properties":{"name1":"Mental Health Systems Inc","name2":"North Inland Teen Recovery Center","street1":"221 West Crest Street","city":"Escondido","county":"San Diego","zip":92026,"phone":"760-744-3672","website":"http://turnbhs.org","type_facility":"SU","sa":1,"dt":null,"otp":null,"res":null,"op":1,"hi":null}},{"type":"Feature","geometry":{"type":"Point","coordinates":[-117.242166500002,33.3489636000012]},"properties":{"name1":"Mental Health Systems Inc","name2":"Teen Recovery Center/Fallbrook","street1":"2400 South Stage Coach Lane","city":"Fallbrook","county":"San Diego","zip":92028,"phone":"760-744-3672","website":"http://turnbhs.org","type_facility":"SU","sa":1,"dt":null,"otp":null,"res":null,"op":1,"hi":null}},{"type":"Feature","geometry":{"type":"Point","coordinates":[-117.024100000002,33.0829000000013]},"properties":{"name1":"Interfaith Community Services","name2":"Recovery and Wellness Center","street1":"- - -","city":"Escondido","county":"San Diego","zip":92025,"phone":"760-294-6356","website":"http://www.interfaithservices.org","type_facility":"SU","sa":1,"dt":null,"otp":null,"res":null,"op":1,"hi":null}},{"type":"Feature","geometry":{"type":"Point","coordinates":[-117.070536000002,33.1265438000012]},"properties":{"name1":"Escondido Comprehensive Treatment Ctr","name2":"Mission Treatment Services Inc","street1":"161 North Date Street","city":"Escondido","county":"San Diego","zip":92025,"phone":"760-745-7786","website":"http://www.ctcprograms.com/location/escondido-comprehensive-treatment-center/","type_facility":"SU","sa":1,"dt":1,"otp":1,"res":null,"op":1,"hi":null}},{"type":"Feature","geometry":{"type":"Point","coordinates":[-117.071938100002,33.1248935000013]},"properties":{"name1":"Fellowship Center","name2":"Alcohol Services Program Inc","street1":"737 East Grand Avenue","city":"Escondido","county":"San Diego","zip":92025,"phone":"760-745-8478","website":"http://www.thefellowshipcenter.org","type_facility":"SU","sa":1,"dt":1,"otp":null,"res":1,"op":null,"hi":null}},{"type":"Feature","geometry":{"type":"Point","coordinates":[-117.092734500002,33.1402331000012]},"properties":{"name1":"North County Serenity House","name2":"A Program of HealthRIGHT 360","street1":"1341 North Escondido Boulevard","city":"Escondido","county":"San Diego","zip":92026,"phone":"760-747-1015","website":"http://www.healthright360.org","type_facility":"SU","sa":1,"dt":null,"otp":null,"res":1,"op":null,"hi":null}},{"type":"Feature","geometry":{"type":"Point","coordinates":[-117.082449400002,33.1277132000013]},"properties":{"name1":"McAlister Institute for Trt and Educ","name2":"North Inland Regional Recovery Ctr","street1":"200 East Washington Avenue","city":"Escondido","county":"San Diego","zip":92025,"phone":"760-741-7708 x1302","website":"http://www.mcalisterinc.org","type_facility":"SU","sa":1,"dt":null,"otp":null,"res":null,"op":1,"hi":null}},{"type":"Feature","geometry":{"type":"Point","coordinates":[-117.866807300002,34.1003274000012]},"properties":{"name1":"Aurora Charter Oak Hospital","name2":null,"street1":"1161 East Covina Boulevard","city":"Covina","county":"Los Angeles","zip":91724,"phone":"626-966-1632","website":"http://www.charteroakhospital.com","type_facility":"SU","sa":1,"dt":1,"otp":null,"res":1,"op":1,"hi":1}},{"type":"Feature","geometry":{"type":"Point","coordinates":[-117.871870000002,34.0964141000012]},"properties":{"name1":"National Council on Alc and Drug Dep","name2":"ESG and PV","street1":"4626 North Grand Avenue","city":"Covina","county":"Los Angeles","zip":91724,"phone":"626-331-5316 x3101","website":"http://www.ncaddesgpv.org","type_facility":"SU","sa":1,"dt":null,"otp":null,"res":null,"op":1,"hi":null}},{"type":"Feature","geometry":{"type":"Point","coordinates":[-117.889678200002,34.1148926000012]},"properties":{"name1":"Tavarua Medical Rehabilitation Service","name2":null,"street1":"474 South Citrus Avenue","city":"Azusa","county":"Los Angeles","zip":91702,"phone":"626-858-9500","website":"http://www.americanhealthservices.org","type_facility":"SU","sa":1,"dt":1,"otp":1,"res":null,"op":1,"hi":null}},{"type":"Feature","geometry":{"type":"Point","coordinates":[-117.532000000002,33.6153000000012]},"properties":{"name1":"Teen Project Inc","name2":"Veras Sanctuary","street1":"- - -","city":"Trabuco Canyon","county":"Orange","zip":92679,"phone":"818-582-8832","website":"http://theteenproject.com","type_facility":"SU","sa":1,"dt":1,"otp":null,"res":1,"op":null,"hi":null}},{"type":"Feature","geometry":{"type":"Point","coordinates":[-117.532000000002,33.6153000000012]},"properties":{"name1":"Teen Project Inc","name2":"Veras Sanctuary","street1":"- - -","city":"Trabuco Canyon","county":"Orange","zip":92679,"phone":"800-685-7460","website":"http://theteenproject.com","type_facility":"SU","sa":1,"dt":1,"otp":null,"res":1,"op":null,"hi":null}},{"type":"Feature","geometry":{"type":"Point","coordinates":[-117.532000000002,33.6153000000012]},"properties":{"name1":"Teen Project Inc","name2":"Veras Sanctuary","street1":"- - -","city":"Trabuco Canyon","county":"Orange","zip":92679,"phone":"818-582-8832 x115","website":"http://theteenproject.com","type_facility":"SU","sa":1,"dt":1,"otp":null,"res":1,"op":null,"hi":null}},{"type":"Feature","geometry":{"type":"Point","coordinates":[-117.143272500002,33.1397846000012]},"properties":{"name1":"McAlister Institute for Trt and Educ","name2":"(MITE)/North Inland Women/Adol Recov","street1":"751 Rancheros Drive","city":"San Marcos","county":"San Diego","zip":92069,"phone":"760-761-0515","website":"http://www.mcalisterinc.org","type_facility":"SU","sa":1,"dt":null,"otp":null,"res":null,"op":1,"hi":null}},{"type":"Feature","geometry":{"type":"Point","coordinates":[-117.886071900002,34.0798780000012]},"properties":{"name1":"Center for Integrated Family/Health","name2":"Sober Solutions Program","street1":"540 South Eremland Drive","city":"Covina","county":"Los Angeles","zip":91723,"phone":"626-966-1577 x300","website":"http://www.cifhs.org","type_facility":"SU","sa":1,"dt":null,"otp":null,"res":null,"op":1,"hi":null}},{"type":"Feature","geometry":{"type":"Point","coordinates":[-117.887412200002,34.0805877000012]},"properties":{"name1":"Social Model Recovery Systems","name2":"River Community Covina","street1":"510 South 2nd Avenue","city":"Covina","county":"Los Angeles","zip":91723,"phone":"626-332-3145 x229","website":"http://www.socialmodelrecovery.org/","type_facility":"SU","sa":1,"dt":null,"otp":null,"res":null,"op":1,"hi":null}},{"type":"Feature","geometry":{"type":"Point","coordinates":[-117.902906700002,34.0961270000012]},"properties":{"name1":"Stepping Stones Home","name2":null,"street1":"17727 East Cypress Street","city":"Covina","county":"Los Angeles","zip":91722,"phone":"626-858-4921","website":"http://www.socialmodelrecovery.org/","type_facility":"SU","sa":1,"dt":1,"otp":null,"res":1,"op":null,"hi":null}},{"type":"Feature","geometry":{"type":"Point","coordinates":[-119.014395500002,36.0685725000011]},"properties":{"name1":"Addiction Research and Treatment Inc","name2":"(ART)/BAART Behavioral Health Services","street1":"89 East Mill Avenue","city":"Porterville","county":"Tulare","zip":93257,"phone":"559-853-6222","website":"http://www.baartprograms.com","type_facility":"SU","sa":1,"dt":1,"otp":1,"res":null,"op":1,"hi":null}},{"type":"Feature","geometry":{"type":"Point","coordinates":[-119.020519400002,36.0749269000011]},"properties":{"name1":"PAAR Center","name2":"PAAR West","street1":"182 West Belleview Avenue","city":"Porterville","county":"Tulare","zip":93257,"phone":"559-718-0107","website":"http://www.paarcenter.org","type_facility":"SU","sa":1,"dt":null,"otp":null,"res":1,"op":null,"hi":null}},{"type":"Feature","geometry":{"type":"Point","coordinates":[-119.020760900002,36.0750321000011]},"properties":{"name1":"PAAR Center","name2":"Porterville Halfway House","street1":"184 West Bellview Avenue","city":"Porterville","county":"Tulare","zip":93257,"phone":"559-782-8982","website":"http://www.paarcenter.org","type_facility":"SU","sa":1,"dt":null,"otp":null,"res":1,"op":null,"hi":null}},{"type":"Feature","geometry":{"type":"Point","coordinates":[-117.241362700002,33.2238970000013]},"properties":{"name1":"North County Lifeline Inc","name2":"Vista High School","street1":"1 Panther Way","city":"Vista","county":"San Diego","zip":92084,"phone":"760-726-4900","website":"http://www.nclifeline.org","type_facility":"SU","sa":1,"dt":null,"otp":null,"res":null,"op":1,"hi":null}},{"type":"Feature","geometry":{"type":"Point","coordinates":[-117.906787300002,34.0775197000012]},"properties":{"name1":"Aegis Treatment Centers LLC","name2":null,"street1":"1825 East Thelborn Street","city":"West Covina","county":"Los Angeles","zip":91791,"phone":"626-915-3844","website":"http://www.pinnacletreatmentcenters.com","type_facility":"SU","sa":1,"dt":1,"otp":1,"res":null,"op":1,"hi":null}},{"type":"Feature","geometry":{"type":"Point","coordinates":[-119.041083100002,36.0787682000011]},"properties":{"name1":"Tulare County Health and Human Servs","name2":"Porterville Recovery Center","street1":"1055 West Henderson Avenue","city":"Porterville","county":"Tulare","zip":93257,"phone":"559-788-1254","website":"http://www.tchhsa.org","type_facility":"SU","sa":1,"dt":null,"otp":null,"res":null,"op":1,"hi":null}},{"type":"Feature","geometry":{"type":"Point","coordinates":[-117.137100000002,33.0829000000012]},"properties":{"name1":"Harmony Grove Recovery","name2":null,"street1":"- - -","city":"Escondido","county":"San Diego","zip":92029,"phone":"760-697-0497","website":"http://www.HarmonyGroveRecovery.com","type_facility":"SU","sa":1,"dt":1,"otp":null,"res":1,"op":1,"hi":1}},{"type":"Feature","geometry":{"type":"Point","coordinates":[-117.242189500002,33.2035183000012]},"properties":{"name1":"North County Lifeline Inc","name2":"Vista","street1":"200 Michigan Avenue","city":"Vista","county":"San Diego","zip":92084,"phone":"760-726-4900","website":"http://www.nclifeline.org","type_facility":"SU","sa":1,"dt":null,"otp":null,"res":null,"op":1,"hi":null}},{"type":"Feature","geometry":{"type":"Point","coordinates":[-117.189566900002,33.1367769000012]},"properties":{"name1":"North County Lifeline Inc","name2":"San Marcos","street1":"334 Via Vera Cruz","city":"San Marcos","county":"San Diego","zip":92078,"phone":"760-842-6213","website":"http://www.nclifeline.org","type_facility":"SU","sa":1,"dt":null,"otp":null,"res":null,"op":1,"hi":null}},{"type":"Feature","geometry":{"type":"Point","coordinates":[-117.065232100002,32.9948901000013]},"properties":{"name1":"Mental Health Systems Inc","name2":"North Inland Teen Recovery Ctr Poway","street1":"13010 Paseo Lucido","city":"San Diego","county":"San Diego","zip":92128,"phone":"760-744-3672","website":"http://turnbhs.org","type_facility":"SU","sa":1,"dt":null,"otp":null,"res":null,"op":1,"hi":null}},{"type":"Feature","geometry":{"type":"Point","coordinates":[-117.610936500002,33.6380906000012]},"properties":{"name1":"Teen Project Outpatient","name2":null,"street1":"29833 Santa Margarita Parkway","city":"Rancho Santa Margarita","county":"Orange","zip":92688,"phone":"949-534-4700","website":"http://theteenproject.com","type_facility":"SU","sa":1,"dt":null,"otp":null,"res":null,"op":1,"hi":null}},{"type":"Feature","geometry":{"type":"Point","coordinates":[-117.261700000002,33.1972000000013]},"properties":{"name1":"Epidaurus","name2":"Amity Foundation","street1":"- - -","city":"Vista","county":"San Diego","zip":92083,"phone":"760-599-1892","website":"http://www.Amityfdn.org","type_facility":"SU","sa":1,"dt":null,"otp":null,"res":1,"op":null,"hi":null}},{"type":"Feature","geometry":{"type":"Point","coordinates":[-117.261700000002,33.1972000000013]},"properties":{"name1":"Choices in Recovery Center","name2":"Foundation House","street1":"- - -","city":"Vista","county":"San Diego","zip":92083,"phone":"760-945-5290","website":"http://www.choicesinrecoveryvista.org","type_facility":"SU","sa":1,"dt":1,"otp":null,"res":1,"op":null,"hi":null}},{"type":"Feature","geometry":{"type":"Point","coordinates":[-117.261700000002,33.1972000000013]},"properties":{"name1":"Choices in Recovery Center","name2":null,"street1":"- - -","city":"Vista","county":"San Diego","zip":92083,"phone":"760-945-5290","website":"http://www.choicesinrecoveryvista.org","type_facility":"SU","sa":1,"dt":null,"otp":null,"res":null,"op":1,"hi":null}},{"type":"Feature","geometry":{"type":"Point","coordinates":[-117.261700000002,33.1972000000013]},"properties":{"name1":"Choices in Recovery Center","name2":"Bethesda Recovery Center/Hill House","street1":"- - -","city":"Vista","county":"San Diego","zip":92083,"phone":"760-945-5290","website":"http://www.choicesinrecoveryvista.org","type_facility":"SU","sa":1,"dt":null,"otp":null,"res":1,"op":null,"hi":null}},{"type":"Feature","geometry":{"type":"Point","coordinates":[-117.261700000002,33.1972000000013]},"properties":{"name1":"Choices in Recovery Center","name2":"Bethesda Recovery Center/Humble House","street1":"- - -","city":"Vista","county":"San Diego","zip":92083,"phone":"760-945-5290","website":"http://www.choicesinrecoveryvista.org","type_facility":"SU","sa":1,"dt":null,"otp":null,"res":1,"op":null,"hi":null}},{"type":"Feature","geometry":{"type":"Point","coordinates":[-117.941479946002,34.0680546740012]},"properties":{"name1":"Safety Education Center","name2":null,"street1":"1515 West Cameron Avenue","city":"West Covina","county":"Los Angeles","zip":91790,"phone":"626-960-3977","website":"http://SafetyEdCenter.org","type_facility":"SU","sa":1,"dt":null,"otp":null,"res":null,"op":1,"hi":null}},{"type":"Feature","geometry":{"type":"Point","coordinates":[-117.397700000002,33.3560000000012]},"properties":{"name1":"Substance Assessment Counseling Center","name2":null,"street1":"16105 11th Street","city":"Camp Pendleton","county":"San Diego","zip":92055,"phone":"760-725-5539","website":"http://","type_facility":"SU","sa":1,"dt":null,"otp":null,"res":null,"op":1,"hi":null}},{"type":"Feature","geometry":{"type":"Point","coordinates":[-117.266942400002,33.1945015000013]},"properties":{"name1":"McAlister Institute for Trt and Educ","name2":"(MITE)/NCRRC Vista","street1":"1211 West Vista Way ","city":"Vista","county":"San Diego","zip":92083,"phone":"760-721-2781","website":"http://","type_facility":"SU","sa":1,"dt":null,"otp":null,"res":null,"op":1,"hi":null}},{"type":"Feature","geometry":{"type":"Point","coordinates":[-117.962586300002,34.0881462000012]},"properties":{"name1":"California Mental Health Connection","name2":null,"street1":"14305 East Morgan Street","city":"Baldwin Park","county":"Los Angeles","zip":91706,"phone":"626-430-6197","website":"http://www.californiamhc.org","type_facility":"SU","sa":1,"dt":null,"otp":null,"res":null,"op":1,"hi":null}},{"type":"Feature","geometry":{"type":"Point","coordinates":[-117.246243000002,33.1634734000012]},"properties":{"name1":"North County Lifeline Inc","name2":"Rancho Buena Vista","street1":"1601 Longhorn Drive","city":"Vista","county":"San Diego","zip":92081,"phone":"760-726-4900","website":"http://www.nclifeline.org","type_facility":"SU","sa":1,"dt":null,"otp":null,"res":null,"op":1,"hi":null}},{"type":"Feature","geometry":{"type":"Point","coordinates":[-117.772771900002,33.8162025000012]},"properties":{"name1":"Newport Academy","name2":null,"street1":"1655 North Hunters Way","city":"Orange","county":"Orange","zip":92869,"phone":"877-820-6371","website":"http://www.newportacademy.com","type_facility":"SU","sa":1,"dt":null,"otp":null,"res":1,"op":1,"hi":null}},{"type":"Feature","geometry":{"type":"Point","coordinates":[-117.776470100002,33.8192677000012]},"properties":{"name1":"Newport Institute","name2":null,"street1":"7251 East Lewis Avenue","city":"Orange","county":"Orange","zip":92869,"phone":"855-272-7451","website":"http://www.newportinstitute.com","type_facility":"SU","sa":1,"dt":null,"otp":null,"res":1,"op":1,"hi":null}},{"type":"Feature","geometry":{"type":"Point","coordinates":[-117.775840900002,33.8095398000012]},"properties":{"name1":"Newport Academy","name2":null,"street1":"20371 Acre Place","city":"Orange","county":"Orange","zip":92869,"phone":"877-820-6371","website":"http://www.newportacademy.com","type_facility":"SU","sa":1,"dt":null,"otp":null,"res":1,"op":1,"hi":null}},{"type":"Feature","geometry":{"type":"Point","coordinates":[-116.938465400002,32.8084140000012]},"properties":{"name1":"Revive Pathway","name2":null,"street1":"1240 Broadway","city":"El Cajon","county":"San Diego","zip":92021,"phone":"619-841-1310","website":"https://rp.health","type_facility":"SU","sa":1,"dt":null,"otp":1,"res":null,"op":1,"hi":null}},{"type":"Feature","geometry":{"type":"Point","coordinates":[-117.780627500002,33.8091185000012]},"properties":{"name1":"Newport Academy","name2":null,"street1":"20115 Hillside Drive","city":"Orange","county":"Orange","zip":92869,"phone":"877-820-6371","website":"http://www.newportacademy.com","type_facility":"SU","sa":1,"dt":null,"otp":null,"res":1,"op":1,"hi":null}},{"type":"Feature","geometry":{"type":"Point","coordinates":[-117.776253100002,33.8017932000012]},"properties":{"name1":"Newport Academy","name2":null,"street1":"811 North Ranch Wood Trail","city":"Orange","county":"Orange","zip":92869,"phone":"877-820-6371","website":"http://www.newportacademy.com","type_facility":"SU","sa":1,"dt":null,"otp":null,"res":1,"op":1,"hi":null}},{"type":"Feature","geometry":{"type":"Point","coordinates":[-117.777696000002,33.8010596000012]},"properties":{"name1":"Newport Academy","name2":null,"street1":"7141 East Tanglewood Trail","city":"Orange","county":"Orange","zip":92869,"phone":"877-820-6371","website":"http://www.newportacademy.com","type_facility":"SU","sa":1,"dt":null,"otp":null,"res":1,"op":1,"hi":null}},{"type":"Feature","geometry":{"type":"Point","coordinates":[-117.781177200002,33.8042362000012]},"properties":{"name1":"Newport Academy","name2":null,"street1":"20085 East Rogers Avenue","city":"Orange","county":"Orange","zip":92869,"phone":"877-820-6371","website":"http://www.newportacademy.com","type_facility":"SU","sa":1,"dt":null,"otp":null,"res":1,"op":1,"hi":null}},{"type":"Feature","geometry":{"type":"Point","coordinates":[-117.952519100002,34.0380119000012]},"properties":{"name1":"Addiction Research and Treatment Inc","name2":"(ART)/Bay Area","street1":"15229 Amar Road","city":"La Puente","county":"Los Angeles","zip":91744,"phone":"626-855-5090","website":"http://www.baartprograms.com","type_facility":"SU","sa":1,"dt":1,"otp":1,"res":null,"op":1,"hi":null}},{"type":"Feature","geometry":{"type":"Point","coordinates":[-117.844946400002,33.8888781000012]},"properties":{"name1":"Forward Wellness Family Therapy Inc","name2":null,"street1":"1041 East Yorba Linda Boulevard","city":"Placentia","county":"Orange","zip":92870,"phone":"800-701-0937","website":"http://www.forwardwellness.org","type_facility":"SU","sa":1,"dt":1,"otp":null,"res":null,"op":1,"hi":null}},{"type":"Feature","geometry":{"type":"Point","coordinates":[-116.976090000002,32.8369359000013]},"properties":{"name1":"Mental Health Systems Inc","name2":"Action East","street1":"10201 Mission Gorge Road","city":"Santee","county":"San Diego","zip":92071,"phone":"619-383-6868","website":"http://turnbhs.org","type_facility":"SU","sa":1,"dt":null,"otp":null,"res":null,"op":1,"hi":null}},{"type":"Feature","geometry":{"type":"Point","coordinates":[-117.778795300002,33.7985382000012]},"properties":{"name1":"Newport Academy","name2":null,"street1":"7004 East Sundance Circle","city":"Orange","county":"Orange","zip":92869,"phone":"877-820-6371","website":"http://www.newportacademy.com","type_facility":"SU","sa":1,"dt":null,"otp":null,"res":1,"op":1,"hi":null}},{"type":"Feature","geometry":{"type":"Point","coordinates":[-117.781726800002,33.8010438000012]},"properties":{"name1":"Newport Academy","name2":null,"street1":"760 North Rodeo Circle","city":"Orange","county":"Orange","zip":92869,"phone":"877-820-6371","website":"http://www.newportacademy.com","type_facility":"SU","sa":1,"dt":null,"otp":null,"res":1,"op":1,"hi":null}},{"type":"Feature","geometry":{"type":"Point","coordinates":[-117.785482700002,33.8052800000012]},"properties":{"name1":"Newport Academy","name2":null,"street1":"10811 South Morada Drive","city":"Orange","county":"Orange","zip":92869,"phone":"877-820-6371","website":"http://www.newportacademy.com","type_facility":"SU","sa":1,"dt":null,"otp":null,"res":1,"op":1,"hi":null}},{"type":"Feature","geometry":{"type":"Point","coordinates":[-117.290527800002,33.1871699000013]},"properties":{"name1":"SOAP MAT LLC","name2":null,"street1":"3230 Waring Court","city":"Oceanside","county":"San Diego","zip":92056,"phone":"760-305-7528","website":"http://www.soapmat.com","type_facility":"SU","sa":1,"dt":1,"otp":1,"res":null,"op":1,"hi":null}},{"type":"Feature","geometry":{"type":"Point","coordinates":[-117.766519200002,33.7781002000012]},"properties":{"name1":"Newport Institute","name2":null,"street1":"9881 Deerhaven Drive","city":"Santa Ana","county":"Orange","zip":92705,"phone":"855-272-7451","website":"http://www.newportinstitute.com","type_facility":"SU","sa":1,"dt":null,"otp":null,"res":1,"op":1,"hi":null}},{"type":"Feature","geometry":{"type":"Point","coordinates":[-117.785400000002,33.8009000000012]},"properties":{"name1":"Lead Recovery Center","name2":null,"street1":"- - -","city":"Orange","county":"Orange","zip":92869,"phone":"800-380-0012","website":"http://leadrecoverycenter.com","type_facility":"SU","sa":1,"dt":1,"otp":null,"res":1,"op":null,"hi":null}},{"type":"Feature","geometry":{"type":"Point","coordinates":[-117.771351900002,33.7793597000012]},"properties":{"name1":"Newport Academy","name2":null,"street1":"9951 Highcliff Drive","city":"Santa Ana","county":"Orange","zip":92705,"phone":"877-820-6371","website":"http://www.newportacademy.com","type_facility":"SU","sa":1,"dt":null,"otp":null,"res":1,"op":1,"hi":null}},{"type":"Feature","geometry":{"type":"Point","coordinates":[-116.889608600002,32.7351046000013]},"properties":{"name1":"Pacific Bay Recovery","name2":null,"street1":"13518 Jamul Drive","city":"Jamul","county":"San Diego","zip":91935,"phone":"619-461-3717","website":"http://www.pacificbayrecovery.com","type_facility":"SU","sa":1,"dt":1,"otp":null,"res":1,"op":1,"hi":null}},{"type":"Feature","geometry":{"type":"Point","coordinates":[-116.890091000002,32.7354785000013]},"properties":{"name1":"Pacific Bay Recovery","name2":null,"street1":"13510 Jamul Drive","city":"Jamul","county":"San Diego","zip":91935,"phone":"619-461-3717","website":"http://www.pacificbayrecovery.com","type_facility":"SU","sa":1,"dt":1,"otp":null,"res":1,"op":1,"hi":null}},{"type":"Feature","geometry":{"type":"Point","coordinates":[-116.871487200002,32.7134746000013]},"properties":{"name1":"Pacific Bay Recovery","name2":null,"street1":"13967 Campo Road","city":"Jamul","county":"San Diego","zip":91935,"phone":"619-461-3717","website":"http://www.pacificbayrecovery.com","type_facility":"SU","sa":1,"dt":1,"otp":null,"res":null,"op":1,"hi":null}},{"type":"Feature","geometry":{"type":"Point","coordinates":[-117.775222500002,33.7802492000012]},"properties":{"name1":"Newport Institute","name2":null,"street1":"10022 Miramar Circle","city":"Santa Ana","county":"Orange","zip":92705,"phone":"855-272-7451","website":"http://www.newportinstitute.com","type_facility":"SU","sa":1,"dt":null,"otp":null,"res":1,"op":1,"hi":null}},{"type":"Feature","geometry":{"type":"Point","coordinates":[-117.775893000002,33.7764700000012]},"properties":{"name1":"Beachside Recovery LLC","name2":null,"street1":"10231 Brier Lane","city":"Santa Ana","county":"Orange","zip":92705,"phone":"949-531-6465","website":"http://www.beachsiderecoverycenter.com","type_facility":"SU","sa":1,"dt":1,"otp":null,"res":1,"op":null,"hi":null}},{"type":"Feature","geometry":{"type":"Point","coordinates":[-116.969881000002,32.8136752000012]},"properties":{"name1":"McAlister Institute for Trt and Educ","name2":"(MITE)/East County Regional Center","street1":"1365 North Johnson Avenue","city":"El Cajon","county":"San Diego","zip":92020,"phone":"619-440-4801 x1202","website":"http://www.mcalisterinc.org","type_facility":"SU","sa":1,"dt":null,"otp":null,"res":null,"op":1,"hi":1}},{"type":"Feature","geometry":{"type":"Point","coordinates":[-117.662200000002,33.6272000000012]},"properties":{"name1":"California Care Detox and Treatment","name2":"SUD","street1":"- - -","city":"Mission Viejo","county":"Orange","zip":92691,"phone":"949-619-6561","website":"http://www.califcare.com","type_facility":"SU","sa":1,"dt":1,"otp":null,"res":1,"op":null,"hi":null}},{"type":"Feature","geometry":{"type":"Point","coordinates":[-117.826243000002,33.8402351000012]},"properties":{"name1":"Newport Academy","name2":null,"street1":"195 South Peralta Hills Drive","city":"Anaheim","county":"Orange","zip":92807,"phone":"877-820-6371","website":"http://www.newportacademy.com","type_facility":"SU","sa":1,"dt":null,"otp":null,"res":1,"op":1,"hi":null}},{"type":"Feature","geometry":{"type":"Point","coordinates":[-116.969754600002,32.8089169000013]},"properties":{"name1":"McAlister Institute for Trt and Educ","name2":"(MITE)/East Teen Recovery Ctr","street1":"550 Fesler Street","city":"El Cajon","county":"San Diego","zip":92020,"phone":"619-588-5361","website":"http://www.mcalisterinc.org","type_facility":"SU","sa":1,"dt":null,"otp":null,"res":null,"op":1,"hi":null}},{"type":"Feature","geometry":{"type":"Point","coordinates":[-116.962741900002,32.7970859000013]},"properties":{"name1":"El Cajon Comprehensive Trt Center","name2":"San Diego Health Alliance Inc","street1":"234 North Magnolia Avenue","city":"El Cajon","county":"San Diego","zip":92020,"phone":"619-579-8373","website":"http://www.ctcprograms.com/location/el-cajon-comprehensive-treatment-center/","type_facility":"SU","sa":1,"dt":1,"otp":1,"res":null,"op":1,"hi":null}},{"type":"Feature","geometry":{"type":"Point","coordinates":[-117.843369200002,33.8550343000012]},"properties":{"name1":"Hatch Behavioral Health","name2":null,"street1":"3455 East La Palma Avenue","city":"Anaheim","county":"Orange","zip":92806,"phone":"714-603-7061","website":"http://www.hatchbehavioralhealth.com","type_facility":"SU","sa":1,"dt":null,"otp":null,"res":null,"op":1,"hi":null}},{"type":"Feature","geometry":{"type":"Point","coordinates":[-117.212147400002,33.0652852000013]},"properties":{"name1":"AToN Center","name2":null,"street1":"3250 Country Rose Circle","city":"Encinitas","county":"San Diego","zip":92024,"phone":"858-759-5017","website":"http://www.atoncenter.com","type_facility":"SU","sa":1,"dt":1,"otp":null,"res":1,"op":null,"hi":null}},{"type":"Feature","geometry":{"type":"Point","coordinates":[-119.817398200002,38.770071800001]},"properties":{"name1":"Alpine County","name2":"Behavioral Health Services","street1":"40 Diamond Valley Road","city":"Markleeville","county":"Alpine","zip":96120,"phone":"530-694-1816","website":"http://www.alpinecountyca.gov","type_facility":"SU","sa":1,"dt":null,"otp":null,"res":null,"op":1,"hi":null}},{"type":"Feature","geometry":{"type":"Point","coordinates":[-117.793635500002,33.7753633000012]},"properties":{"name1":"Newport Institute","name2":null,"street1":"12822 Periwinkle Drive","city":"Santa Ana","county":"Orange","zip":92705,"phone":"855-272-7451","website":"http://www.newportinstitute.com","type_facility":"SU","sa":1,"dt":null,"otp":null,"res":1,"op":1,"hi":null}},{"type":"Feature","geometry":{"type":"Point","coordinates":[-117.245323200002,33.0943777000012]},"properties":{"name1":"Kali West LLC","name2":"Villa Kali Ma","street1":"2912 Managua Place","city":"Carlsbad","county":"San Diego","zip":92009,"phone":"619-246-8862","website":"http://Villlakalima.com","type_facility":"SU","sa":1,"dt":1,"otp":null,"res":1,"op":null,"hi":1}},{"type":"Feature","geometry":{"type":"Point","coordinates":[-117.676611300002,33.6172066000012]},"properties":{"name1":"449 Recovery","name2":null,"street1":"26010 Acero","city":"Mission Viejo","county":"Orange","zip":92691,"phone":"855-449-4490","website":"http://www.449recovery.org","type_facility":"SU","sa":1,"dt":null,"otp":null,"res":null,"op":1,"hi":null}},{"type":"Feature","geometry":{"type":"Point","coordinates":[-117.120294400002,32.9480573000013]},"properties":{"name1":"Infinity Recovery","name2":null,"street1":"9486 Owl Court","city":"San Diego","county":"San Diego","zip":92129,"phone":"229-343-6530","website":"http://infinity-recovery.com","type_facility":"SU","sa":1,"dt":1,"otp":null,"res":1,"op":null,"hi":null}},{"type":"Feature","geometry":{"type":"Point","coordinates":[-118.016418300002,34.0671430000012]},"properties":{"name1":"Social Model Recovery Systems","name2":"Omni Center","street1":"3426 Cogswell Road","city":"El Monte","county":"Los Angeles","zip":91732,"phone":"626-453-3417","website":"http://socialmodelrecovery.org","type_facility":"SU","sa":1,"dt":null,"otp":null,"res":1,"op":null,"hi":null}},{"type":"Feature","geometry":{"type":"Point","coordinates":[-118.016596000002,34.0670962000012]},"properties":{"name1":"Social Model Recovery Systems","name2":"Omni Center","street1":"3430 Cogswell Road","city":"El Monte","county":"Los Angeles","zip":91732,"phone":"646-453-3417","website":"http://www.socialmodelrecovery.org/","type_facility":"SU","sa":1,"dt":null,"otp":null,"res":1,"op":null,"hi":null}},{"type":"Feature","geometry":{"type":"Point","coordinates":[-117.659847800002,33.5817709000012]},"properties":{"name1":"Capo Canyon Recovery","name2":null,"street1":"26991 El Ciervo Lane","city":"Mission Viejo","county":"Orange","zip":92691,"phone":"800-804-8714","website":"http://www.capocanyon.com","type_facility":"SU","sa":1,"dt":1,"otp":null,"res":1,"op":null,"hi":null}},{"type":"Feature","geometry":{"type":"Point","coordinates":[-118.032700000002,34.0769000000012]},"properties":{"name1":"Aegis Treatment Centers LLC","name2":null,"street1":"11041 East Valley Boulevard","city":"El Monte","county":"Los Angeles","zip":91731,"phone":"626-471-8459","website":"http://PinnacleTreatmentCenters.com","type_facility":"SU","sa":1,"dt":1,"otp":1,"res":null,"op":1,"hi":null}},{"type":"Feature","geometry":{"type":"Point","coordinates":[-117.675426100002,33.5932594000012]},"properties":{"name1":"Wel Mor Psychology Group Inc","name2":null,"street1":"25401 Cabot Road","city":"Laguna Hills","county":"Orange","zip":92653,"phone":"714-540-9070","website":"http://www.welmortreatment.com","type_facility":"SU","sa":1,"dt":null,"otp":null,"res":null,"op":1,"hi":null}},{"type":"Feature","geometry":{"type":"Point","coordinates":[-117.755008900002,33.6959863000012]},"properties":{"name1":"Inspire Health","name2":null,"street1":"67 Sanctuary","city":"Irvine","county":"Orange","zip":92620,"phone":"888-549-4191","website":"http://inspirehealthoc.com/","type_facility":"SU","sa":1,"dt":1,"otp":null,"res":1,"op":null,"hi":null}},{"type":"Feature","geometry":{"type":"Point","coordinates":[-117.686086000002,33.6045052000012]},"properties":{"name1":"Life Vessel Treatment and","name2":"Recovery Centers LLC","street1":"25466 Gloriosa Drive","city":"Mission Viejo","county":"Orange","zip":92691,"phone":"949-222-9991","website":"http://www.lvtrc.com","type_facility":"SU","sa":1,"dt":1,"otp":null,"res":1,"op":null,"hi":null}},{"type":"Feature","geometry":{"type":"Point","coordinates":[-117.357286500002,33.1944295000012]},"properties":{"name1":"Oceanside Comprehensive Treatment Ctr","name2":"Mission Treatment Services Inc","street1":"1905 Apple Street","city":"Oceanside","county":"San Diego","zip":92054,"phone":"760-547-1280","website":"http://www.ctcprograms.com/location/oceanside-comprehensive-treatment-center/","type_facility":"SU","sa":1,"dt":1,"otp":1,"res":null,"op":1,"hi":null}},{"type":"Feature","geometry":{"type":"Point","coordinates":[-117.366490200002,33.2026598000012]},"properties":{"name1":"McAlister Institute for Trt and Educ","name2":"(MITE)/NCRRC Mission Avenue","street1":"1701 Mission Avenue","city":"Oceanside","county":"San Diego","zip":92058,"phone":"760-721-2781","website":"http://","type_facility":"SU","sa":1,"dt":null,"otp":null,"res":null,"op":1,"hi":null}},{"type":"Feature","geometry":{"type":"Point","coordinates":[-117.716617000002,33.6327400000012]},"properties":{"name1":"12 South Recovery","name2":null,"street1":"23712 Birtcher Drive","city":"Lake Forest","county":"Orange","zip":92630,"phone":"888-830-8374","website":"http://www.12southrecovery.com","type_facility":"SU","sa":1,"dt":null,"otp":null,"res":null,"op":1,"hi":null}},{"type":"Feature","geometry":{"type":"Point","coordinates":[-118.095670800002,34.1496130000012]},"properties":{"name1":"HealthRIGHT 360","name2":"Prototypes Outpatient Behavioral Hlth","street1":"2650 East Foothill Boulevard","city":"Pasadena","county":"Los Angeles","zip":91107,"phone":"626-577-2261","website":"http://www.healthright360.org","type_facility":"SU","sa":1,"dt":null,"otp":null,"res":null,"op":1,"hi":null}},{"type":"Feature","geometry":{"type":"Point","coordinates":[-119.258314700002,36.325471400001]},"properties":{"name1":"Central Valley Recovery Services Inc","name2":"Robertson Recovery","street1":"3107 East Kaweah Avenue","city":"Visalia","county":"Tulare","zip":93292,"phone":"559-754-2705","website":"http://www.cvrshome.com","type_facility":"SU","sa":1,"dt":1,"otp":null,"res":1,"op":null,"hi":null}},{"type":"Feature","geometry":{"type":"Point","coordinates":[-118.091077700002,34.1416573000012]},"properties":{"name1":"Aurora Las Encinas Hospital","name2":null,"street1":"2900 East Del Mar Boulevard","city":"Pasadena","county":"Los Angeles","zip":91107,"phone":"626-795-9901","website":"http://www.lasencinashospital.com","type_facility":"SU","sa":1,"dt":1,"otp":null,"res":1,"op":1,"hi":1}},{"type":"Feature","geometry":{"type":"Point","coordinates":[-117.665164500002,33.5625644000012]},"properties":{"name1":"Pacific Solstice","name2":null,"street1":"26732 Crown Valley Parkway","city":"Mission Viejo","county":"Orange","zip":92691,"phone":"949-200-7929","website":"http://www.pacificsolstice.com","type_facility":"SU","sa":1,"dt":null,"otp":null,"res":null,"op":1,"hi":null}},{"type":"Feature","geometry":{"type":"Point","coordinates":[-117.335300000002,33.1593000000012]},"properties":{"name1":"Present Moments Recovery","name2":null,"street1":"1809 Windriver Street","city":"Carlsbad","county":"San Diego","zip":92008,"phone":"619-363-4767","website":"http://www.presentmomentsrecovery.com","type_facility":"SU","sa":1,"dt":1,"otp":null,"res":1,"op":null,"hi":null}},{"type":"Feature","geometry":{"type":"Point","coordinates":[-117.838767000002,33.7875994000012]},"properties":{"name1":"Chapman House Inc","name2":null,"street1":"1412 East Chapman Avenue","city":"Orange","county":"Orange","zip":92866,"phone":"714-288-9779","website":"http://www.chapmanrehab.com","type_facility":"SU","sa":1,"dt":null,"otp":null,"res":null,"op":1,"hi":null}},{"type":"Feature","geometry":{"type":"Point","coordinates":[-118.098795300002,34.1486273000012]},"properties":{"name1":"Dedicato Treatment Center","name2":null,"street1":"133 North Altadena Drive","city":"Pasadena","county":"Los Angeles","zip":91107,"phone":"626-921-0113","website":"http://www.dedicatedtreatment.com","type_facility":"SU","sa":1,"dt":null,"otp":null,"res":null,"op":1,"hi":null}},{"type":"Feature","geometry":{"type":"Point","coordinates":[-117.883566800002,33.8459246000012]},"properties":{"name1":"Rebel New Life Treatment Center LLC","name2":null,"street1":"2309 East Sycamore Street","city":"Anaheim","county":"Orange","zip":92806,"phone":"714-507-6867","website":"http://rebelnewlife.com","type_facility":"SU","sa":1,"dt":1,"otp":null,"res":1,"op":null,"hi":1}},{"type":"Feature","geometry":{"type":"Point","coordinates":[-117.699306900002,33.6010847000012]},"properties":{"name1":"Twin Town Treatment Centers","name2":"Laguna Hills","street1":"24953 Paseo de Valencia","city":"Laguna Hills","county":"Orange","zip":92653,"phone":"949-540-0170","website":"http://www.twintowntreatmentcenters.com","type_facility":"SU","sa":1,"dt":null,"otp":null,"res":null,"op":1,"hi":null}},{"type":"Feature","geometry":{"type":"Point","coordinates":[-117.826815400002,33.7643181000012]},"properties":{"name1":"Cornerstone of Southern California","name2":"Recovery Homes of America Inc","street1":"13682 Yorba Street","city":"Tustin","county":"Orange","zip":92780,"phone":"714-730-5399","website":"http://www.cornerstonesocal.com/","type_facility":"SU","sa":1,"dt":1,"otp":null,"res":1,"op":null,"hi":null}},{"type":"Feature","geometry":{"type":"Point","coordinates":[-117.377426800002,33.2017175000012]},"properties":{"name1":"Mental Health Systems Inc","name2":"Family Recovery Center","street1":"1100 Sportfisher Drive","city":"Oceanside","county":"San Diego","zip":92054,"phone":"760-439-6702","website":"http://www.turnbhs.org","type_facility":"SU","sa":1,"dt":1,"otp":null,"res":1,"op":null,"hi":null}},{"type":"Feature","geometry":{"type":"Point","coordinates":[-118.036415800002,34.0515895000012]},"properties":{"name1":"SPIRITT Family Services","name2":null,"street1":"2000 Tyler Avenue","city":"South El Monte","county":"Los Angeles","zip":91733,"phone":"626-442-1400","website":"http://www.spiritt.org","type_facility":"SU","sa":1,"dt":null,"otp":null,"res":null,"op":1,"hi":null}},{"type":"Feature","geometry":{"type":"Point","coordinates":[-117.345465300002,33.1623357000012]},"properties":{"name1":"Present Moments Recovery","name2":null,"street1":"2945 Harding Street","city":"Carlsbad","county":"San Diego","zip":92008,"phone":"619-363-4767","website":"http://www.presentmomentsrecovery.com","type_facility":"SU","sa":1,"dt":1,"otp":null,"res":null,"op":1,"hi":null}},{"type":"Feature","geometry":{"type":"Point","coordinates":[-117.635741100002,33.5137221000012]},"properties":{"name1":"Hope by the Sea","name2":"Anzar","street1":"28371 Via Anzar","city":"San Juan Capistrano","county":"Orange","zip":92675,"phone":"949-218-2690","website":"http://www.hopebythesea.com","type_facility":"SU","sa":1,"dt":1,"otp":null,"res":1,"op":null,"hi":null}},{"type":"Feature","geometry":{"type":"Point","coordinates":[-118.121227400002,34.1703065000012]},"properties":{"name1":"Elijahs House Treatment Center","name2":null,"street1":"1408 North Hill Avenue","city":"Pasadena","county":"Los Angeles","zip":91104,"phone":"626-798-1340","website":"http://www.elijahshouse.com","type_facility":"SU","sa":1,"dt":1,"otp":null,"res":1,"op":1,"hi":1}},{"type":"Feature","geometry":{"type":"Point","coordinates":[-117.377984300002,33.1978459000012]},"properties":{"name1":"Mindful Rejuvenation Inc","name2":null,"street1":"717 Pier View Way","city":"Oceanside","county":"San Diego","zip":92054,"phone":"760-994-8846","website":"http://www.mindfulrejuvenationinc.com","type_facility":"SU","sa":1,"dt":1,"otp":null,"res":null,"op":1,"hi":null}},{"type":"Feature","geometry":{"type":"Point","coordinates":[-118.140000000002,34.1951000000011]},"properties":{"name1":"Altadena Recovery Center","name2":null,"street1":"- - -","city":"Altadena","county":"Los Angeles","zip":91001,"phone":"626-765-6905","website":"http://altadenarecoverycenter.org","type_facility":"SU","sa":1,"dt":null,"otp":null,"res":null,"op":1,"hi":null}},{"type":"Feature","geometry":{"type":"Point","coordinates":[-117.367729900002,33.1843020000013]},"properties":{"name1":"North County Lifeline Inc","name2":"Oceanside","street1":"707 Oceanside Boulevard","city":"Oceanside","county":"San Diego","zip":92054,"phone":"760-726-4900","website":"http://www.nclifeline.org","type_facility":"SU","sa":1,"dt":null,"otp":null,"res":null,"op":1,"hi":null}},{"type":"Feature","geometry":{"type":"Point","coordinates":[-116.937900000002,32.7027000000013]},"properties":{"name1":"McAlister Institute for Trt and Educ","name2":"(MITE)/McAlister Institute Group Home","street1":"- - -","city":"Spring Valley","county":"San Diego","zip":91978,"phone":"619-337-3830","website":"http://www.mcalisterinc.org","type_facility":"SU","sa":1,"dt":null,"otp":null,"res":1,"op":null,"hi":null}},{"type":"Feature","geometry":{"type":"Point","coordinates":[-117.363185400002,33.1753931000013]},"properties":{"name1":"Community Research Foundation","name2":"Turning Point Crisis Center","street1":"1738 South Tremont Street","city":"Oceanside","county":"San Diego","zip":92054,"phone":"760-439-2800","website":"http://www.comresearch.org","type_facility":"SU","sa":1,"dt":null,"otp":null,"res":1,"op":null,"hi":null}},{"type":"Feature","geometry":{"type":"Point","coordinates":[-117.925382400002,33.8854656000012]},"properties":{"name1":"Wel Mor Psychology Group Inc","name2":null,"street1":"1370 North Brea Boulevard","city":"Fullerton","county":"Orange","zip":92835,"phone":"714-540-9070","website":"http://www.welmortreatment.com","type_facility":"SU","sa":1,"dt":null,"otp":null,"res":null,"op":1,"hi":null}},{"type":"Feature","geometry":{"type":"Point","coordinates":[-118.484700000002,34.7255000000012]},"properties":{"name1":"Alpha Recovery Center","name2":null,"street1":"7316 West Avenue","city":"Lancaster","county":"Los Angeles","zip":93536,"phone":"661-934-2190","website":"https://alpharecoveryrehab.com/","type_facility":"SU","sa":1,"dt":1,"otp":null,"res":1,"op":null,"hi":null}},{"type":"Feature","geometry":{"type":"Point","coordinates":[-117.918515400002,33.8706211000012]},"properties":{"name1":"Woodglen Recovery Junction Inc","name2":"Daylight Again","street1":"329 East Commonwealth Avenue","city":"Fullerton","county":"Orange","zip":92832,"phone":"714-870-4057","website":"http://www.woodglenrecovery.org","type_facility":"SU","sa":1,"dt":null,"otp":null,"res":1,"op":null,"hi":null}},{"type":"Feature","geometry":{"type":"Point","coordinates":[-118.131789100002,34.1710570000012]},"properties":{"name1":"Aegis Treatment Centers LLC","name2":null,"street1":"1450 North Lake Avenue","city":"Pasadena","county":"Los Angeles","zip":91104,"phone":"626-794-1161","website":"http://www.pinnacletreatment.com","type_facility":"SU","sa":1,"dt":1,"otp":1,"res":null,"op":1,"hi":null}},{"type":"Feature","geometry":{"type":"Point","coordinates":[-117.921124300002,33.8701421000012]},"properties":{"name1":"Western Pacific Med Corp","name2":"Western Pacific Fullerton","street1":"218 East Commonwealth Avenue","city":"Fullerton","county":"Orange","zip":92832,"phone":"818-956-3737","website":"http://www.westpacmed.com","type_facility":"SU","sa":1,"dt":1,"otp":1,"res":null,"op":1,"hi":null}},{"type":"Feature","geometry":{"type":"Point","coordinates":[-117.921141100002,33.8701506000012]},"properties":{"name1":"Western Pacific Re Hab","name2":"Western Pacific Fullerton RH","street1":"218 East Commonwealth Avenue","city":"Fullerton","county":"Orange","zip":92832,"phone":"818-956-3737","website":"http://www.westpacmed.com","type_facility":"SU","sa":1,"dt":1,"otp":1,"res":null,"op":1,"hi":null}},{"type":"Feature","geometry":{"type":"Point","coordinates":[-117.839377900002,33.7595569000012]},"properties":{"name1":"Cornerstone Adult Outpatient","name2":null,"street1":"1950 East 17th Street","city":"Santa Ana","county":"Orange","zip":92705,"phone":"714-547-4300","website":"http://www.CornerstoneSoCal.com","type_facility":"SU","sa":1,"dt":null,"otp":null,"res":null,"op":1,"hi":null}},{"type":"Feature","geometry":{"type":"Point","coordinates":[-119.276525500002,36.3123958000011]},"properties":{"name1":"Central Valley Recovery Services Inc","name2":"New Vision for Women","street1":"1425 East Walnut Avenue","city":"Visalia","county":"Tulare","zip":93292,"phone":"559-625-4072","website":"http://cvrshome.org","type_facility":"SU","sa":1,"dt":null,"otp":null,"res":1,"op":null,"hi":null}},{"type":"Feature","geometry":{"type":"Point","coordinates":[-117.688790900002,33.5608599000012]},"properties":{"name1":"Hope by the Sea","name2":"Hidden Trails","street1":"27675 Hidden Trails Road","city":"Laguna Hills","county":"Orange","zip":92653,"phone":"949-218-2690","website":"http://www.hopebythesea.com","type_facility":"SU","sa":1,"dt":null,"otp":null,"res":1,"op":null,"hi":null}},{"type":"Feature","geometry":{"type":"Point","coordinates":[-117.672497600002,33.5389919000012]},"properties":{"name1":"Mariposa Women and Family Center","name2":null,"street1":"29222 Rancho Viejo Road","city":"San Juan Capistrano","county":"Orange","zip":92675,"phone":"949-429-6888","website":"http://www.mariposacenter.org/","type_facility":"SU","sa":1,"dt":null,"otp":null,"res":null,"op":1,"hi":null}},{"type":"Feature","geometry":{"type":"Point","coordinates":[-117.887984000002,33.8190417000012]},"properties":{"name1":"Orange County Healthcare Agency","name2":"Behavioral Health Services","street1":"2035 East Ball Road","city":"Anaheim","county":"Orange","zip":92806,"phone":"714-834-3840","website":"http://www.ochealthinfo.com","type_facility":"SU","sa":1,"dt":null,"otp":null,"res":null,"op":1,"hi":null}},{"type":"Feature","geometry":{"type":"Point","coordinates":[-117.615700000002,33.4654000000012]},"properties":{"name1":"Ocean Ridge Treatment and Recovery","name2":null,"street1":"- - -","city":"San Clemente","county":"Orange","zip":92673,"phone":"949-989-5346","website":"https://www.oceanridgeoc.com","type_facility":"SU","sa":1,"dt":1,"otp":null,"res":1,"op":null,"hi":null}},{"type":"Feature","geometry":{"type":"Point","coordinates":[-117.860089000002,33.7811021000012]},"properties":{"name1":"Twin Town Treatment Centers","name2":"Twin Town Orange","street1":"705 West La Veta Avenue","city":"Orange","county":"Orange","zip":92868,"phone":"714-532-9295","website":"http://www.twintowntreatmentcenters.com","type_facility":"SU","sa":1,"dt":null,"otp":null,"res":null,"op":1,"hi":null}},{"type":"Feature","geometry":{"type":"Point","coordinates":[-118.124657500002,34.1497830000012]},"properties":{"name1":"Pasadena Council on Alcoholism and","name2":"Drug Dependence","street1":"1245 East Walnut Street","city":"Pasadena","county":"Los Angeles","zip":91106,"phone":"626-773-4364","website":"http://www.socialmodelrecovery.org/","type_facility":"SU","sa":1,"dt":null,"otp":null,"res":null,"op":1,"hi":null}},{"type":"Feature","geometry":{"type":"Point","coordinates":[-117.872616000002,33.7965563000012]},"properties":{"name1":"Mariposa Women and Family Center","name2":null,"street1":"1845 West Orangewood Avenue","city":"Orange","county":"Orange","zip":92868,"phone":"714-547-6494","website":"http://www.mariposacenter.org","type_facility":"SU","sa":1,"dt":null,"otp":null,"res":null,"op":1,"hi":null}},{"type":"Feature","geometry":{"type":"Point","coordinates":[-117.702480300002,33.5727047000012]},"properties":{"name1":"Orange County Healthcare Agency","name2":"Behavioral Health Services","street1":"5 Mareblu Street","city":"Aliso Viejo","county":"Orange","zip":92656,"phone":"714-834-3840","website":"http://ochealthinfo.com","type_facility":"SU","sa":1,"dt":null,"otp":null,"res":null,"op":1,"hi":null}},{"type":"Feature","geometry":{"type":"Point","coordinates":[-117.666356200002,33.5259377000012]},"properties":{"name1":"Sheer Recovery","name2":null,"street1":"26572 Royale Drive","city":"San Juan Capistrano","county":"Orange","zip":92675,"phone":"949-529-5945","website":"http://www.sheerrecovery.com","type_facility":"SU","sa":1,"dt":1,"otp":null,"res":1,"op":null,"hi":null}},{"type":"Feature","geometry":{"type":"Point","coordinates":[-117.836967600002,33.7459259000012]},"properties":{"name1":"Santa Ana Comprehensive Treatment Ctr","name2":"California Treatment Services LLC","street1":"2101 East 1st Street","city":"Santa Ana","county":"Orange","zip":92705,"phone":"714-581-9181","website":"http://www.ctcprograms.com/location/santa-ana-comprehensive-treatment-center/","type_facility":"SU","sa":1,"dt":1,"otp":1,"res":null,"op":1,"hi":null}},{"type":"Feature","geometry":{"type":"Point","coordinates":[-117.653178900002,33.5076100000012]},"properties":{"name1":"Capo by the Sea","name2":null,"street1":"27271 Corte Mantecito","city":"San Juan Capistrano","county":"Orange","zip":92675,"phone":"877-933-7034","website":"http://capobythesea.com","type_facility":"SU","sa":1,"dt":1,"otp":null,"res":1,"op":1,"hi":null}},{"type":"Feature","geometry":{"type":"Point","coordinates":[-119.287529900002,36.3217004000011]},"properties":{"name1":"Tulare County Health and","name2":"Human Services/Visalia Recovery Center","street1":"942 South Santa Fe Street","city":"Visalia","county":"Tulare","zip":93292,"phone":"559-636-4000","website":"http://www.tchhsa.org","type_facility":"SU","sa":1,"dt":null,"otp":null,"res":null,"op":1,"hi":null}},{"type":"Feature","geometry":{"type":"Point","coordinates":[-117.928900000002,33.8679000000012]},"properties":{"name1":"Woodglen Recovery Junction Inc","name2":null,"street1":"- - -","city":"Fullerton","county":"Orange","zip":92832,"phone":"714-879-0929","website":"http://www.woodglenrecovery.org","type_facility":"SU","sa":1,"dt":null,"otp":null,"res":1,"op":null,"hi":null}},{"type":"Feature","geometry":{"type":"Point","coordinates":[-119.293177600002,36.3331304000011]},"properties":{"name1":"Central Valley Recovery Services Inc","name2":"Pine Recovery Center","street1":"120 West School Avenue","city":"Visalia","county":"Tulare","zip":93291,"phone":"559-625-4100","website":"http://www.cvrshome.com","type_facility":"SU","sa":1,"dt":1,"otp":null,"res":1,"op":null,"hi":null}},{"type":"Feature","geometry":{"type":"Point","coordinates":[-117.685788200002,33.5437754000012]},"properties":{"name1":"JBW Associates Inc","name2":"Laguna Coast Recovery","street1":"28812 Aloma Avenue","city":"Laguna Niguel","county":"Orange","zip":92677,"phone":"949-945-3585","website":"http://www.laguna-coast.com","type_facility":"SU","sa":1,"dt":1,"otp":null,"res":1,"op":null,"hi":1}},{"type":"Feature","geometry":{"type":"Point","coordinates":[-117.032560400002,32.7797385000013]},"properties":{"name1":"Bridges of San Diego","name2":null,"street1":"5480 Baltimore Drive","city":"La Mesa","county":"San Diego","zip":91942,"phone":"619-332-0670","website":"http://www.thebridgesofsandiego.com","type_facility":"SU","sa":1,"dt":null,"otp":null,"res":null,"op":1,"hi":null}},{"type":"Feature","geometry":{"type":"Point","coordinates":[-117.656364400002,33.5050844000012]},"properties":{"name1":"Able to Change Recovery Inc","name2":null,"street1":"31501 Rancho Viejo Road","city":"San Juan Capistrano","county":"Orange","zip":92675,"phone":"866-225-3260","website":"https://able2changerecovery.com","type_facility":"SU","sa":1,"dt":null,"otp":null,"res":null,"op":1,"hi":null}},{"type":"Feature","geometry":{"type":"Point","coordinates":[-118.145752000002,34.1670194000012]},"properties":{"name1":"Grandview Foundation Inc","name2":null,"street1":"1230 North Marengo Avenue","city":"Pasadena","county":"Los Angeles","zip":91103,"phone":"626-797-1124 x116","website":"http://www.grandviewfoundation.com","type_facility":"SU","sa":1,"dt":1,"otp":null,"res":1,"op":1,"hi":null}},{"type":"Feature","geometry":{"type":"Point","coordinates":[-117.655539400002,33.5026981000012]},"properties":{"name1":"Covenant Hills Treatment Center","name2":"Intensive Outpatient","street1":"27184 Ortega Highway","city":"San Juan Capistrano","county":"Orange","zip":92675,"phone":"844-268-8412","website":"http://covenanthillstreatment.com","type_facility":"SU","sa":1,"dt":null,"otp":null,"res":null,"op":1,"hi":null}},{"type":"Feature","geometry":{"type":"Point","coordinates":[-117.915975200002,33.8426502000012]},"properties":{"name1":"Hope House Corporation","name2":null,"street1":"710 and 714 North Anaheim Boulevard","city":"Anaheim","county":"Orange","zip":92805,"phone":"714-776-7490 x405","website":"http://","type_facility":"SU","sa":1,"dt":null,"otp":null,"res":1,"op":null,"hi":null}},{"type":"Feature","geometry":{"type":"Point","coordinates":[-117.657750300002,33.5039597000012]},"properties":{"name1":"New Method Wellness","name2":null,"street1":"31601 Avenida Los Cerritos","city":"San Juan Capistrano","county":"Orange","zip":92675,"phone":"949-951-1824","website":"http://","type_facility":"SU","sa":1,"dt":1,"otp":null,"res":1,"op":1,"hi":null}},{"type":"Feature","geometry":{"type":"Point","coordinates":[-119.291317500002,36.3157652000011]},"properties":{"name1":"BAART Programs Visalia Inc","name2":"Addiction Research and Treatment Inc","street1":"1646 South Court Street","city":"Visalia","county":"Tulare","zip":93277,"phone":"559-625-8890","website":"http://www.baartprograms.com","type_facility":"SU","sa":1,"dt":1,"otp":1,"res":null,"op":1,"hi":null}},{"type":"Feature","geometry":{"type":"Point","coordinates":[-118.134972800002,34.1493716000012]},"properties":{"name1":"Pax House","name2":null,"street1":"750 East Walnut Street","city":"Pasadena","county":"Los Angeles","zip":91101,"phone":"310-497-5441","website":"https://paxhouserecovery.com","type_facility":"SU","sa":1,"dt":null,"otp":null,"res":null,"op":1,"hi":null}},{"type":"Feature","geometry":{"type":"Point","coordinates":[-118.135778500002,34.1488761000012]},"properties":{"name1":"Casa Treatment Center","name2":"Outpatient","street1":"169 North Oak Knoll Avenue","city":"Pasadena","county":"Los Angeles","zip":91101,"phone":"626-792-2770","website":"http://www.casatreatmentcenter.org/","type_facility":"SU","sa":1,"dt":null,"otp":null,"res":null,"op":1,"hi":null}},{"type":"Feature","geometry":{"type":"Point","coordinates":[-117.656808000002,33.5002480000012]},"properties":{"name1":"Sheer Recovery","name2":null,"street1":"27130A Paseo Espada","city":"San Juan Capistrano","county":"Orange","zip":92675,"phone":"888-979-7703","website":"http://www.sheerrecovery.com","type_facility":"SU","sa":1,"dt":1,"otp":null,"res":null,"op":1,"hi":null}},{"type":"Feature","geometry":{"type":"Point","coordinates":[-118.136535000002,34.1487610000012]},"properties":{"name1":"Casa Treatment Center","name2":"Residential","street1":"160 North El Molino Avenue","city":"Pasadena","county":"Los Angeles","zip":91101,"phone":"626-792-2770","website":"http://www.casatreatmentcenter.org","type_facility":"SU","sa":1,"dt":null,"otp":null,"res":1,"op":null,"hi":null}},{"type":"Feature","geometry":{"type":"Point","coordinates":[-119.299645400002,36.3315688000011]},"properties":{"name1":"New Hope","name2":null,"street1":"212 North Stevenson Street","city":"Visalia","county":"Tulare","zip":93291,"phone":"559-625-0440","website":"http://cvrshome.org","type_facility":"SU","sa":1,"dt":null,"otp":null,"res":1,"op":null,"hi":null}},{"type":"Feature","geometry":{"type":"Point","coordinates":[-118.137288000002,34.1491988000012]},"properties":{"name1":"Gooden Center","name2":null,"street1":"191 North El Molino Avenue","city":"Pasadena","county":"Los Angeles","zip":91101,"phone":"626-356-0078","website":"http://www.goodencenter.org","type_facility":"SU","sa":1,"dt":1,"otp":null,"res":1,"op":null,"hi":null}},{"type":"Feature","geometry":{"type":"Point","coordinates":[-117.853877000002,33.7528452000012]},"properties":{"name1":"Phoenix House","name2":"Orange County","street1":"1207 East Fruit Street","city":"Santa Ana","county":"Orange","zip":92701,"phone":"714-953-9373","website":"http://www.phoenixhouseca.org","type_facility":"SU","sa":1,"dt":1,"otp":null,"res":1,"op":1,"hi":null}},{"type":"Feature","geometry":{"type":"Point","coordinates":[-117.226031000002,32.9837912000012]},"properties":{"name1":"Casa Palmera","name2":null,"street1":"14750 El Camino Real","city":"Del Mar","county":"San Diego","zip":92014,"phone":"858-481-4411","website":"http://casapalmera.com/","type_facility":"SU","sa":1,"dt":1,"otp":null,"res":1,"op":null,"hi":null}},{"type":"Feature","geometry":{"type":"Point","coordinates":[-117.282698000002,33.0456658000013]},"properties":{"name1":"Shoreline Recovery Center","name2":null,"street1":"183 Calle Magdalena","city":"Encinitas","county":"San Diego","zip":92024,"phone":"866-957-4550","website":"http://www.shorelinerecoverycenter.com","type_facility":"SU","sa":1,"dt":null,"otp":null,"res":null,"op":1,"hi":null}},{"type":"Feature","geometry":{"type":"Point","coordinates":[-117.661406200002,33.4984553000012]},"properties":{"name1":"Casa Recovery","name2":null,"street1":"31877 Del Obispo Street","city":"San Juan Capistrano","county":"Orange","zip":92675,"phone":"888-928-2272","website":"http://www.casarecovery.com","type_facility":"SU","sa":1,"dt":null,"otp":null,"res":null,"op":1,"hi":null}},{"type":"Feature","geometry":{"type":"Point","coordinates":[-118.156539000002,34.1689060000012]},"properties":{"name1":"Back to Life Transitional Living","name2":null,"street1":"280 West Washington Boulevard","city":"Pasadena","county":"Los Angeles","zip":91103,"phone":"626-840-0592","website":"http://Backtolife.org","type_facility":"SU","sa":1,"dt":null,"otp":null,"res":1,"op":1,"hi":null}},{"type":"Feature","geometry":{"type":"Point","coordinates":[-117.037284700002,32.7691786000013]},"properties":{"name1":"Parent Care Family Recovery Center","name2":null,"street1":"4990 Williams Avenue","city":"La Mesa","county":"San Diego","zip":91942,"phone":"619-318-8285","website":"http://vistahill.org","type_facility":"SU","sa":1,"dt":null,"otp":null,"res":null,"op":1,"hi":null}},{"type":"Feature","geometry":{"type":"Point","coordinates":[-117.044054900002,32.7744551000013]},"properties":{"name1":"Alvarado Parkway Institute","name2":"BHS","street1":"7050 Parkway Drive","city":"La Mesa","county":"San Diego","zip":91942,"phone":"619-465-4411","website":"http://www.apibhs.com/","type_facility":"SU","sa":1,"dt":1,"otp":null,"res":null,"op":1,"hi":1}},{"type":"Feature","geometry":{"type":"Point","coordinates":[-117.667641300002,33.4980666000012]},"properties":{"name1":"Hope by the Sea","name2":"Del O","street1":"31907 Del Obispo Street","city":"San Juan Capistrano","county":"Orange","zip":92675,"phone":"949-276-2690","website":"http://www.hopebythesea.com","type_facility":"SU","sa":1,"dt":1,"otp":null,"res":1,"op":null,"hi":null}},{"type":"Feature","geometry":{"type":"Point","coordinates":[-118.154084000002,34.1564662000012]},"properties":{"name1":"Insight Treatment Programs","name2":null,"street1":"769 North Orange Grove Boulevard","city":"Pasadena","county":"Los Angeles","zip":91103,"phone":"800-599-8820","website":"http://www.insighttreatment.com","type_facility":"SU","sa":1,"dt":null,"otp":null,"res":null,"op":1,"hi":null}},{"type":"Feature","geometry":{"type":"Point","coordinates":[-117.864798000002,33.7527577000012]},"properties":{"name1":"Villa Center Inc","name2":"The Villa","street1":"910 North French Street","city":"Santa Ana","county":"Orange","zip":92701,"phone":"714-541-2732","website":"http://","type_facility":"SU","sa":1,"dt":null,"otp":null,"res":1,"op":null,"hi":null}},{"type":"Feature","geometry":{"type":"Point","coordinates":[-119.640095000002,37.325050000001]},"properties":{"name1":"County of Madera","name2":"Oakhurst Counseling Center","street1":"49774 Road 426","city":"Oakhurst","county":"Madera","zip":93644,"phone":"559-683-4809","website":"http://www.maderacounty.com/government/behavioralhealthservices","type_facility":"SU","sa":1,"dt":null,"otp":null,"res":null,"op":1,"hi":null}},{"type":"Feature","geometry":{"type":"Point","coordinates":[-117.612182100002,33.4234224000012]},"properties":{"name1":"Covenant Hills Treatment Center","name2":"Mens Residential","street1":"217 and 219 Avenida Monterey","city":"San Clemente","county":"Orange","zip":92672,"phone":"844-268-8412","website":"http://covenanthillstreatment.com","type_facility":"SU","sa":1,"dt":null,"otp":null,"res":1,"op":null,"hi":null}},{"type":"Feature","geometry":{"type":"Point","coordinates":[-117.276100000002,33.0233000000012]},"properties":{"name1":"Recover","name2":null,"street1":"- - -","city":"Cardiff by the Sea","county":"San Diego","zip":92007,"phone":"858-208-0121","website":"http://www.letsrecover.com","type_facility":"SU","sa":1,"dt":1,"otp":null,"res":null,"op":1,"hi":null}},{"type":"Feature","geometry":{"type":"Point","coordinates":[-117.931009000002,33.8347020000012]},"properties":{"name1":"Lighthouse Treatment Center","name2":null,"street1":"1243 West Pearl Street","city":"Anaheim","county":"Orange","zip":92801,"phone":"888-972-6212","website":"http://www.lighthousetreatment.com","type_facility":"SU","sa":1,"dt":1,"otp":null,"res":1,"op":null,"hi":null}},{"type":"Feature","geometry":{"type":"Point","coordinates":[-117.931009000002,33.8347020000012]},"properties":{"name1":"Lighthouse Treatment Center","name2":null,"street1":"1243 1/2 West Pearl Street","city":"Anaheim","county":"Orange","zip":92801,"phone":"888-972-6212","website":"http://www.lighthousetreatment.com/","type_facility":"SU","sa":1,"dt":1,"otp":null,"res":1,"op":null,"hi":null}},{"type":"Feature","geometry":{"type":"Point","coordinates":[-117.930712600002,33.8342143000012]},"properties":{"name1":"Lighthouse Treatment Center","name2":null,"street1":"1300 West Pearl Street","city":"Anaheim","county":"Orange","zip":92801,"phone":"888-972-6212","website":"http://www.lighthousetreatment.com","type_facility":"SU","sa":1,"dt":1,"otp":null,"res":1,"op":null,"hi":null}},{"type":"Feature","geometry":{"type":"Point","coordinates":[-117.930918600002,33.8342241000012]},"properties":{"name1":"Lighthouse Treatment Center","name2":null,"street1":"1310 West Pearl Street","city":"Anaheim","county":"Orange","zip":92801,"phone":"888-972-6212","website":"http://www.lighthousetreatment.com","type_facility":"SU","sa":1,"dt":1,"otp":null,"res":1,"op":null,"hi":null}},{"type":"Feature","geometry":{"type":"Point","coordinates":[-117.931170300002,33.8341825000012]},"properties":{"name1":"Anaheim Lighthouse","name2":null,"street1":"1320 West Pearl Street","city":"Anaheim","county":"Orange","zip":92801,"phone":"888-453-5651","website":"http://www.anaheimlighthouse.com","type_facility":"SU","sa":1,"dt":1,"otp":null,"res":1,"op":null,"hi":null}},{"type":"Feature","geometry":{"type":"Point","coordinates":[-117.992112900002,33.9175033000012]},"properties":{"name1":"New Directions","name2":null,"street1":"15901 Imperial Highway","city":"La Mirada","county":"Los Angeles","zip":90638,"phone":"562-943-6000","website":"http://www.alcoholdrugtreatment1.com","type_facility":"SU","sa":1,"dt":null,"otp":null,"res":null,"op":1,"hi":null}},{"type":"Feature","geometry":{"type":"Point","coordinates":[-117.931371800002,33.8341524000012]},"properties":{"name1":"Anaheim Lighthouse","name2":null,"street1":"1330 West Pearl Street","city":"Anaheim","county":"Orange","zip":92801,"phone":"888-453-5651","website":"http://www.anaheimlighthouse.com","type_facility":"SU","sa":1,"dt":1,"otp":null,"res":1,"op":null,"hi":null}},{"type":"Feature","geometry":{"type":"Point","coordinates":[-117.870841500002,33.7522660000012]},"properties":{"name1":"Orange County Healthcare Agency","name2":"Drug Court and DUI Programs","street1":"401 West Civic Center Drive","city":"Santa Ana","county":"Orange","zip":92701,"phone":"714-480-6650","website":"http://www.ochealthinfo.com","type_facility":"SU","sa":1,"dt":null,"otp":null,"res":null,"op":1,"hi":null}},{"type":"Feature","geometry":{"type":"Point","coordinates":[-117.870841500002,33.7522660000012]},"properties":{"name1":"Orange County Healthcare Agency","name2":"Behavioral Health Services/SUD","street1":"401 West Civic Center Drive","city":"Santa Ana","county":"Orange","zip":92701,"phone":"714-834-3840","website":"http://ochealthinfo.com","type_facility":"SU","sa":1,"dt":null,"otp":null,"res":null,"op":1,"hi":null}},{"type":"Feature","geometry":{"type":"Point","coordinates":[-119.310035200002,36.3126169000011]},"properties":{"name1":"New Heights","name2":null,"street1":"1731 West Walnut Avenue","city":"Visalia","county":"Tulare","zip":93277,"phone":"559-732-4885","website":"http://www.cvrshome.com","type_facility":"SU","sa":1,"dt":null,"otp":null,"res":null,"op":1,"hi":null}},{"type":"Feature","geometry":{"type":"Point","coordinates":[-118.032377200002,33.9679764000012]},"properties":{"name1":"SPIRITT Family Services","name2":null,"street1":"8000 Painter Avenue","city":"Whittier","county":"Los Angeles","zip":90602,"phone":"562-903-7000","website":"http://www.spiritt.org","type_facility":"SU","sa":1,"dt":null,"otp":null,"res":null,"op":1,"hi":null}},{"type":"Feature","geometry":{"type":"Point","coordinates":[-117.902266400002,33.7886126000012]},"properties":{"name1":"Recovery Beach","name2":null,"street1":"13212 Chapman Avenue","city":"Garden Grove","county":"Orange","zip":92840,"phone":"855-588-1422","website":"http://www.RecoveryBeach.com","type_facility":"SU","sa":1,"dt":1,"otp":null,"res":1,"op":null,"hi":null}},{"type":"Feature","geometry":{"type":"Point","coordinates":[-117.873918400002,33.7475403000012]},"properties":{"name1":"PES/EBS Inc","name2":null,"street1":"600 West Santa Ana Boulevard","city":"Santa Ana","county":"Orange","zip":92701,"phone":"530-888-1010","website":"http://www.pesprograms.com","type_facility":"SU","sa":1,"dt":null,"otp":null,"res":null,"op":1,"hi":null}},{"type":"Feature","geometry":{"type":"Point","coordinates":[-118.031691700002,33.9628452000012]},"properties":{"name1":"Safety Consultant Services Inc","name2":null,"street1":"13501 East Whittier Boulevard","city":"Whittier","county":"Los Angeles","zip":90605,"phone":"562-945-2493","website":"http://safetyconsultantservicesinc.com","type_facility":"SU","sa":1,"dt":null,"otp":null,"res":null,"op":1,"hi":null}},{"type":"Feature","geometry":{"type":"Point","coordinates":[-117.794300000002,33.6415000000012]},"properties":{"name1":"South Coast Behavioral Health","name2":null,"street1":"- - -","city":"Irvine","county":"Orange","zip":92612,"phone":"714-509-5915","website":"https://www.scbh.com","type_facility":"SU","sa":1,"dt":1,"otp":null,"res":1,"op":null,"hi":null}},{"type":"Feature","geometry":{"type":"Point","coordinates":[-117.794300000002,33.6415000000012]},"properties":{"name1":"South Coast Behavioral Health","name2":null,"street1":"- - -","city":"Irvine","county":"Orange","zip":92612,"phone":"714-509-5918","website":"https://www.scbh.com","type_facility":"SU","sa":1,"dt":1,"otp":null,"res":1,"op":null,"hi":null}},{"type":"Feature","geometry":{"type":"Point","coordinates":[-118.402700000002,34.5130000000012]},"properties":{"name1":"Valley Recovery Center of Agua Dulce","name2":"AIM Recovery Centers","street1":"- - -","city":"Santa Clarita","county":"Los Angeles","zip":91390,"phone":"818-571-9841","website":"http://www.vrcaguadulce.com","type_facility":"SU","sa":1,"dt":1,"otp":null,"res":1,"op":null,"hi":null}},{"type":"Feature","geometry":{"type":"Point","coordinates":[-118.034389800002,33.9649928000012]},"properties":{"name1":"ADAPT Aware Zone Inc","name2":null,"street1":"13211 Whittier Boulevard","city":"Whittier","county":"Los Angeles","zip":90602,"phone":"213-866-3913","website":"http://www.adaptawareduiprograms.com/","type_facility":"SU","sa":1,"dt":null,"otp":null,"res":null,"op":1,"hi":null}},{"type":"Feature","geometry":{"type":"Point","coordinates":[-117.958884900002,33.8604160000012]},"properties":{"name1":"Korean Community Services Inc","name2":"KC Services","street1":"1060 South Brookhurst Road","city":"Fullerton","county":"Orange","zip":92833,"phone":"714-638-5008","website":"http://www.kcservices.org","type_facility":"SU","sa":1,"dt":null,"otp":null,"res":null,"op":1,"hi":null}},{"type":"Feature","geometry":{"type":"Point","coordinates":[-117.655974800002,33.4618052000012]},"properties":{"name1":"Ocean Hills Recovery","name2":null,"street1":"34469 Camino El Molino","city":"Capistrano Beach","county":"Orange","zip":92624,"phone":"949-388-0112","website":"http://www.oceanhillsrecovery.com","type_facility":"SU","sa":1,"dt":1,"otp":null,"res":1,"op":null,"hi":1}},{"type":"Feature","geometry":{"type":"Point","coordinates":[-117.672766900002,33.4809959000012]},"properties":{"name1":"Hope by the Sea","name2":"Cerveza","street1":"33171 Paseo Cerveza","city":"San Juan Capistrano","county":"Orange","zip":92675,"phone":"949-218-2690","website":"http://www.hopebythesea.com","type_facility":"SU","sa":1,"dt":null,"otp":null,"res":null,"op":1,"hi":null}},{"type":"Feature","geometry":{"type":"Point","coordinates":[-117.024835700002,32.7280305000013]},"properties":{"name1":"New Connections","name2":null,"street1":"2049 Skyline Drive","city":"Lemon Grove","county":"San Diego","zip":91945,"phone":"619-465-7303 x2702","website":"http://","type_facility":"SU","sa":1,"dt":null,"otp":null,"res":1,"op":1,"hi":null}},{"type":"Feature","geometry":{"type":"Point","coordinates":[-117.025062000002,32.7278462000013]},"properties":{"name1":"McAlister Institute for Trt and Educ","name2":"(MITE)/Kiva","street1":"2049 Skyline Drive","city":"Lemon Grove","county":"San Diego","zip":91945,"phone":"619-465-7303 x2601","website":"http://www.mcalisterinc.org","type_facility":"SU","sa":1,"dt":1,"otp":null,"res":1,"op":null,"hi":null}},{"type":"Feature","geometry":{"type":"Point","coordinates":[-117.883771000002,33.7499370000012]},"properties":{"name1":"Straight Talk Clinics Inc","name2":"Gerry House","street1":"1225 West 6th Street","city":"Santa Ana","county":"Orange","zip":92703,"phone":"657-216-7740","website":"http://www.StraightTalkCounseling.org","type_facility":"SU","sa":1,"dt":null,"otp":null,"res":1,"op":null,"hi":null}},{"type":"Feature","geometry":{"type":"Point","coordinates":[-117.064356700002,32.7637296000012]},"properties":{"name1":"Mental Health Systems Inc","name2":"Action Central","street1":"6244 El Cajon Boulevard","city":"San Diego","county":"San Diego","zip":92115,"phone":"619-287-8225","website":"http://turnbhs.org","type_facility":"SU","sa":1,"dt":null,"otp":null,"res":null,"op":1,"hi":null}},{"type":"Feature","geometry":{"type":"Point","coordinates":[-117.664362500002,33.4592577000012]},"properties":{"name1":"Capo by the Sea","name2":null,"street1":"26682 Avenida Las Palmas","city":"Capistrano Beach","county":"Orange","zip":92624,"phone":"877-933-7034","website":"http://capobythesea.com","type_facility":"SU","sa":1,"dt":1,"otp":null,"res":1,"op":1,"hi":null}},{"type":"Feature","geometry":{"type":"Point","coordinates":[-117.068873700002,32.7676413000012]},"properties":{"name1":"Pacific Bay Recovery","name2":null,"street1":"4959 Cresita Drive","city":"San Diego","county":"San Diego","zip":92115,"phone":"619-461-3717","website":"http://www.pacificbayrecovery.com","type_facility":"SU","sa":1,"dt":1,"otp":null,"res":1,"op":1,"hi":null}},{"type":"Feature","geometry":{"type":"Point","coordinates":[-117.121603600002,32.8244296000012]},"properties":{"name1":"Mental Health Systems Inc","name2":"North Central Teen Recovery Center","street1":"4660 Viewridge Avenue","city":"San Diego","county":"San Diego","zip":92123,"phone":"760-227-1354","website":"http://turnbhs.org","type_facility":"SU","sa":1,"dt":null,"otp":null,"res":null,"op":1,"hi":null}},{"type":"Feature","geometry":{"type":"Point","coordinates":[-117.673933800002,33.4651048000012]},"properties":{"name1":"Covenant Hills Treatment Center","name2":"Womens Residential","street1":"34248 Via Santa Rosa","city":"Capistrano Beach","county":"Orange","zip":92624,"phone":"844-268-8412","website":"http://covenanthillstreatment.com","type_facility":"SU","sa":1,"dt":null,"otp":null,"res":1,"op":null,"hi":null}},{"type":"Feature","geometry":{"type":"Point","coordinates":[-118.033635100002,33.9376366000012]},"properties":{"name1":"LA Centers for Alcohol and Drug Abuse","name2":"Alices House","street1":"14100 Glengyle Street","city":"Whittier","county":"Los Angeles","zip":90604,"phone":"562-777-1222","website":"http://www.lacada.com","type_facility":"SU","sa":1,"dt":null,"otp":null,"res":1,"op":null,"hi":null}},{"type":"Feature","geometry":{"type":"Point","coordinates":[-117.686446700002,33.4775301000012]},"properties":{"name1":"Ocean Hills Recovery","name2":null,"street1":"33402 Palo Alto Street","city":"Dana Point","county":"Orange","zip":92629,"phone":"949-388-0112","website":"http://www.oceanhillsrecovery.com","type_facility":"SU","sa":1,"dt":1,"otp":null,"res":1,"op":null,"hi":1}},{"type":"Feature","geometry":{"type":"Point","coordinates":[-117.056376400002,32.7454589000013]},"properties":{"name1":"Union of Pan Asian Communities (UPAC)","name2":"Expanding Horizons","street1":"3539 College Avenue","city":"San Diego","county":"San Diego","zip":92115,"phone":"619-818-3788","website":"http://www.upacsd.com","type_facility":"SU","sa":1,"dt":null,"otp":null,"res":null,"op":1,"hi":null}},{"type":"Feature","geometry":{"type":"Point","coordinates":[-117.137018300002,32.8325384000012]},"properties":{"name1":"Mission Treatment Services Inc","name2":"San Diego","street1":"8898 Clairemont Boulevard","city":"San Diego","county":"San Diego","zip":92123,"phone":"858-715-1211","website":"http://www.acadiahealthcare.com","type_facility":"SU","sa":1,"dt":1,"otp":1,"res":null,"op":1,"hi":null}},{"type":"Feature","geometry":{"type":"Point","coordinates":[-118.029214000002,33.9287577000012]},"properties":{"name1":"Helpline Youth Counseling Inc","name2":"Starting Point Program","street1":"14181 Telegraph Road","city":"Whittier","county":"Los Angeles","zip":90604,"phone":"562-273-0722","website":"http://www.hycinc.org","type_facility":"SU","sa":1,"dt":null,"otp":null,"res":null,"op":1,"hi":null}},{"type":"Feature","geometry":{"type":"Point","coordinates":[-117.953983500002,33.8213717000012]},"properties":{"name1":"Rebel New Life Treatment Center LLC","name2":null,"street1":"2029 West Chateau Avenue","city":"Anaheim","county":"Orange","zip":92804,"phone":"714-948-5042","website":"https://rebelnewlife.com","type_facility":"SU","sa":1,"dt":1,"otp":null,"res":1,"op":null,"hi":1}},{"type":"Feature","geometry":{"type":"Point","coordinates":[-117.689271000002,33.4732283000012]},"properties":{"name1":"Ocean Hills Recovery","name2":null,"street1":"33701 Big Sur Street","city":"Dana Point","county":"Orange","zip":92629,"phone":"949-388-0112","website":"http://www.oceanhillsrecovery.com","type_facility":"SU","sa":1,"dt":1,"otp":null,"res":1,"op":null,"hi":1}},{"type":"Feature","geometry":{"type":"Point","coordinates":[-117.700292100002,33.4835944000012]},"properties":{"name1":"Sheer Recovery LLC","name2":null,"street1":"24621 Aquilla Drive","city":"Dana Point","county":"Orange","zip":92629,"phone":"949-529-5945","website":"http://www.sheerrecovery.com","type_facility":"SU","sa":1,"dt":1,"otp":null,"res":1,"op":null,"hi":null}},{"type":"Feature","geometry":{"type":"Point","coordinates":[-118.028169000002,33.9163705000011]},"properties":{"name1":"Aegis Treatment Centers LLC","name2":null,"street1":"14240 Imperial Highway","city":"La Mirada","county":"Los Angeles","zip":90638,"phone":"562-946-1587","website":"http://www.aegistreatmentcenters.com","type_facility":"SU","sa":1,"dt":null,"otp":1,"res":null,"op":1,"hi":null}},{"type":"Feature","geometry":{"type":"Point","coordinates":[-117.699009000002,33.4800669000012]},"properties":{"name1":"Ocean Hills Recovery","name2":null,"street1":"33242 Christina Drive","city":"Dana Point","county":"Orange","zip":92629,"phone":"949-388-0112","website":"http://www.oceanhillsrecovery.com","type_facility":"SU","sa":1,"dt":1,"otp":null,"res":1,"op":null,"hi":1}},{"type":"Feature","geometry":{"type":"Point","coordinates":[-118.096036600002,34.0068579000012]},"properties":{"name1":"Tavarua Health Services","name2":null,"street1":"8207 Whittier Boulevard","city":"Pico Rivera","county":"Los Angeles","zip":90660,"phone":"562-695-0737","website":"http://www.americanhealthservices.org","type_facility":"SU","sa":1,"dt":1,"otp":1,"res":null,"op":1,"hi":null}},{"type":"Feature","geometry":{"type":"Point","coordinates":[-117.237916100002,32.9301015000012]},"properties":{"name1":"Betty Ford Center","name2":"Hazelden Betty Ford Foundation","street1":"11720 El Camino Real","city":"San Diego","county":"San Diego","zip":92130,"phone":"858-766-9981","website":"http://hazeldenbettyford.org","type_facility":"SU","sa":1,"dt":null,"otp":null,"res":null,"op":1,"hi":null}},{"type":"Feature","geometry":{"type":"Point","coordinates":[-117.069877100002,32.7440869000013]},"properties":{"name1":"Twelfth Step House of San Diego","name2":"DBA Heartland House","street1":"5855 and 5860 Streamview Drive","city":"San Diego","county":"San Diego","zip":92105,"phone":"619-287-5460 x0","website":"http://www.heartlandhouse.org","type_facility":"SU","sa":1,"dt":null,"otp":null,"res":1,"op":null,"hi":null}},{"type":"Feature","geometry":{"type":"Point","coordinates":[-117.755350600002,33.5449432000012]},"properties":{"name1":"Oceanfront Recovery at Laguna Beach","name2":"Oceanfront Recovery","street1":"2808 Zell Drive","city":"Laguna Beach","county":"Orange","zip":92651,"phone":"877-279-1777","website":"http://www.oceanfrontrecovery.com","type_facility":"SU","sa":1,"dt":null,"otp":null,"res":1,"op":null,"hi":null}},{"type":"Feature","geometry":{"type":"Point","coordinates":[-117.758571400002,33.5480563000012]},"properties":{"name1":"Oceanfront Recovery at Laguna Beach","name2":"Oceanfront Recovery","street1":"2575 Temple Hills Drive","city":"Laguna Beach","county":"Orange","zip":92651,"phone":"877-279-1777","website":"http://www.oceanfrontrecovery.com","type_facility":"SU","sa":1,"dt":1,"otp":null,"res":1,"op":null,"hi":null}},{"type":"Feature","geometry":{"type":"Point","coordinates":[-117.893906000002,33.7225862000012]},"properties":{"name1":"Pacific Sands Recovery Center","name2":null,"street1":"1909 West Carlton Place","city":"Santa Ana","county":"Orange","zip":92704,"phone":"844-568-7328","website":"http://www.pacificsandsrecovery.com","type_facility":"SU","sa":1,"dt":1,"otp":null,"res":1,"op":null,"hi":null}},{"type":"Feature","geometry":{"type":"Point","coordinates":[-117.078421400002,32.7461877000013]},"properties":{"name1":"Teen Challenge San Diego","name2":null,"street1":"5450 Lea Street","city":"San Diego","county":"San Diego","zip":92105,"phone":"619-265-0337","website":"http://www.teenchallenge.org","type_facility":"SU","sa":1,"dt":null,"otp":null,"res":1,"op":1,"hi":null}},{"type":"Feature","geometry":{"type":"Point","coordinates":[-117.701938100002,33.4682034000012]},"properties":{"name1":"Ocean Hills Recovery","name2":null,"street1":"34062 Amber Lantern Street","city":"Dana Point","county":"Orange","zip":92629,"phone":"949-388-0112","website":"http://www.oceanhillsrecovery.com","type_facility":"SU","sa":1,"dt":1,"otp":null,"res":1,"op":null,"hi":1}},{"type":"Feature","geometry":{"type":"Point","coordinates":[-117.704159800002,33.4709510000012]},"properties":{"name1":"California Rehab Campus LLC","name2":"Alter Health Group","street1":"33861 Granada Drive","city":"Dana Point","county":"Orange","zip":92629,"phone":"866-264-5407","website":"http://www.californiarehabcampus.com","type_facility":"SU","sa":1,"dt":1,"otp":null,"res":1,"op":null,"hi":1}},{"type":"Feature","geometry":{"type":"Point","coordinates":[-117.871086600002,33.6850766000012]},"properties":{"name1":"Newport Academy","name2":null,"street1":"3189 Pullman Street","city":"Costa Mesa","county":"Orange","zip":92626,"phone":"877-820-6371","website":"http://www.newportacademy.com","type_facility":"SU","sa":1,"dt":null,"otp":null,"res":1,"op":1,"hi":null}},{"type":"Feature","geometry":{"type":"Point","coordinates":[-117.699146500002,33.4629858000012]},"properties":{"name1":"Laguna Shores Behavioral Health LLC","name2":null,"street1":"24662 El Camino Capistrano","city":"Dana Point","county":"Orange","zip":92629,"phone":"949-945-3585","website":"http://www.lagunashoresrecovery.com","type_facility":"SU","sa":1,"dt":1,"otp":null,"res":1,"op":null,"hi":1}},{"type":"Feature","geometry":{"type":"Point","coordinates":[-117.141779000002,32.8101348000013]},"properties":{"name1":"North Central Womens Recovery Center","name2":null,"street1":"8665 Gibbs Drive","city":"San Diego","county":"San Diego","zip":92123,"phone":"858-384-6284","website":"http://www.mcalisterinc.org","type_facility":"SU","sa":1,"dt":null,"otp":null,"res":null,"op":1,"hi":null}},{"type":"Feature","geometry":{"type":"Point","coordinates":[-117.093819100002,32.7562880000012]},"properties":{"name1":"Episcopal Community Services","name2":"ECS Central Regional Recovery Ctr","street1":"4660 El Cajon Boulevard","city":"San Diego","county":"San Diego","zip":92115,"phone":"619-288-2800","website":"http://www.ecscalifornia.org","type_facility":"SU","sa":1,"dt":null,"otp":null,"res":null,"op":1,"hi":null}},{"type":"Feature","geometry":{"type":"Point","coordinates":[-119.970478800002,38.944965800001]},"properties":{"name1":"Tahoe Youth and Family Services","name2":null,"street1":"1021 Fremont Avenue","city":"South Lake Tahoe","county":"El Dorado","zip":96150,"phone":"530-541-2445","website":"http://www.tahoeyouth.org","type_facility":"SU","sa":1,"dt":null,"otp":null,"res":null,"op":1,"hi":null}},{"type":"Feature","geometry":{"type":"Point","coordinates":[-117.873312100002,33.6784737000012]},"properties":{"name1":"Breakaway Health Corporation","name2":null,"street1":"3151 Airway Avenue","city":"Costa Mesa","county":"Orange","zip":92626,"phone":"714-957-8229 x2","website":"http://www.breakawayhealth.com","type_facility":"SU","sa":1,"dt":null,"otp":null,"res":null,"op":1,"hi":null}},{"type":"Feature","geometry":{"type":"Point","coordinates":[-117.873277600002,33.6784257000012]},"properties":{"name1":"Resurgence California Alcohol and","name2":"Drug Rehab/Resurgence California LLC","street1":"3151 Airway Avenue","city":"Costa Mesa","county":"Orange","zip":92626,"phone":"888-700-5053","website":"http://www.resurgencebehavioralhealth.com","type_facility":"SU","sa":1,"dt":1,"otp":null,"res":1,"op":null,"hi":1}},{"type":"Feature","geometry":{"type":"Point","coordinates":[-117.118294500002,32.7770564000013]},"properties":{"name1":"Substance Abuse Evaluation","name2":"Resource Center","street1":"3505 Camino Del Rio South","city":"San Diego","county":"San Diego","zip":92108,"phone":"619-206-5503","website":"http://","type_facility":"SU","sa":1,"dt":null,"otp":null,"res":null,"op":1,"hi":null}},{"type":"Feature","geometry":{"type":"Point","coordinates":[-117.861408700002,33.6575334000012]},"properties":{"name1":"Korean Community Services Inc","name2":"KC Services","street1":"19742 MacArthur Avenue","city":"Irvine","county":"Orange","zip":92612,"phone":"949-654-9163","website":"http://www.kcservices.org","type_facility":"SU","sa":1,"dt":null,"otp":null,"res":null,"op":1,"hi":null}},{"type":"Feature","geometry":{"type":"Point","coordinates":[-118.064470900002,33.9310615000012]},"properties":{"name1":"LA Centers for Alcohol and Drug Abuse","name2":"Bloomfield Outpatient","street1":"11015 Bloomfield Avenue","city":"Santa Fe Springs","county":"Los Angeles","zip":90670,"phone":"562-906-2676","website":"http://www.lacada.com","type_facility":"SU","sa":1,"dt":null,"otp":null,"res":null,"op":1,"hi":null}},{"type":"Feature","geometry":{"type":"Point","coordinates":[-118.064446800002,33.9307339000012]},"properties":{"name1":"LA Centers for Alcohol and Drug Abuse","name2":"(LACADA)/Allen House","street1":"11111 Bloomfield Avenue","city":"Santa Fe Springs","county":"Los Angeles","zip":90670,"phone":"562-777-7500","website":"http://www.lacada.com","type_facility":"SU","sa":1,"dt":1,"otp":null,"res":1,"op":null,"hi":null}},{"type":"Feature","geometry":{"type":"Point","coordinates":[-117.747207900002,33.5082521000012]},"properties":{"name1":"Laguna View Detox","name2":null,"street1":"31305 Ceanothus Drive","city":"Laguna Beach","county":"Orange","zip":92651,"phone":"949-549-4209","website":"http://www.lagunaviewdetox.com","type_facility":"SU","sa":1,"dt":1,"otp":null,"res":1,"op":null,"hi":null}},{"type":"Feature","geometry":{"type":"Point","coordinates":[-117.868363200002,33.6645487000012]},"properties":{"name1":"Elite Care Inc","name2":"Beginnings Treatment Centers","street1":"4029 Westerly Place","city":"Newport Beach","county":"Orange","zip":92660,"phone":"888-511-0607","website":"http://www.beginningstreatment.com","type_facility":"SU","sa":1,"dt":null,"otp":null,"res":null,"op":1,"hi":null}},{"type":"Feature","geometry":{"type":"Point","coordinates":[-117.868473000002,33.6641556000012]},"properties":{"name1":"Wel Mor Psychology Group Inc","name2":null,"street1":"4019 Westerly Place","city":"Newport Beach","county":"Orange","zip":92660,"phone":"714-540-9070","website":"http://welmortreatment.com","type_facility":"SU","sa":1,"dt":null,"otp":null,"res":null,"op":1,"hi":null}},{"type":"Feature","geometry":{"type":"Point","coordinates":[-117.869211800002,33.6641928000012]},"properties":{"name1":"Nsight Mental Health and Wellness","name2":"Nsight PHP/IOP Program","street1":"4000 Birch Street","city":"Newport Beach","county":"Orange","zip":92660,"phone":"949-629-3730","website":"http://www.nsightrecovery.com","type_facility":"SU","sa":1,"dt":null,"otp":null,"res":null,"op":1,"hi":null}},{"type":"Feature","geometry":{"type":"Point","coordinates":[-117.957669600002,33.7816710000012]},"properties":{"name1":"Center for Treatment of Addiction Inc","name2":null,"street1":"10045 Lampson Avenue","city":"Garden Grove","county":"Orange","zip":92840,"phone":"714-992-1677","website":"http://www.centerfortxofaddiction.com","type_facility":"SU","sa":1,"dt":null,"otp":null,"res":null,"op":1,"hi":null}},{"type":"Feature","geometry":{"type":"Point","coordinates":[-117.105379200002,32.7525145000013]},"properties":{"name1":"CRASH Inc","name2":"Short Term I","street1":"4161 Marlborough Avenue","city":"San Diego","county":"San Diego","zip":92105,"phone":"619-282-7274","website":"http://www.crashinc.org","type_facility":"SU","sa":1,"dt":null,"otp":null,"res":1,"op":null,"hi":null}},{"type":"Feature","geometry":{"type":"Point","coordinates":[-117.083251900002,32.7232461000012]},"properties":{"name1":"El Dorado Community Service Center","name2":null,"street1":"1733 Euclid Avenue","city":"San Diego","county":"San Diego","zip":92105,"phone":"619-263-0433","website":"http://www.americanhealthservices.org","type_facility":"SU","sa":1,"dt":1,"otp":1,"res":null,"op":1,"hi":null}},{"type":"Feature","geometry":{"type":"Point","coordinates":[-117.775390200002,33.5325256000012]},"properties":{"name1":"Spencer Recovery Centers Inc","name2":null,"street1":"1316 South Coast Highway","city":"Laguna Beach","county":"Orange","zip":92651,"phone":"949-313-5226","website":"http://spencerrecovery.com/","type_facility":"SU","sa":1,"dt":1,"otp":null,"res":1,"op":null,"hi":null}},{"type":"Feature","geometry":{"type":"Point","coordinates":[-117.941001500002,33.7482247000012]},"properties":{"name1":"Cooper Fellowship Inc","name2":null,"street1":"409 North Cooper Street","city":"Santa Ana","county":"Orange","zip":92703,"phone":"714-554-1152","website":"http://www.cooperfellowship.com","type_facility":"SU","sa":1,"dt":null,"otp":null,"res":1,"op":null,"hi":null}},{"type":"Feature","geometry":{"type":"Point","coordinates":[-117.984089600002,33.8046413000012]},"properties":{"name1":"Roque Center","name2":null,"street1":"10936 Dale Avenue","city":"Stanton","county":"Orange","zip":90680,"phone":"714-952-4032","website":"http://roquecenterinc.org","type_facility":"SU","sa":1,"dt":1,"otp":null,"res":1,"op":null,"hi":null}},{"type":"Feature","geometry":{"type":"Point","coordinates":[-117.107917300002,32.7472403000012]},"properties":{"name1":"Stepping Stone of San Diego Inc","name2":"Stepping Stone Residential","street1":"3767 Central Avenue","city":"San Diego","county":"San Diego","zip":92105,"phone":"619-278-0777 x100","website":"http://www.steppingstonesd.org","type_facility":"SU","sa":1,"dt":null,"otp":null,"res":1,"op":null,"hi":null}},{"type":"Feature","geometry":{"type":"Point","coordinates":[-119.988167300002,38.923732700001]},"properties":{"name1":"South Lake Tahoe Recovery and Rehab","name2":"Elevate Addiction Services","street1":"2494 Lake Tahoe Boulevard","city":"South Lake Tahoe","county":"El Dorado","zip":96150,"phone":"530-539-9029","website":"http://www.elevaterehab.org","type_facility":"SU","sa":1,"dt":null,"otp":null,"res":null,"op":1,"hi":null}},{"type":"Feature","geometry":{"type":"Point","coordinates":[-117.984502100002,33.8029131000012]},"properties":{"name1":"Western Pacific Med Corp","name2":"Western Pacific Stanton","street1":"10751 Dale Street","city":"Stanton","county":"Orange","zip":90680,"phone":"818-956-3737","website":"http://www.westpacmed.com","type_facility":"SU","sa":1,"dt":1,"otp":1,"res":null,"op":1,"hi":null}},{"type":"Feature","geometry":{"type":"Point","coordinates":[-117.877432400002,33.6577332000012]},"properties":{"name1":"Akua Behavioral Health Inc","name2":"Akua Mind and Body","street1":"20271 SW Birch Street","city":"Newport Beach","county":"Orange","zip":92660,"phone":"949-777-2283","website":"http://akuamindbody.com","type_facility":"SU","sa":1,"dt":null,"otp":null,"res":null,"op":1,"hi":null}},{"type":"Feature","geometry":{"type":"Point","coordinates":[-117.881956300002,33.6636612000012]},"properties":{"name1":"Gratitude Lodge","name2":null,"street1":"20132 Redlands Drive","city":"Newport Beach","county":"Orange","zip":92660,"phone":"800-994-2184","website":"https://www.gratitudelodge.com/","type_facility":"SU","sa":1,"dt":1,"otp":null,"res":1,"op":null,"hi":null}},{"type":"Feature","geometry":{"type":"Point","coordinates":[-117.880982500002,33.6622458000012]},"properties":{"name1":"Gratitude Lodge","name2":null,"street1":"20182 Kline Drive","city":"Newport Beach","county":"Orange","zip":92660,"phone":"800-994-2184","website":"https://www.gratitudelodge.com","type_facility":"SU","sa":1,"dt":1,"otp":null,"res":1,"op":null,"hi":null}},{"type":"Feature","geometry":{"type":"Point","coordinates":[-117.155747700002,32.7950770000013]},"properties":{"name1":"Sharp Mesa Vista Hospital","name2":"Behavioral Health Services","street1":"7850 Vista Hill Avenue","city":"San Diego","county":"San Diego","zip":92123,"phone":"858-836-8434","website":"https://www.sharp.com/hospitals/mesa-vista/","type_facility":"SU","sa":1,"dt":1,"otp":null,"res":null,"op":1,"hi":1}},{"type":"Feature","geometry":{"type":"Point","coordinates":[-118.150672500002,34.0300725000012]},"properties":{"name1":"Bienestar Human Services","name2":null,"street1":"5326 East Beverly Boulevard","city":"Los Angeles","county":"Los Angeles","zip":90022,"phone":"866-590-6411","website":"http://","type_facility":"SU","sa":1,"dt":null,"otp":null,"res":null,"op":1,"hi":null}},{"type":"Feature","geometry":{"type":"Point","coordinates":[-118.090203000002,33.9441558000012]},"properties":{"name1":"LA Centers for Alcohol and Drug Abuse","name2":"Orr and Day","street1":"10210 Orr and Day Road","city":"Santa Fe Springs","county":"Los Angeles","zip":90670,"phone":"562-348-0083","website":"http://www.lacada.com","type_facility":"SU","sa":1,"dt":null,"otp":null,"res":null,"op":1,"hi":null}},{"type":"Feature","geometry":{"type":"Point","coordinates":[-117.899258700002,33.6831224000012]},"properties":{"name1":"Asana Recovery","name2":"Johnson","street1":"3062 Johnson Avenue","city":"Costa Mesa","county":"Orange","zip":92626,"phone":"949-438-4504","website":"http://www.asanarecovery.com","type_facility":"SU","sa":1,"dt":1,"otp":null,"res":1,"op":null,"hi":1}},{"type":"Feature","geometry":{"type":"Point","coordinates":[-118.230047900002,34.1422784000012]},"properties":{"name1":"Didi Hirsch Mental Health Services","name2":null,"street1":"1540 East Colorado Street","city":"Glendale","county":"Los Angeles","zip":91205,"phone":"818-244-7257","website":"http://www.didihirsch.org","type_facility":"SU","sa":1,"dt":null,"otp":null,"res":null,"op":1,"hi":null}},{"type":"Feature","geometry":{"type":"Point","coordinates":[-117.924122100002,33.7154933000012]},"properties":{"name1":"Crescent Moon Recovery","name2":null,"street1":"11770 Warner Avenue","city":"Fountain Valley","county":"Orange","zip":92708,"phone":"657-577-6200","website":"http://www.crescentmoonrecovery.com","type_facility":"SU","sa":1,"dt":null,"otp":null,"res":null,"op":1,"hi":null}},{"type":"Feature","geometry":{"type":"Point","coordinates":[-117.122949500002,32.7556782000012]},"properties":{"name1":"Union of Pan Asian Communities (UPAC)","name2":"Adolescent AOD Treatment Program","street1":"3288 El Cajon Boulevard","city":"San Diego","county":"San Diego","zip":92104,"phone":"619-521-5720","website":"http://www.upacsd.com","type_facility":"SU","sa":1,"dt":null,"otp":null,"res":null,"op":1,"hi":null}},{"type":"Feature","geometry":{"type":"Point","coordinates":[-118.147511000002,34.0186172000012]},"properties":{"name1":"Mela Counseling Services Center Inc","name2":null,"street1":"5723 Whittier Boulevard","city":"Los Angeles","county":"Los Angeles","zip":90022,"phone":"323-721-6855","website":"http://www.melacounseling.org","type_facility":"SU","sa":1,"dt":null,"otp":null,"res":null,"op":1,"hi":null}},{"type":"Feature","geometry":{"type":"Point","coordinates":[-119.340574600002,36.1963309000011]},"properties":{"name1":"Kings View","name2":"Substance Abuse Program Tulare County","street1":"559 East Bardsley Avenue","city":"Tulare","county":"Tulare","zip":93274,"phone":"559-688-7531","website":"http://www.kingsview.org","type_facility":"SU","sa":1,"dt":1,"otp":1,"res":null,"op":1,"hi":null}},{"type":"Feature","geometry":{"type":"Point","coordinates":[-117.982300000002,33.7872000000012]},"properties":{"name1":"Korean Community Services Inc","name2":"KC Services","street1":"13091 Galway Street","city":"Garden Grove","county":"Orange","zip":92841,"phone":"714-539-4544","website":"http://www.kcsservices.org","type_facility":"SU","sa":1,"dt":null,"otp":null,"res":null,"op":1,"hi":null}},{"type":"Feature","geometry":{"type":"Point","coordinates":[-118.068684200002,33.9046491000012]},"properties":{"name1":"Helpline Youth Counseling Inc","name2":null,"street1":"12440 Firestone Boulevard","city":"Norwalk","county":"Los Angeles","zip":90650,"phone":"562-864-3722","website":"http://www.hycinc.org","type_facility":"SU","sa":1,"dt":null,"otp":null,"res":null,"op":1,"hi":null}},{"type":"Feature","geometry":{"type":"Point","coordinates":[-118.161354500002,34.0340632000012]},"properties":{"name1":"County of Los Angeles","name2":"Edward R Roybal Comprehensive Health","street1":"245 South Fetterly Avenue","city":"Los Angeles","county":"Los Angeles","zip":90022,"phone":"323-362-1400","website":"http://dhs.lacounty.gov/roybal","type_facility":"SU","sa":1,"dt":null,"otp":null,"res":null,"op":1,"hi":null}},{"type":"Feature","geometry":{"type":"Point","coordinates":[-117.927783500002,33.7116192000012]},"properties":{"name1":"California Prime Recovery","name2":null,"street1":"17330 Newhope Street","city":"Fountain Valley","county":"Orange","zip":92708,"phone":"844-349-0077","website":"http://californiaprimerecovery.com","type_facility":"SU","sa":1,"dt":null,"otp":null,"res":null,"op":1,"hi":null}},{"type":"Feature","geometry":{"type":"Point","coordinates":[-117.235565600002,32.8711579000013]},"properties":{"name1":"Practical Recovery Psychology Group","name2":null,"street1":"8950 Villa La Jolla Drive","city":"La Jolla","county":"San Diego","zip":92037,"phone":"858-546-1100","website":"http://www.practicalrecovery.com","type_facility":"SU","sa":1,"dt":1,"otp":null,"res":null,"op":1,"hi":null}},{"type":"Feature","geometry":{"type":"Point","coordinates":[-117.146500000002,32.7720000000012]},"properties":{"name1":"Volunteers of America Southwest CA Inc","name2":"Renaissance Treatment Center","street1":"- - -","city":"San Diego","county":"San Diego","zip":92108,"phone":"619-282-8211","website":"http://www.voasw.org","type_facility":"SU","sa":1,"dt":null,"otp":null,"res":null,"op":1,"hi":null}},{"type":"Feature","geometry":{"type":"Point","coordinates":[-117.908720400002,33.6832139000012]},"properties":{"name1":"Divine Bliss","name2":"The Ho Tai Way","street1":"1219 Parnell Place","city":"Costa Mesa","county":"Orange","zip":92626,"phone":"714-581-3974","website":"http://www.thehotaiway.com","type_facility":"SU","sa":1,"dt":1,"otp":null,"res":1,"op":null,"hi":1}},{"type":"Feature","geometry":{"type":"Point","coordinates":[-117.086119600002,32.7061582000013]},"properties":{"name1":"Vista Hill Foundation","name2":"Vista Hill Bridges Teen Recovery Ctr","street1":"220 Euclid Avenue","city":"San Diego","county":"San Diego","zip":92114,"phone":"619-795-7232","website":"http://www.vistahill.org","type_facility":"SU","sa":1,"dt":null,"otp":null,"res":null,"op":1,"hi":null}},{"type":"Feature","geometry":{"type":"Point","coordinates":[-117.132269500002,32.7548699000013]},"properties":{"name1":"Park Mental Health Treatment of","name2":"San Diego","street1":"2859 El Cajon Boulevard","city":"San Diego","county":"San Diego","zip":92104,"phone":"866-420-2524","website":"http://www.shorelinerecoverycenter.com","type_facility":"SU","sa":1,"dt":null,"otp":null,"res":null,"op":1,"hi":null}},{"type":"Feature","geometry":{"type":"Point","coordinates":[-118.195258400002,34.0764641000012]},"properties":{"name1":"Behavioral Health Services","name2":"Lincoln Heights Family Recovery Center","street1":"4099 North Mission Road","city":"Los Angeles","county":"Los Angeles","zip":90032,"phone":"323-221-1746","website":"http://www.bhs-inc.org","type_facility":"SU","sa":1,"dt":null,"otp":null,"res":null,"op":1,"hi":null}},{"type":"Feature","geometry":{"type":"Point","coordinates":[-117.908700000002,33.6791000000012]},"properties":{"name1":"Opus Health LLC","name2":null,"street1":"- - -","city":"Costa Mesa","county":"Orange","zip":92626,"phone":"949-625-4019","website":"https://opustreatment.com","type_facility":"SU","sa":1,"dt":1,"otp":null,"res":1,"op":null,"hi":null}},{"type":"Feature","geometry":{"type":"Point","coordinates":[-117.908700000002,33.6791000000012]},"properties":{"name1":"Yellowstone Recovery","name2":"Boston House","street1":"- - -","city":"Costa Mesa","county":"Orange","zip":92626,"phone":"949-678-3214","website":"http://yellowstonerecovery.com","type_facility":"SU","sa":1,"dt":null,"otp":null,"res":1,"op":null,"hi":null}},{"type":"Feature","geometry":{"type":"Point","coordinates":[-117.908700000002,33.6791000000012]},"properties":{"name1":"South Coast Behavioral Health","name2":null,"street1":"- - -","city":"Costa Mesa","county":"Orange","zip":92626,"phone":"714-509-5916","website":"https://www.scbh.com","type_facility":"SU","sa":1,"dt":1,"otp":null,"res":1,"op":null,"hi":null}},{"type":"Feature","geometry":{"type":"Point","coordinates":[-117.908700000002,33.6791000000012]},"properties":{"name1":"Yellowstone Womens First Step House","name2":"Yellowstone WROC","street1":"- - -","city":"Costa Mesa","county":"Orange","zip":92626,"phone":"949-678-3214","website":"http://yellowstonerecovery.com","type_facility":"SU","sa":1,"dt":null,"otp":null,"res":1,"op":null,"hi":null}},{"type":"Feature","geometry":{"type":"Point","coordinates":[-118.157438000002,34.0191626000012]},"properties":{"name1":"Narcotics Prevention Association","name2":"Methadone Maintenance Treatment Prog","street1":"942 South Atlantic Boulevard","city":"Los Angeles","county":"Los Angeles","zip":90022,"phone":"323-263-9700","website":"http://www.nppclinic.org","type_facility":"SU","sa":1,"dt":1,"otp":1,"res":null,"op":1,"hi":null}},{"type":"Feature","geometry":{"type":"Point","coordinates":[-117.199600000002,32.8245000000013]},"properties":{"name1":"ABC Sober Living LLC","name2":"Soledad House","street1":"4747 Morena Boulevard","city":"San Diego","county":"San Diego","zip":92117,"phone":"866-314-3222","website":"http://www.soledadhouse.com","type_facility":"SU","sa":1,"dt":null,"otp":null,"res":null,"op":1,"hi":null}},{"type":"Feature","geometry":{"type":"Point","coordinates":[-118.985100000002,35.3879000000011]},"properties":{"name1":"Teens Living Clean","name2":"SUD Outpatient Treatment Team","street1":"- - -","city":"Bakersfield","county":"Kern","zip":93305,"phone":"661-852-2658","website":"http://www.kernbhrs.org/","type_facility":"SU","sa":1,"dt":null,"otp":null,"res":null,"op":1,"hi":null}},{"type":"Feature","geometry":{"type":"Point","coordinates":[-118.082000000002,33.9069000000012]},"properties":{"name1":"Western Pacific Re Hab","name2":"Western Pacific Norwalk RH","street1":"11902 East Rosecrans Boulevard","city":"Norwalk","county":"Los Angeles","zip":90650,"phone":"818-956-3737","website":"http://www.westpacmed.com","type_facility":"SU","sa":1,"dt":1,"otp":1,"res":null,"op":1,"hi":null}},{"type":"Feature","geometry":{"type":"Point","coordinates":[-117.225523400002,32.8473717000012]},"properties":{"name1":"Hope Canyon","name2":null,"street1":"2821 Lange Avenue","city":"San Diego","county":"San Diego","zip":92122,"phone":"855-497-2312","website":"http://hopecanyon.com","type_facility":"SU","sa":1,"dt":1,"otp":null,"res":1,"op":null,"hi":null}},{"type":"Feature","geometry":{"type":"Point","coordinates":[-118.079466200002,33.9019531000012]},"properties":{"name1":"Western Pacific Med Corp","name2":"Western Pacific Norwalk","street1":"11902 East Rosecrans Boulevard","city":"Norwalk","county":"Los Angeles","zip":90650,"phone":"818-856-3737","website":"http://www.westpacmed.com","type_facility":"SU","sa":1,"dt":1,"otp":1,"res":null,"op":1,"hi":null}},{"type":"Feature","geometry":{"type":"Point","coordinates":[-118.249761400002,34.1446581000012]},"properties":{"name1":"Jewel City Treatment Center","name2":null,"street1":"501 East Harvard Street","city":"Glendale","county":"Los Angeles","zip":91205,"phone":"310-362-0047","website":"http://www.jctreatment.com","type_facility":"SU","sa":1,"dt":1,"otp":null,"res":null,"op":1,"hi":null}},{"type":"Feature","geometry":{"type":"Point","coordinates":[-118.988908400002,35.3905025000011]},"properties":{"name1":"Bakersfield Recovery Services","name2":"DBA Jasons Retreat/Mens Residential","street1":"600 Bernard Street","city":"Bakersfield","county":"Kern","zip":93305,"phone":"661-325-1817","website":"http://www.BakersfieldRecoveryServices.com","type_facility":"SU","sa":1,"dt":null,"otp":null,"res":1,"op":null,"hi":null}},{"type":"Feature","geometry":{"type":"Point","coordinates":[-118.985315700002,35.3833157000011]},"properties":{"name1":"Bakersfield Recovery Services","name2":"DBA Jasons Retreat Intensive OP","street1":"1000 Pacific Street","city":"Bakersfield","county":"Kern","zip":93305,"phone":"661-237-8200","website":"http://www.bakersfieldrecoveryservices.com","type_facility":"SU","sa":1,"dt":null,"otp":null,"res":null,"op":1,"hi":null}},{"type":"Feature","geometry":{"type":"Point","coordinates":[-118.988635500002,35.3897102000011]},"properties":{"name1":"Bakersfield Recovery Services","name2":"Capistrano Community for Women","street1":"2000 Baker Street","city":"Bakersfield","county":"Kern","zip":93305,"phone":"661-873-4927","website":"http://www.BakersfieldRecoveryServices.com","type_facility":"SU","sa":1,"dt":null,"otp":null,"res":1,"op":null,"hi":null}},{"type":"Feature","geometry":{"type":"Point","coordinates":[-118.988383500002,35.3873861000011]},"properties":{"name1":"Bakersfield Recovery Services","name2":"Lincoln Street Retreat","street1":"708 Lincoln Street","city":"Bakersfield","county":"Kern","zip":93305,"phone":"661-869-1795","website":"http://www.BakersfieldRecoveryServices.com","type_facility":"SU","sa":1,"dt":null,"otp":null,"res":1,"op":null,"hi":null}},{"type":"Feature","geometry":{"type":"Point","coordinates":[-117.955160500002,33.7227824000012]},"properties":{"name1":"New Beginning Fellowship Center","name2":null,"street1":"16581 Brookhurst Street","city":"Fountain Valley","county":"Orange","zip":92708,"phone":"714-839-2515","website":"http://newbeginningfellowship.org","type_facility":"SU","sa":1,"dt":null,"otp":null,"res":null,"op":1,"hi":1}},{"type":"Feature","geometry":{"type":"Point","coordinates":[-118.991681639002,35.3806453000011]},"properties":{"name1":"Community Service Organization (CSO)","name2":"Behav Hlth Program/Brotherhood Center","street1":"1124 Baker Street","city":"Bakersfield","county":"Kern","zip":93305,"phone":"661-327-9376","website":"http://www.csobhp.com","type_facility":"SU","sa":1,"dt":null,"otp":null,"res":null,"op":1,"hi":null}},{"type":"Feature","geometry":{"type":"Point","coordinates":[-120.022057300002,38.919952900001]},"properties":{"name1":"Skylake Recovery Center","name2":"Elevate Addiction Services","street1":"586 Glorene Avenue","city":"South Lake Tahoe","county":"El Dorado","zip":96150,"phone":"530-213-8031","website":"http://www.elevaterehab.org","type_facility":"SU","sa":1,"dt":1,"otp":null,"res":1,"op":null,"hi":null}},{"type":"Feature","geometry":{"type":"Point","coordinates":[-119.557824600002,36.707413000001]},"properties":{"name1":"Fresno County Hispanic Commission on","name2":"Alcohol/Drug Abuse Servs/DATE Prog","street1":"1419 Jensen Avenue","city":"Sanger","county":"Fresno","zip":93657,"phone":"559-875-0249","website":"http://www.hispaniccommission.org","type_facility":"SU","sa":1,"dt":null,"otp":null,"res":null,"op":1,"hi":null}},{"type":"Feature","geometry":{"type":"Point","coordinates":[-117.910711500002,33.6520638000012]},"properties":{"name1":"Western Pacific Re Hab","name2":"Western Pacific Costa Mesa RH","street1":"275 Victoria Street","city":"Costa Mesa","county":"Orange","zip":92627,"phone":"818-956-3737","website":"http://www.westpacmed.com","type_facility":"SU","sa":1,"dt":1,"otp":1,"res":null,"op":1,"hi":null}},{"type":"Feature","geometry":{"type":"Point","coordinates":[-117.249700000002,32.8548000000013]},"properties":{"name1":"La Jolla Recovery","name2":"Detoxification/Residential","street1":"- - -","city":"La Jolla","county":"San Diego","zip":92037,"phone":"858-877-3422","website":"http://www.lajollarecovery.com","type_facility":"SU","sa":1,"dt":1,"otp":null,"res":1,"op":null,"hi":null}},{"type":"Feature","geometry":{"type":"Point","coordinates":[-119.006961200002,35.3970828000011]},"properties":{"name1":"Aegis Treatment Centers LLC","name2":null,"street1":"501 West Columbus Street","city":"Bakersfield","county":"Kern","zip":93301,"phone":"661-328-0245","website":"http://www.pinnacletreatment.com","type_facility":"SU","sa":1,"dt":null,"otp":1,"res":null,"op":1,"hi":null}},{"type":"Feature","geometry":{"type":"Point","coordinates":[-118.210354000002,34.0623686000012]},"properties":{"name1":"Addiction Research and Treatment Inc","name2":"(ART)/Boyle Heights Clinic","street1":"1701 Zonal Avenue","city":"Los Angeles","county":"Los Angeles","zip":90033,"phone":"323-223-6298 x2339","website":"http://","type_facility":"SU","sa":1,"dt":1,"otp":1,"res":null,"op":1,"hi":null}},{"type":"Feature","geometry":{"type":"Point","coordinates":[-118.389500000002,34.3277000000012]},"properties":{"name1":"Saving My Tomorrow","name2":null,"street1":"- - -","city":"Sylmar","county":"Los Angeles","zip":91342,"phone":"866-702-3389","website":"http://www.savingmytomorrow.com","type_facility":"SU","sa":1,"dt":1,"otp":null,"res":1,"op":null,"hi":null}},{"type":"Feature","geometry":{"type":"Point","coordinates":[-118.129805300002,33.9462884000012]},"properties":{"name1":"Southern CA Alcohol and Drug Prog Inc","name2":"La Casita for Women and Children","street1":"10603 Downey Avenue","city":"Downey","county":"Los Angeles","zip":90241,"phone":"562-622-2268","website":"http://www.scadpinc.org","type_facility":"SU","sa":1,"dt":1,"otp":null,"res":1,"op":null,"hi":null}},{"type":"Feature","geometry":{"type":"Point","coordinates":[-118.207642900002,34.0563605000012]},"properties":{"name1":"Clinica Monsenor Oscar A Romero","name2":null,"street1":"2032 Marengo Street","city":"Los Angeles","county":"Los Angeles","zip":90033,"phone":"323-987-7700","website":"http://www.clinicaromero.com","type_facility":"SU","sa":1,"dt":null,"otp":null,"res":null,"op":1,"hi":null}},{"type":"Feature","geometry":{"type":"Point","coordinates":[-118.262871300002,34.1348928000012]},"properties":{"name1":"Western Pacific Rehab","name2":null,"street1":"4544 San Fernando Road","city":"Glendale","county":"Los Angeles","zip":91204,"phone":"818-956-3737","website":"http://www.westpacmed.com","type_facility":"SU","sa":1,"dt":1,"otp":1,"res":null,"op":1,"hi":null}},{"type":"Feature","geometry":{"type":"Point","coordinates":[-118.262871300002,34.1348928000012]},"properties":{"name1":"Western Pacific Re Hab","name2":"Western Pacific Glendale RH","street1":"4544 San Fernando Road","city":"Glendale","county":"Los Angeles","zip":91204,"phone":"818-956-3737","website":"http://www.westpacmed.com","type_facility":"SU","sa":1,"dt":1,"otp":1,"res":null,"op":1,"hi":null}},{"type":"Feature","geometry":{"type":"Point","coordinates":[-118.262871300002,34.1348928000012]},"properties":{"name1":"Western Pacific Med Corp","name2":"Western Pacific Glendale","street1":"4544 San Fernando Road","city":"Glendale","county":"Los Angeles","zip":91204,"phone":"818-956-3737","website":"http://www.westpacmed.com","type_facility":"SU","sa":1,"dt":1,"otp":1,"res":null,"op":1,"hi":null}},{"type":"Feature","geometry":{"type":"Point","coordinates":[-118.210073600002,34.0575363000012]},"properties":{"name1":"Exodus Recovery Inc","name2":"Exodus Recovery SUD OP Program","street1":"1902 Marengo Street","city":"Los Angeles","county":"Los Angeles","zip":90033,"phone":"323-276-6465","website":"http://www.exodusrecovery.com","type_facility":"SU","sa":1,"dt":null,"otp":null,"res":null,"op":1,"hi":null}},{"type":"Feature","geometry":{"type":"Point","coordinates":[-117.105117000002,32.6915140000013]},"properties":{"name1":"Vista Hill Foundation","name2":"Parent Care Central","street1":"4125 Alpha Street ","city":"San Diego","county":"San Diego","zip":92113,"phone":"619-668-4205","website":"http://www.vistahill.org","type_facility":"SU","sa":1,"dt":null,"otp":null,"res":null,"op":1,"hi":null}},{"type":"Feature","geometry":{"type":"Point","coordinates":[-117.967535600002,33.7184426000012]},"properties":{"name1":"True Life Recovery Inc","name2":null,"street1":"16832 Maple Street","city":"Fountain Valley","county":"Orange","zip":92708,"phone":"714-698-8950","website":"http://trueliferecovery.com","type_facility":"SU","sa":1,"dt":1,"otp":null,"res":1,"op":null,"hi":null}},{"type":"Feature","geometry":{"type":"Point","coordinates":[-117.105712500002,32.6890131000013]},"properties":{"name1":"Tradition One","name2":null,"street1":"4104 Delta Street","city":"San Diego","county":"San Diego","zip":92113,"phone":"619-264-0141","website":"http://www.traditionone.com","type_facility":"SU","sa":1,"dt":null,"otp":null,"res":1,"op":null,"hi":null}},{"type":"Feature","geometry":{"type":"Point","coordinates":[-118.163714900002,33.9859711000012]},"properties":{"name1":"Penny Lane Centers","name2":null,"street1":"5628 East Slauson Avenue","city":"Los Angeles","county":"Los Angeles","zip":90040,"phone":"818-892-3423","website":"http://www.pennylane.org","type_facility":"SU","sa":1,"dt":null,"otp":null,"res":null,"op":1,"hi":null}},{"type":"Feature","geometry":{"type":"Point","coordinates":[-117.161998300002,32.7489456000013]},"properties":{"name1":"Sober Life Recovery Solutions LLC","name2":"DBA Healthy U Behavioral Health","street1":"3930 4th Avenue","city":"San Diego","county":"San Diego","zip":92103,"phone":"619-542-9542","website":"http://www.soberlifesd.com","type_facility":"SU","sa":1,"dt":null,"otp":null,"res":null,"op":1,"hi":null}},{"type":"Feature","geometry":{"type":"Point","coordinates":[-117.112290400002,32.6943260000012]},"properties":{"name1":"MAAC Project","name2":"Casa de Milagros","street1":"1127 South 38th Street","city":"San Diego","county":"San Diego","zip":92113,"phone":"619-262-4002 x0","website":"http://www.maacproject.org","type_facility":"SU","sa":1,"dt":null,"otp":null,"res":1,"op":null,"hi":null}},{"type":"Feature","geometry":{"type":"Point","coordinates":[-118.207864600002,34.0472270000012]},"properties":{"name1":"Escuela Latina","name2":"Evaluaciones Alcohol Drugs","street1":"305 North Soto Avenue","city":"Los Angeles","county":"Los Angeles","zip":90033,"phone":"323-873-3113","website":"http://californiacourtprograms.com/","type_facility":"SU","sa":1,"dt":null,"otp":null,"res":null,"op":1,"hi":null}},{"type":"Feature","geometry":{"type":"Point","coordinates":[-117.921170000002,33.6508971000012]},"properties":{"name1":"Clear Detox Center","name2":"Clear Treatment","street1":"546 Hamilton Street","city":"Costa Mesa","county":"Orange","zip":92627,"phone":"949-247-9020","website":"http://www.cleardetoxcenter.com","type_facility":"SU","sa":1,"dt":1,"otp":null,"res":1,"op":null,"hi":1}},{"type":"Feature","geometry":{"type":"Point","coordinates":[-117.130649300002,32.7119892000013]},"properties":{"name1":"House of Metamorphosis","name2":null,"street1":"2970 Market Street","city":"San Diego","county":"San Diego","zip":92102,"phone":"619-236-9217","website":"http://www.houseofmetamorphosis.org","type_facility":"SU","sa":1,"dt":null,"otp":null,"res":1,"op":null,"hi":null}},{"type":"Feature","geometry":{"type":"Point","coordinates":[-119.002623400002,35.3675782000011]},"properties":{"name1":"Turning Point of Central California","name2":"Ken Kennemer Substance Abuse Trt Ctr","street1":"1100 Union Avenue","city":"Bakersfield","county":"Kern","zip":93307,"phone":"661-458-6611 x2318","website":"http://www.tpocc.org","type_facility":"SU","sa":1,"dt":null,"otp":null,"res":1,"op":null,"hi":null}},{"type":"Feature","geometry":{"type":"Point","coordinates":[-117.960275400002,33.7013283000012]},"properties":{"name1":"Road to Recovery Treatment Services","name2":"The Road to Recovery","street1":"9656 Talbert Avenue","city":"Fountain Valley","county":"Orange","zip":92708,"phone":"714-465-2576","website":"http://theroadtorecover.com","type_facility":"SU","sa":1,"dt":1,"otp":null,"res":1,"op":null,"hi":null}},{"type":"Feature","geometry":{"type":"Point","coordinates":[-117.174588400002,32.7580028000012]},"properties":{"name1":"Confidential Recovery","name2":null,"street1":"4420 Hotel Circle Court","city":"San Diego","county":"San Diego","zip":92108,"phone":"619-452-1200 x3","website":"http://www.confidentialrecovery.com","type_facility":"SU","sa":1,"dt":null,"otp":null,"res":null,"op":1,"hi":null}},{"type":"Feature","geometry":{"type":"Point","coordinates":[-118.133477800002,33.9369041000012]},"properties":{"name1":"Southern CA Alcohol and Drug Prog Inc","name2":"Positive Steps","street1":"11501 Dolan Street","city":"Downey","county":"Los Angeles","zip":90241,"phone":"562-923-7894 x3222","website":"http://www.scadpinc.org","type_facility":"SU","sa":1,"dt":1,"otp":null,"res":1,"op":null,"hi":null}},{"type":"Feature","geometry":{"type":"Point","coordinates":[-117.161837500002,32.7431675000012]},"properties":{"name1":"Crossroads Foundation","name2":null,"street1":"3594 4th Avenue","city":"San Diego","county":"San Diego","zip":92103,"phone":"619-296-1151","website":"http://www.crossroads4recovery.org","type_facility":"SU","sa":1,"dt":null,"otp":null,"res":1,"op":null,"hi":null}},{"type":"Feature","geometry":{"type":"Point","coordinates":[-117.920700000002,33.6474000000012]},"properties":{"name1":"Safe Harbor Treatment Center for","name2":"Women LLC","street1":"550 Bernard Street","city":"Costa Mesa","county":"Orange","zip":92627,"phone":"888-541-3654","website":"http://www.safeharbortreatmentcenter.com","type_facility":"SU","sa":1,"dt":1,"otp":null,"res":1,"op":null,"hi":1}},{"type":"Feature","geometry":{"type":"Point","coordinates":[-117.920700000002,33.6474000000012]},"properties":{"name1":"Akua Behavioral Health","name2":null,"street1":"- - -","city":"Costa Mesa","county":"Orange","zip":92627,"phone":"949-777-2283","website":"http://akuamindbody.com","type_facility":"SU","sa":1,"dt":null,"otp":null,"res":1,"op":null,"hi":null}},{"type":"Feature","geometry":{"type":"Point","coordinates":[-117.920700000002,33.6474000000012]},"properties":{"name1":"Yellowstone Recovery","name2":"Womens First Step House Inc","street1":"- - -","city":"Costa Mesa","county":"Orange","zip":92627,"phone":"949-678-3214","website":"http://www.yellowstonerecovery.com","type_facility":"SU","sa":1,"dt":1,"otp":null,"res":1,"op":null,"hi":null}},{"type":"Feature","geometry":{"type":"Point","coordinates":[-117.920700000002,33.6474000000012]},"properties":{"name1":"Akua Behavioral Health","name2":null,"street1":"- - -","city":"Costa Mesa","county":"Orange","zip":92627,"phone":"949-777-2283","website":"http://akuamindbody.com","type_facility":"SU","sa":1,"dt":null,"otp":null,"res":1,"op":null,"hi":null}},{"type":"Feature","geometry":{"type":"Point","coordinates":[-117.920700000002,33.6474000000012]},"properties":{"name1":"Opus Health LLC","name2":null,"street1":"- - -","city":"Costa Mesa","county":"Orange","zip":92627,"phone":"949-625-4019","website":"https://opustreatment.com","type_facility":"SU","sa":1,"dt":1,"otp":null,"res":1,"op":null,"hi":null}},{"type":"Feature","geometry":{"type":"Point","coordinates":[-117.920700000002,33.6474000000012]},"properties":{"name1":"Yellowstone Womens First Step House","name2":"The Yellowstone Bridge","street1":"- - -","city":"Costa Mesa","county":"Orange","zip":92627,"phone":"888-418-4188","website":"http://www.yellowstonerecovery.com","type_facility":"SU","sa":1,"dt":1,"otp":null,"res":1,"op":null,"hi":null}},{"type":"Feature","geometry":{"type":"Point","coordinates":[-117.139733900002,32.7191780000013]},"properties":{"name1":"Way Back","name2":null,"street1":"2516 A Street","city":"San Diego","county":"San Diego","zip":92102,"phone":"619-235-0592","website":"http://thewaybacksd.org","type_facility":"SU","sa":1,"dt":1,"otp":null,"res":1,"op":null,"hi":1}},{"type":"Feature","geometry":{"type":"Point","coordinates":[-117.921231100002,33.6460563000012]},"properties":{"name1":"Safe Harbor Treatment Center","name2":null,"street1":"550-A Bernard Street","city":"Costa Mesa","county":"Orange","zip":92627,"phone":"888-541-3654","website":"http://www.safeharbortreatmentcenter.com","type_facility":"SU","sa":1,"dt":1,"otp":null,"res":1,"op":null,"hi":1}},{"type":"Feature","geometry":{"type":"Point","coordinates":[-117.082185800002,32.6558477000012]},"properties":{"name1":"MAAC Project","name2":"Nosotros","street1":"73rd North 2nd Avenue","city":"Chula Vista","county":"San Diego","zip":91910,"phone":"619-426-4801 x1","website":"http://www.maacproject.org","type_facility":"SU","sa":1,"dt":null,"otp":null,"res":1,"op":null,"hi":null}},{"type":"Feature","geometry":{"type":"Point","coordinates":[-117.921202600002,33.6458547000012]},"properties":{"name1":"Safe Harbor Treatment Center","name2":null,"street1":"548 Bernard Street","city":"Costa Mesa","county":"Orange","zip":92627,"phone":"888-541-3654","website":"http://www.safeharbortreatmentcenter.com","type_facility":"SU","sa":1,"dt":1,"otp":null,"res":1,"op":null,"hi":1}},{"type":"Feature","geometry":{"type":"Point","coordinates":[-117.921209700002,33.6456981000012]},"properties":{"name1":"Safe Harbor Treatment Center","name2":null,"street1":"546 Bernard Street","city":"Costa Mesa","county":"Orange","zip":92627,"phone":"888-541-3654","website":"http://www.safeharbortreatmentcenter.com","type_facility":"SU","sa":1,"dt":1,"otp":null,"res":1,"op":null,"hi":1}},{"type":"Feature","geometry":{"type":"Point","coordinates":[-117.913160300002,33.6342069000012]},"properties":{"name1":"Hotel California by the Sea","name2":null,"street1":"317 Rochester Street","city":"Costa Mesa","county":"Orange","zip":92627,"phone":"800-762-6717","website":"http://www.HotelCaliforniaByTheSea.com","type_facility":"SU","sa":1,"dt":null,"otp":null,"res":1,"op":null,"hi":null}},{"type":"Feature","geometry":{"type":"Point","coordinates":[-118.139469000002,33.9401367000012]},"properties":{"name1":"Southern CA Alcohol and Drug Prog Inc","name2":"Outpatient Treatment","street1":"11500 Paramount Boulevard","city":"Downey","county":"Los Angeles","zip":90241,"phone":"562-923-4545","website":"http://www.scadpinc.org","type_facility":"SU","sa":1,"dt":null,"otp":null,"res":null,"op":1,"hi":null}},{"type":"Feature","geometry":{"type":"Point","coordinates":[-119.013281500002,35.3782748000011]},"properties":{"name1":"Aegis Treatment Centers LLC","name2":null,"street1":"1018 21st Street","city":"Bakersfield","county":"Kern","zip":93301,"phone":"661-861-9967","website":"http://aegistreatmentcenters.com","type_facility":"SU","sa":1,"dt":1,"otp":1,"res":null,"op":1,"hi":null}},{"type":"Feature","geometry":{"type":"Point","coordinates":[-117.139848800002,32.7145173000013]},"properties":{"name1":"CRASH Inc","name2":"Golden Hill House II","street1":"835 25th Street","city":"San Diego","county":"San Diego","zip":92102,"phone":"619-239-9691 x304","website":"http://www.crashinc.org","type_facility":"SU","sa":1,"dt":null,"otp":null,"res":1,"op":null,"hi":null}},{"type":"Feature","geometry":{"type":"Point","coordinates":[-117.142146600002,32.7150432000012]},"properties":{"name1":"Golden Hill House I","name2":null,"street1":"2410 E Street","city":"San Diego","county":"San Diego","zip":92102,"phone":"619-234-3346","website":"http://www.crashinc.org","type_facility":"SU","sa":1,"dt":null,"otp":null,"res":1,"op":null,"hi":null}},{"type":"Feature","geometry":{"type":"Point","coordinates":[-117.916093300002,33.6320811000012]},"properties":{"name1":"Action Consultants Therapy","name2":null,"street1":"1670 Santa Ana Avenue","city":"Costa Mesa","county":"Orange","zip":92627,"phone":"949-645-7484","website":"http://www.actionconsultants.org","type_facility":"SU","sa":1,"dt":null,"otp":null,"res":null,"op":1,"hi":null}},{"type":"Feature","geometry":{"type":"Point","coordinates":[-119.020700000002,35.3841000000011]},"properties":{"name1":"Kern Behav Hlth and Recovery Services","name2":"SUD Outpatient Treatment Team","street1":"- - -","city":"Bakersfield","county":"Kern","zip":93301,"phone":"866-266-4898","website":"http://www.KernBHRS.org","type_facility":"SU","sa":1,"dt":null,"otp":null,"res":null,"op":1,"hi":null}},{"type":"Feature","geometry":{"type":"Point","coordinates":[-117.927264200002,33.6422848000012]},"properties":{"name1":"South Coast Counseling Inc","name2":null,"street1":"693 Plumer Street","city":"Costa Mesa","county":"Orange","zip":92627,"phone":"844-330-0096","website":"http://www.southcoastcounselingoc.org","type_facility":"SU","sa":1,"dt":1,"otp":null,"res":1,"op":1,"hi":null}},{"type":"Feature","geometry":{"type":"Point","coordinates":[-119.002150000002,35.3438919000011]},"properties":{"name1":"American Health Services LLC","name2":"Bakersfield Health Services","street1":"1010 1/2 South Union Avenue","city":"Bakersfield","county":"Kern","zip":93307,"phone":"661-321-0234","website":"http://www.americanhealthservices.org","type_facility":"SU","sa":1,"dt":1,"otp":1,"res":null,"op":1,"hi":null}},{"type":"Feature","geometry":{"type":"Point","coordinates":[-117.164226900002,32.7328551000013]},"properties":{"name1":"San Diego American Indian Health Ctr","name2":null,"street1":"2630 1st Avenue","city":"San Diego","county":"San Diego","zip":92103,"phone":"619-234-2158","website":"http://www.sdaihc.org","type_facility":"SU","sa":1,"dt":null,"otp":null,"res":null,"op":1,"hi":null}},{"type":"Feature","geometry":{"type":"Point","coordinates":[-117.928854000002,33.6417708000012]},"properties":{"name1":"Asana Recovery Center","name2":null,"street1":"725 Center Street","city":"Costa Mesa","county":"Orange","zip":92627,"phone":"949-438-4504","website":"http://www.asanarecovery.com","type_facility":"SU","sa":1,"dt":1,"otp":null,"res":1,"op":null,"hi":1}},{"type":"Feature","geometry":{"type":"Point","coordinates":[-118.072274600002,33.8339610000012]},"properties":{"name1":"American Health Services LLC","name2":null,"street1":"21505 Norwalk Boulevard","city":"Hawaiian Gardens","county":"Los Angeles","zip":90716,"phone":"661-254-6630","website":"http://www.americanhealthservices.org","type_facility":"SU","sa":1,"dt":1,"otp":1,"res":null,"op":1,"hi":null}},{"type":"Feature","geometry":{"type":"Point","coordinates":[-118.204509900002,34.0189828000012]},"properties":{"name1":"Behavioral Health Services","name2":"Boyle Heights Family Recovery Center","street1":"3421 East Olympic Boulevard","city":"Los Angeles","county":"Los Angeles","zip":90023,"phone":"323-262-1786","website":"http://www.bhs-inc.org","type_facility":"SU","sa":1,"dt":null,"otp":null,"res":null,"op":1,"hi":null}},{"type":"Feature","geometry":{"type":"Point","coordinates":[-118.382750600002,34.2802878000012]},"properties":{"name1":"Phoenix House of Los Angeles Inc","name2":"Lake View Terrace","street1":"11600 Eldridge Avenue","city":"Sylmar","county":"Los Angeles","zip":91342,"phone":"818-686-3000","website":"http://phoenixhouseca.org","type_facility":"SU","sa":1,"dt":null,"otp":null,"res":null,"op":1,"hi":null}},{"type":"Feature","geometry":{"type":"Point","coordinates":[-117.084185100002,32.6439251000012]},"properties":{"name1":"McAlister Institute for Trt and Educ","name2":"(MITE)/STRC","street1":"371 E Street","city":"Chula Vista","county":"San Diego","zip":91910,"phone":"619-691-1045 x2002","website":"http://www.McAlisterInc.org","type_facility":"SU","sa":1,"dt":null,"otp":null,"res":null,"op":1,"hi":null}},{"type":"Feature","geometry":{"type":"Point","coordinates":[-117.925243400002,33.6339528000012]},"properties":{"name1":"Tree House Recovery","name2":null,"street1":"1640 Superior Avenue","city":"Costa Mesa","county":"Orange","zip":92627,"phone":"855-202-2138","website":"http://treehouserecovery.com/","type_facility":"SU","sa":1,"dt":null,"otp":null,"res":null,"op":1,"hi":null}},{"type":"Feature","geometry":{"type":"Point","coordinates":[-117.160711700002,32.7236138000013]},"properties":{"name1":"Family Health Centers of San Diego Inc","name2":"Solutions for Recovery","street1":"1750 5th Avenue","city":"San Diego","county":"San Diego","zip":92101,"phone":"619-515-2588","website":"http://www.fhcsd.org/substance-use-disorder-services","type_facility":"SU","sa":1,"dt":null,"otp":null,"res":null,"op":1,"hi":null}},{"type":"Feature","geometry":{"type":"Point","coordinates":[-117.924104400002,33.6303577000012]},"properties":{"name1":"Hotel California by the Sea","name2":null,"street1":"1509 Orange Avenue A","city":"Costa Mesa","county":"Orange","zip":92627,"phone":"800-762-6717","website":"http://www.HotelCaliforniaByTheSea.com","type_facility":"SU","sa":1,"dt":null,"otp":null,"res":1,"op":null,"hi":null}},{"type":"Feature","geometry":{"type":"Point","coordinates":[-117.234403800002,32.8015188000012]},"properties":{"name1":"Boardwalk Recovery Center","name2":null,"street1":"1940 Garnet Avenue","city":"San Diego","county":"San Diego","zip":92109,"phone":"858-888-0101","website":"http://www.boardwalkrecoverycenter.com","type_facility":"SU","sa":1,"dt":null,"otp":null,"res":null,"op":1,"hi":null}},{"type":"Feature","geometry":{"type":"Point","coordinates":[-117.272483300002,32.8434100000012]},"properties":{"name1":"La Jolla Recovery","name2":"Outpatient","street1":"7632 Herschel Avenue","city":"La Jolla","county":"San Diego","zip":92037,"phone":"858-877-3422","website":"http://www.lajollarecovery.com","type_facility":"SU","sa":1,"dt":null,"otp":null,"res":null,"op":1,"hi":null}},{"type":"Feature","geometry":{"type":"Point","coordinates":[-117.924877300002,33.6289672000012]},"properties":{"name1":"Sober First Recovery LLC","name2":"DBA Pacific Shores Recovery","street1":"3309 Clay Street","city":"Newport Beach","county":"Orange","zip":92663,"phone":"949-574-2510","website":"http://www.pacificshoresrecovery.com","type_facility":"SU","sa":1,"dt":1,"otp":null,"res":1,"op":null,"hi":null}},{"type":"Feature","geometry":{"type":"Point","coordinates":[-117.104620800002,32.6602489000013]},"properties":{"name1":"McAlister Institute for Trt and Educ","name2":"(MITE)/South Bay Womens Recovery Ctr","street1":"2414 Hoover Street","city":"National City","county":"San Diego","zip":91950,"phone":"619-336-1226 x1502","website":"http://www.mcalisterinc.org","type_facility":"SU","sa":1,"dt":null,"otp":null,"res":null,"op":1,"hi":null}},{"type":"Feature","geometry":{"type":"Point","coordinates":[-118.279955700002,34.1192287000012]},"properties":{"name1":"Luxe Recovery","name2":null,"street1":"3787 Prestwick Drive","city":"Los Angeles","county":"Los Angeles","zip":90027,"phone":"866-589-3338","website":"http://LuxeRecoveryLA.com","type_facility":"SU","sa":1,"dt":1,"otp":null,"res":1,"op":null,"hi":null}},{"type":"Feature","geometry":{"type":"Point","coordinates":[-118.058401700002,33.8039125000012]},"properties":{"name1":"Twin Town Treatment Centers","name2":"Twin Town Los Alamitos","street1":"4281 Katella Boulevard","city":"Los Alamitos","county":"Orange","zip":90720,"phone":"562-594-8844","website":"http://www.twintowntreatmentcenters.com","type_facility":"SU","sa":1,"dt":null,"otp":null,"res":null,"op":1,"hi":null}},{"type":"Feature","geometry":{"type":"Point","coordinates":[-118.272600900002,34.1051196000012]},"properties":{"name1":"Spencer Recovery Centers Inc","name2":"Silver Lake","street1":"2530 Hyperion Avenue","city":"Los Angeles","county":"Los Angeles","zip":90027,"phone":"800-334-0394","website":"http://www.spencerrecovery.com","type_facility":"SU","sa":1,"dt":null,"otp":null,"res":1,"op":1,"hi":null}},{"type":"Feature","geometry":{"type":"Point","coordinates":[-117.970982700002,33.6855046000012]},"properties":{"name1":"Anchored Tides Recovery","name2":null,"street1":"19126 Magnolia Street","city":"Huntington Beach","county":"Orange","zip":92646,"phone":"714-377-7706","website":"http://anchoredtidesrecovery.com/","type_facility":"SU","sa":1,"dt":null,"otp":null,"res":null,"op":1,"hi":null}},{"type":"Feature","geometry":{"type":"Point","coordinates":[-117.274638300002,32.8418058000012]},"properties":{"name1":"La Jolla Healing Center","name2":null,"street1":"7590 Fay Avenue","city":"La Jolla","county":"San Diego","zip":92037,"phone":"858-454-4357","website":"http://Lajollahealingcenter.com","type_facility":"SU","sa":1,"dt":null,"otp":null,"res":null,"op":1,"hi":null}},{"type":"Feature","geometry":{"type":"Point","coordinates":[-117.926421000002,33.6255457000012]},"properties":{"name1":"Hotel California by the Sea","name2":null,"street1":"400 Westminster Avenue","city":"Newport Beach","county":"Orange","zip":92663,"phone":"800-762-6717","website":"http://www.HotelCaliforniaByTheSea.com","type_facility":"SU","sa":1,"dt":null,"otp":null,"res":null,"op":1,"hi":null}},{"type":"Feature","geometry":{"type":"Point","coordinates":[-117.236300000002,32.7984000000013]},"properties":{"name1":"La Jolla Recovery","name2":"Detoxification/Residential","street1":"- - -","city":"San Diego","county":"San Diego","zip":92109,"phone":"858-877-3422","website":"http://www.lajollarecovery.com","type_facility":"SU","sa":1,"dt":1,"otp":null,"res":1,"op":null,"hi":null}},{"type":"Feature","geometry":{"type":"Point","coordinates":[-117.236300000002,32.7984000000013]},"properties":{"name1":"Detox Center of San Diego LLC","name2":null,"street1":"- - -","city":"San Diego","county":"San Diego","zip":92109,"phone":"619-386-7740","website":"http://detoxcenterofsandiego.com/","type_facility":"SU","sa":1,"dt":1,"otp":null,"res":1,"op":null,"hi":1}},{"type":"Feature","geometry":{"type":"Point","coordinates":[-118.119605700002,33.8857068000012]},"properties":{"name1":"Southern CA Alcohol and Drug Prog Inc","name2":"Angel Step Too","street1":"16314 Cornuta Avenue","city":"Bellflower","county":"Los Angeles","zip":90706,"phone":"562-461-9272","website":"http://www.scadpinc.org","type_facility":"SU","sa":1,"dt":1,"otp":null,"res":1,"op":null,"hi":null}},{"type":"Feature","geometry":{"type":"Point","coordinates":[-117.110504000002,32.6608418000013]},"properties":{"name1":"Deaf Community Services of San Diego","name2":"Signs of Life","street1":"2240 Cleveland Avenue","city":"National City","county":"San Diego","zip":91950,"phone":"619-398-2441","website":"http://www.deafcommunityservices.org","type_facility":"SU","sa":1,"dt":null,"otp":null,"res":null,"op":1,"hi":null}},{"type":"Feature","geometry":{"type":"Point","coordinates":[-118.238500100002,34.0520292000012]},"properties":{"name1":"VA Los Angeles Ambulatory Care Center","name2":"Addictive Behaviors Clinic","street1":"351 East Temple Street","city":"Los Angeles","county":"Los Angeles","zip":90012,"phone":"213-253-2677 x23011","website":"http://www.losangeles.va.gov/services","type_facility":"SU","sa":1,"dt":1,"otp":null,"res":null,"op":1,"hi":null}},{"type":"Feature","geometry":{"type":"Point","coordinates":[-117.915448800002,33.6056090000012]},"properties":{"name1":"Ocean Recovery","name2":null,"street1":"1115 West Balboa Boulevard","city":"Newport Beach","county":"Orange","zip":92661,"phone":"949-675-3764","website":"http://www.oceanrecovery.com","type_facility":"SU","sa":1,"dt":1,"otp":null,"res":1,"op":null,"hi":null}},{"type":"Feature","geometry":{"type":"Point","coordinates":[-117.192162700002,32.7443685000013]},"properties":{"name1":"Veterans Village of San Diego","name2":"Veterans Rehabilitation Center","street1":"4141 Pacific Highway","city":"San Diego","county":"San Diego","zip":92110,"phone":"619-497-0142","website":"http://vvsd.net","type_facility":"SU","sa":1,"dt":null,"otp":null,"res":1,"op":null,"hi":null}},{"type":"Feature","geometry":{"type":"Point","coordinates":[-119.043599200002,35.3945405000011]},"properties":{"name1":"Action Family Counseling","name2":"Action Drug Rehabs","street1":"3801 Buck Owens Boulevard","city":"Bakersfield","county":"Kern","zip":93308,"phone":"800-367-8336","website":"http://www.actiondrugrehabs.com","type_facility":"SU","sa":1,"dt":null,"otp":null,"res":null,"op":1,"hi":null}},{"type":"Feature","geometry":{"type":"Point","coordinates":[-118.185200000002,33.9704000000012]},"properties":{"name1":"Salvation Army","name2":"Bell Shelter/Wellness Center","street1":"5600 Rickenbacker Road","city":"Bell Gardens","county":"Los Angeles","zip":90201,"phone":"323-263-1206 x3292","website":"http://www.salvationarmysocal.org","type_facility":"SU","sa":1,"dt":null,"otp":null,"res":1,"op":null,"hi":null}},{"type":"Feature","geometry":{"type":"Point","coordinates":[-118.126878000002,33.8878800000012]},"properties":{"name1":"Little House Inc","name2":null,"street1":"9718 Harvard Street","city":"Bellflower","county":"Los Angeles","zip":90706,"phone":"562-925-2777","website":"http://www.littlehouseinc.org","type_facility":"SU","sa":1,"dt":null,"otp":null,"res":1,"op":null,"hi":1}},{"type":"Feature","geometry":{"type":"Point","coordinates":[-117.068513300002,32.6105494000012]},"properties":{"name1":"McAlister Institute for Trt and Educ","name2":"(MITE)/South Bay Regional Recovery Ctr","street1":"1180 3rd Avenue","city":"Chula Vista","county":"San Diego","zip":91911,"phone":"619-691-8164 x1102","website":"http://www.mcalisterinc.org","type_facility":"SU","sa":1,"dt":null,"otp":null,"res":null,"op":1,"hi":null}},{"type":"Feature","geometry":{"type":"Point","coordinates":[-117.933300000002,33.6255000000012]},"properties":{"name1":"Sober First Recovery LLC","name2":null,"street1":"- - -","city":"Newport Beach","county":"Orange","zip":92663,"phone":"949-390-6176","website":"http://www.pacificshoresrecovery.com","type_facility":"SU","sa":1,"dt":null,"otp":null,"res":null,"op":1,"hi":null}},{"type":"Feature","geometry":{"type":"Point","coordinates":[-117.933300000002,33.6255000000012]},"properties":{"name1":"Newport Beach Recovery Center","name2":null,"street1":"- - -","city":"Newport Beach","county":"Orange","zip":92663,"phone":"949-642-3697","website":"http://newportbeachrecoverycenter.com","type_facility":"SU","sa":1,"dt":1,"otp":null,"res":1,"op":null,"hi":null}},{"type":"Feature","geometry":{"type":"Point","coordinates":[-117.068847100002,32.6104073000013]},"properties":{"name1":"Community Research Foundation","name2":"South Bay Guidance Center","street1":"1196 3rd Avenue","city":"Chula Vista","county":"San Diego","zip":91911,"phone":"619-427-4661","website":"http://www.comresearch.org","type_facility":"SU","sa":1,"dt":null,"otp":null,"res":null,"op":1,"hi":null}},{"type":"Feature","geometry":{"type":"Point","coordinates":[-117.982004900002,33.6895743000012]},"properties":{"name1":"Hotel California by the Sea","name2":null,"street1":"18801 Flagstaff Lane","city":"Huntington Beach","county":"Orange","zip":92646,"phone":"800-762-6717","website":"http://www.HotelCaliforniaByTheSea.com","type_facility":"SU","sa":1,"dt":1,"otp":null,"res":1,"op":null,"hi":null}},{"type":"Feature","geometry":{"type":"Point","coordinates":[-118.239765200002,34.0459036000012]},"properties":{"name1":"LA Centers for Alcohol and Drug Abuse","name2":"Downtown LA Outpatient","street1":"305 South Central Avenue","city":"Los Angeles","county":"Los Angeles","zip":90013,"phone":"213-372-5233","website":"http://www.lacada.com","type_facility":"SU","sa":1,"dt":null,"otp":null,"res":null,"op":1,"hi":null}},{"type":"Feature","geometry":{"type":"Point","coordinates":[-118.344802300002,34.1995271000012]},"properties":{"name1":"Absolute Control Transitional","name2":"Counseling Center Inc","street1":"3111 Winona Avenue","city":"Burbank","county":"Los Angeles","zip":91504,"phone":"626-792-8797","website":"http://www.absolutecontroltreatment.com","type_facility":"SU","sa":1,"dt":1,"otp":null,"res":1,"op":1,"hi":null}},{"type":"Feature","geometry":{"type":"Point","coordinates":[-118.263700000002,34.0788000000012]},"properties":{"name1":"HiFi Recovery Corps","name2":null,"street1":"- - -","city":"Los Angeles","county":"Los Angeles","zip":90026,"phone":"213-330-1841","website":"http://myrecoverycorps.com","type_facility":"SU","sa":1,"dt":null,"otp":null,"res":null,"op":1,"hi":null}},{"type":"Feature","geometry":{"type":"Point","coordinates":[-118.240700000002,34.0443000000012]},"properties":{"name1":"Clinical Services Department","name2":"Weingart Center Association","street1":"566 South San Pedro Street","city":"Los Angeles","county":"Los Angeles","zip":90013,"phone":"213-833-5020","website":"http://www.weingart.org","type_facility":"SU","sa":1,"dt":null,"otp":null,"res":null,"op":1,"hi":null}},{"type":"Feature","geometry":{"type":"Point","coordinates":[-117.922314300002,33.6069941000012]},"properties":{"name1":"Ocean Recovery","name2":null,"street1":"1601 West Balboa Boulevard","city":"Newport Beach","county":"Orange","zip":92663,"phone":"949-723-2388","website":"http://www.oceanrecovery.com","type_facility":"SU","sa":1,"dt":null,"otp":null,"res":1,"op":null,"hi":null}},{"type":"Feature","geometry":{"type":"Point","coordinates":[-118.258102500002,34.0677902000012]},"properties":{"name1":"United American Indian Involvement","name2":null,"street1":"1453 West Temple Street","city":"Los Angeles","county":"Los Angeles","zip":90026,"phone":"213-202-3970","website":"http://www.uaii.org","type_facility":"SU","sa":1,"dt":null,"otp":null,"res":null,"op":1,"hi":null}},{"type":"Feature","geometry":{"type":"Point","coordinates":[-118.243091000002,34.0449287000012]},"properties":{"name1":"LA Centers for Alcohol and Drug Abuse","name2":"(LACADA)/Downtown","street1":"426 South San Pedro Avenue","city":"Los Angeles","county":"Los Angeles","zip":90013,"phone":"213-626-6411","website":"http://www.lacada.com","type_facility":"SU","sa":1,"dt":null,"otp":null,"res":null,"op":1,"hi":null}},{"type":"Feature","geometry":{"type":"Point","coordinates":[-117.988043600002,33.6917004000012]},"properties":{"name1":"R and R Recovery Services","name2":null,"street1":"18682 Beach Boulevard","city":"Huntington Beach","county":"Orange","zip":92648,"phone":"888-307-1769","website":"http://www.rnrrecovery.com","type_facility":"SU","sa":1,"dt":null,"otp":null,"res":null,"op":1,"hi":null}},{"type":"Feature","geometry":{"type":"Point","coordinates":[-117.968300000002,33.6654000000012]},"properties":{"name1":"South Coast Behavioral Health","name2":null,"street1":"- - -","city":"Huntington Beach","county":"Orange","zip":92646,"phone":"714-509-5917","website":"https://www.scbh.com","type_facility":"SU","sa":1,"dt":1,"otp":null,"res":1,"op":null,"hi":null}},{"type":"Feature","geometry":{"type":"Point","coordinates":[-117.968300000002,33.6654000000012]},"properties":{"name1":"Wavelengths Recovery LLC","name2":null,"street1":"- - -","city":"Huntington Beach","county":"Orange","zip":92646,"phone":"866-511-9966","website":"http://www.wavelengths.com","type_facility":"SU","sa":1,"dt":null,"otp":null,"res":null,"op":1,"hi":null}},{"type":"Feature","geometry":{"type":"Point","coordinates":[-117.960075600002,33.6524748000012]},"properties":{"name1":"Asana Recovery","name2":"Indian Wells","street1":"9612 Indian Wells Circle","city":"Huntington Beach","county":"Orange","zip":92646,"phone":"949-438-4504","website":"http://www.asanarecovery.com","type_facility":"SU","sa":1,"dt":1,"otp":null,"res":1,"op":null,"hi":1}},{"type":"Feature","geometry":{"type":"Point","coordinates":[-117.981687700002,33.6769656000012]},"properties":{"name1":"Hotel California by the Sea","name2":null,"street1":"19671 Ditmar Lane","city":"Huntington Beach","county":"Orange","zip":92646,"phone":"800-762-6717","website":"http://www.HotelCaliforniaByTheSea.com","type_facility":"SU","sa":1,"dt":1,"otp":null,"res":1,"op":null,"hi":null}},{"type":"Feature","geometry":{"type":"Point","coordinates":[-117.939526900002,33.6205856000012]},"properties":{"name1":"Hotel California by the Sea","name2":null,"street1":"4504 Seashore Drive","city":"Newport Beach","county":"Orange","zip":92663,"phone":"800-762-6717","website":"http://www.HotelCaliforniaByTheSea.com","type_facility":"SU","sa":1,"dt":null,"otp":null,"res":1,"op":null,"hi":null}},{"type":"Feature","geometry":{"type":"Point","coordinates":[-119.021588500002,35.3282498000011]},"properties":{"name1":"WestCare California Inc","name2":"Residential","street1":"2901 South H Street","city":"Bakersfield","county":"Kern","zip":93304,"phone":"559-251-4800","website":"http://www.westcare.com","type_facility":"SU","sa":1,"dt":null,"otp":null,"res":1,"op":null,"hi":null}},{"type":"Feature","geometry":{"type":"Point","coordinates":[-117.986813700002,33.6809796000012]},"properties":{"name1":"Hotel California by the Sea","name2":null,"street1":"19371 Worchester Lane","city":"Huntington Beach","county":"Orange","zip":92646,"phone":"800-762-6717","website":"http://www.HotelCaliforniaByTheSea.com","type_facility":"SU","sa":1,"dt":null,"otp":null,"res":1,"op":null,"hi":null}},{"type":"Feature","geometry":{"type":"Point","coordinates":[-117.988094800002,33.6825166000012]},"properties":{"name1":"Hotel California by the Sea","name2":"Huntington Beach","street1":"19240 Beach Boulevard","city":"Huntington Beach","county":"Orange","zip":92648,"phone":"800-762-6717","website":"http://www.HotelCaliforniaByTheSea.com","type_facility":"SU","sa":1,"dt":null,"otp":null,"res":null,"op":1,"hi":null}},{"type":"Feature","geometry":{"type":"Point","coordinates":[-117.988071900002,33.6817374000012]},"properties":{"name1":"Buckeye Recovery Network","name2":null,"street1":"19322 Beach Boulevard","city":"Huntington Beach","county":"Orange","zip":92648,"phone":"949-515-9191","website":"http://www.buckeyerecoverynetwork.com","type_facility":"SU","sa":1,"dt":null,"otp":null,"res":null,"op":1,"hi":null}},{"type":"Feature","geometry":{"type":"Point","coordinates":[-118.268892400002,34.0663435000012]},"properties":{"name1":"Special Services for Groups Inc","name2":"Pacific Asian Alcohol and Drug Program","street1":"2001 Beverly Boulevard","city":"Los Angeles","county":"Los Angeles","zip":90057,"phone":"213-413-1622","website":"https://www.ssg.org/what-we-do/behavioral-health/","type_facility":"SU","sa":1,"dt":null,"otp":null,"res":null,"op":1,"hi":null}},{"type":"Feature","geometry":{"type":"Point","coordinates":[-118.268810900002,34.0656549000011]},"properties":{"name1":"Addiction Research and Treatment Inc","name2":"(ART)","street1":"1926 West Beverly Boulevard","city":"Los Angeles","county":"Los Angeles","zip":90057,"phone":"213-353-1140","website":"http://baartprograms.com","type_facility":"SU","sa":1,"dt":1,"otp":1,"res":null,"op":1,"hi":null}},{"type":"Feature","geometry":{"type":"Point","coordinates":[-118.476200000002,34.3744000000011]},"properties":{"name1":"Valley Recovery Center","name2":"California Recovery Center","street1":"- - -","city":"Newhall","county":"Los Angeles","zip":91321,"phone":"818-571-9841","website":"http://www.valleyrecoverycenter.com","type_facility":"SU","sa":1,"dt":1,"otp":null,"res":1,"op":null,"hi":null}},{"type":"Feature","geometry":{"type":"Point","coordinates":[-118.271097700002,34.0660490000012]},"properties":{"name1":"Clinica Monsenor Oscar A Romero","name2":null,"street1":"123 South Alvarado Street","city":"Los Angeles","county":"Los Angeles","zip":90057,"phone":"213-989-7700","website":"http://www.clinicaromero.com","type_facility":"SU","sa":1,"dt":null,"otp":null,"res":null,"op":1,"hi":null}},{"type":"Feature","geometry":{"type":"Point","coordinates":[-119.244742000002,35.7699444000011]},"properties":{"name1":"Aegis Treatment Centers LLC","name2":null,"street1":"1019 Jefferson Street","city":"Delano","county":"Kern","zip":93215,"phone":"661-721-0463","website":"http://pinnacletreatment.com","type_facility":"SU","sa":1,"dt":1,"otp":1,"res":null,"op":1,"hi":null}},{"type":"Feature","geometry":{"type":"Point","coordinates":[-118.179406100002,33.9309257000012]},"properties":{"name1":"Kaiser Permanente Downey Med Ctr","name2":"Orchard Building A","street1":"9449 East Imperial Highway","city":"Downey","county":"Los Angeles","zip":90242,"phone":"562-657-2011","website":"http://healthy.kaiserpermanente.org/","type_facility":"SU","sa":1,"dt":1,"otp":null,"res":null,"op":1,"hi":null}},{"type":"Feature","geometry":{"type":"Point","coordinates":[-118.272023200002,34.0607469000011]},"properties":{"name1":"Social Model Recovery Systems","name2":"Royal Palms","street1":"360 South Westlake Avenue","city":"Los Angeles","county":"Los Angeles","zip":90057,"phone":"213-483-9201","website":"http://www.socialmodelrecovery.org","type_facility":"SU","sa":1,"dt":null,"otp":null,"res":1,"op":null,"hi":1}},{"type":"Feature","geometry":{"type":"Point","coordinates":[-118.291054300002,34.0879144000012]},"properties":{"name1":"Cri Help Inc","name2":"Socorro","street1":"4439, 4445 and 4455 Burns Avenue","city":"Los Angeles","county":"Los Angeles","zip":90029,"phone":"818-985-8323","website":"http://www.cri-help.org","type_facility":"SU","sa":1,"dt":1,"otp":null,"res":1,"op":null,"hi":null}},{"type":"Feature","geometry":{"type":"Point","coordinates":[-118.427788000002,34.2879429000012]},"properties":{"name1":"San Fernando Recovery Center","name2":null,"street1":"762 Griswold Avenue","city":"San Fernando","county":"Los Angeles","zip":91340,"phone":"747-500-9405","website":"http://www.sanfernandorecoverycenter.com","type_facility":"SU","sa":1,"dt":null,"otp":null,"res":1,"op":null,"hi":1}},{"type":"Feature","geometry":{"type":"Point","coordinates":[-118.271802300002,34.0558527000012]},"properties":{"name1":"Adapt Programs","name2":null,"street1":"1644 Wilshire Boulevard","city":"Los Angeles","county":"Los Angeles","zip":90017,"phone":"213-866-3913","website":"http://www.adaptprogramla.wixsite.com","type_facility":"SU","sa":1,"dt":null,"otp":null,"res":null,"op":1,"hi":null}},{"type":"Feature","geometry":{"type":"Point","coordinates":[-118.274891800002,34.0601677000012]},"properties":{"name1":"Sunrise Community Counseling Center","name2":null,"street1":"537 South Alvarado Street","city":"Los Angeles","county":"Los Angeles","zip":90057,"phone":"213-207-2770 x209","website":"http://www.sunriseccc.org","type_facility":"SU","sa":1,"dt":null,"otp":null,"res":null,"op":1,"hi":null}},{"type":"Feature","geometry":{"type":"Point","coordinates":[-118.507334200002,34.4094442000012]},"properties":{"name1":"Insight Treatment Programs","name2":null,"street1":"26330 Diamond Place","city":"Santa Clarita","county":"Los Angeles","zip":91350,"phone":"818-501-3512","website":"http://www.insighttreatment.com","type_facility":"SU","sa":1,"dt":null,"otp":null,"res":null,"op":1,"hi":null}},{"type":"Feature","geometry":{"type":"Point","coordinates":[-118.319597200002,34.1248051000012]},"properties":{"name1":"Alta Centers Inc","name2":null,"street1":"6100 Rodgerton Drive","city":"Los Angeles","county":"Los Angeles","zip":90068,"phone":"888-202-2583","website":"http://www.altacenters.com","type_facility":"SU","sa":1,"dt":1,"otp":null,"res":1,"op":null,"hi":null}},{"type":"Feature","geometry":{"type":"Point","coordinates":[-118.243541800002,34.0138943000012]},"properties":{"name1":"Volunteers of America","name2":"Central City Recovery","street1":"2521 Long Beach Avenue","city":"Los Angeles","county":"Los Angeles","zip":90058,"phone":"213-529-0963","website":"http://voala.org/services/adults/","type_facility":"SU","sa":1,"dt":1,"otp":null,"res":1,"op":null,"hi":null}},{"type":"Feature","geometry":{"type":"Point","coordinates":[-118.033741900002,33.7212489000012]},"properties":{"name1":"Center for Treatment of Addiction Inc","name2":null,"street1":"5500 Bolsa Avenue","city":"Huntington Beach","county":"Orange","zip":92649,"phone":"714-992-1677","website":"http://www.centerfortxofaddiction.com","type_facility":"SU","sa":1,"dt":null,"otp":null,"res":null,"op":1,"hi":null}},{"type":"Feature","geometry":{"type":"Point","coordinates":[-118.195242800002,33.9432088000011]},"properties":{"name1":"Compatior Inc","name2":null,"street1":"4363 Tweedy Boulevard","city":"South Gate","county":"Los Angeles","zip":90280,"phone":"323-378-2009 x1001","website":"http://www.compatior.org","type_facility":"SU","sa":1,"dt":null,"otp":null,"res":null,"op":1,"hi":null}},{"type":"Feature","geometry":{"type":"Point","coordinates":[-118.387372900002,34.2220016000012]},"properties":{"name1":"IADARP","name2":null,"street1":"8330 Lankershim Boulevard","city":"North Hollywood","county":null,"zip":91605,"phone":"818-252-1400","website":"http://I-adarp.org","type_facility":"SU","sa":1,"dt":null,"otp":null,"res":null,"op":1,"hi":null}},{"type":"Feature","geometry":{"type":"Point","coordinates":[-118.304370200002,34.0979965000012]},"properties":{"name1":"Hollywood Medical Rehabilitation Care","name2":null,"street1":"5232 West Sunset Boulevard","city":"Los Angeles","county":"Los Angeles","zip":90027,"phone":"323-660-0900","website":"http://www.hollywoodmrc.com","type_facility":"SU","sa":1,"dt":1,"otp":1,"res":null,"op":1,"hi":null}},{"type":"Feature","geometry":{"type":"Point","coordinates":[-118.513526100002,34.4130213000011]},"properties":{"name1":"Child and Family Center","name2":null,"street1":"21545 Centre Pointe Parkway","city":"Santa Clarita","county":"Los Angeles","zip":91350,"phone":"661-259-9439","website":"http://www.childfamilycenter.org","type_facility":"SU","sa":1,"dt":null,"otp":null,"res":null,"op":1,"hi":null}},{"type":"Feature","geometry":{"type":"Point","coordinates":[-118.252685100002,34.0218528000012]},"properties":{"name1":"Motivational Recovery Services Inc","name2":null,"street1":"2116-2118 South Central Avenue","city":"Los Angeles","county":"Los Angeles","zip":90011,"phone":"818-266-6959","website":"http://","type_facility":"SU","sa":1,"dt":null,"otp":null,"res":null,"op":1,"hi":null}},{"type":"Feature","geometry":{"type":"Point","coordinates":[-118.529774500002,34.4371917000011]},"properties":{"name1":"Healthy Living Residential Program","name2":null,"street1":"22512 Garzota Drive","city":"Santa Clarita","county":"Los Angeles","zip":91350,"phone":"661-523-7676","website":"http://healthylivingtreatment.com/","type_facility":"SU","sa":1,"dt":1,"otp":null,"res":1,"op":null,"hi":null}},{"type":"Feature","geometry":{"type":"Point","coordinates":[-118.133537200002,33.8530389000012]},"properties":{"name1":"Positive Steps Inc","name2":null,"street1":"5230 North Clark Avenue","city":"Lakewood","county":"Los Angeles","zip":90712,"phone":"562-804-2700","website":"http://www.positivestepsinc.com","type_facility":"SU","sa":1,"dt":null,"otp":null,"res":null,"op":1,"hi":null}},{"type":"Feature","geometry":{"type":"Point","coordinates":[-118.005400000002,33.6784000000012]},"properties":{"name1":"Wavelengths Recovery LLC","name2":null,"street1":"- - -","city":"Huntington Beach","county":"Orange","zip":92648,"phone":"844-738-2769","website":"http://www.wavelengths.com","type_facility":"SU","sa":1,"dt":1,"otp":null,"res":1,"op":null,"hi":null}},{"type":"Feature","geometry":{"type":"Point","coordinates":[-118.005400000002,33.6784000000012]},"properties":{"name1":"Beachview Treatment LLC","name2":null,"street1":"- - -","city":"Huntington Beach","county":"Orange","zip":92648,"phone":"253-653-2243","website":"http://www.beachviewrecovery.com","type_facility":"SU","sa":1,"dt":1,"otp":null,"res":1,"op":null,"hi":null}},{"type":"Feature","geometry":{"type":"Point","coordinates":[-118.206379500002,33.9536017000012]},"properties":{"name1":"LA Centers for Alcohol and Drug Abuse","name2":"Nuestra Casa","street1":"8919 and 8921 California Avenue","city":"South Gate","county":"Los Angeles","zip":90280,"phone":"562-777-7500","website":"http://www.lacada.com","type_facility":"SU","sa":1,"dt":null,"otp":null,"res":1,"op":null,"hi":null}},{"type":"Feature","geometry":{"type":"Point","coordinates":[-118.199415200002,33.9432860000012]},"properties":{"name1":"Safety Consultant Services Inc","name2":null,"street1":"4120 Tweedy Boulevard","city":"South Gate","county":"Los Angeles","zip":90280,"phone":"323-567-0527","website":"http://safetyconsultantservicesinc.com","type_facility":"SU","sa":1,"dt":null,"otp":null,"res":null,"op":1,"hi":null}},{"type":"Feature","geometry":{"type":"Point","coordinates":[-119.061409200002,35.3641175000012]},"properties":{"name1":"Kern County Hispanic Commission on Alc","name2":"KCHC Outpatient Recovery Services","street1":"1001 Tower Way","city":"Bakersfield","county":"Kern","zip":93309,"phone":"661-634-9877","website":"http://www.abuseservices.org","type_facility":"SU","sa":1,"dt":null,"otp":null,"res":null,"op":1,"hi":null}},{"type":"Feature","geometry":{"type":"Point","coordinates":[-119.249848300002,35.7543596000011]},"properties":{"name1":"Clinica Sierra Vista","name2":"Delano BH/SUD Clinic","street1":"355 South Dover Park Way","city":"Delano","county":"Kern","zip":93215,"phone":"661-725-2785","website":"http://www.clinicasierravista.org","type_facility":"SU","sa":1,"dt":null,"otp":null,"res":null,"op":1,"hi":null}},{"type":"Feature","geometry":{"type":"Point","coordinates":[-118.291008600002,34.0714843000012]},"properties":{"name1":"Social Model Recovery Systems","name2":"Bimini","street1":"155 South Bimini Place","city":"Los Angeles","county":"Los Angeles","zip":90004,"phone":"213-388-5423 x203","website":"http://www.socialmodel.com","type_facility":"SU","sa":1,"dt":null,"otp":null,"res":1,"op":null,"hi":null}},{"type":"Feature","geometry":{"type":"Point","coordinates":[-119.061285400002,35.3595460000011]},"properties":{"name1":"Pacific Health Education Cognitive Ctr","name2":null,"street1":"5300 California Avenue","city":"Bakersfield","county":"Kern","zip":93309,"phone":"661-889-2281","website":"http://cognitivecenter.us","type_facility":"SU","sa":1,"dt":null,"otp":null,"res":null,"op":1,"hi":null}},{"type":"Feature","geometry":{"type":"Point","coordinates":[-117.996850600002,33.6596510000012]},"properties":{"name1":"Partners Project Inc","name2":"Sober Partners Beach House","street1":"233 Alabama Street","city":"Huntington Beach","county":"Orange","zip":92648,"phone":"657-259-0321","website":"http://www.soberpartners.com","type_facility":"SU","sa":1,"dt":1,"otp":null,"res":1,"op":null,"hi":1}},{"type":"Feature","geometry":{"type":"Point","coordinates":[-117.996849500002,33.6595762000012]},"properties":{"name1":"Partners Project Inc","name2":"Sober Partners Reef House","street1":"231 Alabama Street","city":"Huntington Beach","county":"Orange","zip":92648,"phone":"855-997-2786","website":"http://www.soberpartners.com","type_facility":"SU","sa":1,"dt":1,"otp":null,"res":1,"op":null,"hi":1}},{"type":"Feature","geometry":{"type":"Point","coordinates":[-118.038300000002,33.7144000000012]},"properties":{"name1":"South Coast Behavioral Health","name2":null,"street1":"- - -","city":"Huntington Beach","county":"Orange","zip":92649,"phone":"714-509-5920","website":"https://www.scbh.com","type_facility":"SU","sa":1,"dt":1,"otp":null,"res":1,"op":null,"hi":null}},{"type":"Feature","geometry":{"type":"Point","coordinates":[-118.123858500002,33.8291353000012]},"properties":{"name1":"Gratitude Lodge","name2":null,"street1":"3849 Chatwin Avenue","city":"Long Beach","county":"Los Angeles","zip":90808,"phone":"562-620-5663","website":"https://www.gratitudelodge.com","type_facility":"SU","sa":1,"dt":1,"otp":null,"res":1,"op":null,"hi":null}},{"type":"Feature","geometry":{"type":"Point","coordinates":[-118.420300000002,34.2561000000012]},"properties":{"name1":"Didi Hirsch Mental Health Services","name2":"Via Avanta","street1":"- - -","city":"Pacoima","county":"Los Angeles","zip":91331,"phone":"818-897-2609","website":"http://www.didihirsch.org","type_facility":"SU","sa":1,"dt":null,"otp":null,"res":1,"op":null,"hi":null}},{"type":"Feature","geometry":{"type":"Point","coordinates":[-118.281688200002,34.0494416000012]},"properties":{"name1":"Alcoholism Center for Women","name2":"Miracle House","street1":"1135 South Alvarado Street","city":"Los Angeles","county":"Los Angeles","zip":90006,"phone":"213-381-8534","website":"http://www.acwla.org","type_facility":"SU","sa":1,"dt":null,"otp":null,"res":1,"op":null,"hi":null}},{"type":"Feature","geometry":{"type":"Point","coordinates":[-118.188763100002,33.9171880000012]},"properties":{"name1":"BAART Behavioral Health Services Inc ","name2":"Baymark Addiction Research and Trt","street1":"11682 Atlantic Boulevard","city":"Lynwood","county":"Los Angeles","zip":90262,"phone":"310-537-5883","website":"http://www.baartprograms.com","type_facility":"SU","sa":1,"dt":1,"otp":1,"res":1,"op":1,"hi":null}},{"type":"Feature","geometry":{"type":"Point","coordinates":[-118.267782600002,34.0292386000012]},"properties":{"name1":"HealthRIGHT 360 ","name2":"Outpatient Program","street1":"145 West 22nd Street","city":"Los Angeles","county":"Los Angeles","zip":90007,"phone":"213-741-3757","website":"http://www.healthright360.org/","type_facility":"SU","sa":1,"dt":null,"otp":null,"res":null,"op":1,"hi":null}},{"type":"Feature","geometry":{"type":"Point","coordinates":[-118.281913000002,34.0491052000012]},"properties":{"name1":"Alcoholism Center for Women","name2":"Outpatient Services","street1":"1147 South Alvarado Street","city":"Los Angeles","county":"Los Angeles","zip":90006,"phone":"213-381-8500","website":"http://www.acwla.org","type_facility":"SU","sa":1,"dt":null,"otp":null,"res":null,"op":1,"hi":null}},{"type":"Feature","geometry":{"type":"Point","coordinates":[-118.314347000002,34.0946220000012]},"properties":{"name1":"La Fuente Hollywood Treatment Ctr LLC","name2":null,"street1":"5718 Fountain Avenue","city":"Los Angeles","county":"Los Angeles","zip":90028,"phone":"323-464-2947","website":"https://lafuentehollywood.com","type_facility":"SU","sa":1,"dt":1,"otp":null,"res":1,"op":1,"hi":null}},{"type":"Feature","geometry":{"type":"Point","coordinates":[-118.329600700002,34.1159868000011]},"properties":{"name1":"Ritz Recovery","name2":null,"street1":"6451 Weidlake Drive","city":"Los Angeles","county":"Los Angeles","zip":90068,"phone":"213-802-2202","website":"http://www.ritzrecovery.com","type_facility":"SU","sa":1,"dt":1,"otp":null,"res":1,"op":null,"hi":1}},{"type":"Feature","geometry":{"type":"Point","coordinates":[-118.533048700002,34.4206653000011]},"properties":{"name1":"Action Family Counseling","name2":"Action Drug Rehabs","street1":"22722 Soledad Canyon Road","city":"Santa Clarita","county":"Los Angeles","zip":91350,"phone":"800-367-8336","website":"http://www.actiondrugrehabs.com","type_facility":"SU","sa":1,"dt":null,"otp":null,"res":null,"op":1,"hi":null}},{"type":"Feature","geometry":{"type":"Point","coordinates":[-118.371669800002,34.1724360000012]},"properties":{"name1":"CRI Help Inc","name2":"The George T Pfleger Center","street1":"11027 Burbank Boulevard","city":"North Hollywood","county":"Los Angeles","zip":91601,"phone":"818-985-8323","website":"http://www.cri-help.org","type_facility":"SU","sa":1,"dt":1,"otp":null,"res":1,"op":null,"hi":1}},{"type":"Feature","geometry":{"type":"Point","coordinates":[-119.072356600002,35.3623003000011]},"properties":{"name1":"Aegis Treatment Centers LLC","name2":null,"street1":"6001 Truxtun Avenue","city":"Bakersfield","county":"Kern","zip":93309,"phone":"661-218-2108","website":"http://pinnacletreatment.com","type_facility":"SU","sa":1,"dt":null,"otp":1,"res":null,"op":1,"hi":null}},{"type":"Feature","geometry":{"type":"Point","coordinates":[-118.311200000002,34.0763000000012]},"properties":{"name1":"Recovery Corps Health Group LLC","name2":null,"street1":"- - -","city":"Los Angeles","county":"Los Angeles","zip":90004,"phone":"213-330-1841","website":"http://myrecoverycorps.com","type_facility":"SU","sa":1,"dt":1,"otp":null,"res":1,"op":null,"hi":null}},{"type":"Feature","geometry":{"type":"Point","coordinates":[-118.303773600002,34.0638745000012]},"properties":{"name1":"Koreatown Youth and Community Center","name2":null,"street1":"3727 West 6th Street","city":"Los Angeles","county":"Los Angeles","zip":90020,"phone":"213-365-7400","website":"http://www.kyccla.org","type_facility":"SU","sa":1,"dt":null,"otp":null,"res":null,"op":1,"hi":null}},{"type":"Feature","geometry":{"type":"Point","coordinates":[-118.275332900002,34.0223529000012]},"properties":{"name1":"Salvation Army","name2":"Hope Harbor Center","street1":"3107 South Grand Avenue","city":"Los Angeles","county":"Los Angeles","zip":90007,"phone":"213-744-8186 x207","website":"http://www.salvationarmy-socal.org","type_facility":"SU","sa":1,"dt":null,"otp":null,"res":1,"op":null,"hi":null}},{"type":"Feature","geometry":{"type":"Point","coordinates":[-118.310300000002,34.0664000000012]},"properties":{"name1":"Peggy Albrecht Friendly House","name2":null,"street1":"- - -","city":"Los Angeles","county":"Los Angeles","zip":90020,"phone":"213-389-9964","website":"http://www.friendlyhousela.org","type_facility":"SU","sa":1,"dt":1,"otp":null,"res":1,"op":null,"hi":null}},{"type":"Feature","geometry":{"type":"Point","coordinates":[-119.060612000002,35.3164545000011]},"properties":{"name1":"Bakersfield Behavioral Healthcare","name2":"Hospital LLC (BBHH)","street1":"5201 White Lane","city":"Bakersfield","county":"Kern","zip":93309,"phone":"661-398-1800","website":"http://www.bakersfieldbehavioral.com","type_facility":"SU","sa":1,"dt":1,"otp":null,"res":null,"op":1,"hi":1}},{"type":"Feature","geometry":{"type":"Point","coordinates":[-118.264831200002,33.9980940000011]},"properties":{"name1":"BAART Programs Southeast","name2":"Addiction Research and Treatment (ART)","street1":"4920 Avalon Boulevard","city":"Los Angeles","county":"Los Angeles","zip":90011,"phone":"214-379-3300 x1727","website":"http://baartprograms.com","type_facility":"SU","sa":1,"dt":null,"otp":1,"res":null,"op":1,"hi":null}},{"type":"Feature","geometry":{"type":"Point","coordinates":[-118.168905500002,33.8612844000012]},"properties":{"name1":"LA Centers for Alcohol and Drug Abuse","name2":"Long Beach Outpatient","street1":"5861 Cherry Avenue","city":"Long Beach","county":"Los Angeles","zip":90805,"phone":"562-777-7500","website":"http://www.lacada.com","type_facility":"SU","sa":1,"dt":null,"otp":null,"res":null,"op":1,"hi":null}},{"type":"Feature","geometry":{"type":"Point","coordinates":[-118.279583800002,34.0154226000012]},"properties":{"name1":"Amity Foundation","name2":"Amistad de Los Angeles","street1":"3745 South Grand Avenue","city":"Los Angeles","county":"Los Angeles","zip":90007,"phone":"877-301-0785","website":"http://www.amityfdn.org","type_facility":"SU","sa":1,"dt":null,"otp":null,"res":1,"op":null,"hi":null}},{"type":"Feature","geometry":{"type":"Point","coordinates":[-118.364166600002,34.1353743000011]},"properties":{"name1":"Luxe Recovery","name2":null,"street1":"3928 Fredonia Drive","city":"Los Angeles","county":"Los Angeles","zip":90068,"phone":"866-589-3338","website":"http://www.luxerecovery.com","type_facility":"SU","sa":1,"dt":1,"otp":null,"res":1,"op":null,"hi":null}},{"type":"Feature","geometry":{"type":"Point","coordinates":[-117.112185000002,32.5829860000013]},"properties":{"name1":"Family Health Centers of San Diego Inc","name2":"South Bay BH/Solutions for Recovery","street1":"740 10th Street","city":"Imperial Beach","county":"San Diego","zip":91932,"phone":"649-906-5323","website":"http://www.fhcsd.org","type_facility":"SU","sa":1,"dt":null,"otp":null,"res":null,"op":1,"hi":null}},{"type":"Feature","geometry":{"type":"Point","coordinates":[-118.529430000002,34.3847030000011]},"properties":{"name1":"El Dorado Community Services","name2":"Santa Clarita Medical","street1":"24625 Arch Street","city":"Newhall","county":"Los Angeles","zip":91321,"phone":"661-288-2644","website":"http://americanhealthservices.org","type_facility":"SU","sa":1,"dt":1,"otp":1,"res":null,"op":1,"hi":null}},{"type":"Feature","geometry":{"type":"Point","coordinates":[-118.248002600002,33.9660488000012]},"properties":{"name1":"Tessie Cleveland Community Servs Corp","name2":null,"street1":"8019 South Compton Avenue","city":"Los Angeles","county":"Los Angeles","zip":90001,"phone":"323-586-7333","website":"http://www.tccsc.org","type_facility":"SU","sa":1,"dt":null,"otp":null,"res":null,"op":1,"hi":null}},{"type":"Feature","geometry":{"type":"Point","coordinates":[-118.340000000002,34.0977144000011]},"properties":{"name1":"Behavioral Health Services","name2":"Hollywood Family Recovery Center","street1":"6838 Sunset Boulevard","city":"Los Angeles","county":"Los Angeles","zip":90028,"phone":"323-461-3161 x3817","website":"http://www.bhs-inc.org","type_facility":"SU","sa":1,"dt":null,"otp":null,"res":null,"op":1,"hi":null}},{"type":"Feature","geometry":{"type":"Point","coordinates":[-118.291829400002,34.0272130000012]},"properties":{"name1":"People Coord Servs of Southern CA","name2":"Castle Substance Abuse Prog/Outpt","street1":"3021 South Vermont Avenue","city":"Los Angeles","county":"Los Angeles","zip":90007,"phone":"323-734-1143","website":"http://www.pcssocal.org","type_facility":"SU","sa":1,"dt":null,"otp":null,"res":null,"op":1,"hi":null}},{"type":"Feature","geometry":{"type":"Point","coordinates":[-118.418904300002,34.2111231000012]},"properties":{"name1":"LA Valley Recovery","name2":null,"street1":"7744 Mary Ellen Avenue","city":"North Hollywood","county":"Los Angeles","zip":91605,"phone":"844-777-5287","website":"http://www.lavalleyrecovery.com","type_facility":"SU","sa":1,"dt":1,"otp":null,"res":1,"op":null,"hi":null}},{"type":"Feature","geometry":{"type":"Point","coordinates":[-118.241012800002,33.9479556000012]},"properties":{"name1":"Canon Human Services Centers Inc","name2":"Brown Scapular Program","street1":"9705 South Holmes Avenue","city":"Los Angeles","county":"Los Angeles","zip":90002,"phone":"323-249-9097","website":"http://canonhumanservices.com","type_facility":"SU","sa":1,"dt":null,"otp":null,"res":1,"op":null,"hi":null}},{"type":"Feature","geometry":{"type":"Point","coordinates":[-118.310628900002,34.0465671000012]},"properties":{"name1":"People Coord Servs of Southern CA","name2":"Castle Subst Abuse Prog/Residential","street1":"1319 South Manhattan Place","city":"Los Angeles","county":"Los Angeles","zip":90019,"phone":"323-734-1143","website":"http://www.pcssocal.org","type_facility":"SU","sa":1,"dt":null,"otp":null,"res":1,"op":null,"hi":null}},{"type":"Feature","geometry":{"type":"Point","coordinates":[-118.225890100002,33.9233014000012]},"properties":{"name1":"Shields for Families","name2":"Genesis","street1":"2620 Industry Way","city":"Lynwood","county":"Los Angeles","zip":90262,"phone":"323-242-5000 x1200","website":"http://www.shieldsforfamilies.org","type_facility":"SU","sa":1,"dt":null,"otp":null,"res":null,"op":1,"hi":null}},{"type":"Feature","geometry":{"type":"Point","coordinates":[-118.229051000002,33.9268095000011]},"properties":{"name1":"Shields for Families","name2":"Ark","street1":"11705 Deputy Yamamoto Place","city":"Lynwood","county":"Los Angeles","zip":90262,"phone":"323-242-5000 x1200","website":"http://www.shieldsforfamilies.org","type_facility":"SU","sa":1,"dt":null,"otp":null,"res":null,"op":1,"hi":null}},{"type":"Feature","geometry":{"type":"Point","coordinates":[-118.273401000002,33.9883999000012]},"properties":{"name1":"County of Los Angeles","name2":"Hubert H Humphrey Comprehensive Health","street1":"5850 South Main Street","city":"Los Angeles","county":"Los Angeles","zip":90003,"phone":"323-897-6065","website":"http://dhs.lacounty.gov","type_facility":"SU","sa":1,"dt":null,"otp":null,"res":null,"op":1,"hi":null}},{"type":"Feature","geometry":{"type":"Point","coordinates":[-118.278034100002,33.9937062000012]},"properties":{"name1":"Canon Human Services Centers Inc","name2":null,"street1":"5318 and 5320 South Broadway","city":"Los Angeles","county":"Los Angeles","zip":90037,"phone":"323-325-7510","website":"http://canonhumanservices.com","type_facility":"SU","sa":1,"dt":null,"otp":null,"res":null,"op":1,"hi":null}},{"type":"Feature","geometry":{"type":"Point","coordinates":[-118.247000000002,33.9489000000012]},"properties":{"name1":"AMAAD Institute","name2":null,"street1":"10221 South Compton Ave","city":"Los Angeles","county":"Los Angeles","zip":90002,"phone":"323-569-1610","website":"http://amaad.org","type_facility":"SU","sa":1,"dt":null,"otp":null,"res":null,"op":1,"hi":null}},{"type":"Feature","geometry":{"type":"Point","coordinates":[-118.347494100002,34.0908508000012]},"properties":{"name1":"MBI Health Services Inc","name2":null,"street1":"7231 Santa Monica Boulevard","city":"Los Angeles","county":"Los Angeles","zip":90046,"phone":"213-946-0002","website":"https://www.mbihsca.com","type_facility":"SU","sa":1,"dt":1,"otp":null,"res":null,"op":1,"hi":null}},{"type":"Feature","geometry":{"type":"Point","coordinates":[-118.449939000002,34.2424965000012]},"properties":{"name1":"Western Pacific Med Corp","name2":"Western Pacific Panorama","street1":"9462 Van Nuys Boulevard","city":"Panorama City","county":"Los Angeles","zip":91402,"phone":"818-956-3737","website":"http://www.westpacmed.com","type_facility":"SU","sa":1,"dt":1,"otp":1,"res":null,"op":1,"hi":null}},{"type":"Feature","geometry":{"type":"Point","coordinates":[-118.449940000002,34.2424935000012]},"properties":{"name1":"Western Pacific Re Hab","name2":"Western Pacific Panorama RH","street1":"9462 Van Nuys Boulevard","city":"Panorama City","county":"Los Angeles","zip":91402,"phone":"818-956-3737","website":"http://www.westpacmed.com","type_facility":"SU","sa":1,"dt":1,"otp":1,"res":null,"op":1,"hi":null}},{"type":"Feature","geometry":{"type":"Point","coordinates":[-118.278676300002,33.9902282000012]},"properties":{"name1":"Special Services for Groups Inc","name2":"HOPICS","street1":"5715 South Broadway","city":"Los Angeles","county":"Los Angeles","zip":90037,"phone":"323-948-0444","website":"http://www.hopics.org","type_facility":"SU","sa":1,"dt":null,"otp":null,"res":null,"op":1,"hi":null}},{"type":"Feature","geometry":{"type":"Point","coordinates":[-118.396295300002,34.1587026000011]},"properties":{"name1":"Western Pacific Med Corp","name2":"Western Pacific North Hollywood","street1":"4838 Laurel Canyon Boulevard","city":"Valley Village","county":"Los Angeles","zip":91607,"phone":"818-956-3737","website":"http://www.westpacmed.com","type_facility":"SU","sa":1,"dt":1,"otp":1,"res":null,"op":1,"hi":null}},{"type":"Feature","geometry":{"type":"Point","coordinates":[-118.449721100002,34.2366658000011]},"properties":{"name1":"El Proyecto del Barrio Inc","name2":null,"street1":"9140 Van Nuys Boulevard","city":"Panorama City","county":"Los Angeles","zip":91402,"phone":"818-895-2206","website":"http://www.elproyecto.us","type_facility":"SU","sa":1,"dt":null,"otp":null,"res":null,"op":1,"hi":null}},{"type":"Feature","geometry":{"type":"Point","coordinates":[-119.111392700002,35.3702803000011]},"properties":{"name1":"Aspire Counseling Services","name2":null,"street1":"9830 Brimhall Road","city":"Bakersfield","county":"Kern","zip":93312,"phone":"888-585-7373","website":"http://www.aspirecounselingservice.com","type_facility":"SU","sa":1,"dt":null,"otp":null,"res":null,"op":1,"hi":null}},{"type":"Feature","geometry":{"type":"Point","coordinates":[-118.545684400002,34.3780715000011]},"properties":{"name1":"Safety Consultant Services Inc","name2":null,"street1":"25044 Peachland Avenue","city":"Newhall","county":"Los Angeles","zip":91321,"phone":"661-255-7720","website":"http://safetyconsultantservicesinc.com","type_facility":"SU","sa":1,"dt":null,"otp":null,"res":null,"op":1,"hi":null}},{"type":"Feature","geometry":{"type":"Point","coordinates":[-118.466915700002,34.2556436000011]},"properties":{"name1":"GPS Treatment","name2":"Conclusions Treatment Center","street1":"10200 Sepulveda Boulevard","city":"Mission Hills","county":"Los Angeles","zip":91345,"phone":"818-221-3076","website":"http://www.conclusionstreatment.com","type_facility":"SU","sa":1,"dt":null,"otp":null,"res":null,"op":1,"hi":null}},{"type":"Feature","geometry":{"type":"Point","coordinates":[-118.450589600002,34.2260999000012]},"properties":{"name1":"Bienestar Human Services","name2":null,"street1":"8551 Vesper Avenue","city":"Panorama City","county":"Los Angeles","zip":91402,"phone":"866-590-6411 x302","website":"http://www.bienestar.org","type_facility":"SU","sa":1,"dt":null,"otp":null,"res":null,"op":1,"hi":null}},{"type":"Feature","geometry":{"type":"Point","coordinates":[-118.193561500002,33.8540693000012]},"properties":{"name1":"West County Medical Clinic","name2":null,"street1":"100 East Market Street","city":"Long Beach","county":"Los Angeles","zip":90805,"phone":"562-428-4222","website":"http://www.americanhealthservices.org","type_facility":"SU","sa":1,"dt":1,"otp":1,"res":null,"op":1,"hi":null}},{"type":"Feature","geometry":{"type":"Point","coordinates":[-118.351930900002,34.0779297000011]},"properties":{"name1":"Revive Detox","name2":null,"street1":"360 North Vista Street","city":"Los Angeles","county":"Los Angeles","zip":90036,"phone":"844-467-3848","website":"http://www.revivedetoxlosangeles.com","type_facility":"SU","sa":1,"dt":1,"otp":null,"res":1,"op":null,"hi":null}},{"type":"Feature","geometry":{"type":"Point","coordinates":[-118.197105500002,33.8564774000012]},"properties":{"name1":"Safety Consultant Services Inc","name2":null,"street1":"5518 North Long Beach Boulevard","city":"Long Beach","county":"Los Angeles","zip":90805,"phone":"562-428-6426","website":"http://safetyconsultantservicesinc.com","type_facility":"SU","sa":1,"dt":null,"otp":null,"res":null,"op":1,"hi":null}},{"type":"Feature","geometry":{"type":"Point","coordinates":[-120.175600000002,39.356900000001]},"properties":{"name1":"Granite Wellness Centers","name2":"Truckee Service Center","street1":"- - -","city":"Truckee","county":"Nevada","zip":96161,"phone":"530-587-8194","website":"http://www.granitewellness.org","type_facility":"SU","sa":1,"dt":null,"otp":null,"res":null,"op":1,"hi":null}},{"type":"Feature","geometry":{"type":"Point","coordinates":[-118.185312800002,33.8300515000012]},"properties":{"name1":"Roots Through Recovery","name2":null,"street1":"3939 Atlantic Avenue","city":"Long Beach","county":"Los Angeles","zip":90807,"phone":"562-471-7710","website":"http://www.roots-recovery.com","type_facility":"SU","sa":1,"dt":1,"otp":null,"res":null,"op":1,"hi":null}},{"type":"Feature","geometry":{"type":"Point","coordinates":[-118.282966600002,33.9663675000012]},"properties":{"name1":"Watts Healthcare Corp Inc","name2":"House of Uhuru","street1":"8005 South Figueroa Street","city":"Los Angeles","county":"Los Angeles","zip":90003,"phone":"323-568-5400 x5419","website":"http://www.wattshealth.org","type_facility":"SU","sa":1,"dt":null,"otp":null,"res":1,"op":1,"hi":null}},{"type":"Feature","geometry":{"type":"Point","coordinates":[-118.465816700002,34.2322255000011]},"properties":{"name1":"Penny Lane Centers","name2":null,"street1":"15305 Rayen Street","city":"North Hills","county":"Los Angeles","zip":91343,"phone":"818-892-3423","website":"http://www.pennylane.org","type_facility":"SU","sa":1,"dt":null,"otp":null,"res":null,"op":1,"hi":null}},{"type":"Feature","geometry":{"type":"Point","coordinates":[-118.406566100002,34.1426520000011]},"properties":{"name1":"Malibu Recovery Center","name2":null,"street1":"12532 Ventura Boulevard","city":"Studio City","county":"Los Angeles","zip":91604,"phone":"818-358-2460","website":"https://malibudetox.com/","type_facility":"SU","sa":1,"dt":null,"otp":null,"res":null,"op":1,"hi":null}},{"type":"Feature","geometry":{"type":"Point","coordinates":[-118.152199500002,33.7798541000012]},"properties":{"name1":"Safe Refuge","name2":null,"street1":"1046 Redondo Avenue","city":"Long Beach","county":"Los Angeles","zip":90804,"phone":"562-987-5722 x103","website":"http://www.asaferefuge.org","type_facility":"SU","sa":1,"dt":null,"otp":null,"res":null,"op":1,"hi":null}},{"type":"Feature","geometry":{"type":"Point","coordinates":[-118.431600000002,34.1781000000011]},"properties":{"name1":"Choice and Change","name2":"Shawna Greene","street1":"- - -","city":"Van Nuys","county":"Los Angeles","zip":91401,"phone":"818-815-9394","website":"http://choiceandchange.net","type_facility":"SU","sa":1,"dt":null,"otp":null,"res":null,"op":1,"hi":null}},{"type":"Feature","geometry":{"type":"Point","coordinates":[-118.173600000002,33.8078000000012]},"properties":{"name1":"Tarzana Treatment Centers","name2":"Long Beach","street1":"5190 Atlantic Avenue","city":"Long Beach","county":"Los Angeles","zip":90806,"phone":"800-996-1051","website":"http://www.tarzanatc.org","type_facility":"SU","sa":1,"dt":1,"otp":null,"res":null,"op":1,"hi":null}},{"type":"Feature","geometry":{"type":"Point","coordinates":[-118.562865600002,34.3770901000011]},"properties":{"name1":"National Council on Alc and Drug Dep","name2":"San Fernando Valley","street1":"24460 Lyons Avenue","city":"Newhall","county":"Los Angeles","zip":91321,"phone":"661-253-9400 x211","website":"http://www.ncadd-sfv.org","type_facility":"SU","sa":1,"dt":null,"otp":null,"res":null,"op":1,"hi":null}},{"type":"Feature","geometry":{"type":"Point","coordinates":[-118.447584500002,34.2005255000011]},"properties":{"name1":"High Road Program","name2":null,"street1":"14430 Sherman Way","city":"Van Nuys","county":"Los Angeles","zip":91405,"phone":"818-785-9119","website":"http://www.highroadprogram.org","type_facility":"SU","sa":1,"dt":null,"otp":null,"res":null,"op":1,"hi":null}},{"type":"Feature","geometry":{"type":"Point","coordinates":[-118.363319600002,34.0758544000011]},"properties":{"name1":"Westwind Recovery","name2":null,"street1":"7966 Beverly Boulevard","city":"Los Angeles","county":"Los Angeles","zip":90048,"phone":"800-223-5759","website":"http://www.westwindrecovery.com","type_facility":"SU","sa":1,"dt":null,"otp":null,"res":null,"op":1,"hi":null}},{"type":"Feature","geometry":{"type":"Point","coordinates":[-118.155546000002,33.7818711000012]},"properties":{"name1":"Safe Refuge","name2":null,"street1":"728 1/2 Freeman Avenue","city":"Long Beach","county":"Los Angeles","zip":90804,"phone":"562-987-5722 x103","website":"http://www.asaferefuge.org","type_facility":"SU","sa":1,"dt":null,"otp":null,"res":1,"op":null,"hi":null}},{"type":"Feature","geometry":{"type":"Point","coordinates":[-118.154902200002,33.7804705000012]},"properties":{"name1":"Safe Refuge","name2":null,"street1":"1085 Obispo Avenue","city":"Long Beach","county":"Los Angeles","zip":90804,"phone":"562-987-5722 x103","website":"http://www.asaferefuge.org","type_facility":"SU","sa":1,"dt":null,"otp":null,"res":1,"op":null,"hi":null}},{"type":"Feature","geometry":{"type":"Point","coordinates":[-118.284591500002,33.9597773000012]},"properties":{"name1":"You Can Health Services","name2":"Substance Abuse Treatment Program","street1":"600 West Manchester Avenue","city":"Los Angeles","county":"Los Angeles","zip":90044,"phone":"323-750-9247","website":"http://www.youcanhealthservices.com","type_facility":"SU","sa":1,"dt":null,"otp":null,"res":null,"op":1,"hi":null}},{"type":"Feature","geometry":{"type":"Point","coordinates":[-118.353181900002,34.0576786000012]},"properties":{"name1":"Chabad Residential","name2":"Treatment Center","street1":"5675 West Olympic Boulevard","city":"Los Angeles","county":"Los Angeles","zip":90036,"phone":"323-965-1365","website":"http://www.chabadrehab.com","type_facility":"SU","sa":1,"dt":null,"otp":null,"res":1,"op":null,"hi":null}},{"type":"Feature","geometry":{"type":"Point","coordinates":[-118.468101900002,34.2255050000012]},"properties":{"name1":"Mission City Community Network","name2":null,"street1":"8527 Sepulveda Boulevard","city":"North Hills","county":"Los Angeles","zip":91343,"phone":"818-895-3100 x237","website":"https://mccn.org/","type_facility":"SU","sa":1,"dt":null,"otp":null,"res":null,"op":1,"hi":null}},{"type":"Feature","geometry":{"type":"Point","coordinates":[-118.154804900002,33.7759164000012]},"properties":{"name1":"Safe Refuge","name2":null,"street1":"729 Obispo Avenue","city":"Long Beach","county":"Los Angeles","zip":90804,"phone":"562-987-5722 x103","website":"http://www.asaferefuge.org","type_facility":"SU","sa":1,"dt":null,"otp":null,"res":1,"op":null,"hi":null}},{"type":"Feature","geometry":{"type":"Point","coordinates":[-119.742998600002,36.843123200001]},"properties":{"name1":"Herndon Recovery Center","name2":"Satnam S Atwal MD","street1":"7361 North Sierra Vista Avenue","city":"Fresno","county":"Fresno","zip":93720,"phone":"559-298-5111 x2","website":"http://Herndonrecovery.com","type_facility":"SU","sa":1,"dt":1,"otp":null,"res":1,"op":1,"hi":null}},{"type":"Feature","geometry":{"type":"Point","coordinates":[-118.154888900002,33.7758981000012]},"properties":{"name1":"Safe Refuge","name2":null,"street1":"727 Obispo Avenue","city":"Long Beach","county":"Los Angeles","zip":90804,"phone":"562-987-5722 x103","website":"http://www.asaferefuge.org","type_facility":"SU","sa":1,"dt":null,"otp":null,"res":1,"op":null,"hi":null}},{"type":"Feature","geometry":{"type":"Point","coordinates":[-118.154888700002,33.7755079000012]},"properties":{"name1":"Safe Refuge","name2":null,"street1":"3137-39 East 7th Street","city":"Long Beach","county":"Los Angeles","zip":90804,"phone":"562-987-5722 x103","website":"http://www.asaferefuge.org","type_facility":"SU","sa":1,"dt":null,"otp":null,"res":null,"op":1,"hi":null}},{"type":"Feature","geometry":{"type":"Point","coordinates":[-118.154919200002,33.7755468000012]},"properties":{"name1":"Safe Refuge","name2":null,"street1":"3131 East 7th Street","city":"Long Beach","county":"Los Angeles","zip":90804,"phone":"562-987-5722 x103","website":"http://www.asaferefuge.org","type_facility":"SU","sa":1,"dt":null,"otp":null,"res":1,"op":null,"hi":null}},{"type":"Feature","geometry":{"type":"Point","coordinates":[-118.155079200002,33.7756076000012]},"properties":{"name1":"Safe Refuge","name2":null,"street1":"3125 East 7th Street","city":"Long Beach","county":"Los Angeles","zip":90804,"phone":"562-987-5722 x103","website":"http://www.asaferefuge.org","type_facility":"SU","sa":1,"dt":null,"otp":null,"res":1,"op":1,"hi":null}},{"type":"Feature","geometry":{"type":"Point","coordinates":[-118.155178500002,33.7755755000012]},"properties":{"name1":"Safe Refuge","name2":null,"street1":"3119 East 7th Street","city":"Long Beach","county":"Los Angeles","zip":90804,"phone":"562-987-5722 x103","website":"http://www.asaferefuge.org","type_facility":"SU","sa":1,"dt":null,"otp":null,"res":1,"op":null,"hi":null}},{"type":"Feature","geometry":{"type":"Point","coordinates":[-118.155444900002,33.7759188000012]},"properties":{"name1":"Safe Refuge","name2":null,"street1":"728 Freeman Avenue","city":"Long Beach","county":"Los Angeles","zip":90804,"phone":"562-987-5722 x103","website":"http://www.asaferefuge.org","type_facility":"SU","sa":1,"dt":null,"otp":null,"res":1,"op":null,"hi":null}},{"type":"Feature","geometry":{"type":"Point","coordinates":[-118.155216300002,33.7755737000012]},"properties":{"name1":"Safe Refuge","name2":null,"street1":"3115 East 7th Street","city":"Long Beach","county":"Los Angeles","zip":90804,"phone":"562-987-5722 x103","website":"http://www.asaferefuge.org","type_facility":"SU","sa":1,"dt":null,"otp":null,"res":1,"op":null,"hi":null}},{"type":"Feature","geometry":{"type":"Point","coordinates":[-118.155212000002,33.7755468000011]},"properties":{"name1":"Safe Refuge","name2":null,"street1":"3113 East 7th Street","city":"Long Beach","county":"Los Angeles","zip":90804,"phone":"562-987-5722 x103","website":"http://www.asaferefuge.org","type_facility":"SU","sa":1,"dt":null,"otp":null,"res":1,"op":null,"hi":null}},{"type":"Feature","geometry":{"type":"Point","coordinates":[-118.155353400002,33.7755398000012]},"properties":{"name1":"Safe Refuge","name2":null,"street1":"3111 East 7th Street","city":"Long Beach","county":"Los Angeles","zip":90804,"phone":"562-987-5722 x103","website":"http://www.asaferefuge.org","type_facility":"SU","sa":1,"dt":null,"otp":null,"res":1,"op":null,"hi":null}},{"type":"Feature","geometry":{"type":"Point","coordinates":[-118.482168100002,34.2445046000011]},"properties":{"name1":"VA Greater LA Healthcare System","name2":"OTP Treatment/Maintenance","street1":"16111 Plummer Street","city":"North Hills","county":"Los Angeles","zip":91343,"phone":"818-891-7711 x31225","website":"http://www.losangeles.va.gov/services","type_facility":"SU","sa":1,"dt":null,"otp":1,"res":null,"op":1,"hi":null}},{"type":"Feature","geometry":{"type":"Point","coordinates":[-118.446897400002,34.1889347000012]},"properties":{"name1":"Recovery Centre","name2":"Valley Care","street1":"14407 Hamlin Street","city":"Van Nuys","county":"Los Angeles","zip":91401,"phone":"818-660-0882","website":"http://healthyparadigmstreatmentcenter.com","type_facility":"SU","sa":1,"dt":1,"otp":null,"res":null,"op":1,"hi":null}},{"type":"Feature","geometry":{"type":"Point","coordinates":[-118.264877500002,33.9244656000012]},"properties":{"name1":"MedMark Treatment Centers","name2":"Los Angeles","street1":"11900 South Avalon Boulevard","city":"Los Angeles","county":"Los Angeles","zip":90061,"phone":"323-242-0500","website":"http://baymark.com","type_facility":"SU","sa":1,"dt":1,"otp":1,"res":null,"op":1,"hi":null}},{"type":"Feature","geometry":{"type":"Point","coordinates":[-118.445569600002,34.1864420000012]},"properties":{"name1":"Western Pacific Med Corp","name2":"Western Pacific Van Nuys","street1":"14332 Victory Boulevard","city":"Van Nuys","county":"Los Angeles","zip":91401,"phone":"818-956-3137","website":"http://www.westpacmed.com","type_facility":"SU","sa":1,"dt":1,"otp":1,"res":null,"op":1,"hi":null}},{"type":"Feature","geometry":{"type":"Point","coordinates":[-118.381331400002,34.0869507000011]},"properties":{"name1":"Twin Town Treatment Centers","name2":"Twin Town West Hollywood","street1":"8739 Santa Monica Boulevard","city":"West Hollywood","county":"Los Angeles","zip":90069,"phone":"310-623-1477","website":"http://www.twintowntreatmentcenters.com","type_facility":"SU","sa":1,"dt":null,"otp":null,"res":null,"op":1,"hi":null}},{"type":"Feature","geometry":{"type":"Point","coordinates":[-118.449091800002,34.1852283000012]},"properties":{"name1":"AM/PM VanNuys Driver Safety DUI School","name2":"Escuela Latina/Assessments/Evaluations","street1":"6315 Van Nuys Boulevard","city":"Van Nuys","county":"Los Angeles","zip":91401,"phone":"818-787-7878","website":"http://californiacourtprograms.com/","type_facility":"SU","sa":1,"dt":null,"otp":null,"res":null,"op":1,"hi":null}},{"type":"Feature","geometry":{"type":"Point","coordinates":[-118.449860700002,34.1843687000012]},"properties":{"name1":"Teen Project Inc","name2":"Freehab","street1":"14530 Sylvan Street","city":"Van Nuys","county":"Los Angeles","zip":91411,"phone":"800-685-7460 x115","website":"http://www.theteenproject.com","type_facility":"SU","sa":1,"dt":1,"otp":null,"res":1,"op":null,"hi":null}},{"type":"Feature","geometry":{"type":"Point","coordinates":[-118.368160100002,34.0632856000012]},"properties":{"name1":"Rainbow Hill Recovery","name2":null,"street1":"6380 Wilshire Boulevard","city":"Los Angeles","county":"Los Angeles","zip":90048,"phone":"310-341-4887","website":"https://rainbowhillrecovery.com/","type_facility":"SU","sa":1,"dt":null,"otp":null,"res":null,"op":1,"hi":null}},{"type":"Feature","geometry":{"type":"Point","coordinates":[-118.459080700002,34.1964298000011]},"properties":{"name1":"Lion Recovery","name2":null,"street1":"14945 Bassett Street","city":"Van Nuys","county":"Los Angeles","zip":91405,"phone":"888-616-3179","website":"https://lionrecovery.org","type_facility":"SU","sa":1,"dt":1,"otp":null,"res":1,"op":null,"hi":null}},{"type":"Feature","geometry":{"type":"Point","coordinates":[-118.185564100002,33.8026746000012]},"properties":{"name1":"Cambodian Association of America","name2":null,"street1":"2501 Atlantic Avenue","city":"Long Beach","county":"Los Angeles","zip":90806,"phone":"562-988-1863","website":"http://www.cambodianusa.com","type_facility":"SU","sa":1,"dt":null,"otp":null,"res":null,"op":1,"hi":null}},{"type":"Feature","geometry":{"type":"Point","coordinates":[-118.354540000002,34.0410800000012]},"properties":{"name1":"CLARE Matrix","name2":"Matrix Institute on Addictions","street1":"5220 West Washington Boulevard","city":"Los Angeles","county":"Los Angeles","zip":90016,"phone":"323-287-2023","website":"http://www.clarematrix.org","type_facility":"SU","sa":1,"dt":1,"otp":null,"res":null,"op":1,"hi":null}},{"type":"Feature","geometry":{"type":"Point","coordinates":[-118.450733200002,34.1824673000011]},"properties":{"name1":"National Council on Alc and Drug Dep","name2":"San Fernando Valley","street1":"6166 Vesper Avenue","city":"Van Nuys","county":"Los Angeles","zip":91411,"phone":"818-997-0414 x115","website":"http://www.ncadd-sfv.org","type_facility":"SU","sa":1,"dt":null,"otp":null,"res":null,"op":1,"hi":null}},{"type":"Feature","geometry":{"type":"Point","coordinates":[-119.735953100002,36.779249800001]},"properties":{"name1":"Universal Hlth Network and Systems Inc","name2":null,"street1":"3170 North Chestnut Avenue","city":"Fresno","county":"Fresno","zip":93703,"phone":"559-252-5150","website":"http://","type_facility":"SU","sa":1,"dt":1,"otp":null,"res":1,"op":1,"hi":null}},{"type":"Feature","geometry":{"type":"Point","coordinates":[-118.279005000002,33.9234334000012]},"properties":{"name1":"Dare U to Care Outreach Ministry","name2":null,"street1":"316 West 120th Street","city":"Los Angeles","county":"Los Angeles","zip":90061,"phone":"323-777-2372","website":"http://www.dareutocare.org","type_facility":"SU","sa":1,"dt":null,"otp":null,"res":1,"op":null,"hi":null}},{"type":"Feature","geometry":{"type":"Point","coordinates":[-118.389553400002,34.0820587000012]},"properties":{"name1":"CAST Centers","name2":null,"street1":"630 North Doheny Drive","city":"West Hollywood","county":"Los Angeles","zip":90069,"phone":"310-873-3935","website":"http://www.castcenters.com/?utm_source=samhsa&utm_medium=referral","type_facility":"SU","sa":1,"dt":null,"otp":null,"res":null,"op":1,"hi":null}},{"type":"Feature","geometry":{"type":"Point","coordinates":[-118.339209100002,34.0088401000012]},"properties":{"name1":"Turning Point Alcohol and","name2":"Drug Education Program Inc","street1":"3756 Santa Rosalia Drive","city":"Los Angeles","county":"Los Angeles","zip":90008,"phone":"323-296-1840","website":"http://www.turningpointaod.com","type_facility":"SU","sa":1,"dt":null,"otp":null,"res":null,"op":1,"hi":null}},{"type":"Feature","geometry":{"type":"Point","coordinates":[-118.165393600002,33.7643056000012]},"properties":{"name1":"New Found Life","name2":null,"street1":"2213 East Ocean Boulevard","city":"Long Beach","county":"Los Angeles","zip":90803,"phone":"562-434-4060","website":"http://www.newfoundlife.com","type_facility":"SU","sa":1,"dt":null,"otp":null,"res":null,"op":1,"hi":null}},{"type":"Feature","geometry":{"type":"Point","coordinates":[-118.165447300002,33.7643449000011]},"properties":{"name1":"New Found Life","name2":null,"street1":"2211 East Ocean Boulevard","city":"Long Beach","county":"Los Angeles","zip":90803,"phone":"562-434-4060","website":"http://www.newfoundlife.com","type_facility":"SU","sa":1,"dt":null,"otp":null,"res":1,"op":null,"hi":null}},{"type":"Feature","geometry":{"type":"Point","coordinates":[-118.165679700002,33.7643692000012]},"properties":{"name1":"New Found Life","name2":null,"street1":"2137 East Ocean Boulevard","city":"Long Beach","county":"Los Angeles","zip":90803,"phone":"562-434-4060","website":"http://www.newfoundlife.com","type_facility":"SU","sa":1,"dt":null,"otp":null,"res":1,"op":null,"hi":null}},{"type":"Feature","geometry":{"type":"Point","coordinates":[-118.165678900002,33.7643645000012]},"properties":{"name1":"New Found Life","name2":null,"street1":"2135 East Ocean Boulevard","city":"Long Beach","county":"Los Angeles","zip":90803,"phone":"562-434-4060","website":"http://www.newfoundlife.com","type_facility":"SU","sa":1,"dt":null,"otp":null,"res":1,"op":null,"hi":null}},{"type":"Feature","geometry":{"type":"Point","coordinates":[-118.330350900002,33.9944039000012]},"properties":{"name1":"Asian American Drug Abuse Program","name2":"Therapeutic Community","street1":"5318 Crenshaw Boulevard","city":"Los Angeles","county":"Los Angeles","zip":90043,"phone":"323-293-6291","website":"http://www.aadapinc.org","type_facility":"SU","sa":1,"dt":null,"otp":null,"res":1,"op":null,"hi":null}},{"type":"Feature","geometry":{"type":"Point","coordinates":[-118.376753200002,34.0568929000011]},"properties":{"name1":"Ness Counseling Center Inc","name2":null,"street1":"8512 Whitworth Drive","city":"Los Angeles","county":"Los Angeles","zip":90035,"phone":"310-360-8512 x104","website":"http://www.thenesscenter.org","type_facility":"SU","sa":1,"dt":null,"otp":null,"res":null,"op":1,"hi":null}},{"type":"Feature","geometry":{"type":"Point","coordinates":[-118.448345400002,34.1605119000012]},"properties":{"name1":"Twin Town Treatment Centers","name2":"Twin Town Sherman Oaks","street1":"4940 Van Nuys Boulevard","city":"Sherman Oaks","county":"Los Angeles","zip":91403,"phone":"818-985-0560","website":"http://www.twintowntreatmentcenters.com","type_facility":"SU","sa":1,"dt":null,"otp":null,"res":null,"op":1,"hi":null}},{"type":"Feature","geometry":{"type":"Point","coordinates":[-118.466733800002,34.1843517000012]},"properties":{"name1":"American Health Services LLC","name2":null,"street1":"6265 Sepulveda Boulevard","city":"Van Nuys","county":"Los Angeles","zip":91411,"phone":"818-779-0555 x2308","website":"http://www.americanhealthservices.org","type_facility":"SU","sa":1,"dt":1,"otp":1,"res":null,"op":1,"hi":null}},{"type":"Feature","geometry":{"type":"Point","coordinates":[-118.224345600002,33.8341527000012]},"properties":{"name1":"Palm House Inc","name2":"Residential Treatment and Recov Servs","street1":"2515 East Jefferson Street","city":"Long Beach","county":"Los Angeles","zip":90810,"phone":"310-830-7803","website":"http://www.palmhouseinc.com","type_facility":"SU","sa":1,"dt":null,"otp":null,"res":1,"op":null,"hi":null}},{"type":"Feature","geometry":{"type":"Point","coordinates":[-118.184712100002,33.7782071000012]},"properties":{"name1":"Helpline Youth Counseling Inc","name2":null,"street1":"920 Atlantic Avenue","city":"Long Beach","county":"Los Angeles","zip":90813,"phone":"562-273-0722","website":"http://www.hycinc.org","type_facility":"SU","sa":1,"dt":null,"otp":null,"res":null,"op":1,"hi":null}},{"type":"Feature","geometry":{"type":"Point","coordinates":[-119.754668200002,36.797965000001]},"properties":{"name1":"Fresno New Connection Inc","name2":null,"street1":"4411 North Cedar Avenue","city":"Fresno","county":"Fresno","zip":93726,"phone":"559-248-1548","website":"http://fresnonewconnections.com/","type_facility":"SU","sa":1,"dt":null,"otp":null,"res":null,"op":1,"hi":null}},{"type":"Feature","geometry":{"type":"Point","coordinates":[-118.198374200002,33.7954885000011]},"properties":{"name1":"Tarzana Treatment Centers","name2":"Long Beach","street1":"2101 Magnolia Avenue","city":"Long Beach","county":"Los Angeles","zip":90806,"phone":"800-996-1051","website":"http://www.tarzanatc.org","type_facility":"SU","sa":1,"dt":1,"otp":null,"res":1,"op":null,"hi":null}},{"type":"Feature","geometry":{"type":"Point","coordinates":[-118.412800000002,34.0998000000012]},"properties":{"name1":"Refine Recovery","name2":null,"street1":"- - -","city":"Beverly Hills","county":"Los Angeles","zip":90210,"phone":"866-994-4918","website":"https://refinerecovery.com/","type_facility":"SU","sa":1,"dt":1,"otp":null,"res":1,"op":null,"hi":null}},{"type":"Feature","geometry":{"type":"Point","coordinates":[-118.851715300002,34.7960106000011]},"properties":{"name1":"Lake Hughes Recovery","name2":null,"street1":"49713 Gorman Post Road","city":"Lebec","county":"Kern","zip":93243,"phone":"661-724-0001","website":"http://www.lakehughesrecovery.com","type_facility":"SU","sa":1,"dt":1,"otp":null,"res":1,"op":null,"hi":null}},{"type":"Feature","geometry":{"type":"Point","coordinates":[-118.376359200002,34.0456231000012]},"properties":{"name1":"Chabad of California","name2":"Chabad Recovery Outpatient Center","street1":"1750 South La Cienega Boulevard","city":"Los Angeles","county":"Los Angeles","zip":90035,"phone":"323-965-1365","website":"http://www.chabadrehab.com","type_facility":"SU","sa":1,"dt":null,"otp":null,"res":null,"op":1,"hi":null}},{"type":"Feature","geometry":{"type":"Point","coordinates":[-118.220500000002,33.8203000000011]},"properties":{"name1":"American Indian Changing Spirits","name2":null,"street1":"- - -","city":"Long Beach","county":"Los Angeles","zip":90810,"phone":"562-625-5250","website":"http://americanindianchangingspirits.org","type_facility":"SU","sa":1,"dt":null,"otp":null,"res":1,"op":null,"hi":null}},{"type":"Feature","geometry":{"type":"Point","coordinates":[-118.198435000002,33.7895470000011]},"properties":{"name1":"Behavioral Health Services","name2":"Long Beach Family Recovery Center","street1":"514 West Pacific Coast Highway","city":"Long Beach","county":"Los Angeles","zip":90806,"phone":"562-432-0713","website":"http://www.bhs-inc.org","type_facility":"SU","sa":1,"dt":null,"otp":null,"res":null,"op":1,"hi":null}},{"type":"Feature","geometry":{"type":"Point","coordinates":[-118.479640200002,34.1889508000011]},"properties":{"name1":"Gloria Detox and Rehab Center","name2":"Dream Big MF Inc","street1":"6511 Gloria Avenue","city":"Van Nuys","county":"Los Angeles","zip":91406,"phone":"855-774-0085","website":"http://www.gloriarehab.com","type_facility":"SU","sa":1,"dt":1,"otp":null,"res":1,"op":null,"hi":null}},{"type":"Feature","geometry":{"type":"Point","coordinates":[-118.265412100002,33.8726917000012]},"properties":{"name1":"U Turn Drug Education Program Inc","name2":null,"street1":"17420 South Avalon Boulevard","city":"Carson","county":"Los Angeles","zip":90746,"phone":"310-462-5022","website":"http://","type_facility":"SU","sa":1,"dt":null,"otp":null,"res":1,"op":1,"hi":null}},{"type":"Feature","geometry":{"type":"Point","coordinates":[-118.265412100002,33.8726917000012]},"properties":{"name1":"Fred Kennedy Associates Inc","name2":"DUI Treatment Program Carson","street1":"17420 South Avalon Boulevard","city":"Carson","county":"Los Angeles","zip":90746,"phone":"310-532-0620","website":"http://www.fredkennedy.us","type_facility":"SU","sa":1,"dt":null,"otp":null,"res":null,"op":1,"hi":null}},{"type":"Feature","geometry":{"type":"Point","coordinates":[-118.486744000002,34.1909681000012]},"properties":{"name1":"Insight Treatment Programs","name2":null,"street1":"6627 Valjean Avenue","city":"Van Nuys","county":"Los Angeles","zip":91406,"phone":"800-599-8820","website":"http://www.insighttreatment.com","type_facility":"SU","sa":1,"dt":null,"otp":null,"res":null,"op":1,"hi":null}},{"type":"Feature","geometry":{"type":"Point","coordinates":[-118.458889600002,34.1465964000012]},"properties":{"name1":"Crosspointe Recovery","name2":null,"street1":"14888 Valley Vista Boulevard","city":"Sherman Oaks","county":"Los Angeles","zip":91403,"phone":"818-414-9438","website":"http://crosspointerecovery.com","type_facility":"SU","sa":1,"dt":1,"otp":null,"res":1,"op":null,"hi":1}},{"type":"Feature","geometry":{"type":"Point","coordinates":[-118.310541300002,33.9310339000012]},"properties":{"name1":"New Hope Drug and Alcohol Trt Prog","name2":null,"street1":"1841 West Imperial Highway","city":"Los Angeles","county":"Los Angeles","zip":90047,"phone":"323-750-2850","website":"http://www.newhopereha.com","type_facility":"SU","sa":1,"dt":null,"otp":null,"res":null,"op":1,"hi":null}},{"type":"Feature","geometry":{"type":"Point","coordinates":[-119.763191400002,36.7798457000011]},"properties":{"name1":"Aegis Treatment Centers LLC","name2":"Pinnacle Treatment Center","street1":"3707 East Shields Avenue","city":"Fresno","county":"Fresno","zip":93726,"phone":"559-229-9040","website":"http://pinnacletreatment.com","type_facility":"SU","sa":1,"dt":1,"otp":1,"res":null,"op":1,"hi":null}},{"type":"Feature","geometry":{"type":"Point","coordinates":[-118.387989200002,34.0416167000012]},"properties":{"name1":"Haven House Addiction Treatment","name2":"Detox and Residential","street1":"2252 Hillsboro Avenue","city":"Los Angeles","county":"Los Angeles","zip":90034,"phone":"310-876-0492","website":"http://havenhouseaddictiontreatment.com","type_facility":"SU","sa":1,"dt":1,"otp":null,"res":1,"op":null,"hi":null}},{"type":"Feature","geometry":{"type":"Point","coordinates":[-118.387715300002,34.0397655000011]},"properties":{"name1":"Nuview Treatment Center","name2":"Los Angeles","street1":"2370 South Robertson Boulevard","city":"Los Angeles","county":"Los Angeles","zip":90034,"phone":"323-307-7997","website":"http://nuviewtreatment.com","type_facility":"SU","sa":1,"dt":null,"otp":null,"res":null,"op":1,"hi":null}},{"type":"Feature","geometry":{"type":"Point","coordinates":[-119.773085600002,36.8047594000011]},"properties":{"name1":"Kaiser Permanente","name2":"Addiction Medicine and Recovery Servs","street1":"4785 North 1st Street","city":"Fresno","county":"Fresno","zip":93726,"phone":"559-448-4620","website":"http://healthy.kaiserpermanente.org/","type_facility":"SU","sa":1,"dt":1,"otp":null,"res":null,"op":1,"hi":null}},{"type":"Feature","geometry":{"type":"Point","coordinates":[-118.386323100002,34.0308148000011]},"properties":{"name1":"Beit T Shuvah","name2":null,"street1":"8831 Venice Boulevard","city":"Los Angeles","county":"Los Angeles","zip":90034,"phone":"310-204-5200 x240","website":"http://www.beittshuvah.org","type_facility":"SU","sa":1,"dt":null,"otp":null,"res":1,"op":null,"hi":null}},{"type":"Feature","geometry":{"type":"Point","coordinates":[-119.734573100002,36.675874700001]},"properties":{"name1":"BAART Behavioral Health Services Inc","name2":"Detox Program","street1":"3103 East Cartwright Avenue","city":"Fresno","county":"Fresno","zip":93725,"phone":"559-498-7100 x2552","website":"http://www.baartprograms.com/","type_facility":"SU","sa":null,"dt":1,"otp":1,"res":null,"op":1,"hi":null}},{"type":"Feature","geometry":{"type":"Point","coordinates":[-120.240952300002,39.6735982000009]},"properties":{"name1":"County of Sierra","name2":"Behavioral Health","street1":"704 Mill Street","city":"Loyalton","county":"Sierra","zip":96118,"phone":"530-993-6746","website":"http://www.sierracounty.ca.gov","type_facility":"SU","sa":1,"dt":null,"otp":null,"res":null,"op":1,"hi":null}},{"type":"Feature","geometry":{"type":"Point","coordinates":[-119.984193000002,37.499834400001]},"properties":{"name1":"Mariposa County Behavioral Health and","name2":"Recovery Services","street1":"5362 Lemee Lane","city":"Mariposa","county":"Mariposa","zip":95338,"phone":"209-966-2000 x694","website":"http://www.mariposacounty.org","type_facility":"SU","sa":1,"dt":null,"otp":null,"res":null,"op":1,"hi":null}},{"type":"Feature","geometry":{"type":"Point","coordinates":[-118.536342600002,34.2384263000012]},"properties":{"name1":"Miracles in Action","name2":"Addiction and Mental","street1":"9241 Reseda Boulevard","city":"Northridge","county":"Los Angeles","zip":91324,"phone":"818-299-3925","website":"http://www.miraclesinaction.info","type_facility":"SU","sa":1,"dt":1,"otp":null,"res":null,"op":1,"hi":null}},{"type":"Feature","geometry":{"type":"Point","coordinates":[-118.355872100002,33.9697469000012]},"properties":{"name1":"Asian American Drug Abuse Program","name2":null,"street1":"520 North La Brea Avenue","city":"Inglewood","county":"Los Angeles","zip":90302,"phone":"323-294-4932","website":"http://www.aadapinc.org","type_facility":"SU","sa":1,"dt":null,"otp":null,"res":null,"op":1,"hi":null}},{"type":"Feature","geometry":{"type":"Point","coordinates":[-119.802921500002,36.845912000001]},"properties":{"name1":"Aspire Counseling Services","name2":null,"street1":"7498 North Remington Avenue","city":"Fresno","county":"Fresno","zip":93711,"phone":"888-585-7373","website":"http://www.aspirecounselingservice.com","type_facility":"SU","sa":1,"dt":null,"otp":null,"res":null,"op":1,"hi":null}},{"type":"Feature","geometry":{"type":"Point","coordinates":[-118.320716000002,33.9169964000012]},"properties":{"name1":"Behavioral Health Services","name2":"Pacifica House","street1":"2501 West El Segundo Boulevard","city":"Hawthorne","county":"Los Angeles","zip":90250,"phone":"323-754-2816","website":"http://www.bhs-inc.org","type_facility":"SU","sa":1,"dt":null,"otp":null,"res":1,"op":null,"hi":null}},{"type":"Feature","geometry":{"type":"Point","coordinates":[-119.779742100002,36.773323500001]},"properties":{"name1":"VA Central California Healthcare Sys","name2":"Substance Use Disorder Program","street1":"2615 East Clinton Avenue","city":"Fresno","county":"Fresno","zip":93703,"phone":"559-225-6100 x5197","website":"http://www.fresno.va.gov","type_facility":"SU","sa":1,"dt":1,"otp":null,"res":null,"op":1,"hi":1}},{"type":"Feature","geometry":{"type":"Point","coordinates":[-118.562973300002,34.2669276000011]},"properties":{"name1":"Restore Health and Wellness Center LLC","name2":null,"street1":"10821 Baile Avenue","city":"Chatsworth","county":"Los Angeles","zip":91311,"phone":"888-979-4570","website":"http://www.restorecenterla.com","type_facility":"SU","sa":1,"dt":1,"otp":null,"res":1,"op":null,"hi":null}},{"type":"Feature","geometry":{"type":"Point","coordinates":[-118.317700000002,33.9005000000012]},"properties":{"name1":"Asian American Drug Abuse Program","name2":"Youth Outpatient Treatment","street1":"13931 South Van Ness Avenue","city":"Gardena","county":"Los Angeles","zip":90249,"phone":"323-298-4932","website":"http://www.aadapinc.org","type_facility":"SU","sa":1,"dt":null,"otp":null,"res":null,"op":1,"hi":null}},{"type":"Feature","geometry":{"type":"Point","coordinates":[-118.362120100002,33.9619782000011]},"properties":{"name1":"Divine Healthcare Services Inc","name2":"Drug/Alcohol Abuse and MH Servs","street1":"405 West Manchester Boulevard","city":"Inglewood","county":"Los Angeles","zip":90301,"phone":"310-672-3820","website":"http://www.divinehealthcareservices.org","type_facility":"SU","sa":1,"dt":null,"otp":null,"res":null,"op":1,"hi":null}},{"type":"Feature","geometry":{"type":"Point","coordinates":[-118.550100000002,34.2385000000011]},"properties":{"name1":"Crossroad Transitional Inc","name2":null,"street1":"- - -","city":"Northridge","county":"Los Angeles","zip":91324,"phone":"818-918-7223","website":"http://mycrt.org","type_facility":"SU","sa":1,"dt":1,"otp":null,"res":1,"op":1,"hi":1}},{"type":"Feature","geometry":{"type":"Point","coordinates":[-118.354070600002,33.9451751000011]},"properties":{"name1":"El Dorado Community Service Center","name2":null,"street1":"4450 West Century Boulevard","city":"Inglewood","county":"Los Angeles","zip":90304,"phone":"310-671-9294","website":"http://www.americanhealthservices.org","type_facility":"SU","sa":1,"dt":1,"otp":1,"res":null,"op":1,"hi":null}},{"type":"Feature","geometry":{"type":"Point","coordinates":[-118.332816600002,33.9148174000012]},"properties":{"name1":"Behavioral Health Services","name2":"Patterns","street1":"12917 Cerise Avenue","city":"Hawthorne","county":"Los Angeles","zip":90250,"phone":"310-675-4431","website":"http://www.bhs-inc.org","type_facility":"SU","sa":1,"dt":null,"otp":null,"res":1,"op":null,"hi":null}},{"type":"Feature","geometry":{"type":"Point","coordinates":[-118.495800000002,34.1498000000011]},"properties":{"name1":"Ascend Healthcare","name2":null,"street1":"- - -","city":"Encino","county":"Los Angeles","zip":91436,"phone":"310-359-9403","website":"http://www.ascendhc.com","type_facility":"SU","sa":1,"dt":null,"otp":null,"res":1,"op":null,"hi":1}},{"type":"Feature","geometry":{"type":"Point","coordinates":[-118.367333000002,33.9613775000011]},"properties":{"name1":"Aegis Treatment Centers LLC","name2":null,"street1":"614 West Manchester Boulevard","city":"Inglewood","county":"Los Angeles","zip":90301,"phone":"310-412-0261","website":"https://pinnacletreatment.com/location/california/inglewood/aegis-treatment-centers-inglewood/","type_facility":"SU","sa":1,"dt":1,"otp":1,"res":null,"op":1,"hi":null}},{"type":"Feature","geometry":{"type":"Point","coordinates":[-118.302059900002,33.8673625000012]},"properties":{"name1":"Transformations Care Inc","name2":null,"street1":"17921 South Avery Place","city":"Gardena","county":"Los Angeles","zip":90248,"phone":"424-340-9267","website":"http://www.transformationscare.com","type_facility":"SU","sa":1,"dt":1,"otp":null,"res":1,"op":null,"hi":1}},{"type":"Feature","geometry":{"type":"Point","coordinates":[-118.432199100002,34.0514461000012]},"properties":{"name1":"Betty Ford Center","name2":"Hazelden Betty Ford Foundation","street1":"10700 Santa Monica Boulevard","city":"Los Angeles","county":"Los Angeles","zip":90025,"phone":"858-766-9981","website":"http://hazeldenbettyford.org","type_facility":"SU","sa":1,"dt":null,"otp":null,"res":null,"op":1,"hi":null}},{"type":"Feature","geometry":{"type":"Point","coordinates":[-118.534403600002,34.2021627000011]},"properties":{"name1":"Western Pacific Re Hab","name2":"Western Pacific Reseda RH","street1":"7232 Canby Avenue","city":"Reseda","county":"Los Angeles","zip":91335,"phone":"818-956-3737","website":"http://www.westpacmed.com","type_facility":"SU","sa":1,"dt":1,"otp":null,"res":null,"op":1,"hi":null}},{"type":"Feature","geometry":{"type":"Point","coordinates":[-118.534519500002,34.2021574000011]},"properties":{"name1":"Western Pacific Med Corp","name2":"Western Pacific Reseda","street1":"7232 Canby Avenue","city":"Reseda","county":"Los Angeles","zip":91335,"phone":"818-956-3737","website":"http://www.westpacmed.com","type_facility":"SU","sa":1,"dt":1,"otp":1,"res":null,"op":1,"hi":null}},{"type":"Feature","geometry":{"type":"Point","coordinates":[-119.645332600002,36.345082200001]},"properties":{"name1":"WestCare California Inc","name2":null,"street1":"1855 North Douty Street","city":"Hanford","county":"Kings","zip":93230,"phone":"559-251-4800","website":"http://www.westcare.com","type_facility":"SU","sa":1,"dt":null,"otp":null,"res":null,"op":1,"hi":null}},{"type":"Feature","geometry":{"type":"Point","coordinates":[-119.640519300002,36.327630500001]},"properties":{"name1":"WestCare California Inc","name2":"WestCare Adolescent Services","street1":"410 East 7th Street","city":"Hanford","county":"Kings","zip":93230,"phone":"559-584-8100","website":"http://www.westcare.com","type_facility":"SU","sa":1,"dt":null,"otp":null,"res":null,"op":1,"hi":null}},{"type":"Feature","geometry":{"type":"Point","coordinates":[-118.537616500002,34.1995067000011]},"properties":{"name1":"Tarzana Treatment Centers","name2":"Reseda","street1":"7101 Baird Avenue","city":"Reseda","county":"Los Angeles","zip":91335,"phone":"800-996-1051","website":"http://www.tarzanatc.org","type_facility":"SU","sa":1,"dt":1,"otp":null,"res":null,"op":1,"hi":null}},{"type":"Feature","geometry":{"type":"Point","coordinates":[-119.813097000002,36.808662100001]},"properties":{"name1":"Central California Recovery Inc","name2":null,"street1":"1204 West Shaw Avenue","city":"Fresno","county":"Fresno","zip":93711,"phone":"559-681-1947","website":"http://","type_facility":"SU","sa":1,"dt":null,"otp":null,"res":null,"op":1,"hi":null}},{"type":"Feature","geometry":{"type":"Point","coordinates":[-118.403804800002,34.0015898000012]},"properties":{"name1":"Didi Hirsch Mental Health Services","name2":"Headquarters","street1":"4760 Sepulveda Boulevard","city":"Culver City","county":"Los Angeles","zip":90230,"phone":"310-390-6612","website":"http://www.didihirsch.org/","type_facility":"SU","sa":1,"dt":null,"otp":null,"res":null,"op":1,"hi":null}},{"type":"Feature","geometry":{"type":"Point","coordinates":[-119.790346600002,36.739376000001]},"properties":{"name1":"MedMark Treatment Centers","name2":"Fresno","street1":"1310 M Street","city":"Fresno","county":"Fresno","zip":93721,"phone":"559-264-2700","website":"http://medmark.com","type_facility":"SU","sa":1,"dt":null,"otp":1,"res":null,"op":1,"hi":null}},{"type":"Feature","geometry":{"type":"Point","coordinates":[-118.386966000002,33.9741917000012]},"properties":{"name1":"CNV Detox Inc","name2":null,"street1":"5919 West 74th Street","city":"Los Angeles","county":"Los Angeles","zip":90045,"phone":"213-354-7155","website":"http://www.cnvdetox.com","type_facility":"SU","sa":1,"dt":1,"otp":null,"res":1,"op":null,"hi":1}},{"type":"Feature","geometry":{"type":"Point","coordinates":[-119.645762500002,36.3282103000011]},"properties":{"name1":"Champions Recovery Alternative Program","name2":null,"street1":"311 North Douty Street","city":"Hanford","county":"Kings","zip":93230,"phone":"559-583-9300","website":"http://championsrecovery.org","type_facility":"SU","sa":1,"dt":null,"otp":null,"res":null,"op":1,"hi":null}},{"type":"Feature","geometry":{"type":"Point","coordinates":[-118.409361700002,34.0041072000012]},"properties":{"name1":"AM/PM Culver City Budget DUI School","name2":"Escuela Latina/Assessments/Evaluations","street1":"3961 Sepulveda Boulevard","city":"Culver City","county":"Los Angeles","zip":90230,"phone":"310-837-1818","website":"http://californiacourtprograms.com/","type_facility":"SU","sa":1,"dt":null,"otp":null,"res":null,"op":1,"hi":null}},{"type":"Feature","geometry":{"type":"Point","coordinates":[-119.799191200002,36.751153100001]},"properties":{"name1":"BAART Behavioral Health Services Inc","name2":"Detox Program","street1":"539 North Van Ness Avenue","city":"Fresno","county":"Fresno","zip":93728,"phone":"559-266-9581","website":"http://www.baartprograms.com","type_facility":"SU","sa":1,"dt":1,"otp":1,"res":null,"op":1,"hi":null}},{"type":"Feature","geometry":{"type":"Point","coordinates":[-118.292800000002,33.8359000000012]},"properties":{"name1":"County of Los Angeles","name2":"Harbor UCLA Adult Primary Care/MAT","street1":"1000 West Carson Street","city":"Torrance","county":"Los Angeles","zip":90502,"phone":"424-306-4546","website":"https://www.harbor-ucla.org/general-internal-medicine/","type_facility":"SU","sa":1,"dt":1,"otp":null,"res":null,"op":1,"hi":1}},{"type":"Feature","geometry":{"type":"Point","coordinates":[-118.438869900002,34.0391690000012]},"properties":{"name1":"Heights Treatment","name2":null,"street1":"11150 West Olympic Boulevard","city":"Los Angeles","county":"Los Angeles","zip":90064,"phone":"888-995-7687","website":"http://www.theheightstreatment.com","type_facility":"SU","sa":1,"dt":null,"otp":null,"res":null,"op":1,"hi":null}},{"type":"Feature","geometry":{"type":"Point","coordinates":[-118.607000000002,34.2895000000011]},"properties":{"name1":"Hollywood and Vine Recovery Center","name2":null,"street1":"- - -","city":"Chatsworth","county":"Los Angeles","zip":91311,"phone":"818-626-8505","website":"http://www.hvrcla.org","type_facility":"SU","sa":1,"dt":null,"otp":null,"res":null,"op":1,"hi":null}},{"type":"Feature","geometry":{"type":"Point","coordinates":[-119.800261000002,36.741221500001]},"properties":{"name1":"Fresno County Hispanic Commission on","name2":"Alcohol/Drug Abuse Servs Inc","street1":"1803 Broadway Street","city":"Fresno","county":"Fresno","zip":93721,"phone":"559-268-6475","website":"http://www.hispaniccommission.org","type_facility":"SU","sa":1,"dt":null,"otp":null,"res":null,"op":1,"hi":null}},{"type":"Feature","geometry":{"type":"Point","coordinates":[-119.803655900002,36.750620500001]},"properties":{"name1":"WestCare California Inc","name2":"Health and Wellness Center","street1":"611 East Belmont Avenue","city":"Fresno","county":"Fresno","zip":93701,"phone":"559-251-4800","website":"http://www.westcare.com","type_facility":"SU","sa":1,"dt":null,"otp":null,"res":null,"op":1,"hi":null}},{"type":"Feature","geometry":{"type":"Point","coordinates":[-118.587933000002,34.2586700000011]},"properties":{"name1":"Restore Health and Wellness Center LLC","name2":null,"street1":"10342 DeSoto Avenue","city":"Chatsworth","county":"Los Angeles","zip":91311,"phone":"888-979-4570","website":"http://www.restorecenterla.com","type_facility":"SU","sa":1,"dt":1,"otp":null,"res":1,"op":null,"hi":null}},{"type":"Feature","geometry":{"type":"Point","coordinates":[-118.588462800002,34.2587609000011]},"properties":{"name1":"Restore Health and Wellness Center LLC","name2":null,"street1":"10344 DeSoto Avenue","city":"Chatsworth","county":"Los Angeles","zip":91311,"phone":"888-979-4570","website":"http://www.restorecenterla.com","type_facility":"SU","sa":1,"dt":1,"otp":null,"res":1,"op":null,"hi":null}},{"type":"Feature","geometry":{"type":"Point","coordinates":[-118.295621500002,33.8296720000012]},"properties":{"name1":"Options for Recovery","name2":"Lundquist Institute","street1":"1124 West Carson Street","city":"Torrance","county":"Los Angeles","zip":90502,"phone":"323-457-1898","website":"http://www.optionsforrecovery.com","type_facility":"SU","sa":1,"dt":null,"otp":null,"res":null,"op":1,"hi":null}},{"type":"Feature","geometry":{"type":"Point","coordinates":[-118.452704900002,34.0526161000012]},"properties":{"name1":"VA Greater LA Healthcare Systems","name2":null,"street1":"11301 Wilshire Boulevard","city":"Los Angeles","county":"Los Angeles","zip":90073,"phone":"310-478-3711 x53908","website":"http://www.losangeles.va.gov","type_facility":"SU","sa":1,"dt":null,"otp":1,"res":null,"op":1,"hi":null}},{"type":"Feature","geometry":{"type":"Point","coordinates":[-118.590603400002,34.2569757000011]},"properties":{"name1":"ALT Recovery Group 2 LLC","name2":null,"street1":"20946 Devonshire Street","city":"Chatsworth","county":"Los Angeles","zip":91311,"phone":"818-626-8053","website":"http://www.altrecoverygroup.com","type_facility":"SU","sa":1,"dt":1,"otp":1,"res":null,"op":1,"hi":null}},{"type":"Feature","geometry":{"type":"Point","coordinates":[-118.262741200002,33.7815275000012]},"properties":{"name1":"Aegis Treatment Centers LLC","name2":null,"street1":"909 North Avalon Boulevard","city":"Wilmington","county":"Los Angeles","zip":90744,"phone":"818-798-2070","website":"http://aegistreatmentcenters.com","type_facility":"SU","sa":1,"dt":1,"otp":1,"res":null,"op":1,"hi":null}},{"type":"Feature","geometry":{"type":"Point","coordinates":[-118.539853400002,34.1795005000012]},"properties":{"name1":"Tarzana Treatment Centers Inc","name2":null,"street1":"18646 Oxnard Street","city":"Tarzana","county":"Los Angeles","zip":91356,"phone":"800-996-1051","website":"http://www.tarzanatc.org","type_facility":"SU","sa":1,"dt":1,"otp":1,"res":1,"op":1,"hi":1}},{"type":"Feature","geometry":{"type":"Point","coordinates":[-118.541008200002,34.1798947000011]},"properties":{"name1":"Tarzana Treatment Centers","name2":null,"street1":"18700 Oxnard Street","city":"Tarzana","county":"Los Angeles","zip":91356,"phone":"800-996-1051","website":"http://www.tarzanatc.org","type_facility":"SU","sa":1,"dt":1,"otp":null,"res":null,"op":1,"hi":null}},{"type":"Feature","geometry":{"type":"Point","coordinates":[-118.540995000002,34.1790935000012]},"properties":{"name1":"Tarzana Treatment Centers","name2":null,"street1":"6005 Yolanda Avenue","city":"Tarzana","county":"Los Angeles","zip":91356,"phone":"800-996-1051","website":"http://www.tarzanatc.org","type_facility":"SU","sa":1,"dt":1,"otp":null,"res":null,"op":1,"hi":null}},{"type":"Feature","geometry":{"type":"Point","coordinates":[-118.527835200002,34.1562076000012]},"properties":{"name1":"Altus Rehab","name2":null,"street1":"18084 Rancho Street","city":"Encino","county":"Los Angeles","zip":91316,"phone":"888-959-8894","website":"https://altus.rehab","type_facility":"SU","sa":1,"dt":1,"otp":null,"res":1,"op":null,"hi":1}},{"type":"Feature","geometry":{"type":"Point","coordinates":[-118.427839600002,34.0080661000012]},"properties":{"name1":"Oro House","name2":null,"street1":"3743-3744 Barrington Avenue","city":"Los Angeles","county":"Los Angeles","zip":90066,"phone":"888-595-0235","website":"https://www.ororecovery.com","type_facility":"SU","sa":1,"dt":1,"otp":null,"res":1,"op":null,"hi":null}},{"type":"Feature","geometry":{"type":"Point","coordinates":[-119.662130100002,36.330245000001]},"properties":{"name1":"WestCare California Inc","name2":null,"street1":"1150 West Lacy Boulevard","city":"Hanford","county":"Kings","zip":93230,"phone":"559-251-4800","website":"http://www.westcare.com","type_facility":"SU","sa":1,"dt":null,"otp":null,"res":null,"op":1,"hi":null}},{"type":"Feature","geometry":{"type":"Point","coordinates":[-118.261061200002,33.7715053000012]},"properties":{"name1":"Coastal Comprehensive Treatment Center","name2":"Transcultural Health Development Inc","street1":"117 East Harry Bridges Boulevard","city":"Wilmington","county":"Los Angeles","zip":90744,"phone":"310-683-5459","website":"http://www.ctcprograms.com/location/coastal-comprehensive-treatment-center/","type_facility":"SU","sa":1,"dt":1,"otp":1,"res":null,"op":1,"hi":null}},{"type":"Feature","geometry":{"type":"Point","coordinates":[-119.819108100002,36.765107100001]},"properties":{"name1":"Sierra Tribal Consortium Inc","name2":"Turtle Lodge Recovery Home","street1":"610 West McKinley Avenue","city":"Fresno","county":"Fresno","zip":93728,"phone":"559-445-2691","website":"http://www.sierratribal.org","type_facility":"SU","sa":1,"dt":null,"otp":null,"res":1,"op":1,"hi":null}},{"type":"Feature","geometry":{"type":"Point","coordinates":[-119.572360500002,36.096450600001]},"properties":{"name1":"WestCare California Inc","name2":null,"street1":"1128 South Dairy Avenue","city":"Corcoran","county":"Kings","zip":93212,"phone":"559-251-4800","website":"http://www.westcare.com","type_facility":"SU","sa":1,"dt":null,"otp":null,"res":null,"op":1,"hi":null}},{"type":"Feature","geometry":{"type":"Point","coordinates":[-119.829000000002,36.7866000000011]},"properties":{"name1":"My Time Recovery LLC","name2":null,"street1":"- - -","city":"Fresno","county":"Fresno","zip":93705,"phone":"559-231-2700","website":"http://","type_facility":"SU","sa":1,"dt":1,"otp":null,"res":1,"op":null,"hi":null}},{"type":"Feature","geometry":{"type":"Point","coordinates":[-118.395726000002,33.9541100000012]},"properties":{"name1":"BHS High Gain Program Westchester","name2":"DUI Multiple Offenders and Outpt Progs","street1":"9100 South Sepulveda Boulevard","city":"Los Angeles","county":"Los Angeles","zip":90045,"phone":"310-644-3659","website":"http://bhs-inc.org","type_facility":"SU","sa":1,"dt":null,"otp":null,"res":null,"op":1,"hi":null}},{"type":"Feature","geometry":{"type":"Point","coordinates":[-119.846219400002,36.839222100001]},"properties":{"name1":"Promesa Behavioral Health","name2":null,"street1":"7120 North Marks Avenue","city":"Fresno","county":"Fresno","zip":93711,"phone":"559-439-5437","website":"http://www.promesabehavioral.org","type_facility":"SU","sa":1,"dt":null,"otp":null,"res":null,"op":1,"hi":null}},{"type":"Feature","geometry":{"type":"Point","coordinates":[-119.819300000002,36.7567000000011]},"properties":{"name1":"Turning Point of Central California","name2":"Quest House","street1":"- - -","city":"Fresno","county":"Fresno","zip":93728,"phone":"559-233-5096","website":"http://tpocc.org/questhouse","type_facility":"SU","sa":1,"dt":null,"otp":null,"res":1,"op":null,"hi":null}},{"type":"Feature","geometry":{"type":"Point","coordinates":[-119.800706000002,36.700325900001]},"properties":{"name1":"WestCare California Inc","name2":null,"street1":"2772 South MLK Jr Boulevard","city":"Fresno","county":"Fresno","zip":93706,"phone":"559-251-4800","website":"http://www.westcare.com","type_facility":"SU","sa":1,"dt":1,"otp":null,"res":1,"op":null,"hi":null}},{"type":"Feature","geometry":{"type":"Point","coordinates":[-118.591378700002,34.2410156000011]},"properties":{"name1":"Rancho San Antonio","name2":null,"street1":"21000 Plummer Street","city":"Chatsworth","county":"Los Angeles","zip":91311,"phone":"818-882-6400","website":"https://www.ranchosanantonio.org/","type_facility":"SU","sa":1,"dt":null,"otp":null,"res":null,"op":1,"hi":null}},{"type":"Feature","geometry":{"type":"Point","coordinates":[-118.575717700002,34.2041800000012]},"properties":{"name1":"Sobermind Recovery Center","name2":null,"street1":"7321 Oso Avenue","city":"Winnetka","county":"Los Angeles","zip":91306,"phone":"818-835-9268","website":"http://www.sobermindrecovery.com","type_facility":"SU","sa":1,"dt":1,"otp":null,"res":1,"op":null,"hi":null}},{"type":"Feature","geometry":{"type":"Point","coordinates":[-118.344283800002,33.8662998000011]},"properties":{"name1":"Clear Behavioral Health","name2":"MH/SUD PHP/IOP","street1":"18123 Prairie Avenue","city":"Torrance","county":"Los Angeles","zip":90504,"phone":"877-779-1985","website":"http://www.clearbehavioralhealth.com","type_facility":"SU","sa":1,"dt":null,"otp":null,"res":null,"op":1,"hi":null}},{"type":"Feature","geometry":{"type":"Point","coordinates":[-118.465318800002,34.0390948000011]},"properties":{"name1":"AM/PM West LA Convenient Driver Safety","name2":"DUI Schools Assessments/Evaluations","street1":"12304 Santa Monica Boulevard","city":"Los Angeles","county":"Los Angeles","zip":90025,"phone":"310-479-8353","website":"http://californiacourtprograms.com/","type_facility":"SU","sa":1,"dt":null,"otp":null,"res":null,"op":1,"hi":null}},{"type":"Feature","geometry":{"type":"Point","coordinates":[-118.452871100002,34.0209160000012]},"properties":{"name1":"Thrive Treatment","name2":null,"street1":"3101 Ocean Park Boulevard","city":"Santa Monica","county":"Los Angeles","zip":90405,"phone":"855-232-1334","website":"http://www.thrivetreatment.com","type_facility":"SU","sa":1,"dt":null,"otp":null,"res":null,"op":1,"hi":null}},{"type":"Feature","geometry":{"type":"Point","coordinates":[-118.300100000002,33.7982000000012]},"properties":{"name1":"County of Los Angeles","name2":"Harbor/UCLA Family Medicine Clinic","street1":"1403 West Lomita Boulevard","city":"Harbor City","county":"Los Angeles","zip":90710,"phone":"310-602-2420","website":"http://www.harbor-ucla.org","type_facility":"SU","sa":1,"dt":null,"otp":null,"res":null,"op":1,"hi":null}},{"type":"Feature","geometry":{"type":"Point","coordinates":[-118.544185800002,34.1487551000012]},"properties":{"name1":"West Valley Detox Treatment","name2":null,"street1":"18841 Pasadero Drive","city":"Tarzana","county":"Los Angeles","zip":91356,"phone":"818-302-0036","website":"http://www.westvalleydetox.com","type_facility":"SU","sa":1,"dt":1,"otp":null,"res":1,"op":null,"hi":null}},{"type":"Feature","geometry":{"type":"Point","coordinates":[-118.325282400002,33.8305640000012]},"properties":{"name1":"Driver Benefits Inc","name2":"Southwest Driver Benefits Program","street1":"2370 West Carson Street","city":"Torrance","county":"Los Angeles","zip":90501,"phone":"310-320-9550","website":"http://www.driverbenefitsinc.com","type_facility":"SU","sa":1,"dt":null,"otp":null,"res":null,"op":1,"hi":null}},{"type":"Feature","geometry":{"type":"Point","coordinates":[-118.561832300002,34.1717863000012]},"properties":{"name1":"Pulse Treatment Center Inc","name2":null,"street1":"5530 Corbin Avenue","city":"Tarzana","county":"Los Angeles","zip":91356,"phone":"949-293-2278","website":"http://www.pulsetreatmentcenter.net","type_facility":"SU","sa":1,"dt":null,"otp":null,"res":null,"op":1,"hi":null}},{"type":"Feature","geometry":{"type":"Point","coordinates":[-118.557985100002,34.1644833000011]},"properties":{"name1":"Innovate Recovery","name2":"Treatment and Wellness Center","street1":"19500 Winifred Street","city":"Tarzana","county":"Los Angeles","zip":91356,"phone":"800-955-1517","website":"http://www.innovaterecovery.com","type_facility":"SU","sa":1,"dt":1,"otp":null,"res":1,"op":1,"hi":1}},{"type":"Feature","geometry":{"type":"Point","coordinates":[-119.827933000002,36.729095000001]},"properties":{"name1":"Nuestra Casa Recovery Home","name2":null,"street1":"1414 West Kearney Boulevard","city":"Fresno","county":"Fresno","zip":93706,"phone":"559-485-0501","website":"http://www.hispaniccommission.org","type_facility":"SU","sa":1,"dt":null,"otp":null,"res":1,"op":null,"hi":1}},{"type":"Feature","geometry":{"type":"Point","coordinates":[-119.842780600002,36.772347700001]},"properties":{"name1":"Mental Health Systems Inc","name2":"Fresno First Womens Residential TX","street1":"2550 West Clinton Avenue","city":"Fresno","county":"Fresno","zip":93705,"phone":"559-378-4803 x2","website":"http://turnbhs.org","type_facility":"SU","sa":1,"dt":null,"otp":null,"res":1,"op":null,"hi":null}},{"type":"Feature","geometry":{"type":"Point","coordinates":[-119.842780600002,36.772347700001]},"properties":{"name1":"Comprehensive Addiction Programs Inc","name2":null,"street1":"2550 West Clinton Avenue","city":"Fresno","county":"Fresno","zip":93705,"phone":"559-492-1373","website":"http://www.caprehab.org","type_facility":"SU","sa":1,"dt":1,"otp":null,"res":1,"op":null,"hi":1}},{"type":"Feature","geometry":{"type":"Point","coordinates":[-118.554464300002,34.1548248000011]},"properties":{"name1":"Journey Hillside Tarzana LLC","name2":null,"street1":"4706 Viviana Drive","city":"Tarzana","county":"Los Angeles","zip":91356,"phone":"818-996-6005","website":"http://journeyhillside.com","type_facility":"SU","sa":1,"dt":1,"otp":null,"res":1,"op":null,"hi":null}},{"type":"Feature","geometry":{"type":"Point","coordinates":[-119.689886200002,36.337257300001]},"properties":{"name1":"WestCare California Inc","name2":null,"street1":"1259 North 13th Avenue","city":"Hanford","county":"Kings","zip":93230,"phone":"559-251-4800","website":"http://www.westcare.com","type_facility":"SU","sa":1,"dt":null,"otp":null,"res":null,"op":1,"hi":null}},{"type":"Feature","geometry":{"type":"Point","coordinates":[-118.618866900002,34.2496458000011]},"properties":{"name1":"Golden Road Recovery LLC","name2":null,"street1":"22560 Lassen Street","city":"Chatsworth","county":"Los Angeles","zip":91311,"phone":"877-372-0536","website":"https://goldenroadrecovery.com","type_facility":"SU","sa":1,"dt":1,"otp":null,"res":1,"op":null,"hi":null}},{"type":"Feature","geometry":{"type":"Point","coordinates":[-118.305879800002,33.7863488000012]},"properties":{"name1":"Western Health Community Clinics","name2":null,"street1":"1647 West Anaheim Street","city":"Harbor City","county":"Los Angeles","zip":90710,"phone":"310-534-5590","website":"http://Albuquerquehealthservices.org","type_facility":"SU","sa":1,"dt":1,"otp":1,"res":null,"op":1,"hi":null}},{"type":"Feature","geometry":{"type":"Point","coordinates":[-118.345875200002,33.8371759000012]},"properties":{"name1":"Twin Town Treatment Centers","name2":"Twin Town Torrance","street1":"3440 Torrance Boulevard","city":"Torrance","county":"Los Angeles","zip":90503,"phone":"310-787-1335","website":"http://www.twintowntreatmentcenters.com","type_facility":"SU","sa":1,"dt":null,"otp":null,"res":null,"op":1,"hi":null}},{"type":"Feature","geometry":{"type":"Point","coordinates":[-118.575359400002,34.1690028000011]},"properties":{"name1":"Iris Healing Center","name2":null,"street1":"20300 Ventura Boulevard","city":"Woodland Hills","county":"Los Angeles","zip":91364,"phone":"818-436-2646","website":"http://www.irishealing.com","type_facility":"SU","sa":1,"dt":null,"otp":null,"res":null,"op":1,"hi":null}},{"type":"Feature","geometry":{"type":"Point","coordinates":[-119.866231500002,36.806203600001]},"properties":{"name1":"Delta Care Inc","name2":null,"street1":"4705 North Sonora Avenue","city":"Fresno","county":"Fresno","zip":93722,"phone":"559-276-7558","website":"http://deltacareinc.org","type_facility":"SU","sa":1,"dt":null,"otp":null,"res":null,"op":1,"hi":null}},{"type":"Feature","geometry":{"type":"Point","coordinates":[-118.483254700002,34.0319107000011]},"properties":{"name1":"Newport Academy","name2":null,"street1":"2001 Wilshire Boulevard","city":"Santa Monica","county":"Los Angeles","zip":90403,"phone":"877-820-6371","website":"http://www.newportacademy.com","type_facility":"SU","sa":1,"dt":null,"otp":null,"res":1,"op":1,"hi":null}},{"type":"Feature","geometry":{"type":"Point","coordinates":[-118.293671300002,33.7625160000012]},"properties":{"name1":"Fred Kennedy Associates Inc","name2":"DUI Treatment Program San Pedro","street1":"1931 North Gaffey Street","city":"San Pedro","county":"Los Angeles","zip":90731,"phone":"310-521-1263","website":"http://www.fredkennedy.us","type_facility":"SU","sa":1,"dt":null,"otp":null,"res":null,"op":1,"hi":null}},{"type":"Feature","geometry":{"type":"Point","coordinates":[-118.464127500002,33.9993821000011]},"properties":{"name1":"American Health Services LLC","name2":null,"street1":"717 Lincoln Boulevard","city":"Venice","county":"Los Angeles","zip":90291,"phone":"310-399-9883 x2201","website":"http://www.americanhealthservices.org","type_facility":"SU","sa":1,"dt":1,"otp":1,"res":null,"op":1,"hi":null}},{"type":"Feature","geometry":{"type":"Point","coordinates":[-118.601258600002,34.1961524000012]},"properties":{"name1":"Restore Health and Wellness Center LLC","name2":null,"street1":"6918 Owensmouth Avenue","city":"Canoga Park","county":"Los Angeles","zip":91303,"phone":"888-979-4570","website":"http://www.restorecenterla.com","type_facility":"SU","sa":1,"dt":null,"otp":null,"res":null,"op":1,"hi":null}},{"type":"Feature","geometry":{"type":"Point","coordinates":[-118.281188800002,33.7352700000012]},"properties":{"name1":"Beacon House Association of San Pedro","name2":"Lighthouse","street1":"132 West 10th Street","city":"San Pedro","county":"Los Angeles","zip":90731,"phone":"310-514-4940","website":"http://www.thebeaconhouse.org","type_facility":"SU","sa":1,"dt":null,"otp":null,"res":1,"op":null,"hi":null}},{"type":"Feature","geometry":{"type":"Point","coordinates":[-118.282811820002,33.7359947830012]},"properties":{"name1":"House of Hope Foundation Inc","name2":null,"street1":"235 West 9th Street","city":"San Pedro","county":"Los Angeles","zip":90731,"phone":"310-521-9209","website":"http://www.houseofhopesp.org","type_facility":"SU","sa":1,"dt":1,"otp":null,"res":1,"op":null,"hi":null}},{"type":"Feature","geometry":{"type":"Point","coordinates":[-118.592103200002,34.1800269000011]},"properties":{"name1":"Tarzana Treatment Centers","name2":null,"street1":"6022 Variel Avenue","city":"Woodland Hills","county":"Los Angeles","zip":91367,"phone":"800-996-1051","website":"http://www.tarzanatc.org","type_facility":"SU","sa":1,"dt":1,"otp":null,"res":null,"op":1,"hi":null}},{"type":"Feature","geometry":{"type":"Point","coordinates":[-118.283244100002,33.7353615000012]},"properties":{"name1":"Support for Harbor Area","name2":"Womens Lives/Shawl House","street1":"936 South Centre Street","city":"San Pedro","county":"Los Angeles","zip":90731,"phone":"310-521-9310","website":"http://www.shawlwomenshouse.org","type_facility":"SU","sa":1,"dt":null,"otp":null,"res":1,"op":null,"hi":null}},{"type":"Feature","geometry":{"type":"Point","coordinates":[-118.594850800002,34.1825453000012]},"properties":{"name1":"Stairway Resource Center","name2":null,"street1":"21210 Erwin Street","city":"Woodland Hills","county":"Los Angeles","zip":91367,"phone":"949-307-0585","website":"http://stairwayresource.com","type_facility":"SU","sa":1,"dt":null,"otp":null,"res":null,"op":1,"hi":null}},{"type":"Feature","geometry":{"type":"Point","coordinates":[-118.480865500002,34.0132409000012]},"properties":{"name1":"CLARE Matrix","name2":"Outpatient","street1":"1002 Pico Boulevard","city":"Santa Monica","county":"Los Angeles","zip":90405,"phone":"310-314-6200 x3426","website":"http://www.clarematrix.org","type_facility":"SU","sa":1,"dt":null,"otp":null,"res":null,"op":1,"hi":null}},{"type":"Feature","geometry":{"type":"Point","coordinates":[-118.481797700002,34.0133476000011]},"properties":{"name1":"CLARE Matrix","name2":null,"street1":"1869 and 1871 9th Street","city":"Santa Monica","county":"Los Angeles","zip":90404,"phone":"310-314-6200 x3426","website":"http://www.clarematrix.org","type_facility":"SU","sa":1,"dt":1,"otp":null,"res":1,"op":null,"hi":null}},{"type":"Feature","geometry":{"type":"Point","coordinates":[-118.481719000002,34.0131847000012]},"properties":{"name1":"CLARE Matrix","name2":"Mens Treatment Program","street1":"907-909 Pico Boulevard","city":"Santa Monica","county":"Los Angeles","zip":90405,"phone":"310-314-6200 x3426","website":"http://www.clarematrix.org","type_facility":"SU","sa":1,"dt":1,"otp":null,"res":1,"op":null,"hi":null}},{"type":"Feature","geometry":{"type":"Point","coordinates":[-118.481521200002,34.0127845000012]},"properties":{"name1":"CLARE Matrix","name2":"Womens Treatment Program","street1":"844 Pico Boulevard","city":"Santa Monica","county":"Los Angeles","zip":90405,"phone":"310-314-6200 x3426","website":"http://www.clarematrix.org","type_facility":"SU","sa":1,"dt":1,"otp":null,"res":1,"op":null,"hi":null}},{"type":"Feature","geometry":{"type":"Point","coordinates":[-118.482021200002,34.0133752000012]},"properties":{"name1":"CLARE Matrix","name2":"Healing Heaven","street1":"1865 9th Street","city":"Santa Monica","county":"Los Angeles","zip":90404,"phone":"310-314-6200 x3426","website":"http://www.clarematrix.org","type_facility":"SU","sa":1,"dt":1,"otp":null,"res":1,"op":null,"hi":null}},{"type":"Feature","geometry":{"type":"Point","coordinates":[-118.288187900002,33.7394337000012]},"properties":{"name1":"Fred Browns Recovery Services Inc","name2":"Outpatient","street1":"505 South Pacific Avenue","city":"San Pedro","county":"Los Angeles","zip":90731,"phone":"310-601-7250","website":"http://www.fredbrownrecovery.org","type_facility":"SU","sa":1,"dt":null,"otp":null,"res":null,"op":1,"hi":null}},{"type":"Feature","geometry":{"type":"Point","coordinates":[-118.416133000002,33.9170640000011]},"properties":{"name1":"Insight Treatment Programs","name2":null,"street1":"115 Main Street","city":"El Segundo","county":"Los Angeles","zip":90245,"phone":"818-501-3512","website":"http://www.insighttreatment.com","type_facility":"SU","sa":1,"dt":null,"otp":null,"res":null,"op":1,"hi":null}},{"type":"Feature","geometry":{"type":"Point","coordinates":[-118.396455400002,33.8824197000012]},"properties":{"name1":"Clear Behavioral Health","name2":"MH Teen PHP/IOP","street1":"515 North Sepulveda Boulevard","city":"Manhattan Beach","county":"Los Angeles","zip":90266,"phone":"877-799-1985","website":"http://www.clearbehavioralhealth.com","type_facility":"SU","sa":1,"dt":null,"otp":null,"res":null,"op":1,"hi":null}},{"type":"Feature","geometry":{"type":"Point","coordinates":[-118.346350000002,33.8102920000012]},"properties":{"name1":"Thelma McMillen Recovery Center","name2":null,"street1":"3333 Skypark Drive","city":"Torrance","county":"Los Angeles","zip":90505,"phone":"310-784-4879","website":"http://www.ThelmaMcMillenRecoveryCenter.com","type_facility":"SU","sa":1,"dt":null,"otp":null,"res":null,"op":1,"hi":null}},{"type":"Feature","geometry":{"type":"Point","coordinates":[-118.478988100002,33.9933299000012]},"properties":{"name1":"Phoenix House","name2":"Venice","street1":"503 Ocean Front Walk","city":"Venice","county":"Los Angeles","zip":90291,"phone":"310-392-3070","website":"http://www.phoenixhouseca.org","type_facility":"SU","sa":1,"dt":null,"otp":null,"res":1,"op":1,"hi":null}},{"type":"Feature","geometry":{"type":"Point","coordinates":[-118.494755800002,34.0157469000012]},"properties":{"name1":"Fred Kennedy Associates Inc","name2":"High Gain Project/DUI Trt Program","street1":"1424 4th Street","city":"Santa Monica","county":"Los Angeles","zip":90401,"phone":"310-451-5881","website":"http://www.fredkennedy.us","type_facility":"SU","sa":1,"dt":null,"otp":null,"res":null,"op":1,"hi":null}},{"type":"Feature","geometry":{"type":"Point","coordinates":[-118.594200000002,34.1552000000011]},"properties":{"name1":"Vanity Wellness Center","name2":null,"street1":"- - -","city":"Woodland Hills","county":"Los Angeles","zip":91364,"phone":"866-587-1737","website":"http://www.vanitywellnesscenter.com","type_facility":"SU","sa":1,"dt":1,"otp":null,"res":null,"op":1,"hi":null}},{"type":"Feature","geometry":{"type":"Point","coordinates":[-118.295979100002,33.7272097000012]},"properties":{"name1":"Fred Browns Recovery Services Inc","name2":"Residential Facility","street1":"856 West 19th Street","city":"San Pedro","county":"Los Angeles","zip":90731,"phone":"310-519-8723","website":"http://www.fredbrown.org","type_facility":"SU","sa":1,"dt":null,"otp":null,"res":1,"op":null,"hi":1}},{"type":"Feature","geometry":{"type":"Point","coordinates":[-118.606468000002,34.1688245000011]},"properties":{"name1":"Warner Park Recovery Center","name2":null,"street1":"22011 Ventura Boulevard","city":"Woodland Hills","county":"Los Angeles","zip":91367,"phone":"866-623-9605","website":"http://www.warnerparkrecovery.com","type_facility":"SU","sa":1,"dt":null,"otp":null,"res":null,"op":1,"hi":null}},{"type":"Feature","geometry":{"type":"Point","coordinates":[-118.307090400002,33.7381415000012]},"properties":{"name1":"Coastwise Recovery Center","name2":null,"street1":"1366 West 7th Street","city":"San Pedro","county":"Los Angeles","zip":90732,"phone":"424-536-3002","website":"http://www.coastwisemhcc.com","type_facility":"SU","sa":1,"dt":null,"otp":null,"res":null,"op":1,"hi":null}},{"type":"Feature","geometry":{"type":"Point","coordinates":[-118.307637500002,33.7380319000012]},"properties":{"name1":"Providence Little Company of","name2":"Mary Recovery Center","street1":"1386 West 7th Street","city":"San Pedro","county":"Los Angeles","zip":90732,"phone":"310-241-4032","website":"https://www.providence.org/locations/plcm-san-pedro/recovery-center","type_facility":"SU","sa":1,"dt":1,"otp":null,"res":null,"op":null,"hi":1}},{"type":"Feature","geometry":{"type":"Point","coordinates":[-118.614000000002,34.1772000000011]},"properties":{"name1":"Valley Restoration Center Inc","name2":"Harmony Place Woodland Hills","street1":"22900 Ventura Boulevard","city":"Woodland Hills","county":"Los Angeles","zip":91367,"phone":"818-797-5921","website":"http://www.harmonyplace.com","type_facility":"SU","sa":1,"dt":null,"otp":null,"res":null,"op":1,"hi":null}},{"type":"Feature","geometry":{"type":"Point","coordinates":[-118.648011700002,34.2232758000012]},"properties":{"name1":"Clear View Canyon Inc","name2":"DBA Veritas Detox","street1":"23931 Jensen Drive","city":"Canoga Park","county":"Los Angeles","zip":91304,"phone":"818-312-4306","website":"http://www.veritasdetox.com","type_facility":"SU","sa":1,"dt":1,"otp":null,"res":1,"op":null,"hi":1}},{"type":"Feature","geometry":{"type":"Point","coordinates":[-119.726722800002,36.305974700001]},"properties":{"name1":"Champions Recovery Alternative Program","name2":"Samuels House 2","street1":"11517 15th Avenue","city":"Lemoore","county":"Kings","zip":93245,"phone":"559-583-9300","website":"http://championsrecovery.org","type_facility":"SU","sa":1,"dt":1,"otp":null,"res":1,"op":null,"hi":null}},{"type":"Feature","geometry":{"type":"Point","coordinates":[-118.626016400002,34.1725790000011]},"properties":{"name1":"Dolorosa Operations LLC","name2":"Harmony Place East","street1":"22913 Burbank Boulevard","city":"Woodland Hills","county":"Los Angeles","zip":91367,"phone":"818-835-9017","website":"http://www.harmonyplace.com","type_facility":"SU","sa":1,"dt":1,"otp":null,"res":1,"op":null,"hi":null}},{"type":"Feature","geometry":{"type":"Point","coordinates":[-118.628739300002,34.1662097000011]},"properties":{"name1":"Iris Healing Retreat","name2":null,"street1":"23033 Ostronic Drive","city":"Woodland Hills","county":"Los Angeles","zip":91367,"phone":"818-436-2646","website":"http://www.irishealing.com","type_facility":"SU","sa":1,"dt":1,"otp":null,"res":1,"op":null,"hi":1}},{"type":"Feature","geometry":{"type":"Point","coordinates":[-118.660034400002,34.1833023000011]},"properties":{"name1":"Rebirth Treatment Center","name2":null,"street1":"24555 Calvert Street","city":"Woodland Hills","county":"Los Angeles","zip":91367,"phone":"202-528-1182","website":"http://www.rebirthtc.com","type_facility":"SU","sa":1,"dt":1,"otp":null,"res":1,"op":null,"hi":1}},{"type":"Feature","geometry":{"type":"Point","coordinates":[-120.236442900002,37.961466200001]},"properties":{"name1":"Tuolumne MeWuk Indian Hlth Ctr","name2":"MEWU/YA","street1":"18670 Carter Street","city":"Tuolumne","county":"Tuolumne","zip":95379,"phone":"209-928-3350","website":"http://www.tmwihc.org","type_facility":"SU","sa":1,"dt":null,"otp":null,"res":null,"op":1,"hi":null}},{"type":"Feature","geometry":{"type":"Point","coordinates":[-118.610200000002,34.1008000000011]},"properties":{"name1":"Malibu Detox","name2":null,"street1":"- - -","city":"Topanga","county":"Los Angeles","zip":90290,"phone":"310-956-4692","website":"http://malibudetox.com","type_facility":"SU","sa":1,"dt":1,"otp":null,"res":1,"op":null,"hi":null}},{"type":"Feature","geometry":{"type":"Point","coordinates":[-118.737611000002,34.2715254000011]},"properties":{"name1":"All In Solutions California","name2":null,"street1":"3010 East Los Angeles Avenue","city":"Simi Valley","county":"Ventura","zip":93065,"phone":"805-316-7050","website":"https://www.allinsolutions.com/locations/simi-valley-ca-php/","type_facility":"SU","sa":1,"dt":1,"otp":null,"res":null,"op":1,"hi":null}},{"type":"Feature","geometry":{"type":"Point","coordinates":[-118.736654600002,34.2688532000011]},"properties":{"name1":"Ventura County Behavioral Health Dept","name2":"Simi Valley Center","street1":"3150 East Los Angeles Avenue","city":"Simi Valley","county":"Ventura","zip":93065,"phone":"805-577-1724","website":"https://vcbh.org/en/programs-services/substance-use-services","type_facility":"SU","sa":1,"dt":1,"otp":null,"res":null,"op":1,"hi":null}},{"type":"Feature","geometry":{"type":"Point","coordinates":[-118.737506000002,34.2701151000011]},"properties":{"name1":"All In Solutions Detox","name2":null,"street1":"1856 Deodora Street","city":"Simi Valley","county":"Ventura","zip":93065,"phone":"855-762-3796","website":"https://www.allinsolutions.com/locations/simi-valley-ca-php/","type_facility":"SU","sa":1,"dt":1,"otp":null,"res":1,"op":null,"hi":null}},{"type":"Feature","geometry":{"type":"Point","coordinates":[-118.620697200002,34.0442546000011]},"properties":{"name1":"Cliffside Malibu 3","name2":null,"street1":"20735 Rockcroft Drive","city":"Malibu","county":"Los Angeles","zip":90265,"phone":"424-217-1053","website":"http://Cliffsidemalibu.com","type_facility":"SU","sa":1,"dt":1,"otp":null,"res":1,"op":null,"hi":1}},{"type":"Feature","geometry":{"type":"Point","coordinates":[-118.621510700002,34.0448771000012]},"properties":{"name1":"Cliffside Malibu","name2":null,"street1":"20729 Rockcroft Drive","city":"Malibu","county":"Los Angeles","zip":90265,"phone":"424-217-1053","website":"http://Cliffsidemalibu.com","type_facility":"SU","sa":1,"dt":1,"otp":null,"res":1,"op":null,"hi":1}},{"type":"Feature","geometry":{"type":"Point","coordinates":[-118.784064000002,34.2704087000011]},"properties":{"name1":"Aegis Treatment Centers LLC","name2":null,"street1":"660 East Los Angeles Avenue","city":"Simi Valley","county":null,"zip":93065,"phone":"805-522-1844","website":"http://aegistreatmentcenters.com","type_facility":"SU","sa":1,"dt":1,"otp":1,"res":null,"op":1,"hi":null}},{"type":"Feature","geometry":{"type":"Point","coordinates":[-120.350869700002,38.257174000001]},"properties":{"name1":"Turning Point of Arnold LLC","name2":null,"street1":"1194 Cedar Street","city":"Arnold","county":"Calaveras","zip":95223,"phone":"209-822-3117","website":"http://www.turningpointofarnold.com","type_facility":"SU","sa":1,"dt":null,"otp":null,"res":1,"op":null,"hi":null}},{"type":"Feature","geometry":{"type":"Point","coordinates":[-120.055947200002,36.960937000001]},"properties":{"name1":"Madera County Behav Health Services","name2":null,"street1":"209 East 7th Street","city":"Madera","county":"Madera","zip":93638,"phone":"559-673-3508","website":"http://www.maderacounty.com/government/behavioralhealthservices","type_facility":"SU","sa":1,"dt":null,"otp":null,"res":null,"op":1,"hi":null}},{"type":"Feature","geometry":{"type":"Point","coordinates":[-118.718621000002,34.1295927000011]},"properties":{"name1":"Hillcrest Adolescent Treatment Center","name2":null,"street1":"3821 Marks Road","city":"Agoura Hills","county":"Los Angeles","zip":91301,"phone":"844-913-2788","website":"http://www.hillcrestatc.com/","type_facility":"SU","sa":1,"dt":null,"otp":null,"res":1,"op":null,"hi":null}},{"type":"Feature","geometry":{"type":"Point","coordinates":[-118.742780700002,34.1552587000011]},"properties":{"name1":"Seasons Recovery Centers LLC","name2":"Seasons Agoura","street1":"5850 Lapworth Drive","city":"Agoura Hills","county":"Los Angeles","zip":91301,"phone":"747-222-7802","website":"http://","type_facility":"SU","sa":1,"dt":1,"otp":null,"res":1,"op":null,"hi":null}},{"type":"Feature","geometry":{"type":"Point","coordinates":[-118.930332900002,34.3947202000011]},"properties":{"name1":"Ventura Cnty Behav Hlth SU Servs","name2":"Alcohol and Drug Programs","street1":"828 West Ventura Street","city":"Fillmore","county":"Ventura","zip":93015,"phone":"805-524-8644","website":"https://vcbh.org/en/programs-services/substance-use-services","type_facility":"SU","sa":1,"dt":null,"otp":null,"res":null,"op":1,"hi":null}},{"type":"Feature","geometry":{"type":"Point","coordinates":[-118.762352000002,34.1310780000011]},"properties":{"name1":"Inspire Malibu","name2":null,"street1":"3875 Kanan Road","city":"Agoura Hills","county":"Los Angeles","zip":91301,"phone":"818-707-7100","website":"http://www.inspiremalibu.com","type_facility":"SU","sa":1,"dt":1,"otp":null,"res":1,"op":null,"hi":null}},{"type":"Feature","geometry":{"type":"Point","coordinates":[-118.778189800002,34.1464890000011]},"properties":{"name1":"Inspire Malibu","name2":null,"street1":"30101 Agoura Court","city":"Agoura Hills","county":"Los Angeles","zip":91301,"phone":"818-532-6243","website":"http://www.inspiremalibu.com","type_facility":"SU","sa":1,"dt":1,"otp":null,"res":null,"op":1,"hi":null}},{"type":"Feature","geometry":{"type":"Point","coordinates":[-118.778881300002,34.1458550000011]},"properties":{"name1":"FOY Wellness and Recovery","name2":null,"street1":"30125 Agoura Road","city":"Agoura Hills","county":"Los Angeles","zip":91301,"phone":"805-659-8429","website":"http://www.foywellnessandrecovery.com","type_facility":"SU","sa":1,"dt":null,"otp":null,"res":null,"op":1,"hi":null}},{"type":"Feature","geometry":{"type":"Point","coordinates":[-120.377816000002,37.974305500001]},"properties":{"name1":"Tuolumne County Behavioral Hlth Servs","name2":null,"street1":"105 Hospital Road","city":"Sonora","county":"Tuolumne","zip":95370,"phone":"209-533-6245","website":"https://www.tuolumnecounty.ca.gov/220/Behavioral-Health","type_facility":"SU","sa":1,"dt":null,"otp":null,"res":null,"op":1,"hi":null}},{"type":"Feature","geometry":{"type":"Point","coordinates":[-118.819400000002,34.1929000000012]},"properties":{"name1":"Rylist Inc","name2":"La Ventana Treatment Programs","street1":"- - -","city":"Thousand Oaks","county":"Ventura","zip":91362,"phone":"805-379-9702","website":"http://laventanatreatment.com","type_facility":"SU","sa":1,"dt":null,"otp":null,"res":1,"op":null,"hi":null}},{"type":"Feature","geometry":{"type":"Point","coordinates":[-118.819400000002,34.1929000000012]},"properties":{"name1":"Rylist Inc","name2":"La Ventana Treatment Programs","street1":"- - -","city":"Thousand Oaks","county":"Ventura","zip":91362,"phone":"805-379-3840","website":"http://laventanatreatment.com","type_facility":"SU","sa":1,"dt":1,"otp":null,"res":1,"op":null,"hi":null}},{"type":"Feature","geometry":{"type":"Point","coordinates":[-118.861523600002,34.2487265000011]},"properties":{"name1":"Newport Institute","name2":null,"street1":"4914 Read Road","city":"Moorpark","county":"Ventura","zip":93021,"phone":"855-272-7451","website":"http://www.newportinstitute.com","type_facility":"SU","sa":1,"dt":null,"otp":null,"res":1,"op":1,"hi":null}},{"type":"Feature","geometry":{"type":"Point","coordinates":[-118.801507400002,34.1555287000011]},"properties":{"name1":"Psychological Care Institute","name2":"PCI Westlake Centers","street1":"31194 La Baya Drive","city":"Thousand Oaks","county":"Ventura","zip":91362,"phone":"747-222-7464","website":"http://www.pcicenters.com","type_facility":"SU","sa":1,"dt":null,"otp":null,"res":null,"op":1,"hi":null}},{"type":"Feature","geometry":{"type":"Point","coordinates":[-118.803893800002,34.1557098000011]},"properties":{"name1":"Clean Treatment Center","name2":null,"street1":"31240 La Baya Street","city":"Thousand Oaks","county":"Ventura","zip":91362,"phone":"818-436-2231","website":"https://www.cleantreatmentcenter.org/","type_facility":"SU","sa":1,"dt":1,"otp":null,"res":null,"op":1,"hi":null}},{"type":"Feature","geometry":{"type":"Point","coordinates":[-118.795971100002,34.1221216000012]},"properties":{"name1":"BNI Treatment Centers","name2":null,"street1":"30954 Lobo Canyon Road","city":"Agoura Hills","county":"Los Angeles","zip":91301,"phone":"866-801-0085","website":"http://bnitreatment.com","type_facility":"SU","sa":1,"dt":1,"otp":null,"res":1,"op":null,"hi":null}},{"type":"Feature","geometry":{"type":"Point","coordinates":[-118.829690800002,34.1646057000011]},"properties":{"name1":"Westlake Village Family Services","name2":null,"street1":"3625 East Thousand Oaks Boulevard","city":"Thousand Oaks","county":"Ventura","zip":91362,"phone":"818-730-2960","website":"http://www.westlakevillagefamilyservices.com","type_facility":"SU","sa":1,"dt":null,"otp":null,"res":null,"op":1,"hi":null}},{"type":"Feature","geometry":{"type":"Point","coordinates":[-118.757601000002,34.0312103000012]},"properties":{"name1":"Rise Luxury Rehab LLC","name2":null,"street1":"26901 Sea Vista Drive","city":"Malibu","county":"Los Angeles","zip":90265,"phone":"310-923-4130","website":"http://riseinmalibu.com/","type_facility":"SU","sa":1,"dt":1,"otp":null,"res":1,"op":null,"hi":null}},{"type":"Feature","geometry":{"type":"Point","coordinates":[-118.855131600002,34.1776491000011]},"properties":{"name1":"Rylist Inc","name2":"La Ventana Treatment Programs","street1":"1408 East Thousand Oaks Boulevard","city":"Thousand Oaks","county":"Ventura","zip":91362,"phone":"805-379-4883","website":"http://laventanatreatment.com","type_facility":"SU","sa":1,"dt":null,"otp":null,"res":null,"op":1,"hi":null}},{"type":"Feature","geometry":{"type":"Point","coordinates":[-118.880500000002,34.2145000000011]},"properties":{"name1":"A Wildwood Recovery","name2":null,"street1":"- - -","city":"Thousand Oaks","county":"Ventura","zip":91360,"phone":"805-493-5741","website":"http://www.wildwoodrecovery.com","type_facility":"SU","sa":1,"dt":1,"otp":null,"res":1,"op":1,"hi":1}},{"type":"Feature","geometry":{"type":"Point","coordinates":[-118.880500000002,34.2145000000011]},"properties":{"name1":"Ventura Recovery Center","name2":null,"street1":"2985 East Hillcrest Drive","city":"Thousand Oaks","county":"Ventura","zip":91360,"phone":"800-247-6111","website":"http://venturarecoverycenter.com","type_facility":"SU","sa":1,"dt":null,"otp":null,"res":null,"op":1,"hi":null}},{"type":"Feature","geometry":{"type":"Point","coordinates":[-118.880500000002,34.2145000000011]},"properties":{"name1":"A Wildwood Recovery IOP","name2":null,"street1":"- - -","city":"Thousand Oaks","county":"Ventura","zip":91360,"phone":"805-527-1804","website":"http://www.wildwoodrecovery.com","type_facility":"SU","sa":1,"dt":null,"otp":null,"res":null,"op":1,"hi":null}},{"type":"Feature","geometry":{"type":"Point","coordinates":[-118.879289600002,34.2102454000012]},"properties":{"name1":"Ventura Recovery Center","name2":null,"street1":"166 Siesta Avenue","city":"Thousand Oaks","county":"Ventura","zip":91360,"phone":"800-247-6111","website":"http://venturarecoverycenter.com/","type_facility":"SU","sa":1,"dt":1,"otp":null,"res":1,"op":null,"hi":null}},{"type":"Feature","geometry":{"type":"Point","coordinates":[-118.767215000002,34.0284056000011]},"properties":{"name1":"6390 Meadows Court LLC","name2":"Passages 8","street1":"6390 Meadows Court","city":"Malibu","county":"Los Angeles","zip":90265,"phone":"310-589-2880","website":"http://www.passagesmalibu.com","type_facility":"SU","sa":1,"dt":1,"otp":null,"res":1,"op":null,"hi":null}},{"type":"Feature","geometry":{"type":"Point","coordinates":[-118.767374400002,34.0269483000012]},"properties":{"name1":"Federal Recovery Systems LLC","name2":"Passages East","street1":"6439 B Sycamore Meadows Drive","city":"Malibu","county":"Los Angeles","zip":90265,"phone":"310-589-2880","website":"http://www.passagesmalibu.com","type_facility":"SU","sa":1,"dt":1,"otp":null,"res":1,"op":null,"hi":null}},{"type":"Feature","geometry":{"type":"Point","coordinates":[-118.767374400002,34.0269483000012]},"properties":{"name1":"Grasshopper House LLC","name2":"Passages C","street1":"6439 Sycamore Meadows Drive","city":"Malibu","county":"Los Angeles","zip":90265,"phone":"310-589-2880","website":"http://www.passagesmalibu.com","type_facility":"SU","sa":1,"dt":1,"otp":null,"res":1,"op":null,"hi":null}},{"type":"Feature","geometry":{"type":"Point","coordinates":[-118.767784200002,34.0270036000011]},"properties":{"name1":"Passages Malibu","name2":null,"street1":"6428 Meadows Court","city":"Malibu","county":"Los Angeles","zip":90265,"phone":"310-589-2880","website":"http://www.passagesmalibu.com","type_facility":"SU","sa":1,"dt":1,"otp":null,"res":1,"op":null,"hi":null}},{"type":"Feature","geometry":{"type":"Point","coordinates":[-118.767784200002,34.0270036000011]},"properties":{"name1":"Federal Recovery Systems LLC","name2":"Passages Northeast","street1":"6428 B Meadows Court","city":"Malibu","county":"Los Angeles","zip":90265,"phone":"310-589-2880","website":"http://www.passagesmalibu.com","type_facility":"SU","sa":1,"dt":1,"otp":null,"res":1,"op":null,"hi":null}},{"type":"Feature","geometry":{"type":"Point","coordinates":[-118.767793500002,34.0270090000012]},"properties":{"name1":"Grasshopper House LLC","name2":null,"street1":"6428 Meadows Court","city":"Malibu","county":"Los Angeles","zip":90265,"phone":"310-589-2880","website":"http://www.passagesmalibu.com","type_facility":"SU","sa":1,"dt":1,"otp":null,"res":1,"op":null,"hi":null}},{"type":"Feature","geometry":{"type":"Point","coordinates":[-118.767374400002,34.0263497000011]},"properties":{"name1":"Grasshopper House LLC","name2":"Passages","street1":"6447 Sycamore Meadows Drive","city":"Malibu","county":"Los Angeles","zip":90265,"phone":"310-589-2880","website":"http://www.passagesmalibu.com","type_facility":"SU","sa":1,"dt":1,"otp":null,"res":1,"op":null,"hi":null}},{"type":"Feature","geometry":{"type":"Point","coordinates":[-118.818558600002,34.0927618000012]},"properties":{"name1":"Milestones Ranch Malibu","name2":null,"street1":"200 Vera Canyon Road","city":"Malibu","county":"Los Angeles","zip":90265,"phone":"818-879-9110","website":"http://www.milestonesranch.com","type_facility":"SU","sa":1,"dt":null,"otp":null,"res":1,"op":null,"hi":null}},{"type":"Feature","geometry":{"type":"Point","coordinates":[-118.782734400002,34.0347730000011]},"properties":{"name1":"Lifesync Recovery and Detox LLC","name2":"Detoxification","street1":"6035 Murphy Way","city":"Malibu","county":"Los Angeles","zip":90265,"phone":"310-457-0916","website":"http://www.lifesyncmalibu.com","type_facility":"SU","sa":1,"dt":1,"otp":null,"res":1,"op":null,"hi":null}},{"type":"Feature","geometry":{"type":"Point","coordinates":[-118.880231400002,34.1790360000011]},"properties":{"name1":"Ventura County Behavioral Health Dept","name2":"Thousand Oaks Center","street1":"125 West Thousand Oaks Boulevard","city":"Thousand Oaks","county":"Ventura","zip":91360,"phone":"805-777-3506","website":"https://vcbh.org/en/programs-services/substance-use-services","type_facility":"SU","sa":1,"dt":null,"otp":null,"res":null,"op":1,"hi":null}},{"type":"Feature","geometry":{"type":"Point","coordinates":[-118.794536800002,34.0203280000012]},"properties":{"name1":"Sunset Malibu","name2":null,"street1":"28600 Pacific Coast Highway","city":"Malibu","county":"Los Angeles","zip":90265,"phone":"424-217-1053","website":"http://Cliffsidemalibu.com","type_facility":"SU","sa":1,"dt":1,"otp":null,"res":1,"op":null,"hi":1}},{"type":"Feature","geometry":{"type":"Point","coordinates":[-118.828900000002,34.0680000000011]},"properties":{"name1":"Meadows Malibu","name2":"Broad Beach Retreat","street1":"- - -","city":"Malibu","county":"Los Angeles","zip":90265,"phone":"424-346-8445","website":"http://meadowsmalibu.com","type_facility":"SU","sa":1,"dt":1,"otp":null,"res":1,"op":null,"hi":null}},{"type":"Feature","geometry":{"type":"Point","coordinates":[-118.828900000002,34.0680000000011]},"properties":{"name1":"Seasons Recovery Centers LLC","name2":"Serenity Malibu","street1":"- - -","city":"Malibu","county":"Los Angeles","zip":90265,"phone":"424-234-2044","website":"http://www.seasonsmalibu.com","type_facility":"SU","sa":1,"dt":1,"otp":null,"res":1,"op":null,"hi":null}},{"type":"Feature","geometry":{"type":"Point","coordinates":[-118.820738600002,34.0279497000012]},"properties":{"name1":"Cliffside Malibu 2","name2":null,"street1":"5853 Busch Drive","city":"Malibu","county":"Los Angeles","zip":90265,"phone":"424-217-1053","website":"http://Cliffsidemalibu.com","type_facility":"SU","sa":1,"dt":1,"otp":null,"res":1,"op":null,"hi":1}},{"type":"Feature","geometry":{"type":"Point","coordinates":[-118.829388100002,34.0377492000011]},"properties":{"name1":"Access Malibu","name2":null,"street1":"5247 Horizon Drive","city":"Malibu","county":"Los Angeles","zip":90265,"phone":"424-217-1053","website":"http://Cliffsidemalibu.com","type_facility":"SU","sa":1,"dt":1,"otp":null,"res":1,"op":null,"hi":1}},{"type":"Feature","geometry":{"type":"Point","coordinates":[-118.836398400002,34.0265454000011]},"properties":{"name1":"Oro House","name2":null,"street1":"30425 Pacific Coast Highway","city":"Malibu","county":"Los Angeles","zip":90265,"phone":"888-595-0235","website":"https://www.ororecovery.com","type_facility":"SU","sa":1,"dt":1,"otp":null,"res":1,"op":null,"hi":null}},{"type":"Feature","geometry":{"type":"Point","coordinates":[-120.616461300002,38.7492448000009]},"properties":{"name1":"Progress House Inc","name2":"Camino","street1":"5494 Pony Express Trail","city":"Camino","county":"El Dorado","zip":95709,"phone":"530-863-5863","website":"http://www.progresshouseinc.org","type_facility":"SU","sa":1,"dt":null,"otp":null,"res":1,"op":null,"hi":null}},{"type":"Feature","geometry":{"type":"Point","coordinates":[-119.067633400002,34.3518450000011]},"properties":{"name1":"Reward Path Recovery Center","name2":null,"street1":"525 East Main Street","city":"Santa Paula","county":"Ventura","zip":93060,"phone":"805-229-7623","website":"http://rewardpathrecovery.com","type_facility":"SU","sa":1,"dt":1,"otp":null,"res":1,"op":null,"hi":null}},{"type":"Feature","geometry":{"type":"Point","coordinates":[-120.652278300002,40.4119764000009]},"properties":{"name1":"Lassen Indian Health Center","name2":"Behavioral Health Department","street1":"795 Joaquin Street","city":"Susanville","county":"Lassen","zip":96130,"phone":"530-257-2542","website":"http://lihc.org","type_facility":"SU","sa":1,"dt":1,"otp":null,"res":null,"op":1,"hi":null}},{"type":"Feature","geometry":{"type":"Point","coordinates":[-120.667127600002,40.4083189000009]},"properties":{"name1":"County of Lassen","name2":"Lassen County Behavioral Health","street1":"555 Hospital Lane","city":"Susanville","county":"Lassen","zip":96130,"phone":"530-251-8108","website":"http://","type_facility":"SU","sa":1,"dt":null,"otp":null,"res":null,"op":1,"hi":null}},{"type":"Feature","geometry":{"type":"Point","coordinates":[-119.170714000002,34.4072020000011]},"properties":{"name1":"Narconon Pacific Coast","name2":"Narconon Ojai","street1":"9950 Sulphur Mountain Road","city":"Ojai","county":"Ventura","zip":93023,"phone":"805-798-8040","website":"http://www.narcononojai.org","type_facility":"SU","sa":1,"dt":null,"otp":null,"res":1,"op":null,"hi":null}},{"type":"Feature","geometry":{"type":"Point","coordinates":[-120.573922300002,37.8958671000009]},"properties":{"name1":"Lakes Treatment Center Inc","name2":null,"street1":"7260 OByrnes Ferry Road","city":"Copperopolis","county":"Calaveras","zip":95228,"phone":"209-325-8506","website":"http://www.thelakestreatmentcenter.com","type_facility":"SU","sa":1,"dt":1,"otp":null,"res":1,"op":null,"hi":null}},{"type":"Feature","geometry":{"type":"Point","coordinates":[-119.086854800002,34.2303186000011]},"properties":{"name1":"Newport Academy","name2":null,"street1":"1208 Via Aracena Street","city":"Camarillo","county":"Ventura","zip":93010,"phone":"877-820-6371","website":"http://www.newportacademy.com","type_facility":"SU","sa":1,"dt":null,"otp":null,"res":1,"op":1,"hi":null}},{"type":"Feature","geometry":{"type":"Point","coordinates":[-120.598686500002,37.9156817000009]},"properties":{"name1":"Lakes Treatment Center Inc","name2":"The Lakes at Black Creek","street1":"88 Sanguinetti Court","city":"Copperopolis","county":"Calaveras","zip":95228,"phone":"209-325-8506","website":"http://www.thelakestreatmentcenter.com","type_facility":"SU","sa":1,"dt":1,"otp":null,"res":1,"op":null,"hi":null}},{"type":"Feature","geometry":{"type":"Point","coordinates":[-120.453500000002,37.282900000001]},"properties":{"name1":"Behavioral Health and Recovery Servs","name2":"Recovery Assistance for Teens (RAFT)","street1":"1275 B Street","city":"Merced","county":"Merced","zip":95340,"phone":"209-381-6880","website":"http://www.countyofmerced.com","type_facility":"SU","sa":1,"dt":null,"otp":null,"res":null,"op":1,"hi":null}},{"type":"Feature","geometry":{"type":"Point","coordinates":[-120.459427200002,37.295427600001]},"properties":{"name1":"Community Social Model Advocates Inc","name2":"Hobie House","street1":"1299 and 1301 Yosemite Parkway","city":"Merced","county":"Merced","zip":95340,"phone":"209-722-6335","website":"http://www.csmainc.org","type_facility":"SU","sa":1,"dt":null,"otp":null,"res":1,"op":null,"hi":null}},{"type":"Feature","geometry":{"type":"Point","coordinates":[-120.666161600002,38.1910364000009]},"properties":{"name1":"Behavioral Health Services","name2":"Calaveras Hlth/Human Servs Agency","street1":"891 Mountain Ranch Road","city":"San Andreas","county":"Calaveras","zip":95249,"phone":"209-754-6525","website":"http://behavioralhealth.calaverasgov.us","type_facility":"SU","sa":1,"dt":null,"otp":null,"res":null,"op":1,"hi":null}},{"type":"Feature","geometry":{"type":"Point","coordinates":[-119.104941600002,34.2233326000011]},"properties":{"name1":"Recovery is a Beach","name2":null,"street1":"1317 Del Norte Road","city":"Camarillo","county":"Ventura","zip":93010,"phone":"805-889-9662","website":"https://recoveryisabeach.com","type_facility":"SU","sa":1,"dt":null,"otp":null,"res":null,"op":1,"hi":null}},{"type":"Feature","geometry":{"type":"Point","coordinates":[-120.473812800002,37.293432900001]},"properties":{"name1":"BHRS The Center","name2":null,"street1":"301 East 13th Street","city":"Merced","county":"Merced","zip":95341,"phone":"209-381-6850 x6852","website":"http://www.countyofmerced.com","type_facility":"SU","sa":1,"dt":null,"otp":null,"res":null,"op":1,"hi":null}},{"type":"Feature","geometry":{"type":"Point","coordinates":[-120.662119000002,38.0976320000009]},"properties":{"name1":"Changing Echoes","name2":null,"street1":"7632 Pool Station Road","city":"Angels Camp","county":"Calaveras","zip":95222,"phone":"209-785-3667","website":"http://www.changingechoes.com","type_facility":"SU","sa":1,"dt":1,"otp":null,"res":1,"op":null,"hi":null}},{"type":"Feature","geometry":{"type":"Point","coordinates":[-120.496196700002,37.306549200001]},"properties":{"name1":"Aegis Treatment Centers LLC","name2":null,"street1":"1343 West Main Street","city":"Merced","county":"Merced","zip":95340,"phone":"209-725-1060","website":"http://aegistreatmentcenters.com","type_facility":"SU","sa":1,"dt":1,"otp":1,"res":null,"op":1,"hi":null}},{"type":"Feature","geometry":{"type":"Point","coordinates":[-120.828600000002,39.5608650000009]},"properties":{"name1":"County of Sierra","name2":"Behavioral Health","street1":"22 Maiden Lane","city":"Downieville","county":"Sierra","zip":95936,"phone":"530-289-3711","website":"http://www.sierracounty.ca.gov","type_facility":"SU","sa":1,"dt":null,"otp":null,"res":null,"op":1,"hi":null}},{"type":"Feature","geometry":{"type":"Point","coordinates":[-119.154873400002,34.2194924000011]},"properties":{"name1":"Ventura County Behavioral Health Dept","name2":"Oxnard Substance Use Trt Servs","street1":"1911 Williams Drive","city":"Oxnard","county":"Ventura","zip":93036,"phone":"805-981-9200","website":"http://www.vchca.org","type_facility":"SU","sa":1,"dt":1,"otp":null,"res":null,"op":1,"hi":null}},{"type":"Feature","geometry":{"type":"Point","coordinates":[-119.154873400002,34.2194924000011]},"properties":{"name1":"Ventura County Behavioral Health Dept","name2":"SU Trt Servs/A New Start for Moms","street1":"1911 Williams Drive","city":"Oxnard","county":"Ventura","zip":93036,"phone":"805-981-9250","website":"http://www.vchca.org","type_facility":"SU","sa":1,"dt":1,"otp":null,"res":null,"op":1,"hi":null}},{"type":"Feature","geometry":{"type":"Point","coordinates":[-120.768196600002,38.5007501000009]},"properties":{"name1":"More to Life Recovery","name2":null,"street1":"20100 Quartz Mountain Road North","city":"Fiddletown","county":"Amador","zip":95629,"phone":"209-206-1177","website":"http://moretoliferecovery.com","type_facility":"SU","sa":1,"dt":1,"otp":null,"res":1,"op":null,"hi":null}},{"type":"Feature","geometry":{"type":"Point","coordinates":[-120.806904000002,38.7324590000009]},"properties":{"name1":"Progress House Inc","name2":"Progress House Counseling Center","street1":"2844 Coloma Street","city":"Placerville","county":"El Dorado","zip":95667,"phone":"530-863-5863","website":"http://www.progresshouseinc.org","type_facility":"SU","sa":1,"dt":null,"otp":null,"res":null,"op":1,"hi":null}},{"type":"Feature","geometry":{"type":"Point","coordinates":[-119.214308400002,34.2674636000011]},"properties":{"name1":"Ventura Cnty Behav Hlth SU Servs","name2":"Ventura Center","street1":"5850 Thille Street","city":"Ventura","county":"Ventura","zip":93003,"phone":"805-652-6919","website":"https://vcbh.org/en/programs-services/substance-use-services","type_facility":"SU","sa":1,"dt":null,"otp":null,"res":null,"op":1,"hi":null}},{"type":"Feature","geometry":{"type":"Point","coordinates":[-120.817567300002,38.6935300000009]},"properties":{"name1":"Recovery in Action Services","name2":"Recovery in Action","street1":"484 Pleasant Valley Road","city":"Diamond Springs","county":"El Dorado","zip":95619,"phone":"530-344-7633","website":"http://recoveryinactionedc.org","type_facility":"SU","sa":1,"dt":null,"otp":null,"res":null,"op":1,"hi":null}},{"type":"Feature","geometry":{"type":"Point","coordinates":[-119.224572200002,34.2767717000011]},"properties":{"name1":"Aegis Treatment Centers LLC","name2":null,"street1":"5225 Telegraph Road","city":"Ventura","county":"Ventura","zip":93003,"phone":"805-765-6493","website":"http://www.aegistreatmentcenters.com","type_facility":"SU","sa":1,"dt":1,"otp":1,"res":null,"op":1,"hi":null}},{"type":"Feature","geometry":{"type":"Point","coordinates":[-119.219010400002,34.2547330000011]},"properties":{"name1":"Changing Tides Treatment LLC","name2":"Outpatient Program","street1":"2021 Sperry Avenue","city":"Ventura","county":"Ventura","zip":93003,"phone":"805-660-0341","website":"http://changingtidesaddictiontreatment.com","type_facility":"SU","sa":1,"dt":null,"otp":null,"res":null,"op":1,"hi":null}},{"type":"Feature","geometry":{"type":"Point","coordinates":[-119.227076600002,34.2570422000011]},"properties":{"name1":"Genesis Programs Inc","name2":"Ventura","street1":"1732 Palma Drive","city":"Ventura","county":"Ventura","zip":93003,"phone":"805-650-3094","website":"http://www.genesisprograms.com","type_facility":"SU","sa":1,"dt":null,"otp":null,"res":null,"op":1,"hi":null}},{"type":"Feature","geometry":{"type":"Point","coordinates":[-119.177999500002,34.1792043000011]},"properties":{"name1":"Aegis Treatment Centers LLC","name2":null,"street1":"2055 Saviers Road","city":"Oxnard","county":"Ventura","zip":93033,"phone":"805-483-2253","website":"https://pinnacletreatment.com/location/california/","type_facility":"SU","sa":1,"dt":1,"otp":1,"res":null,"op":1,"hi":null}},{"type":"Feature","geometry":{"type":"Point","coordinates":[-120.590625100002,37.350722600001]},"properties":{"name1":"Community Social Model Advocates Inc","name2":"Tranquility Village","street1":"559 Mendocino Court","city":"Atwater","county":"Merced","zip":95301,"phone":"209-357-5200","website":"http://www.csmainc.org","type_facility":"SU","sa":1,"dt":null,"otp":null,"res":1,"op":null,"hi":null}},{"type":"Feature","geometry":{"type":"Point","coordinates":[-119.220258500002,34.2253814000011]},"properties":{"name1":"HealthRIGHT 360","name2":"Prototypes Womens Center/Ventura","street1":"2150 North Victoria Avenue","city":"Oxnard","county":"Ventura","zip":93036,"phone":"909-398-4383","website":"http://healthright360.org","type_facility":"SU","sa":1,"dt":1,"otp":null,"res":1,"op":null,"hi":null}},{"type":"Feature","geometry":{"type":"Point","coordinates":[-120.854515100002,38.7036547000009]},"properties":{"name1":"Aegis Treatment Centers LLC","name2":"Med Unit","street1":"6390 Runnymeade Drive","city":"Placerville","county":"El Dorado","zip":95667,"phone":"916-774-6647","website":"http://www.pinnacletreatment.com","type_facility":"SU","sa":1,"dt":1,"otp":null,"res":null,"op":1,"hi":null}},{"type":"Feature","geometry":{"type":"Point","coordinates":[-120.818133000002,38.364572000001]},"properties":{"name1":"Amador County Behavioral Health","name2":null,"street1":"10877 Conductor Boulevard","city":"Sutter Creek","county":"Amador","zip":95685,"phone":"209-223-6412","website":"http://www.amadorgov.org","type_facility":"SU","sa":1,"dt":null,"otp":null,"res":null,"op":1,"hi":null}},{"type":"Feature","geometry":{"type":"Point","coordinates":[-120.876488300002,38.8375858000009]},"properties":{"name1":"Progress House Inc","name2":"Mens Facility","street1":"5607 Mount Murphy Road","city":"Garden Valley","county":"El Dorado","zip":95633,"phone":"530-863-5863","website":"http://www.progresshouseinc.org","type_facility":"SU","sa":1,"dt":null,"otp":null,"res":1,"op":null,"hi":null}},{"type":"Feature","geometry":{"type":"Point","coordinates":[-119.197795200002,34.1512480000011]},"properties":{"name1":"Passages Ventura","name2":null,"street1":"224 East Clara Street","city":"Port Hueneme","county":"Ventura","zip":93041,"phone":"310-589-2880","website":"http://www.passagesventura.com","type_facility":"SU","sa":1,"dt":1,"otp":null,"res":1,"op":null,"hi":null}},{"type":"Feature","geometry":{"type":"Point","coordinates":[-119.274773800002,34.2669392000011]},"properties":{"name1":"Point Break Recovery","name2":null,"street1":"2100 Pierpont Boulevard","city":"Ventura","county":"Ventura","zip":93001,"phone":"805-889-9662","website":"https://pointbreakrecovery.com","type_facility":"SU","sa":1,"dt":1,"otp":null,"res":1,"op":null,"hi":null}},{"type":"Feature","geometry":{"type":"Point","coordinates":[-119.227000000002,34.1886000000011]},"properties":{"name1":"Channel Islands Rehab","name2":null,"street1":"- - -","city":"Oxnard","county":"Ventura","zip":93035,"phone":"800-675-7963","website":"http://www.channelislandsrehab.com","type_facility":"SU","sa":1,"dt":1,"otp":null,"res":1,"op":null,"hi":1}},{"type":"Feature","geometry":{"type":"Point","coordinates":[-119.286219300002,34.2785137000011]},"properties":{"name1":"Western Pacific Med Corp","name2":"Western Pacific Ventura","street1":"955 East Thompson Boulevard","city":"Ventura","county":"Ventura","zip":93001,"phone":"805-641-9100","website":"http://www.westpacmed.com","type_facility":"SU","sa":1,"dt":1,"otp":1,"res":null,"op":1,"hi":null}},{"type":"Feature","geometry":{"type":"Point","coordinates":[-120.924700000002,39.2183000000009]},"properties":{"name1":"Granite Wellness Centers","name2":null,"street1":"- - -","city":"Grass Valley","county":"Nevada","zip":95945,"phone":"530-273-9541 x227","website":"http://www.granitewellness.org","type_facility":"SU","sa":1,"dt":null,"otp":null,"res":null,"op":1,"hi":null}},{"type":"Feature","geometry":{"type":"Point","coordinates":[-120.924700000002,39.2183000000009]},"properties":{"name1":"Granite Wellness Centers","name2":"Lovett Recovery Center","street1":"- - -","city":"Grass Valley","county":"Nevada","zip":95945,"phone":"530-273-9541","website":"http://www.granitewellness.org","type_facility":"SU","sa":1,"dt":null,"otp":null,"res":1,"op":null,"hi":1}},{"type":"Feature","geometry":{"type":"Point","coordinates":[-120.924700000002,39.2183000000009]},"properties":{"name1":"Granite Wellness Centers","name2":"Grass Valley Campus/Inpatient","street1":"- - -","city":"Grass Valley","county":"Nevada","zip":95945,"phone":"530-271-1140 x247","website":"http://www.granitewellness.org","type_facility":"SU","sa":1,"dt":null,"otp":null,"res":1,"op":null,"hi":null}},{"type":"Feature","geometry":{"type":"Point","coordinates":[-120.920600000002,39.0937000000009]},"properties":{"name1":"Restoration Recovery Center","name2":null,"street1":"- - -","city":"Colfax","county":"Placer","zip":95713,"phone":"888-290-0925","website":"http://www.restorationrecoverycenter.com","type_facility":"SU","sa":1,"dt":1,"otp":null,"res":1,"op":null,"hi":null}},{"type":"Feature","geometry":{"type":"Point","coordinates":[-119.301303900002,34.2866578000011]},"properties":{"name1":"Khepera House","name2":null,"street1":"125 West Harrison Avenue","city":"Ventura","county":"Ventura","zip":93001,"phone":"805-653-2596","website":"http://www.kheperahouse.org","type_facility":"SU","sa":1,"dt":1,"otp":null,"res":1,"op":null,"hi":1}},{"type":"Feature","geometry":{"type":"Point","coordinates":[-120.907954200002,38.808319400001]},"properties":{"name1":"Progress House Inc","name2":"Mens Facility","street1":"838 Beach Court","city":"Lotus","county":"El Dorado","zip":95651,"phone":"530-863-5863","website":"http://www.progresshouseinc.org","type_facility":"SU","sa":1,"dt":null,"otp":null,"res":1,"op":null,"hi":null}},{"type":"Feature","geometry":{"type":"Point","coordinates":[-121.046274400002,39.2289493000009]},"properties":{"name1":"Aegis Treatment Centers LLC","name2":"Med Unit","street1":"109 Margaret Lane","city":"Grass Valley","county":"Nevada","zip":95945,"phone":"530-863-8798","website":"http://www.aegistreatmentcenters.com","type_facility":"SU","sa":1,"dt":1,"otp":1,"res":null,"op":1,"hi":null}},{"type":"Feature","geometry":{"type":"Point","coordinates":[-120.854717000002,37.7630006000009]},"properties":{"name1":"Center for Human Services","name2":"SUD OP","street1":"631 West F Street","city":"Oakdale","county":"Stanislaus","zip":95361,"phone":"209-526-1440","website":"http://www.centerforhumanservices.org","type_facility":"SU","sa":1,"dt":null,"otp":null,"res":null,"op":1,"hi":null}},{"type":"Feature","geometry":{"type":"Point","coordinates":[-121.062975500002,39.2144362000009]},"properties":{"name1":"Common Goals Inc","name2":null,"street1":"256 Buena Vista Street","city":"Grass Valley","county":"Nevada","zip":95945,"phone":"530-274-2000 x206","website":"http://www.commongoalsinc.org","type_facility":"SU","sa":1,"dt":null,"otp":null,"res":null,"op":1,"hi":null}},{"type":"Feature","geometry":{"type":"Point","coordinates":[-121.073999100002,38.9108595000009]},"properties":{"name1":"Sierra Native Alliance","name2":null,"street1":"610 Auburn Ravine Road","city":"Auburn","county":"Placer","zip":95603,"phone":"530-888-8767","website":"http://www.sierranativealliance.org","type_facility":"SU","sa":1,"dt":null,"otp":null,"res":null,"op":1,"hi":null}},{"type":"Feature","geometry":{"type":"Point","coordinates":[-121.074556100002,38.8962165000009]},"properties":{"name1":"Restoration Recovery Center","name2":null,"street1":"70 College Way","city":"Auburn","county":"Placer","zip":95603,"phone":"888-290-0925","website":"http://www.restorationrecoverycenter.com","type_facility":"SU","sa":1,"dt":null,"otp":null,"res":null,"op":1,"hi":null}},{"type":"Feature","geometry":{"type":"Point","coordinates":[-121.075700000002,38.896200000001]},"properties":{"name1":"Granite Wellness Centers","name2":"Outpt/DUI/Mothers in Recovery","street1":"- - -","city":"Auburn","county":"Placer","zip":95604,"phone":"530-885-1961","website":"http://www.granitewellness.org","type_facility":"SU","sa":1,"dt":null,"otp":null,"res":null,"op":1,"hi":null}},{"type":"Feature","geometry":{"type":"Point","coordinates":[-121.098847000002,38.9344973000009]},"properties":{"name1":"Chapa de Indian Health Program Inc","name2":"Medication Assisted Treatment Services","street1":"11670 Atwood Road","city":"Auburn","county":"Placer","zip":95603,"phone":"530-887-2800","website":"http://chapa-de.org","type_facility":"SU","sa":1,"dt":1,"otp":null,"res":null,"op":1,"hi":null}},{"type":"Feature","geometry":{"type":"Point","coordinates":[-120.938105700002,37.6055987000009]},"properties":{"name1":"Aegis Treatment Centers LLC","name2":null,"street1":"1768 Mitchell Road","city":"Ceres","county":"Stanislaus","zip":95307,"phone":"209-353-4838","website":"https://pinnacletreatment.com/location/california/ceres/aegis-treatment-centers-ceres/?utm_source=Go","type_facility":"SU","sa":1,"dt":1,"otp":1,"res":null,"op":1,"hi":null}},{"type":"Feature","geometry":{"type":"Point","coordinates":[-120.978018200002,37.6894704000009]},"properties":{"name1":"GPS Counseling Center","name2":null,"street1":"1101 Sylvan Avenue","city":"Modesto","county":"Stanislaus","zip":95350,"phone":"209-758-7477 x103","website":"https://www.gpscounselingcenter.com","type_facility":"SU","sa":1,"dt":null,"otp":null,"res":null,"op":1,"hi":null}},{"type":"Feature","geometry":{"type":"Point","coordinates":[-121.166900000002,38.8100000000009]},"properties":{"name1":"CDT Service Corporation","name2":"New Dawn Treatment Ctrs/Villa Ladera","street1":"- - -","city":"Loomis","county":"Placer","zip":95650,"phone":"916-432-2205","website":"http://www.newdawntreatmentcenters.com","type_facility":"SU","sa":1,"dt":1,"otp":null,"res":1,"op":null,"hi":1}},{"type":"Feature","geometry":{"type":"Point","coordinates":[-120.965928692002,37.601226155001]},"properties":{"name1":"Stanislaus Recovery Center","name2":"Adult Treatment Programs","street1":"1904 Richland Avenue","city":"Ceres","county":"Stanislaus","zip":95307,"phone":"209-525-7411","website":"http://www.stanislausrecoverycenter.com","type_facility":"SU","sa":1,"dt":1,"otp":null,"res":1,"op":1,"hi":null}},{"type":"Feature","geometry":{"type":"Point","coordinates":[-121.110000000002,38.3418000000009]},"properties":{"name1":"River City Recovery Center Inc","name2":"Altua","street1":"- - -","city":"Herald","county":"Sacramento","zip":95638,"phone":"916-442-3979","website":"http://www.rivercityrecovery.org","type_facility":"SU","sa":1,"dt":null,"otp":null,"res":1,"op":null,"hi":null}},{"type":"Feature","geometry":{"type":"Point","coordinates":[-120.982681200002,37.6640184000009]},"properties":{"name1":"New Hope Recovery","name2":null,"street1":"823 East Orangeburg Avenue","city":"Modesto","county":"Stanislaus","zip":95350,"phone":"209-527-9797 x103","website":"http://www.newhope-recovery.org","type_facility":"SU","sa":1,"dt":1,"otp":null,"res":1,"op":1,"hi":null}},{"type":"Feature","geometry":{"type":"Point","coordinates":[-120.987228800002,37.6579495000009]},"properties":{"name1":"Valley Recovery Resources","name2":"Redwood Family Treatment Center","street1":"416 Corson Avenue","city":"Modesto","county":"Stanislaus","zip":95350,"phone":"209-521-1805","website":"http://www.redwoodfamilycenter.org","type_facility":"SU","sa":1,"dt":1,"otp":null,"res":1,"op":null,"hi":null}},{"type":"Feature","geometry":{"type":"Point","coordinates":[-120.990620500002,37.6691198000009]},"properties":{"name1":"Sierra Vista Child And Family Services","name2":"First Step Perinatal Treatment Program","street1":"1700 McHenry Village Way","city":"Modesto","county":"Stanislaus","zip":95350,"phone":"209-523-4573","website":"http://www.sierravistacares.org","type_facility":"SU","sa":1,"dt":null,"otp":null,"res":null,"op":1,"hi":null}},{"type":"Feature","geometry":{"type":"Point","coordinates":[-120.994242200002,37.6610361000009]},"properties":{"name1":"Aegis Treatment Centers LLC","name2":null,"street1":"1235 McHenry Avenue","city":"Modesto","county":"Stanislaus","zip":95350,"phone":"209-527-4597","website":"https://pinnacletreatment.com/","type_facility":"SU","sa":1,"dt":1,"otp":1,"res":null,"op":1,"hi":null}},{"type":"Feature","geometry":{"type":"Point","coordinates":[-121.169025400002,38.6600857000009]},"properties":{"name1":"Bella Nirvana Center Inc","name2":null,"street1":"1141 Sibley Street","city":"Folsom","county":"Sacramento","zip":95630,"phone":"916-222-2181","website":"http://www.bellanirvanacenter.com","type_facility":"SU","sa":1,"dt":1,"otp":null,"res":1,"op":null,"hi":null}},{"type":"Feature","geometry":{"type":"Point","coordinates":[-119.688513200002,34.4197706000011]},"properties":{"name1":"Mission Harbor Behavioral Health","name2":"American Riviera LLC","street1":"403 East Montecito Street","city":"Santa Barbara","county":"Santa Barbara","zip":93101,"phone":"805-874-5922","website":"http://www.sbtreatment.com","type_facility":"SU","sa":1,"dt":null,"otp":null,"res":null,"op":1,"hi":null}},{"type":"Feature","geometry":{"type":"Point","coordinates":[-119.693566800002,34.4189415000011]},"properties":{"name1":"Council on Alcoholism and Drug Abuse","name2":"Project Recovery","street1":"133 East Haley Street","city":"Santa Barbara","county":"Santa Barbara","zip":93101,"phone":"805-564-6057","website":"http://www.cadasb.org","type_facility":"SU","sa":1,"dt":null,"otp":null,"res":null,"op":1,"hi":null}},{"type":"Feature","geometry":{"type":"Point","coordinates":[-120.854111300002,37.067360400001]},"properties":{"name1":"BHRS SUD Division","name2":"Los Banos Alcohol and Drug Services","street1":"40 G Street","city":"Los Banos","county":"Merced","zip":93635,"phone":"209-381-6800","website":"http://www.countyofmerced.com","type_facility":"SU","sa":1,"dt":null,"otp":null,"res":null,"op":1,"hi":null}},{"type":"Feature","geometry":{"type":"Point","coordinates":[-121.001518900002,37.6373238000009]},"properties":{"name1":"BreakThroughs Outpatient Treatment","name2":null,"street1":"704 I Street","city":"Modesto","county":"Stanislaus","zip":95354,"phone":"209-529-1855","website":"http://www.breakthroughsmodesto.com","type_facility":"SU","sa":1,"dt":null,"otp":null,"res":null,"op":1,"hi":null}},{"type":"Feature","geometry":{"type":"Point","coordinates":[-119.700397800002,34.4257807000011]},"properties":{"name1":"Council on Alcoholism and Drug Abuse","name2":"Daniel Bryant Yth and Fam Ctr Adol Trt","street1":"1111 Garden Street","city":"Santa Barbara","county":"Santa Barbara","zip":93101,"phone":"805-730-7575","website":"http://www.cadasb.org","type_facility":"SU","sa":1,"dt":null,"otp":null,"res":null,"op":1,"hi":null}},{"type":"Feature","geometry":{"type":"Point","coordinates":[-121.007493000002,37.647006600001]},"properties":{"name1":"Nirvana Drug and Alcohol Trt Program","name2":"Women of Hope","street1":"1116 Alice Street","city":"Modesto","county":"Stanislaus","zip":95350,"phone":"209-578-3132","website":"http://www.nirvanatx.org","type_facility":"SU","sa":1,"dt":null,"otp":null,"res":1,"op":null,"hi":null}},{"type":"Feature","geometry":{"type":"Point","coordinates":[-119.697206800002,34.4115010000011]},"properties":{"name1":"Santa Barbara Cottage Hospital","name2":"Cottage Residential Center","street1":"316 West Montecito Street","city":"Santa Barbara","county":"Santa Barbara","zip":93101,"phone":"805-569-7422","website":"http://www.cottagehealth.org/","type_facility":"SU","sa":1,"dt":null,"otp":null,"res":1,"op":null,"hi":null}},{"type":"Feature","geometry":{"type":"Point","coordinates":[-119.711000000002,34.4179000000011]},"properties":{"name1":"Council on Alcoholism and Drug Abuse","name2":"Adult Residential Treatment Services","street1":"- - -","city":"Santa Barbara","county":"Santa Barbara","zip":93101,"phone":"805-963-1836","website":"http://www.cadasb.org","type_facility":"SU","sa":1,"dt":1,"otp":null,"res":1,"op":null,"hi":null}},{"type":"Feature","geometry":{"type":"Point","coordinates":[-119.711000000002,34.4179000000011]},"properties":{"name1":"Casa Serena","name2":"Treatment Programs for Women","street1":"- - -","city":"Santa Barbara","county":"Santa Barbara","zip":93101,"phone":"805-966-1260 x1","website":"http://www.casaserena.org","type_facility":"SU","sa":1,"dt":1,"otp":null,"res":1,"op":null,"hi":null}},{"type":"Feature","geometry":{"type":"Point","coordinates":[-121.027882400002,37.6708941000009]},"properties":{"name1":"Center for Human Services","name2":"SUD IOT/SUD OP","street1":"2000 West Briggsmore Avenue","city":"Modesto","county":"Stanislaus","zip":95350,"phone":"209-526-1440 x156","website":"http://www.centerforhumanservices.org","type_facility":"SU","sa":1,"dt":null,"otp":null,"res":null,"op":1,"hi":null}},{"type":"Feature","geometry":{"type":"Point","coordinates":[-121.023430900002,37.645393800001]},"properties":{"name1":"Nirvana Alcohol and Drug Treatment Prg","name2":null,"street1":"1100 Kansas Avenue","city":"Modesto","county":"Stanislaus","zip":95351,"phone":"209-579-1151","website":"http://www.Nirvanatx.org","type_facility":"SU","sa":1,"dt":null,"otp":null,"res":null,"op":1,"hi":null}},{"type":"Feature","geometry":{"type":"Point","coordinates":[-119.724322500002,34.4295556000011]},"properties":{"name1":"Santa Barbara Cottage Hospital","name2":"Psychiatry and Addiction Medicine","street1":"400 West Pueblo Street","city":"Santa Barbara","county":"Santa Barbara","zip":93105,"phone":"805-682-7111","website":"http://www.cottagehealth.org","type_facility":"SU","sa":1,"dt":1,"otp":null,"res":null,"op":1,"hi":1}},{"type":"Feature","geometry":{"type":"Point","coordinates":[-121.027546600002,37.648990200001]},"properties":{"name1":"Nirvana Alcohol and Drug Treatment Prg","name2":null,"street1":"1028 Reno Avenue","city":"Modesto","county":"Stanislaus","zip":95351,"phone":"209-579-1103","website":"http://www.nirvanatx.org","type_facility":"SU","sa":1,"dt":null,"otp":null,"res":1,"op":null,"hi":null}},{"type":"Feature","geometry":{"type":"Point","coordinates":[-121.030596000002,37.658812300001]},"properties":{"name1":"Insight Treatment Programs","name2":null,"street1":"1600 North Carpenter Road","city":"Modesto","county":"Stanislaus","zip":95351,"phone":"209-299-2880","website":"http://www.insighttreatment.com","type_facility":"SU","sa":1,"dt":null,"otp":null,"res":null,"op":1,"hi":null}},{"type":"Feature","geometry":{"type":"Point","coordinates":[-121.197724900002,38.5684328000009]},"properties":{"name1":"Yellow Wood Recovery","name2":null,"street1":"12646 Thornberg Way","city":"Rancho Cordova","county":"Sacramento","zip":95742,"phone":"916-238-6070","website":"https://yellowwoodrecovery.com","type_facility":"SU","sa":1,"dt":1,"otp":null,"res":1,"op":null,"hi":null}},{"type":"Feature","geometry":{"type":"Point","coordinates":[-121.219800000002,38.6892000000009]},"properties":{"name1":"New Dawn Treatment Centers","name2":"Residential Rehab","street1":"- - -","city":"Orangevale","county":"Sacramento","zip":95662,"phone":"916-784-1149 x33","website":"http://www.newdawntreatmentcenters.com","type_facility":"SU","sa":1,"dt":null,"otp":null,"res":1,"op":null,"hi":1}},{"type":"Feature","geometry":{"type":"Point","coordinates":[-121.219800000002,38.6892000000009]},"properties":{"name1":"New Dawn Treatment Centers","name2":"Residential Rehab","street1":"- - -","city":"Orangevale","county":"Sacramento","zip":95662,"phone":"916-723-1319","website":"http://www.newdawntreatmentcenters.com","type_facility":"SU","sa":1,"dt":null,"otp":null,"res":1,"op":null,"hi":1}},{"type":"Feature","geometry":{"type":"Point","coordinates":[-121.219800000002,38.6892000000009]},"properties":{"name1":"New Dawn Treatment Centers","name2":"Detox Services","street1":"- - -","city":"Orangevale","county":"Sacramento","zip":95662,"phone":"916-784-1149","website":"http://www.newdawntreatmentcenters.com","type_facility":"SU","sa":1,"dt":1,"otp":null,"res":1,"op":null,"hi":1}},{"type":"Feature","geometry":{"type":"Point","coordinates":[-121.235200600002,38.7899099000009]},"properties":{"name1":"Pathway Program","name2":null,"street1":"3900 Rocklin Road","city":"Rocklin","county":"Placer","zip":95677,"phone":"916-234-0097","website":"http://www.thepathwayprogram.com/sacramento-drug-treatment-programs/","type_facility":"SU","sa":1,"dt":null,"otp":null,"res":null,"op":1,"hi":null}},{"type":"Feature","geometry":{"type":"Point","coordinates":[-121.178868600002,38.3081899000009]},"properties":{"name1":"Palm Tree Ranch","name2":null,"street1":"12370 Clay Station Road","city":"Herald","county":"Sacramento","zip":95638,"phone":"209-744-9909","website":"http://www.townshealthservices.net","type_facility":"SU","sa":1,"dt":null,"otp":null,"res":1,"op":null,"hi":null}},{"type":"Feature","geometry":{"type":"Point","coordinates":[-121.247900000002,38.7399000000009]},"properties":{"name1":"Granite Wellness Centers","name2":"Adolescent Program","street1":"- - -","city":"Roseville","county":"Placer","zip":95661,"phone":"916-787-4357","website":"http://www.granitewellness.org","type_facility":"SU","sa":1,"dt":null,"otp":null,"res":null,"op":1,"hi":null}},{"type":"Feature","geometry":{"type":"Point","coordinates":[-121.270952000002,38.7325055000009]},"properties":{"name1":"Pathways Recovery","name2":"Intensive Outpatient Program","street1":"775 Sunrise Avenue","city":"Roseville","county":"Sacramento","zip":95661,"phone":"916-735-8377","website":"http://www.pathwaysrecovery.com","type_facility":"SU","sa":1,"dt":null,"otp":null,"res":null,"op":1,"hi":null}},{"type":"Feature","geometry":{"type":"Point","coordinates":[-121.273435800002,38.7366223000009]},"properties":{"name1":"Aegis Treatment Centers LLC","name2":null,"street1":"1133 Coloma Way","city":"Roseville","county":"Placer","zip":95661,"phone":"916-774-6647","website":"http://www.pinnacletreatment.com","type_facility":"SU","sa":1,"dt":1,"otp":1,"res":null,"op":1,"hi":null}},{"type":"Feature","geometry":{"type":"Point","coordinates":[-121.273294200002,38.7268782000009]},"properties":{"name1":"Pathways Recovery","name2":"Mens Residential","street1":"1101 Kensington Drive","city":"Roseville","county":"Placer","zip":95661,"phone":"916-735-8377","website":"http://www.pathwaysrecovery.com","type_facility":"SU","sa":1,"dt":1,"otp":null,"res":1,"op":null,"hi":null}},{"type":"Feature","geometry":{"type":"Point","coordinates":[-121.284921500002,38.7464758000009]},"properties":{"name1":"California Recovery Center","name2":null,"street1":"423 Oak Street","city":"Roseville","county":"Placer","zip":95678,"phone":"916-333-0865","website":"http://www.calrecoverycenter.com","type_facility":"SU","sa":1,"dt":1,"otp":null,"res":1,"op":null,"hi":null}},{"type":"Feature","geometry":{"type":"Point","coordinates":[-121.287400000002,38.7639000000009]},"properties":{"name1":"California Recovery Center","name2":null,"street1":"- - -","city":"Roseville","county":"Placer","zip":95678,"phone":"559-577-8617","website":"http://www.calrecoverycenter.com","type_facility":"SU","sa":1,"dt":1,"otp":null,"res":1,"op":null,"hi":null}},{"type":"Feature","geometry":{"type":"Point","coordinates":[-121.335700000002,39.3059000000009]},"properties":{"name1":"Ona Treatment Center","name2":null,"street1":"- - -","city":"Browns Valley","county":"Yuba","zip":95918,"phone":"530-713-1993","website":"https://onatreatmentcenter.com/","type_facility":"SU","sa":1,"dt":null,"otp":null,"res":1,"op":null,"hi":null}},{"type":"Feature","geometry":{"type":"Point","coordinates":[-121.332762800002,38.9092086000009]},"properties":{"name1":"A Better Path Treatment Programs","name2":null,"street1":"3247 Le Bourget Lane","city":"Lincoln","county":"Placer","zip":95648,"phone":"916-209-3792","website":"https://www.abetterpathtreatmentprograms.com/","type_facility":"SU","sa":1,"dt":1,"otp":null,"res":1,"op":null,"hi":null}},{"type":"Feature","geometry":{"type":"Point","coordinates":[-121.306475900002,38.6361654000009]},"properties":{"name1":"Associated Rehab Program for Women Inc","name2":"Alpha Oaks","street1":"8400 Fair Oaks Boulevard","city":"Carmichael","county":"Sacramento","zip":95608,"phone":"916-944-3920","website":"http://www.alphaoaks.org","type_facility":"SU","sa":1,"dt":null,"otp":null,"res":1,"op":null,"hi":null}},{"type":"Feature","geometry":{"type":"Point","coordinates":[-121.315574300002,38.6826882000009]},"properties":{"name1":"New Dawn Recovery Centers","name2":"Outpatient Servs and Intensive Outpt","street1":"6371 Auburn Boulevard","city":"Citrus Heights","county":"Sacramento","zip":95621,"phone":"916-784-1149 x103","website":"http://www.newdawnrecovery.com","type_facility":"SU","sa":1,"dt":null,"otp":null,"res":null,"op":1,"hi":1}},{"type":"Feature","geometry":{"type":"Point","coordinates":[-121.316173900002,38.6632647000009]},"properties":{"name1":"Associated Rehab Program for Women Inc","name2":"Cornerstone","street1":"6350 Appian Way","city":"Carmichael","county":"Sacramento","zip":95608,"phone":"916-966-5102","website":"http://www.alphaoaks.org","type_facility":"SU","sa":1,"dt":null,"otp":null,"res":1,"op":null,"hi":null}},{"type":"Feature","geometry":{"type":"Point","coordinates":[-121.316207100002,38.6632737000009]},"properties":{"name1":"Associated Rehab Program for Women Inc","name2":"Cornerstone","street1":"6348 Appian Way","city":"Carmichael","county":"Sacramento","zip":95608,"phone":"916-966-5102","website":"http://www.alphaoaks.org","type_facility":"SU","sa":1,"dt":null,"otp":null,"res":1,"op":null,"hi":null}},{"type":"Feature","geometry":{"type":"Point","coordinates":[-121.317838200002,38.5829898000009]},"properties":{"name1":"Sunrise Health and Wellness Center LLC","name2":null,"street1":"10089 Folsom Boulevard","city":"Rancho Cordova","county":"Sacramento","zip":95670,"phone":"916-366-6531","website":"http://www.getoffopiates.com","type_facility":"SU","sa":1,"dt":1,"otp":1,"res":null,"op":1,"hi":null}},{"type":"Feature","geometry":{"type":"Point","coordinates":[-121.329277500002,38.6124379000009]},"properties":{"name1":"BAART Behavioral Health Services Inc","name2":"Bi Valley Medical","street1":"6127 Fair Oaks Boulevard","city":"Carmichael","county":"Sacramento","zip":95608,"phone":"916-974-8090","website":"http://www.baartprograms.com","type_facility":"SU","sa":1,"dt":1,"otp":1,"res":null,"op":1,"hi":null}},{"type":"Feature","geometry":{"type":"Point","coordinates":[-121.306000000002,38.4313000000009]},"properties":{"name1":"Diamond House Detox","name2":null,"street1":"- - -","city":"Elk Grove","county":"Sacramento","zip":95624,"phone":"800-205-6107","website":"http://www.diamondhousedetox.com","type_facility":"SU","sa":1,"dt":1,"otp":null,"res":1,"op":null,"hi":null}},{"type":"Feature","geometry":{"type":"Point","coordinates":[-121.306000000002,38.4313000000009]},"properties":{"name1":"Diamond House Detox","name2":null,"street1":"- - -","city":"Elk Grove","county":"Sacramento","zip":95624,"phone":"800-205-6107","website":"http://diamondhousedetox.com","type_facility":"SU","sa":1,"dt":1,"otp":null,"res":1,"op":null,"hi":null}},{"type":"Feature","geometry":{"type":"Point","coordinates":[-121.327668900002,38.5745116000009]},"properties":{"name1":"New Dawn Treatment Center","name2":"Outpatient Services and Intensive Outp","street1":"9960 Business Park Drive","city":"Sacramento","county":"Sacramento","zip":95827,"phone":"916-784-1149 x103","website":"http://www.newdawntreatmentcenters.com","type_facility":"SU","sa":1,"dt":null,"otp":null,"res":null,"op":1,"hi":1}},{"type":"Feature","geometry":{"type":"Point","coordinates":[-121.290106500002,38.2748032000009]},"properties":{"name1":"Palm Tree Ranch","name2":"Griffey Way","street1":"768 Griffey Way","city":"Galt","county":"Sacramento","zip":95632,"phone":"916-612-2452","website":"http://www.townshealthservices.net","type_facility":"SU","sa":1,"dt":1,"otp":null,"res":1,"op":null,"hi":null}},{"type":"Feature","geometry":{"type":"Point","coordinates":[-121.405313500002,39.3886118000009]},"properties":{"name1":"Sierra Health and Wellness Centers","name2":"New Start Recovery Solutions","street1":"40 Coyote Moon Trail","city":"Bangor","county":"Butte","zip":95914,"phone":"530-461-5008","website":"http://newstartrecoverysolutions.com","type_facility":"SU","sa":1,"dt":1,"otp":null,"res":1,"op":null,"hi":null}},{"type":"Feature","geometry":{"type":"Point","coordinates":[-121.302554200002,38.2653682000009]},"properties":{"name1":"Towns Health Services","name2":null,"street1":"750 Spaans Drive","city":"Galt","county":"Sacramento","zip":95632,"phone":"209-744-9909","website":"http://www.townshealthservices.com","type_facility":"SU","sa":1,"dt":1,"otp":null,"res":null,"op":1,"hi":null}},{"type":"Feature","geometry":{"type":"Point","coordinates":[-121.361486100002,38.6480237000009]},"properties":{"name1":"WellSpace Health","name2":"Behavioral Health North","street1":"4441 Auburn Boulevard","city":"Sacramento","county":"Sacramento","zip":95841,"phone":"916-473-5764","website":"http://www.wellspacehealth.org","type_facility":"SU","sa":1,"dt":null,"otp":null,"res":null,"op":1,"hi":null}},{"type":"Feature","geometry":{"type":"Point","coordinates":[-121.285480200002,38.1287804000009]},"properties":{"name1":"Towns Health Services/Lodi","name2":null,"street1":"330 South Fairmont Avenue","city":"Lodi","county":"San Joaquin","zip":95240,"phone":"209-744-9909","website":"http://www.townshealthservices.com","type_facility":"SU","sa":1,"dt":1,"otp":null,"res":null,"op":1,"hi":null}},{"type":"Feature","geometry":{"type":"Point","coordinates":[-121.288853500002,38.1275625000009]},"properties":{"name1":"Aegis Treatment Centers LLC","name2":null,"street1":"541 South Ham Lane","city":"Lodi","county":"San Joaquin","zip":95242,"phone":"209-224-8940","website":"https://pinnacletreatment.com/location/california/lodi/aegis-treatment-centers-lodi/","type_facility":"SU","sa":1,"dt":1,"otp":1,"res":null,"op":1,"hi":null}},{"type":"Feature","geometry":{"type":"Point","coordinates":[-121.230011000002,37.7994430000009]},"properties":{"name1":"Aegis Treatment Centers LLC","name2":"Healthy Connections","street1":"955 West Center Street","city":"Manteca","county":"San Joaquin","zip":95337,"phone":"209-239-9600","website":"https://pinnacletreatment.com/","type_facility":"SU","sa":1,"dt":1,"otp":1,"res":null,"op":1,"hi":null}},{"type":"Feature","geometry":{"type":"Point","coordinates":[-121.376408300002,38.6181095000009]},"properties":{"name1":"TLCS Inc","name2":"Hope Cooperative","street1":"3737 Marconi Avenue","city":"Sacramento","county":"Sacramento","zip":95821,"phone":"916-441-0123","website":"http://hopecoop.org","type_facility":"SU","sa":1,"dt":null,"otp":null,"res":null,"op":1,"hi":null}},{"type":"Feature","geometry":{"type":"Point","coordinates":[-121.280303500002,37.9612448000009]},"properties":{"name1":"San Joaquin County Behavioral Health","name2":"Chemical Dependency Counseling Center","street1":"620 North Aurora Street","city":"Stockton","county":"San Joaquin","zip":95202,"phone":"209-468-3970","website":"http://www.sjc.org","type_facility":"SU","sa":1,"dt":null,"otp":null,"res":null,"op":1,"hi":null}},{"type":"Feature","geometry":{"type":"Point","coordinates":[-121.377800000002,38.5421000000009]},"properties":{"name1":"Saint Johns Program for Real Change","name2":null,"street1":"- - -","city":"Sacramento","county":"Sacramento","zip":95826,"phone":"916-453-1482","website":"http://saintjohnsprogram.org","type_facility":"SU","sa":1,"dt":null,"otp":null,"res":1,"op":null,"hi":null}},{"type":"Feature","geometry":{"type":"Point","coordinates":[-121.289905400002,37.9718270000009]},"properties":{"name1":"Aegis Treatment Centers LLC","name2":"Healthy Connections","street1":"1947 North California Street","city":"Stockton","county":"San Joaquin","zip":95204,"phone":"209-463-0870","website":"http://www.aegistreatmentcenters.com","type_facility":"SU","sa":1,"dt":null,"otp":1,"res":null,"op":1,"hi":null}},{"type":"Feature","geometry":{"type":"Point","coordinates":[-121.284762400002,37.9330435000009]},"properties":{"name1":"Aegis Treatment Centers LLC","name2":"5th Street Clinic","street1":"1839 South El Dorado Street","city":"Stockton","county":"San Joaquin","zip":95206,"phone":"209-463-0872","website":"https://pinnacletreatment.com/location/california/stockton/aegis-treatment-centers-stockton-5th-st/","type_facility":"SU","sa":1,"dt":1,"otp":1,"res":null,"op":1,"hi":null}},{"type":"Feature","geometry":{"type":"Point","coordinates":[-121.293123600002,37.9636949000009]},"properties":{"name1":"MedMark Treatment Centers","name2":"Stockton","street1":"1105-1111 North El Dorado Street","city":"Stockton","county":"San Joaquin","zip":95202,"phone":"209-938-0228","website":"http://medmark.com/","type_facility":"SU","sa":1,"dt":1,"otp":1,"res":null,"op":1,"hi":null}},{"type":"Feature","geometry":{"type":"Point","coordinates":[-121.294151600002,37.962531300001]},"properties":{"name1":"Service First Outpatient Program","name2":null,"street1":"1001 North Center Street","city":"Stockton","county":"San Joaquin","zip":95202,"phone":"209-451-3628","website":"http://www.servicefirstnc.org","type_facility":"SU","sa":1,"dt":null,"otp":null,"res":null,"op":1,"hi":null}},{"type":"Feature","geometry":{"type":"Point","coordinates":[-121.400942400002,38.6151553000009]},"properties":{"name1":"Yancey Outreach International Inc","name2":"Yancey Recovery Servs/Yancey Christian","street1":"2740 Fulton Avenue","city":"Sacramento","county":"Sacramento","zip":95821,"phone":"916-252-3783","website":"http://www.yanceyrecovery.org","type_facility":"SU","sa":1,"dt":null,"otp":null,"res":null,"op":1,"hi":null}},{"type":"Feature","geometry":{"type":"Point","coordinates":[-121.288227000002,37.8842944000009]},"properties":{"name1":"San Joaquin County Behavioral Health","name2":"Recovery House","street1":"7233 South Delivery Road","city":"French Camp","county":"San Joaquin","zip":95231,"phone":"209-468-6857","website":"http://www.CO.SAN-JOAQUIN.CA.US/OSA","type_facility":"SU","sa":1,"dt":1,"otp":null,"res":1,"op":null,"hi":null}},{"type":"Feature","geometry":{"type":"Point","coordinates":[-121.321547100002,38.0289002000009]},"properties":{"name1":"Aegis Treatment Centers LLC","name2":"Stockton","street1":"8626 Lower Sacramento Road","city":"Stockton","county":"San Joaquin","zip":95210,"phone":"209-478-2487","website":"https://pinnacletreatment.com/location/california/","type_facility":"SU","sa":1,"dt":null,"otp":1,"res":null,"op":1,"hi":null}},{"type":"Feature","geometry":{"type":"Point","coordinates":[-121.396300000002,38.4858000000009]},"properties":{"name1":"Diamond House Detox","name2":null,"street1":"- - -","city":"Sacramento","county":"Sacramento","zip":95828,"phone":"800-205-6107","website":"http://diamondhousedetox.com","type_facility":"SU","sa":1,"dt":1,"otp":null,"res":1,"op":null,"hi":null}},{"type":"Feature","geometry":{"type":"Point","coordinates":[-121.413587400002,38.5773615000009]},"properties":{"name1":"TLCS Inc","name2":"New Direction","street1":"650 Howe Avenue","city":"Sacramento","county":"Sacramento","zip":95825,"phone":"916-993-4131","website":"http://hopecoop.org","type_facility":"SU","sa":1,"dt":null,"otp":null,"res":null,"op":1,"hi":null}},{"type":"Feature","geometry":{"type":"Point","coordinates":[-121.409560300002,38.5417139000009]},"properties":{"name1":"Bridges Inc","name2":"Outpatient Services","street1":"3600 Power Inn Road","city":"Sacramento","county":"Sacramento","zip":95826,"phone":"916-647-5343","website":"http://www.bridgesinc.net","type_facility":"SU","sa":1,"dt":null,"otp":null,"res":null,"op":1,"hi":null}},{"type":"Feature","geometry":{"type":"Point","coordinates":[-121.393870900002,38.4181283000009]},"properties":{"name1":"Kaiser Permanente South Sacto","name2":"Addiction Services and Adult Psych","street1":"9324 West Stockton Boulevard","city":"Elk Grove","county":"Sacramento","zip":95758,"phone":"916-525-6100","website":"https://thrive.kaiserpermanente.org/care-near-you/northern-californ","type_facility":"SU","sa":1,"dt":null,"otp":null,"res":null,"op":1,"hi":null}},{"type":"Feature","geometry":{"type":"Point","coordinates":[-121.417127900002,38.5885579000009]},"properties":{"name1":"Monarch Recovery Centers","name2":null,"street1":"2020 Hurley Way","city":"Sacramento","county":"Sacramento","zip":95825,"phone":"707-205-5254","website":"http://www.monarchrecoverycenters.com","type_facility":"SU","sa":1,"dt":null,"otp":null,"res":null,"op":1,"hi":null}},{"type":"Feature","geometry":{"type":"Point","coordinates":[-121.489600000002,39.1912000000009]},"properties":{"name1":"American Addiction Treatment Servs","name2":null,"street1":"1496-1498 North Beale Road","city":"Marysville","county":"Yuba","zip":95901,"phone":"530-749-8640","website":"http://americanhealthservices.org","type_facility":"SU","sa":1,"dt":1,"otp":1,"res":null,"op":1,"hi":null}},{"type":"Feature","geometry":{"type":"Point","coordinates":[-121.417090600002,38.4672932000009]},"properties":{"name1":"Sierra Vista Hospital","name2":null,"street1":"8001 Bruceville Road","city":"Sacramento","county":"Sacramento","zip":95823,"phone":"916-288-0300","website":"http://www.sierravistahospital.com","type_facility":"SU","sa":1,"dt":1,"otp":null,"res":null,"op":1,"hi":1}},{"type":"Feature","geometry":{"type":"Point","coordinates":[-121.447000000002,38.6058000000009]},"properties":{"name1":"WellSpace Health","name2":"Residential and Withdrawal Management","street1":"- - -","city":"Sacramento","county":"Sacramento","zip":95815,"phone":"916-921-6598","website":"http://www.wellspacehealth.org","type_facility":"SU","sa":1,"dt":1,"otp":null,"res":1,"op":null,"hi":null}},{"type":"Feature","geometry":{"type":"Point","coordinates":[-121.436645300002,38.4947199000009]},"properties":{"name1":"Sacramento Comprehensive Treatment Ctr","name2":"Treatment Associates Inc","street1":"7225 East South Gate Drive","city":"Sacramento","county":"Sacramento","zip":95823,"phone":"916-394-1000","website":"http://www.ctcprograms.com/location/sacramento-comprehensive-treatment-center/?utm_source=samhsa.go","type_facility":"SU","sa":1,"dt":1,"otp":1,"res":null,"op":1,"hi":null}},{"type":"Feature","geometry":{"type":"Point","coordinates":[-121.360909900002,38.0202549000009]},"properties":{"name1":"Service First Outpatient Program","name2":null,"street1":"3422 West Hammer Lane","city":"Stockton","county":"San Joaquin","zip":95219,"phone":"209-888-5088","website":"http://www.servicefirstnc.org","type_facility":"SU","sa":1,"dt":null,"otp":null,"res":null,"op":1,"hi":null}},{"type":"Feature","geometry":{"type":"Point","coordinates":[-121.437991900002,38.4935807000009]},"properties":{"name1":"Nations Finest","name2":"Sacramento","street1":"7270 East Southgate Drive","city":"Sacramento","county":"Sacramento","zip":95823,"phone":"916-393-8387","website":"http://www.nationsfinest.org","type_facility":"SU","sa":1,"dt":null,"otp":null,"res":1,"op":null,"hi":null}},{"type":"Feature","geometry":{"type":"Point","coordinates":[-121.438514500002,38.4943641000009]},"properties":{"name1":"MedMark Treatment Centers","name2":"Sacramento","street1":"7240 East Southgate Drive","city":"Sacramento","county":"Sacramento","zip":95823,"phone":"916-391-4293 x2294","website":"http://www.medmark.com","type_facility":"SU","sa":1,"dt":1,"otp":1,"res":null,"op":1,"hi":null}},{"type":"Feature","geometry":{"type":"Point","coordinates":[-121.458511300002,38.6381226000009]},"properties":{"name1":"BAART Behavioral Health Services Inc","name2":null,"street1":"310 Harris Avenue","city":"Sacramento","county":"Sacramento","zip":95838,"phone":"916-649-6793","website":"http://www.baartprograms.com","type_facility":"SU","sa":1,"dt":1,"otp":1,"res":null,"op":1,"hi":null}},{"type":"Feature","geometry":{"type":"Point","coordinates":[-121.460541500002,38.5566010000009]},"properties":{"name1":"Sacramento Recovery House Inc","name2":"DBA Gateway Recovery House for Women","street1":"4049 Miller Way","city":"Sacramento","county":"Sacramento","zip":95817,"phone":"916-451-9312","website":"http://www.sacrecovery.org","type_facility":"SU","sa":1,"dt":1,"otp":null,"res":1,"op":null,"hi":null}},{"type":"Feature","geometry":{"type":"Point","coordinates":[-121.467100000002,38.5712000000009]},"properties":{"name1":"River City Recovery Center Inc","name2":"Starlight","street1":"- - -","city":"Sacramento","county":"Sacramento","zip":95816,"phone":"916-442-4519","website":"http://www.rivercityrecovery.org","type_facility":"SU","sa":1,"dt":null,"otp":null,"res":1,"op":null,"hi":null}},{"type":"Feature","geometry":{"type":"Point","coordinates":[-121.462839100002,38.4994337000009]},"properties":{"name1":"Another Choice Another Chance","name2":null,"street1":"7000 Franklin Boulevard","city":"Sacramento","county":"Sacramento","zip":95823,"phone":"916-388-9418","website":"http://www.acacsac.org","type_facility":"SU","sa":1,"dt":null,"otp":null,"res":null,"op":1,"hi":null}},{"type":"Feature","geometry":{"type":"Point","coordinates":[-121.462589000002,38.4955520000009]},"properties":{"name1":"WellSpace Health","name2":"Behavioral Health South","street1":"4343 Williamsbourgh Drive","city":"Sacramento","county":"Sacramento","zip":95823,"phone":"916-395-3552","website":"http://www.wellspacehealth.org","type_facility":"SU","sa":1,"dt":null,"otp":null,"res":null,"op":1,"hi":null}},{"type":"Feature","geometry":{"type":"Point","coordinates":[-121.531597000002,39.1304018000009]},"properties":{"name1":"Buddys Ranch LLC","name2":null,"street1":"6070 Alberta Avenue","city":"Marysville","county":"Yuba","zip":95901,"phone":"530-632-8219","website":"https://www.buddysranch.com","type_facility":"SU","sa":1,"dt":1,"otp":null,"res":1,"op":null,"hi":null}},{"type":"Feature","geometry":{"type":"Point","coordinates":[-121.479362000002,38.5762000000009]},"properties":{"name1":"Sacramento Native American","name2":"Health Center Inc","street1":"2020 J Street","city":"Sacramento","county":"Sacramento","zip":95811,"phone":"916-341-0576","website":"http://www.snahc.org","type_facility":"SU","sa":1,"dt":null,"otp":null,"res":null,"op":1,"hi":null}},{"type":"Feature","geometry":{"type":"Point","coordinates":[-121.479917100002,38.5727311000009]},"properties":{"name1":"CORE Medical Clinic Inc","name2":null,"street1":"2100 Capitol Avenue","city":"Sacramento","county":"Sacramento","zip":95816,"phone":"916-442-4985","website":"http://www.coremedicalclinic.com","type_facility":"SU","sa":1,"dt":null,"otp":1,"res":null,"op":1,"hi":null}},{"type":"Feature","geometry":{"type":"Point","coordinates":[-121.481769000002,38.5769381000009]},"properties":{"name1":"WellSpace Health","name2":"Behavioral Health Midtown","street1":"1820 J Street","city":"Sacramento","county":"Sacramento","zip":95811,"phone":"916-313-8434","website":"http://www.wellspacehealth.org","type_facility":"SU","sa":1,"dt":null,"otp":null,"res":null,"op":1,"hi":null}},{"type":"Feature","geometry":{"type":"Point","coordinates":[-121.461543300002,38.4266511000009]},"properties":{"name1":"SagePoint Intensive Outpatient Program","name2":null,"street1":"3137 Dwight Road","city":"Elk Grove","county":"Sacramento","zip":95758,"phone":"916-896-1061","website":"http://sagepointiop.com","type_facility":"SU","sa":1,"dt":null,"otp":null,"res":null,"op":1,"hi":null}},{"type":"Feature","geometry":{"type":"Point","coordinates":[-121.481976800002,38.5656860000009]},"properties":{"name1":"Sacramento Recovery House Inc","name2":"Sacramento Recovery House for Men","street1":"1914 22nd Street","city":"Sacramento","county":"Sacramento","zip":95816,"phone":"916-455-6258","website":"http://www.sacrecovery.org","type_facility":"SU","sa":1,"dt":null,"otp":null,"res":1,"op":null,"hi":null}},{"type":"Feature","geometry":{"type":"Point","coordinates":[-121.562599300002,39.5035139000008]},"properties":{"name1":"Behavioral Health Services","name2":"Feather River Tribal Health Center","street1":"2145 5th Avenue","city":"Oroville","county":"Butte","zip":95965,"phone":"530-534-5394","website":"http://www.frth.org","type_facility":"SU","sa":1,"dt":null,"otp":null,"res":null,"op":1,"hi":null}},{"type":"Feature","geometry":{"type":"Point","coordinates":[-121.583920200002,39.1450378000009]},"properties":{"name1":"Midvalley Recovery Facilities Inc","name2":"DBA Pathways","street1":"2 9th Street","city":"Marysville","county":"Yuba","zip":95901,"phone":"530-674-4530","website":"http://yspathways.net","type_facility":"SU","sa":1,"dt":1,"otp":null,"res":1,"op":1,"hi":null}},{"type":"Feature","geometry":{"type":"Point","coordinates":[-121.588336700002,39.1375660000009]},"properties":{"name1":"Aegis Treatment Centers LLC","name2":null,"street1":"201 D Street","city":"Marysville","county":"Yuba","zip":95901,"phone":"530-742-7747","website":"http://www.aegistreatmentcenters.com","type_facility":"SU","sa":1,"dt":1,"otp":1,"res":null,"op":1,"hi":null}},{"type":"Feature","geometry":{"type":"Point","coordinates":[-121.616922000002,39.1198326000009]},"properties":{"name1":"First Steps","name2":null,"street1":"545 Garden Highway","city":"Yuba City","county":"Sutter","zip":95991,"phone":"530-822-7263","website":"http://www.suttercounty.org/","type_facility":"SU","sa":1,"dt":null,"otp":null,"res":null,"op":1,"hi":null}},{"type":"Feature","geometry":{"type":"Point","coordinates":[-121.621134300002,39.1434754000009]},"properties":{"name1":"Addiction Resource Center LLC","name2":null,"street1":"1002 Live Oak Boulevard","city":"Yuba City","county":"Sutter","zip":95991,"phone":"530-593-1098","website":"https://sayarc.com","type_facility":"SU","sa":1,"dt":null,"otp":null,"res":null,"op":1,"hi":null}},{"type":"Feature","geometry":{"type":"Point","coordinates":[-120.665937000002,35.483732900001]},"properties":{"name1":"Aegis Treatment Centers LLC","name2":"Atascadero","street1":"6500 Morro Road","city":"Atascadero","county":"San Luis Obispo","zip":93422,"phone":"805-461-5212","website":"http://pinnacletreatment.com","type_facility":"SU","sa":1,"dt":1,"otp":1,"res":null,"op":1,"hi":null}},{"type":"Feature","geometry":{"type":"Point","coordinates":[-121.620847700002,39.1030431000009]},"properties":{"name1":"Buddys Ranch LLC","name2":null,"street1":"737 Lask Drive","city":"Yuba City","county":"Sutter","zip":95991,"phone":"530-632-8219","website":"https://www.buddysranch.com","type_facility":"SU","sa":1,"dt":1,"otp":null,"res":1,"op":null,"hi":null}},{"type":"Feature","geometry":{"type":"Point","coordinates":[-120.674113600002,35.489353800001]},"properties":{"name1":"Bryans House Recovery Home Inc","name2":null,"street1":"5655 Ardilla Avenue","city":"Atascadero","county":"San Luis Obispo","zip":93422,"phone":"805-464-4660","website":"http://bryanshouserecoveryhomeinc.com","type_facility":"SU","sa":1,"dt":null,"otp":null,"res":1,"op":null,"hi":null}},{"type":"Feature","geometry":{"type":"Point","coordinates":[-121.577893600002,38.5707408000009]},"properties":{"name1":"CORE Medical Clinic Inc","name2":null,"street1":"3990 Industrial Boulevard","city":"West Sacramento","county":"Yolo","zip":95691,"phone":"916-796-0020","website":"http://www.coremedicalclinic.com","type_facility":"SU","sa":1,"dt":null,"otp":1,"res":null,"op":1,"hi":null}},{"type":"Feature","geometry":{"type":"Point","coordinates":[-120.428871200002,34.9540620000011]},"properties":{"name1":"Council on Alcoholism and Drug Abuse","name2":"Daniel Bryant Yth and Fam Ctr Adol Trt","street1":"526 East Chapel Street","city":"Santa Maria","county":"Santa Barbara","zip":93454,"phone":"805-925-8860","website":"http://www.cadasb.org","type_facility":"SU","sa":1,"dt":null,"otp":null,"res":null,"op":1,"hi":null}},{"type":"Feature","geometry":{"type":"Point","coordinates":[-120.430744400002,34.957358700001]},"properties":{"name1":"Good Samaritan Shelter","name2":"Transitional Ctr for Women/Children","street1":"412 East Tunnell Street","city":"Santa Maria","county":"Santa Barbara","zip":93454,"phone":"805-925-0315","website":"http://","type_facility":"SU","sa":1,"dt":1,"otp":null,"res":1,"op":null,"hi":null}},{"type":"Feature","geometry":{"type":"Point","coordinates":[-120.435035400002,34.956757700001]},"properties":{"name1":"Aegis Treatment Centers LLC","name2":"Santa Maria","street1":"115 East Fesler Street","city":"Santa Maria","county":"Santa Barbara","zip":93454,"phone":"805-357-5195","website":"http://pinnacletreatment.com","type_facility":"SU","sa":1,"dt":1,"otp":1,"res":null,"op":1,"hi":null}},{"type":"Feature","geometry":{"type":"Point","coordinates":[-120.441389100002,34.944043800001]},"properties":{"name1":"Good Samaritan Shelter","name2":"Recovery Point Acute Care Detox","street1":"401 West Morrison Avenue","city":"Santa Maria","county":"Santa Barbara","zip":93458,"phone":"805-347-3338 x102","website":"http://www.goodsamaritanshelter.org","type_facility":"SU","sa":1,"dt":1,"otp":null,"res":1,"op":null,"hi":null}},{"type":"Feature","geometry":{"type":"Point","coordinates":[-120.441119100002,34.943414700001]},"properties":{"name1":"Good Samaritan Shelter","name2":"Casa De Familia Treatment Center","street1":"403 West Morrison Street","city":"Santa Maria","county":"Santa Barbara","zip":93454,"phone":"805-332-3647","website":"http://www.goodsamaritanshelter.org","type_facility":"SU","sa":1,"dt":null,"otp":null,"res":null,"op":1,"hi":null}},{"type":"Feature","geometry":{"type":"Point","coordinates":[-120.433880200002,34.9267459000011]},"properties":{"name1":"Good Samaritan Shelter","name2":"Recovery Point","street1":"245 East Inger Drive","city":"Santa Maria","county":"Santa Barbara","zip":93454,"phone":"805-346-8185","website":"http://www.GoodSamShelter.net","type_facility":"SU","sa":1,"dt":null,"otp":null,"res":null,"op":1,"hi":null}},{"type":"Feature","geometry":{"type":"Point","coordinates":[-120.436154500002,34.924811000001]},"properties":{"name1":"LAGS Recovery Centers Inc","name2":"Road to Recovery Integrated Care Ctr","street1":"135 Carmen Lane","city":"Santa Maria","county":"Santa Barbara","zip":93458,"phone":"805-332-4568","website":"http://www.myroad2recovery.org","type_facility":"SU","sa":1,"dt":null,"otp":null,"res":null,"op":1,"hi":null}},{"type":"Feature","geometry":{"type":"Point","coordinates":[-120.439948200002,34.924520700001]},"properties":{"name1":"Central Coast Headway","name2":"Drug and Alcohol Awareness Program","street1":"318 West Carmen Lane","city":"Santa Maria","county":"Santa Barbara","zip":93458,"phone":"000-000-0000","website":"http://","type_facility":"SU","sa":1,"dt":null,"otp":null,"res":null,"op":1,"hi":null}},{"type":"Feature","geometry":{"type":"Point","coordinates":[-120.577806200002,35.121862900001]},"properties":{"name1":"Ken Starr MD Wellness Group","name2":null,"street1":"107 Nelson Street","city":"Arroyo Grande","county":"San Luis Obispo","zip":93420,"phone":"805-242-1360","website":"http://kenstarrmd.com","type_facility":"SU","sa":1,"dt":1,"otp":null,"res":null,"op":1,"hi":null}},{"type":"Feature","geometry":{"type":"Point","coordinates":[-121.672139200002,40.8758053000008]},"properties":{"name1":"Pit River Health Service Inc","name2":"Behavioral Health","street1":"36977 Park Avenue","city":"Burney","county":"Shasta","zip":96013,"phone":"530-335-5421 x140","website":"http://www.pitriverhealthservice.org","type_facility":"SU","sa":1,"dt":null,"otp":null,"res":null,"op":1,"hi":null}},{"type":"Feature","geometry":{"type":"Point","coordinates":[-121.131099300002,36.209780400001]},"properties":{"name1":"Sun Street Centers","name2":"Residential Recovery Services","street1":"637 Broadway Street","city":"King City","county":"Monterey","zip":93930,"phone":"831-525-8181","website":"http://www.sunstreetcenters.org","type_facility":"SU","sa":1,"dt":1,"otp":null,"res":1,"op":null,"hi":null}},{"type":"Feature","geometry":{"type":"Point","coordinates":[-121.131650700002,36.209559500001]},"properties":{"name1":"Sun Street Centers","name2":"OP Recovery Services","street1":"641 Broadway Street","city":"King City","county":"Monterey","zip":93930,"phone":"831-525-8101","website":"http://www.sunstreetcenters.org","type_facility":"SU","sa":1,"dt":null,"otp":null,"res":null,"op":1,"hi":null}},{"type":"Feature","geometry":{"type":"Point","coordinates":[-121.366848200002,36.854870800001]},"properties":{"name1":"Lakes Treatment Center Inc","name2":"The Lakes Arlington","street1":"2720 Arlington Road","city":"Hollister","county":"San Benito","zip":95023,"phone":"209-325-8506","website":"http://www.thelakestreatmentcenter.com","type_facility":"SU","sa":1,"dt":1,"otp":null,"res":1,"op":null,"hi":null}},{"type":"Feature","geometry":{"type":"Point","coordinates":[-121.695880800002,38.1590429000009]},"properties":{"name1":"Rio Vista Care","name2":null,"street1":"628 Montezuma Street","city":"Rio Vista","county":"Solano","zip":94571,"phone":"707-374-5243","website":"http://www.riovistacare.org","type_facility":"SU","sa":1,"dt":null,"otp":null,"res":null,"op":1,"hi":null}},{"type":"Feature","geometry":{"type":"Point","coordinates":[-121.844874500002,39.7461315000008]},"properties":{"name1":"Aegis Treatment Centers LLC","name2":"Chico","street1":"582, 584, 586, 588","city":"Chico","county":"Butte","zip":95926,"phone":"530-345-3491","website":"http://www.pinnacletreatment.com","type_facility":"SU","sa":1,"dt":1,"otp":1,"res":null,"op":1,"hi":null}},{"type":"Feature","geometry":{"type":"Point","coordinates":[-121.397845300002,36.8729987000009]},"properties":{"name1":"San Benito County Behavioral Hlth Dept","name2":null,"street1":"1131 Community Parkway","city":"Hollister","county":"San Benito","zip":95023,"phone":"831-636-4020","website":"https://www.cosb.us/departments/behavioral-health","type_facility":"SU","sa":1,"dt":null,"otp":null,"res":null,"op":1,"hi":null}},{"type":"Feature","geometry":{"type":"Point","coordinates":[-120.451307300002,34.638693200001]},"properties":{"name1":"Good Samaritan Shelter","name2":null,"street1":"104 South C Street","city":"Lompoc","county":"Santa Barbara","zip":93436,"phone":"805-623-5304","website":"http://www.goodsamaritanshelter.org/","type_facility":"SU","sa":1,"dt":null,"otp":null,"res":null,"op":1,"hi":null}},{"type":"Feature","geometry":{"type":"Point","coordinates":[-121.855327000002,39.7591619000008]},"properties":{"name1":"Skyway House Outpatient","name2":null,"street1":"392 Connors Court","city":"Chico","county":"Butte","zip":95926,"phone":"530-898-9424","website":"http://www.skywayhouserecovery.com","type_facility":"SU","sa":1,"dt":null,"otp":null,"res":null,"op":1,"hi":null}},{"type":"Feature","geometry":{"type":"Point","coordinates":[-121.402958400002,36.850192300001]},"properties":{"name1":"Sun Street Centers","name2":"Women Residential Program","street1":"335 and 343 6th Street","city":"Hollister","county":"San Benito","zip":95023,"phone":"831-265-7317","website":"http://www.sunstreetcenters.org","type_facility":"SU","sa":1,"dt":1,"otp":null,"res":1,"op":null,"hi":null}},{"type":"Feature","geometry":{"type":"Point","coordinates":[-120.464472200002,34.638642500001]},"properties":{"name1":"Good Samaritan Shelter","name2":"Another Road Detox","street1":"113 South M Street","city":"Lompoc","county":"Santa Barbara","zip":93436,"phone":"805-736-0357 x207","website":"http://www.goodsamaritanshelter.org","type_facility":"SU","sa":1,"dt":1,"otp":null,"res":1,"op":null,"hi":null}},{"type":"Feature","geometry":{"type":"Point","coordinates":[-120.464633500002,34.638835300001]},"properties":{"name1":"Good Samaritan Shelter","name2":"Turning Point","street1":"604 West Ocean Avenue","city":"Lompoc","county":"Santa Barbara","zip":93436,"phone":"805-736-0357 x203","website":"http://www.goodsamaritanshelter.org","type_facility":"SU","sa":1,"dt":null,"otp":null,"res":null,"op":1,"hi":null}},{"type":"Feature","geometry":{"type":"Point","coordinates":[-120.464899200002,34.638891300001]},"properties":{"name1":"Good Samaritan Shelter","name2":"Recovery Way Home","street1":"608 West Ocean Avenue","city":"Lompoc","county":"Santa Barbara","zip":93436,"phone":"805-736-0357 x205","website":"http://www.goodsamaritanshelter.org","type_facility":"SU","sa":1,"dt":null,"otp":null,"res":1,"op":null,"hi":null}},{"type":"Feature","geometry":{"type":"Point","coordinates":[-121.872226900002,39.7670591000008]},"properties":{"name1":"Skyway House Residential","name2":null,"street1":"3105 Esplanade","city":"Chico","county":"Butte","zip":95973,"phone":"530-898-9424","website":"http://www.skywayhouserecovery.com","type_facility":"SU","sa":1,"dt":null,"otp":null,"res":1,"op":null,"hi":null}},{"type":"Feature","geometry":{"type":"Point","coordinates":[-121.684004700002,37.9193610000009]},"properties":{"name1":"REACH Project","name2":"REACH Brentwood","street1":"9100 Brentwood Boulevard","city":"Brentwood","county":"Contra Costa","zip":94513,"phone":"925-666-8460","website":"http://","type_facility":"SU","sa":1,"dt":null,"otp":null,"res":null,"op":1,"hi":null}},{"type":"Feature","geometry":{"type":"Point","coordinates":[-121.876220500002,39.7474001000009]},"properties":{"name1":"Northern Valley Indian Health Inc","name2":null,"street1":"845 West East Avenue","city":"Chico","county":"Butte","zip":95926,"phone":"530-896-9400","website":"http://nvih.org","type_facility":"SU","sa":1,"dt":null,"otp":null,"res":null,"op":1,"hi":null}},{"type":"Feature","geometry":{"type":"Point","coordinates":[-120.857498200002,35.386970500001]},"properties":{"name1":"Twins Bay Inc DBA Morro Bay Recovery","name2":null,"street1":"2460 Main Street","city":"Morro Bay","county":"San Luis Obispo","zip":93442,"phone":"805-772-2212","website":"http://www.morrobayrecovery.com","type_facility":"SU","sa":1,"dt":1,"otp":null,"res":1,"op":null,"hi":null}},{"type":"Feature","geometry":{"type":"Point","coordinates":[-121.715394500002,37.9975964000009]},"properties":{"name1":"REACH Project","name2":null,"street1":"3385 Main Street","city":"Oakley","county":"Contra Costa","zip":94561,"phone":"925-679-2504","website":"http://","type_facility":"SU","sa":1,"dt":null,"otp":null,"res":null,"op":1,"hi":null}},{"type":"Feature","geometry":{"type":"Point","coordinates":[-121.784275000002,37.9709315000009]},"properties":{"name1":"Contra Costa County","name2":"East County Children Behavioral Health","street1":"2335 County Hills Drive","city":"Antioch","county":"Contra Costa","zip":94509,"phone":"925-335-3330","website":"http://cchealth.org/aod","type_facility":"SU","sa":1,"dt":null,"otp":null,"res":null,"op":1,"hi":null}},{"type":"Feature","geometry":{"type":"Point","coordinates":[-121.892488800002,38.5618758000009]},"properties":{"name1":"Sacred Oaks Healing Center","name2":"California Area Indian Health Service","street1":"33100 County Road 31","city":"Davis","county":"Yolo","zip":95616,"phone":"530-702-6000","website":"https://www.ihs.gov/california/index.cfm/yrtc-project/","type_facility":"SU","sa":1,"dt":null,"otp":null,"res":1,"op":null,"hi":null}},{"type":"Feature","geometry":{"type":"Point","coordinates":[-121.806336000002,38.0077660000009]},"properties":{"name1":"J Cole Recovery Homes Inc","name2":"Cole House","street1":"1408 A Street","city":"Antioch","county":"Contra Costa","zip":94509,"phone":"925-978-2873","website":"http://www.thecolehouse.org","type_facility":"SU","sa":1,"dt":null,"otp":null,"res":1,"op":null,"hi":null}},{"type":"Feature","geometry":{"type":"Point","coordinates":[-121.803810900002,37.9845560000009]},"properties":{"name1":"Addiction Research and Treatment Inc","name2":"(ART)/Bay Area","street1":"3707 Sunset Lane","city":"Antioch","county":"Contra Costa","zip":94509,"phone":"925-522-0124","website":"http://www.baartprograms.com","type_facility":"SU","sa":1,"dt":null,"otp":1,"res":null,"op":1,"hi":null}},{"type":"Feature","geometry":{"type":"Point","coordinates":[-121.809763100002,38.0038440000009]},"properties":{"name1":"REACH Project","name2":"REACH Central","street1":"1915 D Street","city":"Antioch","county":"Contra Costa","zip":94509,"phone":"925-754-3673","website":"http://","type_facility":"SU","sa":1,"dt":null,"otp":null,"res":null,"op":1,"hi":null}},{"type":"Feature","geometry":{"type":"Point","coordinates":[-122.006293000002,39.2058320000009]},"properties":{"name1":"Colusa County","name2":"Dept of Behavioral Health","street1":"162 East Carson Street","city":"Colusa","county":"Colusa","zip":95932,"phone":"530-458-0520","website":"http://www.countyofcolusa.org","type_facility":"SU","sa":1,"dt":null,"otp":null,"res":null,"op":1,"hi":null}},{"type":"Feature","geometry":{"type":"Point","coordinates":[-121.869560900002,38.0065924000009]},"properties":{"name1":"Contra Costa County","name2":"East County Adult MH Services","street1":"2311 Loveridge Road","city":"Pittsburg","county":"Contra Costa","zip":94565,"phone":"925-335-3330","website":"http://cchealth.org/aod","type_facility":"SU","sa":1,"dt":null,"otp":null,"res":null,"op":1,"hi":null}},{"type":"Feature","geometry":{"type":"Point","coordinates":[-121.885382700002,38.0322837000009]},"properties":{"name1":"Ujima Family Recovery Services","name2":"Ujima East","street1":"535 Marina Boulevard","city":"Pittsburg","county":"Contra Costa","zip":94565,"phone":"925-427-9100","website":"http://www.ujimafamily.org","type_facility":"SU","sa":1,"dt":null,"otp":null,"res":null,"op":1,"hi":null}},{"type":"Feature","geometry":{"type":"Point","coordinates":[-121.865592000002,37.8979820000009]},"properties":{"name1":"Diablo Valley Ranch","name2":null,"street1":"11540 Marsh Creek Road","city":"Clayton","county":"Contra Costa","zip":94517,"phone":"925-672-5700 x2702","website":"http://bibett.org","type_facility":"SU","sa":1,"dt":null,"otp":null,"res":1,"op":null,"hi":1}},{"type":"Feature","geometry":{"type":"Point","coordinates":[-121.724600000002,37.2413000000009]},"properties":{"name1":"Pathway Society Inc","name2":"Mariposa Lodge","street1":"- - -","city":"San Jose","county":"Santa Clara","zip":95138,"phone":"408-281-6545","website":"http://www.pathwaysociety.org","type_facility":"SU","sa":1,"dt":1,"otp":null,"res":1,"op":null,"hi":1}},{"type":"Feature","geometry":{"type":"Point","coordinates":[-121.732169700002,37.2264547000009]},"properties":{"name1":"Parisi House on the Hill Inc","name2":null,"street1":"9505 Malech Road","city":"San Jose","county":"Santa Clara","zip":95138,"phone":"408-281-6570","website":"http://www.parisihouse.com","type_facility":"SU","sa":1,"dt":null,"otp":null,"res":1,"op":null,"hi":null}},{"type":"Feature","geometry":{"type":"Point","coordinates":[-121.920000000002,38.0121000000009]},"properties":{"name1":"REACH Project","name2":null,"street1":"- - -","city":"Pittsburg","county":"Contra Costa","zip":94565,"phone":"925-473-2390","website":"http://","type_facility":"SU","sa":1,"dt":null,"otp":null,"res":null,"op":1,"hi":null}},{"type":"Feature","geometry":{"type":"Point","coordinates":[-121.866156600002,37.6741000000009]},"properties":{"name1":"Horizon Services Inc","name2":"Project Eden East County","street1":"1020 Serpentine Lane","city":"Pleasanton","county":"Alameda","zip":94566,"phone":"510-247-8200","website":"http://horizonservices.org","type_facility":"SU","sa":1,"dt":null,"otp":null,"res":null,"op":1,"hi":null}},{"type":"Feature","geometry":{"type":"Point","coordinates":[-121.872582700002,37.6347608000009]},"properties":{"name1":"Newport Academy","name2":null,"street1":"920 Happy Valley Road","city":"Pleasanton","county":"Alameda","zip":94566,"phone":"877-820-6371","website":"http://www.newportacademy.com","type_facility":"SU","sa":1,"dt":null,"otp":null,"res":1,"op":1,"hi":null}},{"type":"Feature","geometry":{"type":"Point","coordinates":[-121.777869800002,37.2363674000009]},"properties":{"name1":"Starlight Community Services Inc","name2":null,"street1":"6203 San Ignacio Avenue","city":"San Jose","county":"Santa Clara","zip":95119,"phone":"408-284-9000","website":"http://www.starsinc.com","type_facility":"SU","sa":1,"dt":null,"otp":null,"res":null,"op":1,"hi":null}},{"type":"Feature","geometry":{"type":"Point","coordinates":[-121.790654500002,37.2557377000009]},"properties":{"name1":"VA Palo Alto Healthcare System","name2":"San Jose CBOC","street1":"5855 Silver Creek Valley Place","city":"San Jose","county":"Santa Clara","zip":95138,"phone":"408-574-9100","website":"http://www.paloalto.va.gov/","type_facility":"SU","sa":1,"dt":null,"otp":null,"res":null,"op":1,"hi":null}},{"type":"Feature","geometry":{"type":"Point","coordinates":[-122.014875000002,38.2652604000009]},"properties":{"name1":"Archway Recovery Services Inc","name2":null,"street1":"1059 East Tabor Avenue","city":"Fairfield","county":"Solano","zip":94533,"phone":"707-435-9807","website":"http://www.archwayrecovery.org","type_facility":"SU","sa":1,"dt":1,"otp":null,"res":1,"op":null,"hi":null}},{"type":"Feature","geometry":{"type":"Point","coordinates":[-121.726975000002,36.9836669000009]},"properties":{"name1":"Seascape Recovery Center","name2":"Elevate Addiction Services","street1":"262 Gaffey Road","city":"Watsonville","county":"Santa Cruz","zip":95076,"phone":"831-256-4333","website":"http://www.elevaterehab.org","type_facility":"SU","sa":1,"dt":1,"otp":null,"res":1,"op":null,"hi":null}},{"type":"Feature","geometry":{"type":"Point","coordinates":[-121.801030000002,37.2401176000009]},"properties":{"name1":"Kaiser Permanente San Jose","name2":"Addiction Medicine and Recovery Servs","street1":"275 Hospital Parkway","city":"San Jose","county":"Santa Clara","zip":95119,"phone":"408-972-3366","website":"http://www.kp.org","type_facility":"SU","sa":1,"dt":1,"otp":null,"res":null,"op":1,"hi":null}},{"type":"Feature","geometry":{"type":"Point","coordinates":[-121.890547000002,37.5980541000009]},"properties":{"name1":"Newport Institute","name2":null,"street1":"227 Kilkare Road","city":"Sunol","county":"Alameda","zip":94586,"phone":"855-272-7451","website":"http://www.newportinstitute.com","type_facility":"SU","sa":1,"dt":null,"otp":null,"res":1,"op":1,"hi":null}},{"type":"Feature","geometry":{"type":"Point","coordinates":[-121.646873800002,36.6801409000009]},"properties":{"name1":"Sun Street Centers","name2":"Residential Recovery Program","street1":"8 Sun Street","city":"Salinas","county":"Monterey","zip":93901,"phone":"831-753-5145 x234","website":"http://www.sunstreetcenters.org","type_facility":"SU","sa":1,"dt":1,"otp":null,"res":1,"op":null,"hi":null}},{"type":"Feature","geometry":{"type":"Point","coordinates":[-121.647496500002,36.6803233000009]},"properties":{"name1":"Sun Street Centers","name2":"Outpatient Recovery Services","street1":"12 Sun Street","city":"Salinas","county":"Monterey","zip":93901,"phone":"831-753-6001","website":"http://www.sunstreetcenters.org","type_facility":"SU","sa":1,"dt":null,"otp":null,"res":null,"op":1,"hi":null}},{"type":"Feature","geometry":{"type":"Point","coordinates":[-122.167198800002,39.7360416000009]},"properties":{"name1":"Glenn County Health and Human Services","name2":"Community Recovery and Wellness Center","street1":"1187 East South Street","city":"Orland","county":"Glenn","zip":95963,"phone":"530-865-6459","website":"https://www.countyofglenn.net/dept/health-human-services/behavioral-health/orland-behavioral-health","type_facility":"SU","sa":1,"dt":null,"otp":null,"res":null,"op":1,"hi":null}},{"type":"Feature","geometry":{"type":"Point","coordinates":[-121.651033200002,36.6740222000009]},"properties":{"name1":"Sun Street Centers","name2":"Outpatient Recovery Services","street1":"128 East Alisal Street","city":"Salinas","county":"Monterey","zip":93901,"phone":"831-753-5150","website":"http://www.sunstreetcenters.org","type_facility":"SU","sa":1,"dt":null,"otp":null,"res":null,"op":1,"hi":null}},{"type":"Feature","geometry":{"type":"Point","coordinates":[-121.651627600002,36.6712988000009]},"properties":{"name1":"Valley Health Associates","name2":null,"street1":"427 Pajaro Street","city":"Salinas","county":"Monterey","zip":93901,"phone":"831-424-6655 x10","website":"http://www.valleyhealthassociates.com","type_facility":"SU","sa":1,"dt":1,"otp":1,"res":null,"op":1,"hi":null}},{"type":"Feature","geometry":{"type":"Point","coordinates":[-122.174560600002,39.7475284000009]},"properties":{"name1":"County of Glenn","name2":"Glenn County Behavioral Health Program","street1":"604 East Walker Street","city":"Orland","county":"Glenn","zip":95963,"phone":"530-865-6106","website":"https://www.countyofglenn.net/dept/health-human-services/behavioral-health/welcome","type_facility":"SU","sa":1,"dt":null,"otp":null,"res":null,"op":1,"hi":null}},{"type":"Feature","geometry":{"type":"Point","coordinates":[-121.659123600002,36.6699005000009]},"properties":{"name1":"Door to Hope","name2":"Womens Residential","street1":"165 Clay Street","city":"Salinas","county":"Monterey","zip":93901,"phone":"831-758-0181 x229","website":"http://www.doortohope.org","type_facility":"SU","sa":1,"dt":1,"otp":null,"res":1,"op":null,"hi":null}},{"type":"Feature","geometry":{"type":"Point","coordinates":[-122.047976800002,38.2585266000009]},"properties":{"name1":"Archway Recovery Services Inc","name2":null,"street1":"1234 Travis Boulevard","city":"Fairfield","county":"Solano","zip":94533,"phone":"707-399-9190","website":"http://archwayrecovery.org","type_facility":"SU","sa":1,"dt":null,"otp":null,"res":null,"op":1,"hi":null}},{"type":"Feature","geometry":{"type":"Point","coordinates":[-121.658031900002,36.660173100001]},"properties":{"name1":"Community Human Services","name2":"Off Main Clinic","street1":"1083 South Main Street","city":"Salinas","county":"Monterey","zip":93901,"phone":"831-424-4828","website":"http://www.chservices.org","type_facility":"SU","sa":1,"dt":null,"otp":1,"res":null,"op":1,"hi":null}},{"type":"Feature","geometry":{"type":"Point","coordinates":[-122.048275800002,38.2478983000008]},"properties":{"name1":"MedMark Treatment Centers","name2":"Fairfield","street1":"1143 Missouri Street","city":"Fairfield","county":"Solano","zip":94533,"phone":"707-435-9911","website":"http://baymark.com/","type_facility":"SU","sa":1,"dt":null,"otp":1,"res":null,"op":1,"hi":null}},{"type":"Feature","geometry":{"type":"Point","coordinates":[-121.662518800002,36.6489416000009]},"properties":{"name1":"Community Human Services","name2":"Outpatient Treatment Center/Salinas","street1":"1087 South Main Street","city":"Salinas","county":"Monterey","zip":93901,"phone":"831-237-7222","website":"http://chservices.org","type_facility":"SU","sa":1,"dt":null,"otp":null,"res":null,"op":1,"hi":null}},{"type":"Feature","geometry":{"type":"Point","coordinates":[-121.751130500002,36.9171798000009]},"properties":{"name1":"Pajaro Valley Prevention and","name2":"Student Assistance Inc","street1":"411 East Lake Avenue","city":"Watsonville","county":"Santa Cruz","zip":95076,"phone":"831-728-6445","website":"http://pvpsa.org","type_facility":"SU","sa":1,"dt":null,"otp":null,"res":null,"op":1,"hi":null}},{"type":"Feature","geometry":{"type":"Point","coordinates":[-121.754374100002,36.9098444000009]},"properties":{"name1":"Encompass Community Center","name2":"Si Se Puede","street1":"106 Maple Avenue","city":"Watsonville","county":"Santa Cruz","zip":95076,"phone":"831-469-1700","website":"http://www.encompasscs.org","type_facility":"SU","sa":1,"dt":null,"otp":null,"res":1,"op":null,"hi":null}},{"type":"Feature","geometry":{"type":"Point","coordinates":[-122.195800700002,39.5221780000008]},"properties":{"name1":"Northern Valley Indian Health Inc","name2":null,"street1":"207 North Butte Street","city":"Willows","county":"Glenn","zip":95988,"phone":"530-934-4641","website":"http://nvih.org","type_facility":"SU","sa":1,"dt":null,"otp":null,"res":null,"op":1,"hi":null}},{"type":"Feature","geometry":{"type":"Point","coordinates":[-121.891703000002,37.3930818000009]},"properties":{"name1":"Starlight Community Services","name2":null,"street1":"1885 Lundy Avenue","city":"San Jose","county":"Santa Clara","zip":95131,"phone":"408-284-9000","website":"http://www.starsinc.com","type_facility":"SU","sa":1,"dt":null,"otp":null,"res":null,"op":1,"hi":null}},{"type":"Feature","geometry":{"type":"Point","coordinates":[-121.878222700002,37.3392866000009]},"properties":{"name1":"Pathway Society Inc","name2":"Residential","street1":"102 South 11th Street","city":"San Jose","county":"Santa Clara","zip":95112,"phone":"408-998-5191","website":"http://www.pathwaysociety.org","type_facility":"SU","sa":1,"dt":null,"otp":null,"res":1,"op":null,"hi":null}},{"type":"Feature","geometry":{"type":"Point","coordinates":[-121.948104400002,37.6040595000009]},"properties":{"name1":"Newport Academy","name2":null,"street1":"37455 Palomares Road","city":"Castro Valley","county":"Alameda","zip":94552,"phone":"877-820-6371","website":"http://www.newportacademy.com","type_facility":"SU","sa":1,"dt":null,"otp":null,"res":1,"op":1,"hi":null}},{"type":"Feature","geometry":{"type":"Point","coordinates":[-122.026094700002,37.9715412000009]},"properties":{"name1":"Bi Bett Corp","name2":"Frederic Ozanam Center Emerald City","street1":"2931 Prospect Street","city":"Concord","county":"Contra Costa","zip":94518,"phone":"925-676-4840","website":"http://www.bibett.org","type_facility":"SU","sa":1,"dt":1,"otp":null,"res":1,"op":null,"hi":null}},{"type":"Feature","geometry":{"type":"Point","coordinates":[-122.026302100002,37.9714361000009]},"properties":{"name1":"Bi Bett Corp","name2":"Frederic Ozanam Center Crystal Palace","street1":"1390 Santa Clara Avenue","city":"Concord","county":"Contra Costa","zip":94518,"phone":"925-676-4840","website":"http://www.bibett.org","type_facility":"SU","sa":1,"dt":1,"otp":null,"res":1,"op":null,"hi":null}},{"type":"Feature","geometry":{"type":"Point","coordinates":[-121.770878200002,36.9186994000009]},"properties":{"name1":"Janus South County","name2":null,"street1":"284 Pennsylvania Avenue","city":"Watsonville","county":"Santa Cruz","zip":95076,"phone":"831-319-4200","website":"http://www.janussc.org","type_facility":"SU","sa":1,"dt":null,"otp":1,"res":null,"op":1,"hi":null}},{"type":"Feature","geometry":{"type":"Point","coordinates":[-122.031700600002,37.9804114000009]},"properties":{"name1":"Sierra Health and Wellness Centers","name2":"New Start Recovery Solutions","street1":"2449 Pacheco Street","city":"Concord","county":"Contra Costa","zip":94520,"phone":"925-315-5202","website":"http://newstartrecoverysolutions.com","type_facility":"SU","sa":1,"dt":1,"otp":null,"res":1,"op":null,"hi":null}},{"type":"Feature","geometry":{"type":"Point","coordinates":[-122.208569200002,39.5227361000008]},"properties":{"name1":"Glenn County Health and Human Services","name2":"Behavioral Health","street1":"242 North Villa Avenue","city":"Willows","county":"Glenn","zip":95988,"phone":"530-934-6582","website":"https://www.countyofglenn.net/dept/health-human-services/behavioral-health/willows-behavioral-health","type_facility":"SU","sa":1,"dt":null,"otp":null,"res":null,"op":1,"hi":null}},{"type":"Feature","geometry":{"type":"Point","coordinates":[-122.025475700002,37.9383573000009]},"properties":{"name1":"Ujima Family Recovery Services","name2":"Ujima Central","street1":"2976 Treat Boulevard","city":"Concord","county":"Contra Costa","zip":94518,"phone":"925-691-5083","website":"http://www.ujimafamily.org","type_facility":"SU","sa":1,"dt":null,"otp":null,"res":null,"op":1,"hi":null}},{"type":"Feature","geometry":{"type":"Point","coordinates":[-122.036927600002,37.9858203000009]},"properties":{"name1":"John Muir Health","name2":"John Muir Behavioral Health Center","street1":"2740 Grant Street","city":"Concord","county":"Contra Costa","zip":94520,"phone":"925-674-4100 x4279","website":"http://www.johnmuirhealth.com","type_facility":"SU","sa":1,"dt":1,"otp":null,"res":null,"op":null,"hi":1}},{"type":"Feature","geometry":{"type":"Point","coordinates":[-121.899261300002,37.3431764000009]},"properties":{"name1":"New Life Recovery Centers Inc","name2":null,"street1":"473 North San Pedro Street","city":"San Jose","county":"Santa Clara","zip":95110,"phone":"408-297-1182","website":"http://www.newliferecoverycenters.com","type_facility":"SU","sa":1,"dt":1,"otp":null,"res":1,"op":null,"hi":null}},{"type":"Feature","geometry":{"type":"Point","coordinates":[-121.903796000002,37.3503076000009]},"properties":{"name1":"Santa Clara Cnty Dept of Alc/Drug Serv","name2":"Behavioral Health Team","street1":"151 West Mission Street","city":"San Jose","county":"Santa Clara","zip":95110,"phone":"408-535-4280","website":"https://bhsd.sccgov.org/home","type_facility":"SU","sa":1,"dt":null,"otp":null,"res":null,"op":1,"hi":null}},{"type":"Feature","geometry":{"type":"Point","coordinates":[-122.047098800002,37.9842186000009]},"properties":{"name1":"Contra Costa County","name2":"Central County Childrens Mental Health","street1":"2425 Bisso Lane","city":"Concord","county":"Contra Costa","zip":94520,"phone":"925-335-3330","website":"http://cchealth.org/aod","type_facility":"SU","sa":1,"dt":null,"otp":null,"res":null,"op":1,"hi":null}},{"type":"Feature","geometry":{"type":"Point","coordinates":[-122.046230000002,37.9754820000009]},"properties":{"name1":"Bi Bett Corp","name2":"Pueblos del Sol","street1":"2090 Commerce Avenue","city":"Concord","county":"Contra Costa","zip":94520,"phone":"925-676-2580 x1603","website":"http://Bi-Bett.org","type_facility":"SU","sa":1,"dt":null,"otp":null,"res":1,"op":null,"hi":null}},{"type":"Feature","geometry":{"type":"Point","coordinates":[-121.894700000002,37.2959000000009]},"properties":{"name1":"Silicon Valley Recovery","name2":null,"street1":"- - -","city":"San Jose","county":"Santa Clara","zip":95125,"phone":"408-752-5402","website":"https://siliconvalleyrecovery.com/","type_facility":"SU","sa":1,"dt":1,"otp":null,"res":1,"op":null,"hi":null}},{"type":"Feature","geometry":{"type":"Point","coordinates":[-122.049252600002,37.9714589000009]},"properties":{"name1":"Options Recovery Services","name2":null,"street1":"1470 Civic Court","city":"Concord","county":"Contra Costa","zip":94520,"phone":"925-270-1444","website":"http://www.optionsrecoveryservices.com","type_facility":"SU","sa":1,"dt":null,"otp":null,"res":null,"op":1,"hi":null}},{"type":"Feature","geometry":{"type":"Point","coordinates":[-122.049157000002,37.9696994000009]},"properties":{"name1":"Central County Adult MH Services","name2":"Contra Costa County","street1":"1420 Willow Pass Road","city":"Concord","county":"Contra Costa","zip":94520,"phone":"925-335-3330","website":"http://cchealth.org/aod","type_facility":"SU","sa":1,"dt":null,"otp":null,"res":null,"op":1,"hi":null}},{"type":"Feature","geometry":{"type":"Point","coordinates":[-121.920459000002,37.3780840000009]},"properties":{"name1":"Caminar","name2":null,"street1":"2218 North 1st Street","city":"San Jose","county":"Santa Clara","zip":95131,"phone":"408-538-0880","website":"http://www.fcservices.org","type_facility":"SU","sa":1,"dt":null,"otp":null,"res":null,"op":1,"hi":null}},{"type":"Feature","geometry":{"type":"Point","coordinates":[-121.983283500002,37.5507843000008]},"properties":{"name1":"City of Fremont Youth and Family Servs","name2":null,"street1":"39155 Liberty Street","city":"Fremont","county":"Alameda","zip":94538,"phone":"510-574-2100","website":"http://www.fremont.gov/246/Youth-Family-Services-Counseli","type_facility":"SU","sa":1,"dt":null,"otp":null,"res":null,"op":1,"hi":null}},{"type":"Feature","geometry":{"type":"Point","coordinates":[-122.084760500002,38.0038734000009]},"properties":{"name1":"Discovery House","name2":"Contra Costa County","street1":"4645 Pacheco Boulevard","city":"Martinez","county":"Contra Costa","zip":94553,"phone":"925-646-9270","website":"http://cchealth.org/aod","type_facility":"SU","sa":1,"dt":null,"otp":null,"res":1,"op":null,"hi":null}},{"type":"Feature","geometry":{"type":"Point","coordinates":[-122.071500000002,37.9211000000009]},"properties":{"name1":"Bright Heart Health","name2":null,"street1":"- - -","city":"Walnut Creek","county":"Contra Costa","zip":94597,"phone":"800-892-2695","website":"http://www.BrightHeartHealth.com","type_facility":"SU","sa":1,"dt":1,"otp":null,"res":null,"op":1,"hi":null}},{"type":"Feature","geometry":{"type":"Point","coordinates":[-121.931275100002,37.3038816000009]},"properties":{"name1":"Lyric Recovery Services Inc","name2":null,"street1":"1210 South Bascom Avenue","city":"San Jose","county":"Santa Clara","zip":95128,"phone":"800-780-2294 x5","website":"http://lyricrecoveryservices.com","type_facility":"SU","sa":1,"dt":null,"otp":null,"res":null,"op":1,"hi":null}},{"type":"Feature","geometry":{"type":"Point","coordinates":[-121.936700000002,37.3159000000009]},"properties":{"name1":"Central Valley Clinic","name2":"(CVC)","street1":"- - -","city":"San Jose","county":"Santa Clara","zip":95128,"phone":"408-885-5400","website":"http://","type_facility":"SU","sa":1,"dt":null,"otp":1,"res":null,"op":1,"hi":null}},{"type":"Feature","geometry":{"type":"Point","coordinates":[-121.936700000002,37.3159000000009]},"properties":{"name1":"Perinatal Substance Abuse Program","name2":"(PSAP)","street1":"- - -","city":"San Jose","county":"Santa Clara","zip":95128,"phone":"408-885-5400","website":"https://bhsd.sccgov.org/programs-services/substance-use-services","type_facility":"SU","sa":1,"dt":null,"otp":null,"res":null,"op":1,"hi":null}},{"type":"Feature","geometry":{"type":"Point","coordinates":[-121.937089400002,37.3156923000009]},"properties":{"name1":"Asian Americans for Community","name2":"Involvement Inc (AACI)","street1":"2400 Moorpark Avenue","city":"San Jose","county":"Santa Clara","zip":95128,"phone":"408-975-2730 x204","website":"http://www.aaci.org/","type_facility":"SU","sa":1,"dt":null,"otp":null,"res":null,"op":1,"hi":null}},{"type":"Feature","geometry":{"type":"Point","coordinates":[-121.938798200002,37.2873016000009]},"properties":{"name1":"Lionrock Recovery","name2":"Lionrock Behavioral Health Inc","street1":"621 East Campbell Avenue","city":"Campbell","county":"Santa Clara","zip":95008,"phone":"800-258-6550","website":"http://www.lionrockrecovery.com/","type_facility":"SU","sa":1,"dt":null,"otp":null,"res":null,"op":1,"hi":null}},{"type":"Feature","geometry":{"type":"Point","coordinates":[-121.958620300002,37.3543597000009]},"properties":{"name1":"Pathway Outpatient","name2":null,"street1":"1659 Scott Boulevard","city":"Santa Clara","county":"Santa Clara","zip":95050,"phone":"408-982-5599","website":"http://PathwaySociety.org","type_facility":"SU","sa":1,"dt":null,"otp":null,"res":null,"op":1,"hi":null}},{"type":"Feature","geometry":{"type":"Point","coordinates":[-121.779043000002,36.6713959000009]},"properties":{"name1":"Sun Street Centers","name2":"Outpatient Recovery Services","street1":"3043 Mac Arthur Drive","city":"Marina","county":"Monterey","zip":93933,"phone":"831-582-9461","website":"http://www.sunstreetcenters.org","type_facility":"SU","sa":1,"dt":null,"otp":null,"res":null,"op":1,"hi":null}},{"type":"Feature","geometry":{"type":"Point","coordinates":[-122.132755700002,38.0158175000009]},"properties":{"name1":"Ujima Family Recovery Services","name2":"La Casa Ujima","street1":"904 Mellus Street","city":"Martinez","county":"Contra Costa","zip":94553,"phone":"925-229-0230","website":"http://www.ujimafamily.org","type_facility":"SU","sa":1,"dt":null,"otp":null,"res":1,"op":null,"hi":null}},{"type":"Feature","geometry":{"type":"Point","coordinates":[-122.065860200002,37.6828565000009]},"properties":{"name1":"Project Eden","name2":"A Program of Horizon Services Inc","street1":"1866 B Street","city":"Hayward","county":"Alameda","zip":94541,"phone":"510-247-8200","website":"http://www.horizonservices.org","type_facility":"SU","sa":1,"dt":null,"otp":null,"res":null,"op":1,"hi":null}},{"type":"Feature","geometry":{"type":"Point","coordinates":[-122.032202300002,37.5340701000009]},"properties":{"name1":"Second Chance Inc","name2":"Tri Cities Center","street1":"6330 Thornton Avenue","city":"Newark","county":"Alameda","zip":94560,"phone":"510-792-4357","website":"http://www.secondchanceinc.com","type_facility":"SU","sa":1,"dt":null,"otp":null,"res":null,"op":1,"hi":null}},{"type":"Feature","geometry":{"type":"Point","coordinates":[-121.889918300002,36.9762116000009]},"properties":{"name1":"Monterey Bay Recovery and Rehab","name2":"Elevate Addiction Services","street1":"9057 Soquel Drive","city":"Aptos","county":"Santa Cruz","zip":95003,"phone":"831-661-8853","website":"http://elevaterehab.org","type_facility":"SU","sa":1,"dt":null,"otp":null,"res":null,"op":1,"hi":null}},{"type":"Feature","geometry":{"type":"Point","coordinates":[-122.134150800002,37.9610953000009]},"properties":{"name1":"Alhambra Valley Retreat LLC","name2":null,"street1":"77 Quail Lane","city":"Martinez","county":"Contra Costa","zip":94553,"phone":"209-222-8339","website":"http://www.alhambravalleyretreat.com","type_facility":"SU","sa":1,"dt":null,"otp":null,"res":1,"op":null,"hi":1}},{"type":"Feature","geometry":{"type":"Point","coordinates":[-122.080304700002,37.6654207000009]},"properties":{"name1":"MedMark Treatment Centers","name2":"SAACS","street1":"795 Fletcher Lane","city":"Hayward","county":"Alameda","zip":94544,"phone":"214-379-3300","website":"http://medmark.com","type_facility":"SU","sa":1,"dt":1,"otp":1,"res":null,"op":1,"hi":null}},{"type":"Feature","geometry":{"type":"Point","coordinates":[-122.086456500002,37.6574964000009]},"properties":{"name1":"Second Chance Inc","name2":"Hayward Recovery Center","street1":"107 Jackson Street","city":"Hayward","county":"Alameda","zip":94544,"phone":"510-886-8696","website":"http://www.secondchanceinc.com","type_facility":"SU","sa":1,"dt":null,"otp":null,"res":null,"op":1,"hi":null}},{"type":"Feature","geometry":{"type":"Point","coordinates":[-122.102228900002,37.6871638000009]},"properties":{"name1":"HAART","name2":"Hayward","street1":"20094 Mission Boulevard","city":"Hayward","county":"Alameda","zip":94541,"phone":"510-727-9755 x42","website":"http://www.haarthayward.org","type_facility":"SU","sa":1,"dt":1,"otp":1,"res":null,"op":1,"hi":null}},{"type":"Feature","geometry":{"type":"Point","coordinates":[-122.350158700002,40.5634206000008]},"properties":{"name1":"Aegis Treatment Centers LLC","name2":null,"street1":"1147 Hartnell Avenue","city":"Redding","county":"Shasta","zip":96002,"phone":"530-222-7213","website":"http://www.aegistreatmentcenters.com","type_facility":"SU","sa":1,"dt":1,"otp":1,"res":null,"op":1,"hi":null}},{"type":"Feature","geometry":{"type":"Point","coordinates":[-122.351830200002,40.5658548000008]},"properties":{"name1":"Psychiatric Care Center","name2":null,"street1":"2885 Churn Creek Road","city":"Redding","county":"Shasta","zip":96002,"phone":"530-221-6303","website":"http://www.pcccares.com","type_facility":"SU","sa":1,"dt":null,"otp":null,"res":null,"op":1,"hi":null}},{"type":"Feature","geometry":{"type":"Point","coordinates":[-122.050939700002,37.3493430000009]},"properties":{"name1":"Meadows Outpatient Center","name2":"Silicon Valley","street1":"1309 South Mary Avenue","city":"Sunnyvale","county":"Santa Clara","zip":94087,"phone":"866-356-9801","website":"https://meadowsoutpatient.com/locations/silicon-valley-ca/","type_facility":"SU","sa":1,"dt":null,"otp":null,"res":null,"op":1,"hi":null}},{"type":"Feature","geometry":{"type":"Point","coordinates":[-122.214374100002,38.0878477000009]},"properties":{"name1":"Genesis House Inc","name2":"Genesis House Inc","street1":"1149 Warren Avenue","city":"Vallejo","county":"Solano","zip":94591,"phone":"707-552-5295","website":"http://www.genesis-house.com","type_facility":"SU","sa":1,"dt":null,"otp":null,"res":1,"op":null,"hi":null}},{"type":"Feature","geometry":{"type":"Point","coordinates":[-122.356324300002,40.5529754000008]},"properties":{"name1":"VOTC Inc","name2":"Visions of the Cross Womens Resid","street1":"3640-3652 El Portal Drive","city":"Redding","county":"Shasta","zip":96002,"phone":"530-722-1114 x201","website":"http://www.visionsofthecross.com","type_facility":"SU","sa":1,"dt":null,"otp":null,"res":1,"op":null,"hi":null}},{"type":"Feature","geometry":{"type":"Point","coordinates":[-122.356747700002,40.5543358000008]},"properties":{"name1":"VOTC Inc","name2":"Visions of the Cross Mens Residential","street1":"3590 El Portal Drive","city":"Redding","county":"Shasta","zip":96002,"phone":"530-722-1114 x401","website":"http://www.visionsofthecross.com","type_facility":"SU","sa":1,"dt":null,"otp":null,"res":1,"op":null,"hi":null}},{"type":"Feature","geometry":{"type":"Point","coordinates":[-122.357098200002,40.5536819000008]},"properties":{"name1":"VOTC Inc","name2":"Visions of the Cross Outpatient","street1":"3617 Ricardo Avenue","city":"Redding","county":"Shasta","zip":96002,"phone":"530-722-1114 x307","website":"http://www.visionsofthecross.com","type_facility":"SU","sa":1,"dt":null,"otp":null,"res":null,"op":1,"hi":null}},{"type":"Feature","geometry":{"type":"Point","coordinates":[-121.842559500002,36.6134858000009]},"properties":{"name1":"Sun Street Centers","name2":"Outpatient Recovery Services","street1":"1201 Echo Avenue","city":"Seaside","county":"Monterey","zip":93955,"phone":"831-599-6577","website":"http://www.sunstreetcenters.org","type_facility":"SU","sa":1,"dt":null,"otp":null,"res":null,"op":1,"hi":null}},{"type":"Feature","geometry":{"type":"Point","coordinates":[-122.149694000002,37.7414290000009]},"properties":{"name1":"HAART","name2":null,"street1":"10850 MacArthur Boulevard","city":"Oakland","county":"Alameda","zip":94605,"phone":"510-875-2300","website":"http://www.haartoakland.org","type_facility":"SU","sa":1,"dt":1,"otp":1,"res":null,"op":1,"hi":null}},{"type":"Feature","geometry":{"type":"Point","coordinates":[-121.841627400002,36.6058914000009]},"properties":{"name1":"Community Human Services","name2":"Genesis House","street1":"1152 Sonoma Avenue","city":"Seaside","county":"Monterey","zip":93955,"phone":"831-899-2436","website":"http://www.chservices.org","type_facility":"SU","sa":1,"dt":1,"otp":null,"res":1,"op":null,"hi":1}},{"type":"Feature","geometry":{"type":"Point","coordinates":[-122.155567500002,37.7249831000009]},"properties":{"name1":"Options Recovery Services","name2":null,"street1":"1300 East 14th Street","city":"San Leandro","county":"Alameda","zip":94577,"phone":"510-925-4005","website":"http://www.optionsrecoveryservices.com","type_facility":"SU","sa":1,"dt":null,"otp":null,"res":null,"op":1,"hi":null}},{"type":"Feature","geometry":{"type":"Point","coordinates":[-121.967096400002,36.9821487000009]},"properties":{"name1":"Rikki Rap Inc","name2":"Sobriety Works","street1":"8030 Soquel Avenue","city":"Santa Cruz","county":"Santa Cruz","zip":95062,"phone":"831-476-1747","website":"http://www.sobrietyworks.com","type_facility":"SU","sa":1,"dt":null,"otp":null,"res":null,"op":1,"hi":null}},{"type":"Feature","geometry":{"type":"Point","coordinates":[-122.165336000002,37.7541080000009]},"properties":{"name1":"Teen Challenge of East Bay Inc","name2":"Teen Challenge","street1":"2221 90th Avenue","city":"Oakland","county":"Alameda","zip":94603,"phone":"510-562-1141","website":"http://www.teenchallenge.net","type_facility":"SU","sa":1,"dt":null,"otp":null,"res":1,"op":1,"hi":null}},{"type":"Feature","geometry":{"type":"Point","coordinates":[-122.167124000002,37.7392490000009]},"properties":{"name1":"Lifeline Treatment Services Inc","name2":null,"street1":"10429 International Boulevard","city":"Oakland","county":"Alameda","zip":94603,"phone":"510-777-8448","website":"http://www.americanhealthservices.org","type_facility":"SU","sa":1,"dt":1,"otp":1,"res":null,"op":1,"hi":null}},{"type":"Feature","geometry":{"type":"Point","coordinates":[-121.853174900002,36.5866026000009]},"properties":{"name1":"Community Human Services","name2":"Outpatient Treatment Center Monterey","street1":"2511 Garden Road","city":"Monterey","county":"Monterey","zip":93940,"phone":"831-383-7800","website":"http://chservices.org","type_facility":"SU","sa":1,"dt":null,"otp":null,"res":null,"op":1,"hi":null}},{"type":"Feature","geometry":{"type":"Point","coordinates":[-122.241535500002,38.1100673000008]},"properties":{"name1":"Ujima Family Recovery Services","name2":"Ujima Hope Solano","street1":"1350 Tennessee Street","city":"Vallejo","county":"Solano","zip":94590,"phone":"707-558-8500","website":"http://www.ujimafamily.org","type_facility":"SU","sa":1,"dt":null,"otp":null,"res":null,"op":1,"hi":null}},{"type":"Feature","geometry":{"type":"Point","coordinates":[-122.380790600002,40.5494381000008]},"properties":{"name1":"Shasta County Health and Human Servs","name2":"Womens Recovery and Resiliency Servs","street1":"2615 Breslauer Way","city":"Redding","county":"Shasta","zip":96001,"phone":"530-245-6411","website":"http://www.shastacounty.gov","type_facility":"SU","sa":1,"dt":null,"otp":null,"res":null,"op":1,"hi":null}},{"type":"Feature","geometry":{"type":"Point","coordinates":[-122.249768600002,38.1248657000009]},"properties":{"name1":"MedMark Treatment Centers","name2":"Vallejo","street1":"1628 Broadway Street","city":"Vallejo","county":"Solano","zip":94590,"phone":"707-649-8300","website":"http://www.medmarktreatmentcenters.com","type_facility":"SU","sa":1,"dt":null,"otp":1,"res":null,"op":1,"hi":null}},{"type":"Feature","geometry":{"type":"Point","coordinates":[-122.248231900002,38.1124137000009]},"properties":{"name1":"Bi Bett Corp","name2":"Recovery Connection","street1":"604 Broadway","city":"Vallejo","county":"Solano","zip":94590,"phone":"707-643-2748","website":"http://www.Bibett.org","type_facility":"SU","sa":1,"dt":null,"otp":null,"res":null,"op":1,"hi":null}},{"type":"Feature","geometry":{"type":"Point","coordinates":[-122.251120200002,38.1285123000009]},"properties":{"name1":"Kaiser Permanente","name2":"Chemical Dependency Recovery Program","street1":"800 Sereno Drive","city":"Vallejo","county":"Solano","zip":94589,"phone":"707-651-1050","website":"http://healthy.kaiserpermanente.org/","type_facility":"SU","sa":1,"dt":1,"otp":null,"res":null,"op":1,"hi":null}},{"type":"Feature","geometry":{"type":"Point","coordinates":[-122.276465400002,38.2498152000009]},"properties":{"name1":"Napa County Health and Human Services","name2":"South Campus/Alcohol and Drug","street1":"2751 Napa Valley Corporate Drive","city":"Napa","county":"Napa","zip":94558,"phone":"707-253-4063","website":"http://countyofnapa.org","type_facility":"SU","sa":1,"dt":null,"otp":null,"res":null,"op":1,"hi":null}},{"type":"Feature","geometry":{"type":"Point","coordinates":[-122.311599800002,41.3034084000008]},"properties":{"name1":"County of Siskiyou","name2":"Behavioral Health Division","street1":"1107 Ream Avenue","city":"Mount Shasta","county":"Siskiyou","zip":96067,"phone":"530-841-4802","website":"http://www.co.siskiyou.ca.us/behavioralhealth","type_facility":"SU","sa":1,"dt":null,"otp":null,"res":null,"op":1,"hi":null}},{"type":"Feature","geometry":{"type":"Point","coordinates":[-122.254466000002,38.0979065000009]},"properties":{"name1":"Bi Bett Corp","name2":"Southern Solano Alcohol Council","street1":"419 Pennsylvania Street","city":"Vallejo","county":"Solano","zip":94590,"phone":"707-643-2715 x2402","website":"http://www.bibett.org","type_facility":"SU","sa":1,"dt":null,"otp":null,"res":1,"op":null,"hi":null}},{"type":"Feature","geometry":{"type":"Point","coordinates":[-122.286870300002,38.2873053000009]},"properties":{"name1":"Alternatives for Better Living","name2":null,"street1":"68 Coombs Street","city":"Napa","county":"Napa","zip":94559,"phone":"707-226-1248","website":"http://www.a4bl.org","type_facility":"SU","sa":1,"dt":null,"otp":null,"res":null,"op":1,"hi":null}},{"type":"Feature","geometry":{"type":"Point","coordinates":[-122.397107000002,40.5813230000008]},"properties":{"name1":"Empire Hotel EHARC Inc","name2":"Empire Outpatient Services Redding","street1":"1616 West Street","city":"Redding","county":"Shasta","zip":96001,"phone":"530-244-7470","website":"http://www.empirerecoverycenter.org","type_facility":"SU","sa":1,"dt":null,"otp":null,"res":null,"op":1,"hi":null}},{"type":"Feature","geometry":{"type":"Point","coordinates":[-122.131535600002,37.4753086000009]},"properties":{"name1":"Our Common Ground Inc","name2":"Residential","street1":"2560 Pulgas Avenue","city":"Palo Alto","county":"Santa Clara","zip":94303,"phone":"650-367-9030 x12","website":"http://ocgworks.org","type_facility":"SU","sa":1,"dt":null,"otp":null,"res":1,"op":null,"hi":null}},{"type":"Feature","geometry":{"type":"Point","coordinates":[-121.997827300002,36.9647655000009]},"properties":{"name1":"Janus of Santa Cruz","name2":"Resid Trt Ctr and Special Care Unit","street1":"718 Carmel Street and","city":"Santa Cruz","county":"Santa Cruz","zip":95062,"phone":"831-462-1060","website":"http://ww.janussc.org","type_facility":"SU","sa":1,"dt":1,"otp":null,"res":1,"op":null,"hi":null}},{"type":"Feature","geometry":{"type":"Point","coordinates":[-122.192896500002,37.7312253000009]},"properties":{"name1":"Wistar R and R Program Inc","name2":null,"street1":"9735 Empire Road","city":"Oakland","county":"Alameda","zip":94603,"phone":"510-562-8370","website":"http://","type_facility":"SU","sa":1,"dt":null,"otp":null,"res":1,"op":null,"hi":null}},{"type":"Feature","geometry":{"type":"Point","coordinates":[-121.998049400002,36.9644346000009]},"properties":{"name1":"Janus of Santa Cruz","name2":"Intensive Outpatient","street1":"200 7th Avenue","city":"Santa Cruz","county":"Santa Cruz","zip":95062,"phone":"831-462-1060","website":"http://www.janussc.org","type_facility":"SU","sa":1,"dt":null,"otp":null,"res":null,"op":1,"hi":null}},{"type":"Feature","geometry":{"type":"Point","coordinates":[-122.135868300002,37.4716005000009]},"properties":{"name1":"Free at Last","name2":"Outpatient Unit","street1":"1796 Bay Road","city":"Palo Alto","county":"Santa Clara","zip":94303,"phone":"650-462-6999","website":"http://www.freeatlast.org","type_facility":"SU","sa":1,"dt":null,"otp":null,"res":null,"op":1,"hi":null}},{"type":"Feature","geometry":{"type":"Point","coordinates":[-122.016648100002,36.9901448000009]},"properties":{"name1":"Janus Community Clinic","name2":null,"street1":"1000 Emeline Avenue","city":"Santa Cruz","county":"Santa Cruz","zip":95060,"phone":"831-425-0112","website":"http://www.janussc.org","type_facility":"SU","sa":1,"dt":null,"otp":1,"res":null,"op":1,"hi":null}},{"type":"Feature","geometry":{"type":"Point","coordinates":[-121.896133000002,36.5952920000009]},"properties":{"name1":"Community Hospital of the Monterey","name2":"Peninsula/Recovery Center Services","street1":"576 Hartnell Street","city":"Monterey","county":"Monterey","zip":93940,"phone":"831-625-4600","website":"http://www.chomp.org","type_facility":"SU","sa":1,"dt":null,"otp":null,"res":null,"op":1,"hi":null}},{"type":"Feature","geometry":{"type":"Point","coordinates":[-122.217058600002,37.7773330000009]},"properties":{"name1":"Friendship House","name2":"American Indian Lodge","street1":"1815 39th Avenue","city":"Oakland","county":"Alameda","zip":94601,"phone":"415-865-0964","website":"http://www.friendshiphousesf.org","type_facility":"SU","sa":1,"dt":null,"otp":null,"res":1,"op":null,"hi":null}},{"type":"Feature","geometry":{"type":"Point","coordinates":[-122.221288900002,37.7865735000008]},"properties":{"name1":"La Familia Counseling Service","name2":"Youth for Change","street1":"3209 Galindo Street","city":"Oakland","county":"Alameda","zip":94601,"phone":"510-300-3500","website":"https://livelafamilia.org/","type_facility":"SU","sa":1,"dt":null,"otp":null,"res":null,"op":1,"hi":null}},{"type":"Feature","geometry":{"type":"Point","coordinates":[-122.144999400002,37.4274874000009]},"properties":{"name1":"Camina","name2":null,"street1":"375 Cambridge Avenue","city":"Palo Alto","county":"Santa Clara","zip":94306,"phone":"408-538-0880","website":"http://","type_facility":"SU","sa":1,"dt":null,"otp":null,"res":null,"op":1,"hi":null}},{"type":"Feature","geometry":{"type":"Point","coordinates":[-122.140208700002,37.4051519000009]},"properties":{"name1":"VA Palo Alto Healthcare System","name2":"Mental Health/Addiction Treatment Serv","street1":"3801 Miranda Avenue","city":"Palo Alto","county":"Santa Clara","zip":94304,"phone":"650-493-5000 x60050","website":"https://www.va.gov/palo-alto-health-care/health-services/#mental-health-care","type_facility":"SU","sa":1,"dt":null,"otp":null,"res":null,"op":1,"hi":null}},{"type":"Feature","geometry":{"type":"Point","coordinates":[-122.160775700002,37.4655086000009]},"properties":{"name1":"BAART Behavioral Health Services Inc","name2":"Bay Area Addiction Research Treatment","street1":"795 Willow Road","city":"Menlo Park","county":"San Mateo","zip":94025,"phone":"650-324-1470","website":"http://baartprograms.com","type_facility":"SU","sa":1,"dt":1,"otp":1,"res":null,"op":1,"hi":null}},{"type":"Feature","geometry":{"type":"Point","coordinates":[-122.034118500002,36.9695615000009]},"properties":{"name1":"Encompass Community Services","name2":"Santa Cruz Residential Recovery","street1":"125 Rigg Street","city":"Santa Cruz","county":"Santa Cruz","zip":95060,"phone":"831-469-1700","website":"http://www.encompasscs.org","type_facility":"SU","sa":1,"dt":null,"otp":null,"res":1,"op":null,"hi":null}},{"type":"Feature","geometry":{"type":"Point","coordinates":[-122.262506300002,37.8755510000008]},"properties":{"name1":"New Bridge Foundation","name2":"Helios","street1":"1816 Scenic Avenue","city":"Berkeley","county":"Alameda","zip":94709,"phone":"510-548-7270 x204","website":"http://www.newbridgefoundation.org","type_facility":"SU","sa":1,"dt":1,"otp":null,"res":1,"op":null,"hi":null}},{"type":"Feature","geometry":{"type":"Point","coordinates":[-122.262469200002,37.8753371000008]},"properties":{"name1":"New Bridge Foundation","name2":"Bridge One","street1":"1820 Scenic Avenue","city":"Berkeley","county":"Alameda","zip":94709,"phone":"510-548-7270 x204","website":"http://www.newbridgefoundation.org","type_facility":"SU","sa":1,"dt":1,"otp":null,"res":1,"op":null,"hi":null}},{"type":"Feature","geometry":{"type":"Point","coordinates":[-122.262918300002,37.8748854000009]},"properties":{"name1":"New Bridge Foundation","name2":"Hearst","street1":"2323 Hearst Avenue","city":"Berkeley","county":"Alameda","zip":94709,"phone":"510-548-7270 x204","website":"http://www.newbridgefoundation.org","type_facility":"SU","sa":1,"dt":null,"otp":null,"res":null,"op":1,"hi":null}},{"type":"Feature","geometry":{"type":"Point","coordinates":[-122.253624000002,37.8169902000009]},"properties":{"name1":"Southern Alameda County Comite for ","name2":"Raza MH/El Chante Residential Home","street1":"425 Vernon Street","city":"Oakland","county":"Alameda","zip":94610,"phone":"510-465-4569","website":"http://www.lafamiliacounseling.org","type_facility":"SU","sa":1,"dt":null,"otp":null,"res":1,"op":null,"hi":null}},{"type":"Feature","geometry":{"type":"Point","coordinates":[-122.248306200002,37.7911970000009]},"properties":{"name1":"Addiction Research and Treatment","name2":"(ART)","street1":"1124 International Boulevard","city":"Oakland","county":"Alameda","zip":94606,"phone":"510-533-0800","website":"http://www.baartprograms.com/","type_facility":"SU","sa":1,"dt":null,"otp":1,"res":null,"op":1,"hi":null}},{"type":"Feature","geometry":{"type":"Point","coordinates":[-122.260824800002,37.8253844000009]},"properties":{"name1":"Kaiser Permanente","name2":"Addiction Medicine and Recovery Servs","street1":"380 West MacArthur Boulevard","city":"Oakland","county":"Alameda","zip":94609,"phone":"510-251-0121","website":"http://www.healthy.kaiserpermanente.org","type_facility":"SU","sa":1,"dt":1,"otp":null,"res":null,"op":1,"hi":null}},{"type":"Feature","geometry":{"type":"Point","coordinates":[-122.333200000002,38.2077000000008]},"properties":{"name1":"Aldea","name2":"Aldea Behavioral Health Services","street1":"- - -","city":"Napa","county":"Napa","zip":94559,"phone":"707-224-8266","website":"https://www.aldeainc.org/services/behavioral-health/behavioral-health","type_facility":"SU","sa":1,"dt":null,"otp":null,"res":null,"op":1,"hi":null}},{"type":"Feature","geometry":{"type":"Point","coordinates":[-122.271857700002,37.8701435000009]},"properties":{"name1":"Options Recovery Services","name2":null,"street1":"1931 Center Street","city":"Berkeley","county":"Alameda","zip":94704,"phone":"510-666-9552","website":"http://www.optionsrecoveryservices.com","type_facility":"SU","sa":1,"dt":null,"otp":null,"res":null,"op":1,"hi":null}},{"type":"Feature","geometry":{"type":"Point","coordinates":[-122.264700000002,37.8343000000009]},"properties":{"name1":"Magnolia Womens Recovery Program","name2":null,"street1":"- - -","city":"Oakland","county":"Alameda","zip":94609,"phone":"510-547-1531","website":"http://www.magnoliarecovery.org","type_facility":"SU","sa":1,"dt":null,"otp":null,"res":1,"op":null,"hi":null}},{"type":"Feature","geometry":{"type":"Point","coordinates":[-122.045826200002,36.9562674000009]},"properties":{"name1":"New Life Community Services Inc","name2":null,"street1":"707 Fair Avenue","city":"Santa Cruz","county":"Santa Cruz","zip":95060,"phone":"831-427-1007 x2","website":"http://www.newlifesc.org","type_facility":"SU","sa":1,"dt":null,"otp":null,"res":1,"op":null,"hi":null}},{"type":"Feature","geometry":{"type":"Point","coordinates":[-122.273497000002,37.8688604000009]},"properties":{"name1":"Options Recovery Services","name2":null,"street1":"1835 Allston Way","city":"Berkeley","county":"Alameda","zip":94703,"phone":"510-666-9552","website":"http://www.optionsrecoveryservices.com","type_facility":"SU","sa":1,"dt":null,"otp":null,"res":null,"op":1,"hi":null}},{"type":"Feature","geometry":{"type":"Point","coordinates":[-122.264165200002,37.8194841000009]},"properties":{"name1":"MPI Treatment Services","name2":"Alta Bates Summit Medical Center","street1":"3012 Summit Street","city":"Oakland","county":"Alameda","zip":94609,"phone":"510-652-7000","website":"http://sutterhealth.org/find-location/facility/merritt-peralta-institute-mpi-treatment-services","type_facility":"SU","sa":1,"dt":1,"otp":null,"res":1,"op":1,"hi":1}},{"type":"Feature","geometry":{"type":"Point","coordinates":[-122.270635600002,37.8099933000008]},"properties":{"name1":"VA Oakland Behavioral Health Clinic","name2":"San Francisco VA Healthcare System","street1":"525 21st Street","city":"Oakland","county":"Alameda","zip":94612,"phone":"510-587-3400","website":"https://www.va.gov/san-francisco-health-care/","type_facility":"SU","sa":1,"dt":null,"otp":1,"res":null,"op":1,"hi":null}},{"type":"Feature","geometry":{"type":"Point","coordinates":[-122.286600000002,37.8660000000009]},"properties":{"name1":"Berkeley Addiction Treatment Services","name2":null,"street1":"2975 Sacramento Street","city":"Berkeley","county":"Alameda","zip":94702,"phone":"510-644-0200","website":"http://BatsRecovery.com","type_facility":"SU","sa":1,"dt":1,"otp":1,"res":null,"op":1,"hi":null}},{"type":"Feature","geometry":{"type":"Point","coordinates":[-122.207300000002,37.4921000000009]},"properties":{"name1":"Service League of San Mateo County","name2":"Hope House","street1":"- - -","city":"Redwood City","county":"San Mateo","zip":94063,"phone":"650-363-8735","website":"http://www.serviceleague.org","type_facility":"SU","sa":1,"dt":null,"otp":null,"res":1,"op":null,"hi":null}},{"type":"Feature","geometry":{"type":"Point","coordinates":[-122.296976500002,37.8092591000009]},"properties":{"name1":"Options Recovery Services","name2":null,"street1":"1630 10th Street","city":"Oakland","county":"Alameda","zip":94607,"phone":"510-666-9552","website":"http://www.optionsrecoveryservices.com","type_facility":"SU","sa":1,"dt":null,"otp":null,"res":null,"op":1,"hi":null}},{"type":"Feature","geometry":{"type":"Point","coordinates":[-122.223020200002,37.4688887000009]},"properties":{"name1":"Our Common Ground Inc","name2":"Outpatient","street1":"26 Central Avenue","city":"Redwood City","county":"San Mateo","zip":94061,"phone":"650-367-9030 x12","website":"http://ocgworks.org","type_facility":"SU","sa":1,"dt":null,"otp":null,"res":null,"op":1,"hi":null}},{"type":"Feature","geometry":{"type":"Point","coordinates":[-122.331195100002,37.9488627000009]},"properties":{"name1":"Ujima Family Recovery Services","name2":"Ujima West","street1":"12960 San Pablo Avenue","city":"Richmond","county":"Contra Costa","zip":94805,"phone":"510-215-2280","website":"http://www.ujimafamily.org","type_facility":"SU","sa":1,"dt":null,"otp":null,"res":null,"op":1,"hi":null}},{"type":"Feature","geometry":{"type":"Point","coordinates":[-122.337455300002,37.9562674000009]},"properties":{"name1":"Contra Costa County","name2":"West County Childrens MH Services","street1":"13585 San Pablo Avenue","city":"San Pablo","county":"Contra Costa","zip":94806,"phone":"925-335-3330","website":"http://cchealth.org/aod","type_facility":"SU","sa":1,"dt":null,"otp":null,"res":null,"op":1,"hi":null}},{"type":"Feature","geometry":{"type":"Point","coordinates":[-122.228827700002,37.4533825000009]},"properties":{"name1":"Adolescent Counseling Services","name2":"Adolescent Substance Use Addiction Trt","street1":"1779 Woodside Road","city":"Redwood City","county":"San Mateo","zip":94061,"phone":"650-424-0852 x108","website":"http://www.acs-teens.org","type_facility":"SU","sa":1,"dt":null,"otp":null,"res":null,"op":1,"hi":null}},{"type":"Feature","geometry":{"type":"Point","coordinates":[-122.341816700002,37.9575102000009]},"properties":{"name1":"Ujima Family Recovery Services","name2":"Rectory Womens Recovery Center","street1":"1901 Church Lane","city":"San Pablo","county":"Contra Costa","zip":94806,"phone":"510-236-3134","website":"http://www.ujimafamily.org","type_facility":"SU","sa":1,"dt":null,"otp":null,"res":1,"op":null,"hi":null}},{"type":"Feature","geometry":{"type":"Point","coordinates":[-122.124000000002,37.0412000000009]},"properties":{"name1":"Janus of Santa Cruz","name2":"Mondanaro Baskin Ctr for Wmn/Children","street1":"- - -","city":"Santa Cruz","county":"Santa Cruz","zip":95060,"phone":"831-423-9015","website":"http://www.janussc.org","type_facility":"SU","sa":1,"dt":null,"otp":null,"res":1,"op":null,"hi":null}},{"type":"Feature","geometry":{"type":"Point","coordinates":[-122.347351200002,37.9344092000009]},"properties":{"name1":"WestCare California Inc","name2":"Richmond Health and Wellness Center","street1":"208 23rd Street","city":"Richmond","county":"Contra Costa","zip":94804,"phone":"559-251-4800","website":"http://www.westcare.com","type_facility":"SU","sa":1,"dt":1,"otp":null,"res":1,"op":null,"hi":null}},{"type":"Feature","geometry":{"type":"Point","coordinates":[-122.356582200002,37.9254239000009]},"properties":{"name1":"Addiction Research and Treatment Inc","name2":"(ART)","street1":"1313 Cutting Boulevard","city":"Richmond","county":"Contra Costa","zip":94804,"phone":"510-232-0874","website":"http://baartprograms.com","type_facility":"SU","sa":1,"dt":1,"otp":1,"res":null,"op":1,"hi":null}},{"type":"Feature","geometry":{"type":"Point","coordinates":[-122.274141800002,37.5271900000009]},"properties":{"name1":"Casa Aztlan","name2":null,"street1":"401 Briarfield Way","city":"Belmont","county":"San Mateo","zip":94002,"phone":"650-369-4598","website":"http://www.thelatinocommission.org","type_facility":"SU","sa":1,"dt":null,"otp":null,"res":1,"op":null,"hi":null}},{"type":"Feature","geometry":{"type":"Point","coordinates":[-122.305658100002,37.5437491000009]},"properties":{"name1":"Caminar","name2":null,"street1":"2600 South El Camino Real","city":"San Mateo","county":"San Mateo","zip":94403,"phone":"650-393-8937","website":"http://caminar.org","type_facility":"SU","sa":null,"dt":null,"otp":null,"res":null,"op":null,"hi":null}},{"type":"Feature","geometry":{"type":"Point","coordinates":[-122.311858900002,37.5473106000009]},"properties":{"name1":"WRA/Pioneer Ct/SUD OP","name2":"A Program of HealthRIGHT 360","street1":"2015 Pioneer Court","city":"San Mateo","county":"San Mateo","zip":94403,"phone":"650-348-6603","website":"http://www.healthright360.org","type_facility":"SU","sa":1,"dt":null,"otp":null,"res":null,"op":1,"hi":null}},{"type":"Feature","geometry":{"type":"Point","coordinates":[-122.319300000002,37.5741000000008]},"properties":{"name1":"HealthRIGHT 360","name2":"Womens Recovery Association Hillside","street1":"- - -","city":"San Mateo","county":"San Mateo","zip":94401,"phone":"415-235-8254","website":"http://healthright360.org","type_facility":"SU","sa":1,"dt":null,"otp":null,"res":1,"op":null,"hi":null}},{"type":"Feature","geometry":{"type":"Point","coordinates":[-122.319300000002,37.5741000000008]},"properties":{"name1":"HealthRIGHT 360","name2":"Womens Recovery Association/Laurel","street1":"- - -","city":"San Mateo","county":"San Mateo","zip":94401,"phone":"909-964-1585","website":"http://www.healthright360.org","type_facility":"SU","sa":1,"dt":null,"otp":null,"res":1,"op":null,"hi":null}},{"type":"Feature","geometry":{"type":"Point","coordinates":[-122.321697000002,37.5670360000008]},"properties":{"name1":"Project Ninety Inc","name2":"A Division of Caminar","street1":"416 2nd Avenue","city":"San Mateo","county":"San Mateo","zip":94401,"phone":"650-579-7881","website":"http://www.caminar.org","type_facility":"SU","sa":1,"dt":null,"otp":null,"res":null,"op":1,"hi":null}},{"type":"Feature","geometry":{"type":"Point","coordinates":[-122.459700000002,38.2570000000009]},"properties":{"name1":"Align Recovery Centers","name2":null,"street1":"- - -","city":"Sonoma","county":"Sonoma","zip":95476,"phone":"707-343-4357","website":"http://alignsonoma.com","type_facility":"SU","sa":1,"dt":1,"otp":null,"res":1,"op":1,"hi":1}},{"type":"Feature","geometry":{"type":"Point","coordinates":[-122.335655900002,37.5722293000009]},"properties":{"name1":"HealthRIGHT 360","name2":"Womens Recovery Association Elms Hous","street1":"202 East Bellevue Avenue","city":"San Mateo","county":"San Mateo","zip":94401,"phone":"415-235-8254","website":"http://healthright360.org","type_facility":"SU","sa":1,"dt":null,"otp":null,"res":1,"op":null,"hi":null}},{"type":"Feature","geometry":{"type":"Point","coordinates":[-122.404748600002,37.8052715000009]},"properties":{"name1":"Foundations San Francisco","name2":null,"street1":"1700 Montgomery Street","city":"San Francisco","county":"San Francisco","zip":94111,"phone":"415-293-1685","website":"http://www.FoundationsSanFrancisco.com","type_facility":"SU","sa":1,"dt":null,"otp":null,"res":null,"op":1,"hi":null}},{"type":"Feature","geometry":{"type":"Point","coordinates":[-122.394117400002,37.7250938000009]},"properties":{"name1":"Bayview Hunters Point Foundation","name2":"Substance Use Disorder Programs","street1":"1625 Carroll Avenue","city":"San Francisco","county":"San Francisco","zip":94124,"phone":"415-822-8200","website":"http://www.bayviewci.org","type_facility":"SU","sa":1,"dt":1,"otp":1,"res":null,"op":1,"hi":null}},{"type":"Feature","geometry":{"type":"Point","coordinates":[-122.404891000002,37.7738708000009]},"properties":{"name1":"Fort Help LLC","name2":null,"street1":"915 Bryant Street","city":"San Francisco","county":"San Francisco","zip":94103,"phone":"415-777-9953","website":"http://www.americanhealthservices.org","type_facility":"SU","sa":1,"dt":1,"otp":1,"res":null,"op":1,"hi":null}},{"type":"Feature","geometry":{"type":"Point","coordinates":[-122.367241700002,37.5975715000009]},"properties":{"name1":"First Chance","name2":null,"street1":"826 Mahler Road","city":"Burlingame","county":"San Mateo","zip":94010,"phone":"650-689-5597","website":"http://www.star-vista.org","type_facility":"SU","sa":null,"dt":1,"otp":null,"res":1,"op":null,"hi":null}},{"type":"Feature","geometry":{"type":"Point","coordinates":[-122.405075600002,37.7556659000009]},"properties":{"name1":"San Francisco General Hospital","name2":"Opiate Treatment Outpatient Program","street1":"1001 Potrero Avenue","city":"San Francisco","county":"San Francisco","zip":94110,"phone":"628-206-8412","website":"https://dsaam.org/otop","type_facility":"SU","sa":1,"dt":null,"otp":1,"res":null,"op":1,"hi":null}},{"type":"Feature","geometry":{"type":"Point","coordinates":[-122.410824200002,37.7812370000009]},"properties":{"name1":"San Francisco AIDS Foundation","name2":"Substance Health Services/Stonewall","street1":"1035 Market Street","city":"San Francisco","county":"San Francisco","zip":94103,"phone":"415-487-3100","website":"http://www.stonewallsf.org","type_facility":"SU","sa":1,"dt":null,"otp":null,"res":null,"op":1,"hi":null}},{"type":"Feature","geometry":{"type":"Point","coordinates":[-122.407371814002,37.7640100530009]},"properties":{"name1":"Horizons Unlimited of","name2":"San Francisco Inc","street1":"440 Potrero Avenue","city":"San Francisco","county":"San Francisco","zip":94110,"phone":"415-487-6700","website":"http://www.horizons-sf.org","type_facility":"SU","sa":1,"dt":null,"otp":null,"res":null,"op":1,"hi":null}},{"type":"Feature","geometry":{"type":"Point","coordinates":[-122.411000000002,37.7731000000009]},"properties":{"name1":"Father Alfred Center","name2":"Saint Anthony Foundation","street1":"- - -","city":"San Francisco","county":"San Francisco","zip":94103,"phone":"415-592-2880","website":"http://www.stanthonysf.org","type_facility":"SU","sa":1,"dt":null,"otp":null,"res":1,"op":null,"hi":1}},{"type":"Feature","geometry":{"type":"Point","coordinates":[-122.414336000002,37.7825450000008]},"properties":{"name1":"Curry Senior Center","name2":"Senior Alcohol and Drug Programs","street1":"315 Turk Street","city":"San Francisco","county":"San Francisco","zip":94102,"phone":"415-292-1135","website":"http://curryseniorcenter.org","type_facility":"SU","sa":1,"dt":null,"otp":null,"res":null,"op":1,"hi":null}},{"type":"Feature","geometry":{"type":"Point","coordinates":[-122.410745200002,37.7650337000009]},"properties":{"name1":"Latino Commission on Alc/DA Services","name2":"Casa Aviva Perinatal Women","street1":"1724-1726 Bryant Street","city":"San Francisco","county":"San Francisco","zip":94110,"phone":"415-558-9125","website":"http://www.thelatinocommission.org","type_facility":"SU","sa":1,"dt":null,"otp":null,"res":1,"op":null,"hi":null}},{"type":"Feature","geometry":{"type":"Point","coordinates":[-122.414418500002,37.7745194000009]},"properties":{"name1":"City and County of San Francisco","name2":"OBIC","street1":"1380 Howard Street","city":"San Francisco","county":"San Francisco","zip":94103,"phone":"628-754-9200","website":"http://www.dsaam.org/obic","type_facility":"SU","sa":1,"dt":1,"otp":null,"res":null,"op":1,"hi":null}},{"type":"Feature","geometry":{"type":"Point","coordinates":[-122.416301300002,37.7822200000009]},"properties":{"name1":"Addiction Research and Treatment Inc","name2":"(ART)","street1":"433 Turk Street","city":"San Francisco","county":"San Francisco","zip":94102,"phone":"415-928-7800 x2150","website":"http://baartprograms.com","type_facility":"SU","sa":1,"dt":null,"otp":1,"res":null,"op":1,"hi":null}},{"type":"Feature","geometry":{"type":"Point","coordinates":[-122.418101000002,37.7730645000008]},"properties":{"name1":"HealthRIGHT 360","name2":"Outpatient Program","street1":"1563 Mission Street","city":"San Francisco","county":"San Francisco","zip":94103,"phone":"415-762-3700","website":"http://www.healthright360.org/","type_facility":"SU","sa":1,"dt":null,"otp":null,"res":null,"op":1,"hi":null}},{"type":"Feature","geometry":{"type":"Point","coordinates":[-122.415300000002,37.7496000000009]},"properties":{"name1":"HealthRIGHT 360","name2":"Womens Hope","street1":"- - -","city":"San Francisco","county":"San Francisco","zip":94110,"phone":"415-748-7270","website":"http://www.healthright360.org","type_facility":"SU","sa":1,"dt":null,"otp":null,"res":1,"op":null,"hi":null}},{"type":"Feature","geometry":{"type":"Point","coordinates":[-122.419816300002,37.7694225000009]},"properties":{"name1":"HealthRIGHT 360","name2":"Lee Woodward Counseling Center","street1":"1735 Mission Street","city":"San Francisco","county":"San Francisco","zip":94103,"phone":"415-776-1001","website":"http://www.healthright360.org/program/lee-woodward-counseling-center-lwcc","type_facility":"SU","sa":1,"dt":null,"otp":null,"res":null,"op":1,"hi":null}},{"type":"Feature","geometry":{"type":"Point","coordinates":[-122.418865500002,37.7640751000009]},"properties":{"name1":"Mission Council on Alcohol Abuse for","name2":"The Spanish Speaking","street1":"154 A Capp Street","city":"San Francisco","county":"San Francisco","zip":94110,"phone":"415-826-6767","website":"http://www.missioncouncil.org","type_facility":"SU","sa":1,"dt":null,"otp":null,"res":null,"op":1,"hi":null}},{"type":"Feature","geometry":{"type":"Point","coordinates":[-122.418865500002,37.7640751000009]},"properties":{"name1":"Mission Council Family Day Treatment","name2":null,"street1":"154 A Capp Street","city":"San Francisco","county":"San Francisco","zip":94110,"phone":"415-864-0554","website":"http://www.missioncouncil.org","type_facility":"SU","sa":1,"dt":null,"otp":null,"res":null,"op":1,"hi":null}},{"type":"Feature","geometry":{"type":"Point","coordinates":[-122.416862200002,37.7488723000009]},"properties":{"name1":"Fort Help Mission","name2":null,"street1":"1101 Capp Street","city":"San Francisco","county":"San Francisco","zip":94110,"phone":"415-821-1427","website":"http://www.americanhealthservices.org","type_facility":"SU","sa":1,"dt":1,"otp":1,"res":null,"op":1,"hi":null}},{"type":"Feature","geometry":{"type":"Point","coordinates":[-122.421375100002,37.7673672000008]},"properties":{"name1":"Friendship House","name2":"Association of American Indians","street1":"56 Julian Avenue","city":"San Francisco","county":"San Francisco","zip":94103,"phone":"415-865-0964","website":"http://www.friendshiphousesf.org","type_facility":"SU","sa":1,"dt":null,"otp":null,"res":1,"op":null,"hi":null}},{"type":"Feature","geometry":{"type":"Point","coordinates":[-122.425689800002,37.7704954000009]},"properties":{"name1":"University of California San Francisco","name2":"Alliance Health Project","street1":"1930 Market Street","city":"San Francisco","county":"San Francisco","zip":94102,"phone":"415-476-3902","website":"http://alliancehealthproject.ucsf.edu","type_facility":"SU","sa":1,"dt":null,"otp":null,"res":null,"op":1,"hi":1}},{"type":"Feature","geometry":{"type":"Point","coordinates":[-122.433054900002,37.7748675000008]},"properties":{"name1":"Ohlhoff Recovery Programs","name2":"Henry Ohlhoff House","street1":"601 Steiner Street","city":"San Francisco","county":"San Francisco","zip":94117,"phone":"415-621-4388 x227","website":"http://www.ohlhoff.org","type_facility":"SU","sa":1,"dt":null,"otp":null,"res":1,"op":null,"hi":null}},{"type":"Feature","geometry":{"type":"Point","coordinates":[-122.433054900002,37.7748675000008]},"properties":{"name1":"Ohlhoff Recovery Programs","name2":"Skip Byron Primary","street1":"601 Steiner Street","city":"San Francisco","county":"San Francisco","zip":94117,"phone":"415-621-4388 x210","website":"http://www.ohlhoff.org","type_facility":"SU","sa":1,"dt":1,"otp":null,"res":1,"op":null,"hi":null}},{"type":"Feature","geometry":{"type":"Point","coordinates":[-122.404561100002,37.6254799000009]},"properties":{"name1":"Latino Commission on Alc/DA Services","name2":"Casa Maria","street1":"508 7th Avenue","city":"San Bruno","county":"San Mateo","zip":94066,"phone":"650-922-5131","website":"http://www.thelatinocommission.org","type_facility":"SU","sa":1,"dt":null,"otp":null,"res":1,"op":null,"hi":null}},{"type":"Feature","geometry":{"type":"Point","coordinates":[-122.435202900002,37.7613551000009]},"properties":{"name1":"San Francisco AIDS Foundation","name2":"Stonewall Project Castro SA","street1":"470 Castro Street","city":"San Francisco","county":"San Francisco","zip":94114,"phone":"415-437-3400","website":"http://www.stonewallsf.org","type_facility":"SU","sa":1,"dt":null,"otp":null,"res":null,"op":1,"hi":null}},{"type":"Feature","geometry":{"type":"Point","coordinates":[-122.619664600002,38.9339216000009]},"properties":{"name1":"Lake County Behavioral Health Services","name2":"Clearlake Clinic","street1":"7000-B South Center Drive","city":"Clearlake","county":"Lake","zip":95422,"phone":"707-994-7090","website":"http://lcbh.lakecountyca.gov/","type_facility":"SU","sa":1,"dt":null,"otp":null,"res":null,"op":1,"hi":null}},{"type":"Feature","geometry":{"type":"Point","coordinates":[-122.549418000002,38.3768111000009]},"properties":{"name1":"Mountain Vista Farm","name2":null,"street1":"3020 Warm Springs Road","city":"Glen Ellen","county":"Sonoma","zip":95442,"phone":"707-996-6716","website":"http://www.mountainvistafarm.com","type_facility":"SU","sa":1,"dt":1,"otp":null,"res":1,"op":null,"hi":null}},{"type":"Feature","geometry":{"type":"Point","coordinates":[-122.415711800002,37.6565920000009]},"properties":{"name1":"Sitike Counseling Center","name2":null,"street1":"306 Spruce Avenue","city":"South San Francisco","county":"San Mateo","zip":94080,"phone":"650-589-9305","website":"http://www.sitike.org","type_facility":"SU","sa":1,"dt":null,"otp":null,"res":null,"op":1,"hi":null}},{"type":"Feature","geometry":{"type":"Point","coordinates":[-122.444000000002,37.7706000000009]},"properties":{"name1":"HealthRIGHT 360","name2":"Mens Residential Program","street1":"- - -","city":"San Francisco","county":"San Francisco","zip":94117,"phone":"415-420-0720","website":"http://www.healthright360.org","type_facility":"SU","sa":1,"dt":null,"otp":null,"res":1,"op":null,"hi":null}},{"type":"Feature","geometry":{"type":"Point","coordinates":[-122.447121900002,37.7806615000009]},"properties":{"name1":"Epiphany Residential","name2":null,"street1":"100 Masonic Avenue","city":"San Francisco","county":"San Francisco","zip":94118,"phone":"415-567-8370","website":"http://www.theepiphanycenter.org","type_facility":"SU","sa":1,"dt":null,"otp":null,"res":1,"op":null,"hi":null}},{"type":"Feature","geometry":{"type":"Point","coordinates":[-122.449687400002,37.7736939000009]},"properties":{"name1":"HealthRIGHT 360","name2":"AARS Project ADAPT","street1":"2020 Hayes Street","city":"San Francisco","county":"San Francisco","zip":94117,"phone":"415-750-5125","website":"http://www.healthright360.org/program/asian-drug-and-alcohol-prevention-and-treatment-adapt","type_facility":"SU","sa":1,"dt":null,"otp":null,"res":null,"op":1,"hi":null}},{"type":"Feature","geometry":{"type":"Point","coordinates":[-122.497270100002,37.9806245000009]},"properties":{"name1":"Newport Institute","name2":null,"street1":"285 Margarita Drive","city":"San Rafael","county":"Marin","zip":94901,"phone":"855-272-7451","website":"http://www.newportinstitute.com","type_facility":"SU","sa":1,"dt":null,"otp":null,"res":1,"op":1,"hi":null}},{"type":"Feature","geometry":{"type":"Point","coordinates":[-122.445949700002,37.7090701000009]},"properties":{"name1":"Casa Quetzal","name2":null,"street1":"635 Brunswick Street","city":"San Francisco","county":"San Francisco","zip":94112,"phone":"415-337-4065","website":"http://www.thelatinocommission.org","type_facility":"SU","sa":1,"dt":null,"otp":null,"res":1,"op":null,"hi":null}},{"type":"Feature","geometry":{"type":"Point","coordinates":[-122.438010400002,37.6604030000008]},"properties":{"name1":"HealthRIGHT 360","name2":"AARS ODASA","street1":"1115 Mission Road","city":"South San Francisco","county":"San Mateo","zip":94080,"phone":"415-337-0140","website":"http://www.healthright360.org","type_facility":"SU","sa":1,"dt":null,"otp":null,"res":null,"op":1,"hi":null}},{"type":"Feature","geometry":{"type":"Point","coordinates":[-122.505200000002,37.9769000000009]},"properties":{"name1":"Center Point Inc","name2":"Residential Women and Children","street1":"- - -","city":"San Rafael","county":"Marin","zip":94901,"phone":"415-492-4444","website":"http://www.cpinc.org","type_facility":"SU","sa":1,"dt":1,"otp":null,"res":1,"op":null,"hi":null}},{"type":"Feature","geometry":{"type":"Point","coordinates":[-122.481706400002,37.8558390000009]},"properties":{"name1":"Alta Mira Recovery Center LLC","name2":null,"street1":"125 Bulkley Avenue","city":"Sausalito","county":"Marin","zip":94965,"phone":"877-798-2377","website":"http://www.altamirarecovery.com","type_facility":"SU","sa":1,"dt":1,"otp":null,"res":1,"op":null,"hi":null}},{"type":"Feature","geometry":{"type":"Point","coordinates":[-122.467995600002,37.7637366000009]},"properties":{"name1":"Ohlhoff Recovery Programs","name2":"San Francisco Outpatient Program","street1":"927 Irving Street","city":"San Francisco","county":"San Francisco","zip":94122,"phone":"415-626-0170 x307","website":"http://www.ohlhoff.org","type_facility":"SU","sa":1,"dt":null,"otp":null,"res":null,"op":1,"hi":null}},{"type":"Feature","geometry":{"type":"Point","coordinates":[-122.521855800002,37.9801687000008]},"properties":{"name1":"Marin Treatment Center","name2":"Outpatient Services","street1":"1466 Lincoln Avenue","city":"San Rafael","county":"Marin","zip":94901,"phone":"415-457-3755","website":"http://www.mtcinc.org","type_facility":"SU","sa":1,"dt":null,"otp":1,"res":null,"op":1,"hi":null}},{"type":"Feature","geometry":{"type":"Point","coordinates":[-122.671930400002,39.0262841000008]},"properties":{"name1":"Hilltop Recovery Services","name2":"Residential Treatment for Men","street1":"P.O. Box 366","city":"Clearlake Oaks","county":"Lake","zip":95423,"phone":"707-998-1800","website":"http://www.hilltoprecovery.net","type_facility":"SU","sa":1,"dt":null,"otp":null,"res":1,"op":null,"hi":null}},{"type":"Feature","geometry":{"type":"Point","coordinates":[-122.523376500002,37.9736045000009]},"properties":{"name1":"Newport Academy","name2":null,"street1":"1104 Lincoln Avenue","city":"San Rafael","county":"Marin","zip":94901,"phone":"877-820-6371","website":"http://www.newportacademy.com","type_facility":"SU","sa":1,"dt":null,"otp":null,"res":1,"op":1,"hi":null}},{"type":"Feature","geometry":{"type":"Point","coordinates":[-122.523268400002,37.9727939000009]},"properties":{"name1":"Bayside Marin Treatment Center","name2":"Outpatient/Inpatient","street1":"718 4th Street","city":"San Rafael","county":"Marin","zip":94901,"phone":"415-721-2000","website":"http://www.baysidemarin.com","type_facility":"SU","sa":1,"dt":1,"otp":null,"res":1,"op":1,"hi":null}},{"type":"Feature","geometry":{"type":"Point","coordinates":[-122.529603000002,37.9949631000009]},"properties":{"name1":"County of Marin","name2":"Road to Recovery","street1":"10 North San Pedro Road","city":"San Rafael","county":"Marin","zip":94903,"phone":"415-473-2555","website":"http://www.MarinBHRS.org","type_facility":"SU","sa":1,"dt":null,"otp":null,"res":null,"op":1,"hi":null}},{"type":"Feature","geometry":{"type":"Point","coordinates":[-122.466736300002,37.6668669000009]},"properties":{"name1":"StarVista","name2":"Insights Adolescent Counseling Program","street1":"333 Gellert Boulevard","city":"Daly City","county":"San Mateo","zip":94015,"phone":"650-366-8436","website":"http://www.star-vista.org","type_facility":"SU","sa":1,"dt":null,"otp":null,"res":null,"op":1,"hi":null}},{"type":"Feature","geometry":{"type":"Point","coordinates":[-122.559000000002,38.1262000000008]},"properties":{"name1":"Living at Reflections LLC","name2":"Residential Program","street1":"- - -","city":"Novato","county":"Marin","zip":94945,"phone":"707-775-1885","website":"http://www.livingatreflections.com","type_facility":"SU","sa":1,"dt":null,"otp":null,"res":1,"op":null,"hi":null}},{"type":"Feature","geometry":{"type":"Point","coordinates":[-122.559000000002,38.1262000000008]},"properties":{"name1":"Reflections Detox Facility","name2":null,"street1":"- - -","city":"Novato","county":"Marin","zip":94945,"phone":"628-587-2242","website":"http://www.livingatreflections.com","type_facility":"SU","sa":1,"dt":1,"otp":null,"res":1,"op":null,"hi":null}},{"type":"Feature","geometry":{"type":"Point","coordinates":[-122.532704800002,37.9703366000008]},"properties":{"name1":"Center Point Inc","name2":"The Manor Mens Residential Program","street1":"603 D Street","city":"San Rafael","county":"Marin","zip":94901,"phone":"415-492-4444","website":"http://www.cpinc.org","type_facility":"SU","sa":1,"dt":1,"otp":null,"res":1,"op":null,"hi":null}},{"type":"Feature","geometry":{"type":"Point","coordinates":[-122.536289700002,37.9720604000008]},"properties":{"name1":"Center Point","name2":"Multi Services Center","street1":"1601 2nd Street","city":"San Rafael","county":"Marin","zip":94901,"phone":"415-456-6655","website":"http://www.cpinc.org","type_facility":"SU","sa":1,"dt":null,"otp":null,"res":null,"op":1,"hi":null}},{"type":"Feature","geometry":{"type":"Point","coordinates":[-122.547000000002,38.0232000000008]},"properties":{"name1":"Helen Vine Recovery Center","name2":null,"street1":"- - -","city":"San Rafael","county":"Marin","zip":94903,"phone":"415-492-0818 x454","website":"http://www.buckelew.org","type_facility":"SU","sa":1,"dt":1,"otp":null,"res":1,"op":null,"hi":null}},{"type":"Feature","geometry":{"type":"Point","coordinates":[-122.503282700002,37.7836681000009]},"properties":{"name1":"Veterans Affairs Medical Center","name2":"Addiction Recovery Treatment Services","street1":"4150 Clement Street","city":"San Francisco","county":"San Francisco","zip":94121,"phone":"415-221-4810 x24362","website":"https://www.va.gov/san-francisco-health-care/health-services/","type_facility":"SU","sa":1,"dt":1,"otp":1,"res":null,"op":1,"hi":null}},{"type":"Feature","geometry":{"type":"Point","coordinates":[-122.583483100002,38.1216951000009]},"properties":{"name1":"Avery Lane for Women","name2":null,"street1":"505 A San Marin Drive","city":"Novato","county":"Marin","zip":94945,"phone":"415-895-5360 x101","website":"http://www.averylaneforwomen.com","type_facility":"SU","sa":1,"dt":1,"otp":null,"res":1,"op":1,"hi":null}},{"type":"Feature","geometry":{"type":"Point","coordinates":[-122.491898500002,37.6498705000009]},"properties":{"name1":"StarVista","name2":null,"street1":"480 Manor Plaza","city":"Pacifica","county":"San Mateo","zip":94044,"phone":"650-591-9623","website":"http://www.star-vista.org","type_facility":"SU","sa":1,"dt":null,"otp":null,"res":null,"op":1,"hi":null}},{"type":"Feature","geometry":{"type":"Point","coordinates":[-122.581150200002,38.0291036000008]},"properties":{"name1":"Newport Academy","name2":null,"street1":"1605 Lucas Valley Road","city":"San Rafael","county":"Marin","zip":94903,"phone":"877-820-6371","website":"http://www.newportacademy.com","type_facility":"SU","sa":1,"dt":null,"otp":null,"res":1,"op":1,"hi":null}},{"type":"Feature","geometry":{"type":"Point","coordinates":[-122.642718900002,41.7177602000008]},"properties":{"name1":"Karuk Tribe Health and Human Services","name2":null,"street1":"1515 South Oregon Street","city":"Yreka","county":"Siskiyou","zip":96097,"phone":"530-841-3141","website":"http://www.karuk.us","type_facility":"SU","sa":1,"dt":null,"otp":null,"res":null,"op":1,"hi":null}},{"type":"Feature","geometry":{"type":"Point","coordinates":[-122.647283000002,41.7050502000008]},"properties":{"name1":"Siskiyou County HHSA","name2":"Behavioral Health Division","street1":"2060 Campus Drive","city":"Yreka","county":"Siskiyou","zip":96097,"phone":"530-841-4100","website":"http://www.co.siskiyou.ca.us/behavioralhealth","type_facility":"SU","sa":1,"dt":null,"otp":null,"res":null,"op":1,"hi":null}},{"type":"Feature","geometry":{"type":"Point","coordinates":[-122.669295900002,38.2433134000008]},"properties":{"name1":"Muir Wood Adolescent and Family Servs","name2":null,"street1":"900 Lohrman Lane","city":"Petaluma","county":"Sonoma","zip":94952,"phone":"707-800-5286","website":"http://www.MuirWoodTeen.com","type_facility":"SU","sa":1,"dt":1,"otp":null,"res":1,"op":null,"hi":null}},{"type":"Feature","geometry":{"type":"Point","coordinates":[-122.676791300002,38.2549572000008]},"properties":{"name1":"Muir Wood Adolescent and Family Servs","name2":null,"street1":"1733 Skillman Lane","city":"Petaluma","county":"Sonoma","zip":94952,"phone":"310-903-1155","website":"http://muirwoodteen.com","type_facility":"SU","sa":1,"dt":1,"otp":null,"res":1,"op":null,"hi":null}},{"type":"Feature","geometry":{"type":"Point","coordinates":[-122.708508500002,38.4377553000009]},"properties":{"name1":"Womens Recovery Services","name2":"A Unique Place","street1":"98 Hendley Street","city":"Santa Rosa","county":"Sonoma","zip":95404,"phone":"707-527-0412 x102","website":"http://www.womensrecoveryservices.org","type_facility":"SU","sa":1,"dt":null,"otp":null,"res":1,"op":null,"hi":null}},{"type":"Feature","geometry":{"type":"Point","coordinates":[-122.791935300002,39.0862057000008]},"properties":{"name1":"Hilltop Recovery Services","name2":"Intensive Outpatient Program","street1":"6316 East Highway 20","city":"Lucerne","county":"Lake","zip":95458,"phone":"707-274-5610","website":"http://www.hilltoprecovery.net","type_facility":"SU","sa":1,"dt":null,"otp":null,"res":null,"op":1,"hi":null}},{"type":"Feature","geometry":{"type":"Point","coordinates":[-122.792881000002,39.0879780000008]},"properties":{"name1":"Lake County Behavioral Health Services","name2":"Lucerne Clinic","street1":"6302 13th Avenue","city":"Lucerne","county":"Lake","zip":95458,"phone":"707-274-9101","website":"http://www.lakecountyca.gov","type_facility":"SU","sa":1,"dt":null,"otp":null,"res":null,"op":1,"hi":null}},{"type":"Feature","geometry":{"type":"Point","coordinates":[-122.724540900002,38.4636793000008]},"properties":{"name1":"Drug Abuse Alternatives Center (DAAC)","name2":"Outpatient Services","street1":"2403 Professional Drive","city":"Santa Rosa","county":"Sonoma","zip":95403,"phone":"707-544-3295","website":"http://www.cpdaac.org","type_facility":"SU","sa":1,"dt":null,"otp":null,"res":null,"op":1,"hi":null}},{"type":"Feature","geometry":{"type":"Point","coordinates":[-122.724402000002,38.4604613000009]},"properties":{"name1":"Santa Rosa Treatment Program Inc","name2":null,"street1":"625 Steele Lane","city":"Santa Rosa","county":"Sonoma","zip":95403,"phone":"707-576-0818 x1019","website":"http://www.srtp.net","type_facility":"SU","sa":1,"dt":null,"otp":1,"res":null,"op":1,"hi":null}},{"type":"Feature","geometry":{"type":"Point","coordinates":[-122.725504800002,38.4634636000008]},"properties":{"name1":"Drug Abuse Alternatives Center (DAAC)","name2":"Perinatal Day Treatment","street1":"2400 County Center Drive","city":"Santa Rosa","county":"Sonoma","zip":95403,"phone":"707-566-0170","website":"http://www.daacinfo.org","type_facility":"SU","sa":1,"dt":null,"otp":null,"res":null,"op":1,"hi":null}},{"type":"Feature","geometry":{"type":"Point","coordinates":[-122.725504800002,38.4634636000008]},"properties":{"name1":"Drug Abuse Alternatives Center (DAAC)","name2":"Drug Court","street1":"2400 County Center Drive","city":"Santa Rosa","county":"Sonoma","zip":95403,"phone":"707-566-0170","website":"http://www.daacinfo.org","type_facility":"SU","sa":1,"dt":null,"otp":null,"res":null,"op":1,"hi":null}},{"type":"Feature","geometry":{"type":"Point","coordinates":[-122.655951500002,38.0100505000008]},"properties":{"name1":"Newport Academy","name2":null,"street1":"16 Meadow View Lane","city":"San Geronimo","county":"Marin","zip":94963,"phone":"877-820-6371","website":"http://www.newportacademy.com","type_facility":"SU","sa":1,"dt":null,"otp":null,"res":1,"op":1,"hi":null}},{"type":"Feature","geometry":{"type":"Point","coordinates":[-122.692610600002,38.0177772000009]},"properties":{"name1":"Serenity Knolls Treatment Center","name2":"Chemical Dependency Recovery Program","street1":"145 Tamal Road","city":"Forest Knolls","county":"Marin","zip":94933,"phone":"415-488-0400","website":"http://www.serenityknolls.com","type_facility":"SU","sa":1,"dt":1,"otp":null,"res":1,"op":null,"hi":null}},{"type":"Feature","geometry":{"type":"Point","coordinates":[-122.903151000002,39.1640927000008]},"properties":{"name1":"Redwood Community Services Inc","name2":"HOME Tule House","street1":"675 1st Street","city":"Upper Lake","county":"Lake","zip":95485,"phone":"707-467-2010","website":"http://www.redwoodcommunityservices.org","type_facility":"SU","sa":1,"dt":null,"otp":null,"res":1,"op":null,"hi":null}},{"type":"Feature","geometry":{"type":"Point","coordinates":[-122.930387500002,40.7232170000008]},"properties":{"name1":"Trinity County Behavioral Health","name2":null,"street1":"1450 Main Street","city":"Weaverville","county":"Trinity","zip":96093,"phone":"530-623-1362","website":"http://www.trinitycounty.org","type_facility":"SU","sa":1,"dt":null,"otp":null,"res":null,"op":1,"hi":null}},{"type":"Feature","geometry":{"type":"Point","coordinates":[-122.848048400002,38.3043114000008]},"properties":{"name1":"Sonoma Recovery Services LLC","name2":"Olympia House","street1":"11207 Valley Ford Road","city":"Petaluma","county":"Sonoma","zip":94952,"phone":"707-795-7609","website":"http://olympiahouserehab.com","type_facility":"SU","sa":1,"dt":1,"otp":null,"res":1,"op":1,"hi":null}},{"type":"Feature","geometry":{"type":"Point","coordinates":[-122.976574400002,41.5994685000007]},"properties":{"name1":"Quartz Valley Indian Reservation","name2":"Anav Tribal Health Clinic","street1":"9024 Sniktaw Lane","city":"Fort Jones","county":"Siskiyou","zip":96032,"phone":"530-468-4470 x308","website":"http://qvir.com","type_facility":"SU","sa":1,"dt":1,"otp":null,"res":null,"op":1,"hi":null}},{"type":"Feature","geometry":{"type":"Point","coordinates":[-123.194492600002,40.5503634000007]},"properties":{"name1":"Trinity County Behavioral Health Servs","name2":"Alcohol and Other Drug Services","street1":"154-B Tule Creek Road","city":"Hayfork","county":"Trinity","zip":96041,"phone":"530-628-4111","website":"http://www.trinitycounty.org","type_facility":"SU","sa":1,"dt":null,"otp":null,"res":null,"op":1,"hi":null}},{"type":"Feature","geometry":{"type":"Point","coordinates":[-123.205473700002,39.1586264000008]},"properties":{"name1":"Ford Street Project","name2":"Ukiah Recovery Center","street1":"201 Brush Street","city":"Ukiah","county":"Mendocino","zip":95482,"phone":"707-462-6290","website":"http://fordstreet.org","type_facility":"SU","sa":1,"dt":1,"otp":null,"res":1,"op":null,"hi":null}},{"type":"Feature","geometry":{"type":"Point","coordinates":[-123.205647700002,39.1511997000008]},"properties":{"name1":"New Life Health Authority","name2":null,"street1":"280 East Standley Street","city":"Ukiah","county":"Mendocino","zip":95482,"phone":"707-466-0001","website":"https://www.newlife.health","type_facility":"SU","sa":1,"dt":1,"otp":1,"res":null,"op":1,"hi":null}},{"type":"Feature","geometry":{"type":"Point","coordinates":[-123.206234200002,39.1567196000008]},"properties":{"name1":"Ford Street Project","name2":"Outpatient","street1":"139 Ford Street","city":"Ukiah","county":"Mendocino","zip":95482,"phone":"707-462-1934","website":"http://fordstreet.org","type_facility":"SU","sa":1,"dt":null,"otp":null,"res":null,"op":1,"hi":null}},{"type":"Feature","geometry":{"type":"Point","coordinates":[-123.209680500002,39.1580279000008]},"properties":{"name1":"Redwood Community Services Inc","name2":"Arbor Outpatient Drug Free Clinic","street1":"140 Gibson Street","city":"Ukiah","county":"Mendocino","zip":95482,"phone":"707-468-5136","website":"http://redwoodcommunityservices.org","type_facility":"SU","sa":1,"dt":null,"otp":null,"res":null,"op":1,"hi":null}},{"type":"Feature","geometry":{"type":"Point","coordinates":[-123.210617400002,39.1361335000008]},"properties":{"name1":"Mendocino County","name2":"Substance Use Disorders Treatment","street1":"1120 South Dora Street","city":"Ukiah","county":"Mendocino","zip":95482,"phone":"707-472-2637","website":"https://www.mendocinocounty.gov/bhrs","type_facility":"SU","sa":1,"dt":null,"otp":null,"res":null,"op":1,"hi":null}},{"type":"Feature","geometry":{"type":"Point","coordinates":[-123.352871900002,39.4121573000008]},"properties":{"name1":"County of Mendocino","name2":"Substance Use Disorders Treatment","street1":"125 East Commercial Street","city":"Willits","county":"Mendocino","zip":95490,"phone":"707-472-2637","website":"http://www.mendocinocounty.gov/bhrs","type_facility":"SU","sa":1,"dt":null,"otp":null,"res":null,"op":1,"hi":null}},{"type":"Feature","geometry":{"type":"Point","coordinates":[-123.375601100002,41.7927202000007]},"properties":{"name1":"Karuk Tribe Health and Human Services","name2":"Substance Use Disorder Program","street1":"64105 Hillside Road","city":"Happy Camp","county":"Siskiyou","zip":96039,"phone":"530-493-1450","website":"http://www.karuk.us","type_facility":"SU","sa":1,"dt":null,"otp":null,"res":null,"op":1,"hi":null}},{"type":"Feature","geometry":{"type":"Point","coordinates":[-123.803943700002,39.4305158000008]},"properties":{"name1":"Mendocino County","name2":"Substance Use Disorders Treatment","street1":"790 South Franklin Street","city":"Fort Bragg","county":"Mendocino","zip":95437,"phone":"707-961-2665","website":"http://www.mendocinocounty.gov/bhrs","type_facility":"SU","sa":1,"dt":null,"otp":null,"res":null,"op":1,"hi":null}},{"type":"Feature","geometry":{"type":"Point","coordinates":[-124.085373300001,40.8966266000007]},"properties":{"name1":"United Indian Health Services","name2":"Behavioral Health","street1":"1600 Weeot Way","city":"Arcata","county":"Humboldt","zip":95521,"phone":"707-825-5000","website":"http://www.uihs.org","type_facility":"SU","sa":1,"dt":1,"otp":null,"res":null,"op":1,"hi":null}},{"type":"Feature","geometry":{"type":"Point","coordinates":[-124.145662900001,40.8065908000007]},"properties":{"name1":"Alcohol/Drug Care Services Inc","name2":"Waterfront Recovery Services","street1":"2413 2nd Street","city":"Eureka","county":"Humboldt","zip":95501,"phone":"707-269-9590","website":"http://www.waterfrontrecovery.org","type_facility":"SU","sa":1,"dt":1,"otp":null,"res":1,"op":null,"hi":null}},{"type":"Feature","geometry":{"type":"Point","coordinates":[-124.146713000001,40.7989287000007]},"properties":{"name1":"North Coast Substance Abuse Council","name2":"Crossroads","street1":"1205 Myrtle Avenue","city":"Eureka","county":"Humboldt","zip":95501,"phone":"707-445-0869","website":"http://www.ncsaccrossroads.org","type_facility":"SU","sa":1,"dt":null,"otp":null,"res":1,"op":null,"hi":null}},{"type":"Feature","geometry":{"type":"Point","coordinates":[-124.148951900002,40.8075386000007]},"properties":{"name1":"Aegis Treatment Centers LLC","name2":null,"street1":"2107 1st Street","city":"Eureka","county":"Humboldt","zip":95501,"phone":"707-273-6395","website":"http://","type_facility":"SU","sa":1,"dt":null,"otp":1,"res":null,"op":1,"hi":null}},{"type":"Feature","geometry":{"type":"Point","coordinates":[-124.155986600001,40.7984828000007]},"properties":{"name1":"Humboldt Recovery Center Inc","name2":null,"street1":"1303 11th Street","city":"Eureka","county":"Humboldt","zip":95501,"phone":"707-443-4237","website":"http://www.humboldtrecoverycenter.org","type_facility":"SU","sa":1,"dt":null,"otp":null,"res":1,"op":null,"hi":null}},{"type":"Feature","geometry":{"type":"Point","coordinates":[-124.156407400001,40.7984518000007]},"properties":{"name1":"Humboldt Recovery Center Inc","name2":null,"street1":"1024 North Street","city":"Eureka","county":"Humboldt","zip":95501,"phone":"707-443-4237","website":"http://www.humboldtrecoverycenter.org","type_facility":"SU","sa":1,"dt":null,"otp":null,"res":1,"op":null,"hi":null}},{"type":"Feature","geometry":{"type":"Point","coordinates":[-124.156593400001,40.7992023000007]},"properties":{"name1":"Humboldt Recovery Center Inc","name2":null,"street1":"944 N Street","city":"Eureka","county":"Humboldt","zip":95501,"phone":"707-443-4237","website":"http://www.humboldtrecoverycenter.org","type_facility":"SU","sa":1,"dt":null,"otp":null,"res":1,"op":null,"hi":null}},{"type":"Feature","geometry":{"type":"Point","coordinates":[-124.156815700002,40.7991944000007]},"properties":{"name1":"Humboldt Recovery Center Inc","name2":null,"street1":"1219 10th Street","city":"Eureka","county":"Humboldt","zip":95501,"phone":"707-443-4237","website":"http://www.humboldtrecoverycenter.org","type_facility":"SU","sa":1,"dt":null,"otp":null,"res":1,"op":null,"hi":null}},{"type":"Feature","geometry":{"type":"Point","coordinates":[-124.158191300001,40.7995190000007]},"properties":{"name1":"Humboldt Recovery Center Inc","name2":null,"street1":"1116 and 1120 9th Street","city":"Eureka","county":"Humboldt","zip":95501,"phone":"707-443-4237","website":"http://www.humboldtrecoverycenter.org","type_facility":"SU","sa":1,"dt":null,"otp":null,"res":1,"op":null,"hi":null}},{"type":"Feature","geometry":{"type":"Point","coordinates":[-124.158370100001,40.7994590000007]},"properties":{"name1":"Humboldt Recovery Center Inc","name2":null,"street1":"905 L Street","city":"Eureka","county":"Humboldt","zip":95501,"phone":"707-443-4237","website":"http://www.humboldtrecoverycenter.org","type_facility":"SU","sa":1,"dt":null,"otp":null,"res":1,"op":null,"hi":null}},{"type":"Feature","geometry":{"type":"Point","coordinates":[-124.161650400001,40.7818214000007]},"properties":{"name1":"County of Humboldt DHHS BH","name2":"Healthy Moms Program","street1":"2910 H Street","city":"Eureka","county":"Humboldt","zip":95501,"phone":"707-441-5220","website":"http://www.humboldtgov.org/417/Healthy-Moms-Program","type_facility":"SU","sa":1,"dt":null,"otp":null,"res":null,"op":1,"hi":null}},{"type":"Feature","geometry":{"type":"Point","coordinates":[-124.168904700002,40.8042837000007]},"properties":{"name1":"County of Humboldt DHHS BH","name2":"Adolescent Treatment Program","street1":"134 D Street","city":"Eureka","county":"Humboldt","zip":95501,"phone":"707-441-3773","website":"http://humboldtgov.org/416/Adolescent-Treatment-Program","type_facility":"SU","sa":1,"dt":null,"otp":null,"res":null,"op":1,"hi":null}},{"type":"Feature","geometry":{"type":"Point","coordinates":[-124.168968300001,40.8042092000007]},"properties":{"name1":"County of Humboldt DHHS BH","name2":"Humboldt County Programs for Recovery","street1":"231 2nd Street","city":"Eureka","county":"Humboldt","zip":95501,"phone":"707-476-4054","website":"https://humboldtgov.org/3369/Humboldt-County-Programs-for-Recovery","type_facility":"SU","sa":1,"dt":null,"otp":null,"res":null,"op":1,"hi":null}},{"type":"Feature","geometry":{"type":"Point","coordinates":[-124.159055400001,41.7619658000007]},"properties":{"name1":"United Indian Health Services","name2":"Behavioral Health","street1":"2298 Norris Avenue","city":"Crescent City","county":"Del Norte","zip":95531,"phone":"707-464-2919","website":"http://www.unitedindianhealthservices.org","type_facility":"SU","sa":1,"dt":null,"otp":null,"res":null,"op":1,"hi":null}},{"type":"Feature","geometry":{"type":"Point","coordinates":[-124.198938600001,41.7521922000006]},"properties":{"name1":"HASP DUI Program","name2":null,"street1":"349 G Street","city":"Crescent City","county":"Del Norte","zip":95531,"phone":"707-464-7849","website":"http://","type_facility":"SU","sa":1,"dt":null,"otp":null,"res":null,"op":1,"hi":null}}]}