{"type":"FeatureCollection","crs":{"type":"name","properties":{"name":"EPSG:4326"}},"features":[{"type":"Feature","geometry":{"type":"Point","coordinates":[-122.267575908,37.781257028]},"properties":{"USER_name1":"Felton Institute","USER_name2":"OAST reMIND BEAM","USER_street1":"1005 Atlantic Avenue","USER_city":"Alameda","USER_state":"CA","USER_zip":"94501","USER_phone":"510-844-8244","USER_service_code_info":"MH SUMH * OP * CMHC * HALOP PERPH ARIPI CLOZA OLANZ PALIP QUETI RISPE ANTPYCH * AT CBT CFT DBT GT IPT TELE AIM * CIT WI * PVTN * CMHG MC MD SMHA * SE PEFP * STU * HS PEER * SMON * CHLD YAD ADLT SNR * SP * VAPN * FPSY ICM PRS SEMP VRS CM SPS"}},{"type":"Feature","geometry":{"type":"Point","coordinates":[-117.897182619,33.8392799690001]},"properties":{"USER_name1":"College Hospital Cerritos","USER_name2":"Anaheim PHP","USER_street1":"1488 East Lincoln Avenue","USER_city":"Anaheim","USER_state":"CA","USER_zip":"92805","USER_phone":"714-776-2500","USER_service_code_info":"SA MH SUMH * OP PHDT * PH * FLUPH HALOP ARIPI CLOZA LURAS OLANZ PALIP QUETI RISPE ZIPRA ANTPYCH * CBT CFT DBT GT IDD IPT TELE AIM * CIT * PVTP * MC MI PI SF SI * SS * TAY SE GL VET ADM MF CJ CO TRMA TBI PTSD SMI * LABT * SMPD * YAD ADLT SNR * VPPD * ACT COOT PRS CM SPS"}},{"type":"Feature","geometry":{"type":"Point","coordinates":[-118.795943492,34.1221191750001]},"properties":{"USER_name1":"BNI Treatment Centers","USER_name2":"","USER_street1":"30954 Lobo Canyon Road","USER_city":"Agoura Hills","USER_state":"CA","USER_zip":"91301","USER_phone":"866-801-0085","USER_service_code_info":"SA MH SUMH * RES * RTCC * ARIPI CLOZA LURAS OLANZ OLANZF PALIP QUETI RISPE ZIPRA NRT NSC ANTPYCH * AT CBT CFT DBT GT IDD IPT TELE AIM * CIT PEON * PVTP * PI SF * GL CO TRMA PTSD SED * STU * TBS MST LABT * PEER * TCC * SMON * CHLD * VAPN * CDM FPSY PRS CM IPC SPS ES"}},{"type":"Feature","geometry":{"type":"Point","coordinates":[-124.085213404,40.896881852]},"properties":{"USER_name1":"United Indian Health Services","USER_name2":"Behavioral Health","USER_street1":"1600 Weeot Way","USER_city":"Arcata","USER_state":"CA","USER_zip":"95521","USER_phone":"707-825-5000","USER_service_code_info":"SA MH SUMH * OP * OMH * ANTPYCH * AT CBT CFT DBT EMDR GT IDD IPT TELE * CIT PEON WI * TBG * FQHC * CMHG ITU MC MD MI PI SI * TAY SE GL VET ADM MF CO HV DV TRMA ALZ PED PEFP PTSD SED SMI * STU * MST * PEER * TCC * SMPD * CHLD YAD ADLT SNR * SP * VPPD * CDM DEC FPSY CM IPC SPS ES"}},{"type":"Feature","geometry":{"type":"Point","coordinates":[-122.456346006,38.56170102]},"properties":{"USER_name1":"Crestwood Behavioral Health Inc","USER_name2":"Crestwood Center at Napa Valley","USER_street1":"295 Pine Breeze Drive","USER_city":"Angwin","USER_state":"CA","USER_zip":"94508","USER_phone":"707-965-2461","USER_service_code_info":"MH * HI RES * RTCA * FLUPH HALOP NRT NSC ANTPYCH * AT DBT GT * PEOFF * STG * CLF MD PI SF SI SMHA * CO HV DV TRMA PTSD SMI * STU * HIVT STDT TBS MST LABT * PEER * TCC * SMON * YAD ADLT * SP * VAPN * CDM DEC LAD PRS SEMP SH VRS CM"}},{"type":"Feature","geometry":{"type":"Point","coordinates":[-117.826294088,33.8402784350001]},"properties":{"USER_name1":"Newport Academy","USER_name2":"","USER_street1":"195 South Peralta Hills Drive","USER_city":"Anaheim","USER_state":"CA","USER_zip":"92807","USER_phone":"877-820-6371","USER_service_code_info":"SA MH SUMH * OP PHDT RES * RTCC * AT CBT CFT DBT GT IDD IPT TELE * PVTP * PI SF * GL CO TRMA PTSD SED * SMON * CHLD * VAPN * DEC FPSY PRS VRS CM IPC ES"}},{"type":"Feature","geometry":{"type":"Point","coordinates":[-120.604500287,35.1209813570001]},"properties":{"USER_name1":"San Luis Obispo County Mental Health","USER_name2":"South County Adult","USER_street1":"1350 Grand Avenue","USER_city":"Arroyo Grande","USER_state":"CA","USER_zip":"93420","USER_phone":"805-474-2154","USER_service_code_info":"MH SUMH * OP * CMHC * NRT ANTPYCH * CBT CFT GT IDD IPT TELE * CIT PEOFF WI * LCCG * CMHG MC MD PI SF SMHA * PA SS * SE GL VET ADM CJ CO TRMA PTSD SMI * SMON * YAD ADLT SNR * AH SP * VAPN * ICM IMR PRS VRS CM SPS"}},{"type":"Feature","geometry":{"type":"Point","coordinates":[-120.663056249,35.492282507]},"properties":{"USER_name1":"San Luis Obispo County Mental Health","USER_name2":"North County Clinic","USER_street1":"5575 Hospital Drive","USER_city":"Atascadero","USER_state":"CA","USER_zip":"93422","USER_phone":"805-461-6060","USER_service_code_info":"MH SUMH * OP * CMHC * NRT ANTPYCH * CBT CFT DBT GT IDD IPT TELE * CIT PEOFF WI * LCCG * CMHG MD SF SMHA * PA SS * TAY SE GL ADM CO TRMA PTSD SED SMI * SMON * CHLD YAD ADLT SNR * AH SP * VAPN * FPSY ICM IMR PRS VRS CM SPS"}},{"type":"Feature","geometry":{"type":"Point","coordinates":[-121.780321794,37.9643398370001]},"properties":{"USER_name1":"Healthy Minds Counseling Center","USER_name2":"","USER_street1":"5065 Deer Valley Road","USER_city":"Antioch","USER_state":"CA","USER_zip":"94531","USER_phone":"925-663-7703","USER_service_code_info":"MH SUMH * OP * CBHC * AT CBT CFT DBT EMDR GT IDD IPT TELE * PVTP * MHC * MI OSF PI SF VAF * SS * TAY SE GL VET ADM MF CO HV DV TRMA TBI PED PEFP PTSD SED SMI * SMPD * CHLD YAD ADLT SNR * SP * VPPD * ACT CDM COOT FPSY"}},{"type":"Feature","geometry":{"type":"Point","coordinates":[-121.104849782,38.9394090650001]},"properties":{"USER_name1":"Placer County Adult System of Care","USER_name2":"","USER_street1":"11512 B Avenue","USER_city":"Auburn","USER_state":"CA","USER_zip":"95603","USER_phone":"530-889-7240","USER_service_code_info":"MH * OP * OMH * CHLOR FLUPH HALOP LOXAP PERPH ARIPI CLOZA ILOPE LURAS OLANZ OLANZF PALIP QUETI RISPE ZIPRA ANTPYCH * CBT DBT GT IPT TELE * CIT PEON PEOFF WI * LCCG * CLF CMHG CSBG MC MD OSF SCJJ SF SI SMHA SWFS * TAY SE CJ CO SMI * HS PEER * SMON * YAD ADLT SNR * AH SP FX * F70 * VAPN * ACT COOT ICM PRS SH CM"}},{"type":"Feature","geometry":{"type":"Point","coordinates":[-120.592285423,35.113664751]},"properties":{"USER_name1":"San Luis Obispo County Mental Health","USER_name2":"South County Youth","USER_street1":"354 South Halcyon Road","USER_city":"Arroyo Grande","USER_state":"CA","USER_zip":"93420","USER_phone":"805-476-7060","USER_service_code_info":"MH SUMH * OP * CMHC * NRT ANTPYCH * CBT CFT GT IDD IPT TELE * CIT PEOFF WI * LCCG * CMHG MC MD PI SF SMHA * PA SS * TAY GL TRMA SED * SMON * CHLD YAD * AH SP * VAPN * ICM IMR PRS VRS CM SPS"}},{"type":"Feature","geometry":{"type":"Point","coordinates":[-119.018728,35.3797998000001]},"properties":{"USER_name1":"California Commission on","USER_name2":"Sexual Exploitation","USER_street1":"- - -","USER_city":"Bakersfield","USER_state":"CA","USER_zip":"93301","USER_phone":"661-760-2673","USER_service_code_info":"SA MH SUMH * OP * OMH * AT CBT CRT CFT DBT GT IDD IPT TELE * PVTN * MHC * PCF SCJJ SF * PA SS * TAY SE CJ CO DV TRMA PTSD SED SMI * HS * SMON * CHLD YAD ADLT SNR * AH SP * VAPN * ACT AOT COOT DEC FPSY ICM PRS SEMP SH TPC VRS CM ES"}},{"type":"Feature","geometry":{"type":"Point","coordinates":[-119.060572329,35.3164216480001]},"properties":{"USER_name1":"Bakersfield Behavioral Healthcare","USER_name2":"Hospital LLC (BBHH)","USER_street1":"5201 White Lane","USER_city":"Bakersfield","USER_state":"CA","USER_zip":"93309","USER_phone":"661-398-1800","USER_service_code_info":"SA MH SUMH * HI OP PHDT * PSY * NSC ANTPYCH * AT CBT DBT GT TELE * PEON WI * PVTP * CLF MC MD MI PI SF SI SMHA VAF * TAY VET ADM CO TRMA PTSD SED SMI * STU * LABT * TCC * SMON * CHLD YAD ADLT SNR * VAPN * SPS"}},{"type":"Feature","geometry":{"type":"Point","coordinates":[-118.9844531,35.3239445]},"properties":{"USER_name1":"Action Family Counseling","USER_name2":"Action Drug Rehabs","USER_street1":"- - -","USER_city":"Bakersfield","USER_state":"CA","USER_zip":"93307","USER_phone":"800-367-8336","USER_service_code_info":"SA MH SUMH * PHDT RES * RTCA * CBT GT * PVTP * PI SF * GL VET MF CJ CO PTSD * PEER * SMPD * YAD ADLT SNR * VPPD * COOT CM"}},{"type":"Feature","geometry":{"type":"Point","coordinates":[-119.094839897,35.366487384]},"properties":{"USER_name1":"Aspire Behavioral Health","USER_name2":"","USER_street1":"8307 Brimhall Road","USER_city":"Bakersfield","USER_state":"CA","USER_zip":"93312","USER_phone":"888-585-7373","USER_service_code_info":"MH SUMH * OP PHDT * OMH * AT CBT CFT DBT GT IDD IPT TELE * PVTP * MC MI PI SF SI * TAY SE GL VET ADM MF CJ CO HV TRMA PTSD SED SMI * STU * TCC * SMPD * CHLD YAD ADLT SNR * VPPD * COOT FPSY CM SPS"}},{"type":"Feature","geometry":{"type":"Point","coordinates":[-118.969640545,35.383268248]},"properties":{"USER_name1":"Crisis Services","USER_name2":"Mary K Shell Building","USER_street1":"2151 College Avenue","USER_city":"Bakersfield","USER_state":"CA","USER_zip":"93305","USER_phone":"661-868-8155","USER_service_code_info":"SA MH SUMH * OP * CHLOR HALOP PERPH PIMOZ PROCH THIOT ARIPI ASENA BREXP CARIP CLOZA LURAS OLANZ PALIP QUETI RISPE ZIPRA ANTPYCH * CBT CFT DBT EMDR GT IDD IPT TELE * CIT PEON WI * LCCG * CLF CMHG CSBG MC MI OSF PCF SF SI SMHA SWFS VAF * PA * TAY SED SMI * STU * TBS * HS PEER * TCC * SMPD * CHLD YAD ADLT SNR * AH SP FX * F25 F36 F81 * VPPD * PRS CM SPS"}},{"type":"Feature","geometry":{"type":"Point","coordinates":[-118.929789997,35.3657830110001]},"properties":{"USER_name1":"Crestwood Behavioral Health Inc","USER_name2":"","USER_street1":"6700 Eucalyptus Drive","USER_city":"Bakersfield","USER_state":"CA","USER_zip":"93306","USER_phone":"661-363-8127","USER_service_code_info":"SA MH SUMH * HI RES * PSY * CHLOR FLUPH HALOP LOXAP PERPH PIMOZ PROCH THIOT THIOR TRIFL ARIPI ASENA BREXP CARIP CLOZA ILOPE LURAS OLANZ OLANZF PALIP QUETI RISPE ZIPRA NRT ANTPYCH * AT CBT CFT DBT GT IDD IPT TELE AIM * CIT PEON * PVTP * CLF MC MD SI * GL VET CJ CO HV TRMA PTSD SMI * STU * MST LABT * PEER * TCC * SMON * YAD ADLT * AH SP FX * F36 * VAPN * DEC FPSY IMR PRS VRS CM IPC ES"}},{"type":"Feature","geometry":{"type":"Point","coordinates":[-119.03781102,35.330872007]},"properties":{"USER_name1":"Clinica Sierra Vista","USER_name2":"Adults BH/Ebony SUD","USER_street1":"3117 Wilson Road","USER_city":"Bakersfield","USER_state":"CA","USER_zip":"93304","USER_phone":"661-324-4756","USER_service_code_info":"SA MH SUMH * OP * OMH * ANTPYCH * CBT CFT DBT GT IDD IPT TELE * CIT PEON * PVTN * FQHC * CLF MC MD PI SCJJ SI SMHA * SS * SE * SMON * YAD ADLT SNR * AH SP * VPPD * FPSY"}},{"type":"Feature","geometry":{"type":"Point","coordinates":[-118.969809981,35.3822140140001]},"properties":{"USER_name1":"Kern Medical","USER_name2":"","USER_street1":"1700 Mount Vernon Avenue","USER_city":"Bakersfield","USER_state":"CA","USER_zip":"93306","USER_phone":"661-326-2000","USER_service_code_info":"SA MH SUMH * HI OP * IPSY * CHLOR FLUPH HALOP ARIPI CLOZA LURAS OLANZ OLANZF PALIP QUETI RISPE ZIPRA NRT NSC ANTPYCH * AT CBT DBT ECT GT IDD IPT AIM * PEON * LCCG * CLF MC MD MI PI SCJJ SI VAF * TAY SE GL VET MF CJ CO HV TRMA TBI PEFP PTSD SMI * STU * HIVT STDT TBS MST HBT HCT LABT * TCC * SMON * YAD ADLT SNR * AH * VAPN * ACT AOT COOT DEC FPSY ICM CM SPS ES"}},{"type":"Feature","geometry":{"type":"Point","coordinates":[-116.891201426,33.9248876710001]},"properties":{"USER_name1":"Riverside University Health System","USER_name2":"Banning Mental Health Services","USER_street1":"1330 West Ramsey Street","USER_city":"Banning","USER_state":"CA","USER_zip":"92220","USER_phone":"951-849-7142","USER_service_code_info":"MH SUMH * OP * OMH * CBT DBT GT IPT * LCCG * MC MD OSF SF SI * CO SED SMI * STU * PEER * SMPD * CHLD YAD ADLT SNR * AH * VPPD * ACT FPSY ICM PRS CM"}},{"type":"Feature","geometry":{"type":"Point","coordinates":[-117.989785959,34.0802099950001]},"properties":{"USER_name1":"Family Resource Center","USER_name2":"Baldwin Park","USER_street1":"13001 Ramona Boulevard","USER_city":"Baldwin Park","USER_state":"CA","USER_zip":"91706","USER_phone":"626-373-2900","USER_service_code_info":"MH SUMH * OP * OMH * CBT CFT GT IDD IPT TELE * CIT PEOFF * PVTN * CLF MD PI SMHA SWFS * TAY GL MF TRMA PTSD SED SMI * STU * SMPD * CHLD YAD ADLT * SP * VPPD * COOT ICM LAD PRS SEMP CM SPS"}},{"type":"Feature","geometry":{"type":"Point","coordinates":[-116.996739126,34.8894024040001]},"properties":{"USER_name1":"San Bernardino Cnty Dept Behav Health","USER_name2":"Barstow Counseling/Behavioral Health","USER_street1":"1841 East Main Street","USER_city":"Barstow","USER_state":"CA","USER_zip":"92311","USER_phone":"760-255-5700","USER_service_code_info":"SA MH SUMH * OP * OMH * ANTPYCH * CBT DBT GT IPT AIM * CIT PEON * LCCG * CLF OSF SI * PA SS * TAY SE GL VET CO HV TRMA TBI PTSD SMI * STU * SMPD * YAD ADLT * AH SP * VPPD * FPSY SH CM"}},{"type":"Feature","geometry":{"type":"Point","coordinates":[-118.11615874,33.8722206950001]},"properties":{"USER_name1":"Starview Community Services and","USER_name2":"Teammates","USER_street1":"10230 Artesia Boulevard","USER_city":"Bellflower","USER_state":"CA","USER_zip":"90706","USER_phone":"562-356-9692","USER_service_code_info":"MH SUMH * OP * OMH * ARIPI ILOPE LURAS OLANZ QUETI RISPE ANTPYCH * CFT IPT TELE * CIT PEOFF * PVTP * FQHC * MD SMHA * PA * TAY SE GL CO PTSD SED SMI * STU * SMON * CHLD YAD ADLT * AH SP * VAPN * FPSY ICM PRS CM"}},{"type":"Feature","geometry":{"type":"Point","coordinates":[-122.26932739,37.8525088210001]},"properties":{"USER_name1":"Felton Institute","USER_name2":"Deaf Community Counseling Services","USER_street1":"3075 Adeline Street","USER_city":"Berkeley","USER_state":"CA","USER_zip":"94703","USER_phone":"415-255-5849","USER_service_code_info":"MH SUMH * OP * CMHC * HALOP PERPH ARIPI CLOZA OLANZ PALIP QUETI RISPE ANTPYCH * AT CBT CFT GT IPT TELE * PVTN * MC MD PI SEF SF SWFS * PA SS * STU * HS PEER * SMON * CHLD YAD ADLT SNR * AH * VAPN * FPSY ICM PRS VRS CM SPS"}},{"type":"Feature","geometry":{"type":"Point","coordinates":[-118.4083255,34.085725]},"properties":{"USER_name1":"Bridges to Recovery","USER_name2":"Beverly Hills","USER_street1":"- - -","USER_city":"Beverly Hills","USER_state":"CA","USER_zip":"90210","USER_phone":"310-573-7083","USER_service_code_info":"MH SUMH * PHDT RES * RTCA * ANTPYCH * AT CBT CFT DBT EMDR GT IPT * PVTP * PI SF * GL SMI * STU * MST LABT * SMPD * YAD ADLT SNR * VPPD * COOT DEC FPSY PRS"}},{"type":"Feature","geometry":{"type":"Point","coordinates":[-118.4083255,34.085725]},"properties":{"USER_name1":"Bridges to Recovery","USER_name2":"Beverly Hills","USER_street1":"- - -","USER_city":"Beverly Hills","USER_state":"CA","USER_zip":"90210","USER_phone":"866-522-7571","USER_service_code_info":"MH SUMH * PHDT RES * RTCA * ANTPYCH * AT CBT CFT DBT EMDR GT IPT * PVTP * PI SF * GL SMI * STU * MST LABT * SMPD * YAD ADLT SNR * VPPD * COOT DEC FPSY PRS"}},{"type":"Feature","geometry":{"type":"Point","coordinates":[-122.272097609,37.859937911]},"properties":{"USER_name1":"Berkeley City Mental Health","USER_name2":"Adult Services","USER_street1":"2640 Martin Luther King Jr Way","USER_city":"Berkeley","USER_state":"CA","USER_zip":"94704","USER_phone":"510-981-5290","USER_service_code_info":"MH * OP * CMHC * CHLOR FLUPH HALOP LOXAP PERPH THIOT ARIPI ASENA CARIP CLOZA LURAS OLANZ PALIP QUETI RISPE ZIPRA ANTPYCH * CBT DBT GT IPT * CIT PEOFF * LCCG * FQHC * CLF MC MD OSF * PA * SMON * YAD ADLT SNR * AH SP FX * F17 * VAPN * ACT COOT ICM CM"}},{"type":"Feature","geometry":{"type":"Point","coordinates":[-118.375605633,34.064662109]},"properties":{"USER_name1":"Center for Discovery","USER_name2":"Beverly Hills","USER_street1":"8484 Wilshire Boulevard","USER_city":"Beverly Hills","USER_state":"CA","USER_zip":"90211","USER_phone":"855-818-2029","USER_service_code_info":"MH * OP * PH * AT CBT CFT DBT GT IDD IPT * PVTP * PI SF * GL CO TRMA PED PTSD * MST * SMPD * CHLD YAD ADLT * VPPD * DEC FPSY CM"}},{"type":"Feature","geometry":{"type":"Point","coordinates":[-117.9699885,34.0824147000001]},"properties":{"USER_name1":"California Mental Health Connection","USER_name2":"","USER_street1":"14305 East Morgan Street","USER_city":"Baldwin Park","USER_state":"CA","USER_zip":"91706","USER_phone":"626-430-6197","USER_service_code_info":"SA MH SUMH * OP * OMH * AT CBT CFT DBT GT IDD IPT TELE * CIT * PVTN * CLF PI SF * PA SS * TAY GL CO DV TRMA PTSD * PEER * SMON * CHLD YAD ADLT SNR * SP FX * F17 * VAPN * COOT FPSY ICM PRS CM SPS ES"}},{"type":"Feature","geometry":{"type":"Point","coordinates":[-121.727576825,37.959025292]},"properties":{"USER_name1":"Discovery Mood and Anxiety Program","USER_name2":"Brentwood","USER_street1":"2324 Windy Springs Lane","USER_city":"Brentwood","USER_state":"CA","USER_zip":"94513","USER_phone":"877-514-4723","USER_service_code_info":"SA MH SUMH * RES * RTCC * ANTPYCH * AT CBT CRT CFT DBT GT IDD IPT * PVTP * PI SF * TAY GL VET ADM CO SED SMI * SMON * CHLD * VAPN * DEC FPSY"}},{"type":"Feature","geometry":{"type":"Point","coordinates":[-119.077049978,34.229660837]},"properties":{"USER_name1":"Newport Academy","USER_name2":"","USER_street1":"100 Avocado Place","USER_city":"Camarillo","USER_state":"CA","USER_zip":"93010","USER_phone":"877-820-6371","USER_service_code_info":"SA MH SUMH * OP PHDT RES * RTCC * AT CBT CFT DBT GT IDD IPT TELE * PVTP * PI SF * GL CO TRMA PTSD SED * SMON * CHLD * VAPN * DEC FPSY PRS VRS CM IPC ES"}},{"type":"Feature","geometry":{"type":"Point","coordinates":[-117.998863895,33.868959841]},"properties":{"USER_name1":"Child Guidance Center Inc","USER_name2":"Buena Park CGC","USER_street1":"6301 Beach Boulevard","USER_city":"Buena Park","USER_state":"CA","USER_zip":"90621","USER_phone":"714-736-0231","USER_service_code_info":"MH SUMH * OP * OMH * ANTPYCH * CBT CFT GT IDD IPT TELE AIM * CIT * PVTN * CLF CMHG CSBG MD SF SMHA * SS * TAY GL VET ADM MF CO TRMA PED PTSD SED * PEER * SMPD * CHLD YAD * AH SP FX * F47 * VPPD * FPSY ICM CM SPS"}},{"type":"Feature","geometry":{"type":"Point","coordinates":[-121.700326252,37.9472294390001]},"properties":{"USER_name1":"Healthy Minds Counseling Center","USER_name2":"","USER_street1":"191 Sand Creek Road","USER_city":"Brentwood","USER_state":"CA","USER_zip":"94513","USER_phone":"925-663-8158","USER_service_code_info":"MH SUMH * OP * CBHC * AT CBT CFT DBT EMDR GT IDD IPT TELE * PVTP * MHC * MI OSF PI SF VAF * SS * TAY SE GL VET ADM MF CO HV DV TRMA TBI PED PEFP PTSD SED SMI * PEER * SMPD * CHLD YAD ADLT SNR * SP * VPPD * ACT CDM COOT FPSY SPS"}},{"type":"Feature","geometry":{"type":"Point","coordinates":[-121.959121703,37.291971351]},"properties":{"USER_name1":"Pacific Clinics","USER_name2":"","USER_street1":"251 Llewellyn Avenue","USER_city":"Campbell","USER_state":"CA","USER_zip":"95008","USER_phone":"408-379-3790","USER_service_code_info":"SA MH SUMH * HI OP PHDT * HALOP ARIPI CLOZA QUETI RISPE ZIPRA ANTPYCH * AT CBT CFT DBT GT IDD IPT TELE * CIT PEON PEOFF WI * PVTN * CLF CMHG MC MD PI SCJJ SI SMHA SWFS * TAY GL CJ CO DV TRMA PED PEFP PTSD SED SMI * HS PEER * SMPD * CHLD YAD * AH SP FX * F17 F25 F28 F36 F47 F67 F70 F81 F92 * VAPN * ACT COOT FPSY ICM IMR PRS SEMP SH VRS CM IPC SPS ES"}},{"type":"Feature","geometry":{"type":"Point","coordinates":[-119.086840124,34.2303301740001]},"properties":{"USER_name1":"Newport Academy","USER_name2":"","USER_street1":"1208 Via Aracena Street","USER_city":"Camarillo","USER_state":"CA","USER_zip":"93010","USER_phone":"877-820-6371","USER_service_code_info":"SA MH SUMH * OP PHDT RES * RTCC * AT CBT CFT DBT GT IDD IPT TELE * PVTP * CMHG CSBG PI SF * GL CO TRMA SED * SMON * CHLD * VAPN * DEC FPSY PRS SEMP CM IPC SPS ES"}},{"type":"Feature","geometry":{"type":"Point","coordinates":[-121.979896502,37.28537341]},"properties":{"USER_name1":"Rebekah Childrens Services","USER_name2":"","USER_street1":"1600 West Campbell Avenue","USER_city":"Campbell","USER_state":"CA","USER_zip":"95008","USER_phone":"408-846-2100","USER_service_code_info":"MH * OP * OMH * ANTPYCH * AT CBT CFT DBT GT IPT TELE * CIT * PVTN * CLF MD PI SCJJ SEF SF SWFS * SED * STU * SMON * CHLD YAD * AH SP FX * F17 F92 * VAPN * ACT FPSY ICM PRS TPC CM SPS ES"}},{"type":"Feature","geometry":{"type":"Point","coordinates":[-119.016600446,34.216891552]},"properties":{"USER_name1":"Interface Children and Family Services","USER_name2":"Headquarters","USER_street1":"4001 Mission Oaks Boulevard","USER_city":"Camarillo","USER_state":"CA","USER_zip":"93010","USER_phone":"805-485-6114 x2","USER_service_code_info":"MH * OP * OMH * AT CBT CFT GT IDD IPT TELE * PVTN * CLF MD OSF PCF SF * TAY TRMA PTSD SED * STU * SMPD * CHLD YAD * AH SP FX * F4 F25 * VPPD * FPSY CM SPS"}},{"type":"Feature","geometry":{"type":"Point","coordinates":[-118.4316609,34.4168291]},"properties":{"USER_name1":"Ascend Healthcare 5","USER_name2":"","USER_street1":"- - -","USER_city":"Canyon Country","USER_state":"CA","USER_zip":"91387","USER_phone":"310-359-9403","USER_service_code_info":"SA MH * PHDT RES * RTCC * NRT ANTPYCH * AT CBT CFT DBT EMDR GT IDD IPT * PVTP * PI SF * GL MF CJ CO HV DV TRMA PTSD * TBS * PEER * SMON * CHLD * VAPN * ACT COOT FPSY CM ES"}},{"type":"Feature","geometry":{"type":"Point","coordinates":[-118.601405722,34.1984539220001]},"properties":{"USER_name1":"El Centro de Amistad Inc","USER_name2":"West Valley Office","USER_street1":"7038 Owensmouth Avenue","USER_city":"Canoga Park","USER_state":"CA","USER_zip":"91303","USER_phone":"818-347-8565","USER_service_code_info":"MH * OP * OMH * AT CBT GT IPT TELE * PVTN * CLF MD OSF SMHA SWFS * PA * TAY TRMA PTSD SED SMI * PEER * SMON * CHLD YAD ADLT * SP * VAPN * COOT FPSY ICM LAD PRS SEMP VRS CM"}},{"type":"Feature","geometry":{"type":"Point","coordinates":[-118.264332515,33.8725364410001]},"properties":{"USER_name1":"Star View Community Services","USER_name2":"The TAY Hot Spot","USER_street1":"649 East Albertoni Street","USER_city":"Carson","USER_state":"CA","USER_zip":"90746","USER_phone":"310-436-9300","USER_service_code_info":"MH SUMH * OP * OMH * AT CBT CFT GT IPT TELE * CIT PEOFF * PVTP * FQHC * CLF MD OSF PI SCJJ SEF SI SMHA SWFS * PA * TAY SE CO TRMA PTSD SED SMI * STU * HS PEER * SMPD * CHLD YAD ADLT * SP * VPPD * CDM COOT FPSY ICM PRS VRS CM SPS ES"}},{"type":"Feature","geometry":{"type":"Point","coordinates":[-116.460895807,33.8421976400001]},"properties":{"USER_name1":"Recovery First Treatment Centers","USER_name2":"","USER_street1":"28321 Horizon Road","USER_city":"Cathedral City","USER_state":"CA","USER_zip":"92234","USER_phone":"760-993-4778","USER_service_code_info":"SA MH * RES * RTCA * ARIPI LURAS OLANZ PALIP QUETI RISPE ANTPYCH * AT CBT CRT CFT DBT EMDR GT IDD IPT TELE * PVTP * MI PI SF * SS * VET ADM CO TRMA PTSD * STU * TBS LABT * PEER * SMPD * YAD ADLT SNR * VPPD * DEC FPSY CM"}},{"type":"Feature","geometry":{"type":"Point","coordinates":[-121.945302627,37.6070662020001]},"properties":{"USER_name1":"Newport Academy","USER_name2":"","USER_street1":"37455 Palomares Road","USER_city":"Castro Valley","USER_state":"CA","USER_zip":"94552","USER_phone":"877-820-6371","USER_service_code_info":"SA MH SUMH * OP PHDT RES * RTCC * AT CBT CFT DBT GT IDD IPT TELE * PVTP * PI SF * GL CO TRMA PTSD SED * SMON * CHLD * VAPN * DEC FPSY PRS VRS CM IPC ES"}},{"type":"Feature","geometry":{"type":"Point","coordinates":[-117.688025039,34.00918598]},"properties":{"USER_name1":"Canyon Ridge Hospital","USER_name2":"","USER_street1":"5353 G Street","USER_city":"Chino","USER_state":"CA","USER_zip":"91710","USER_phone":"909-590-3700","USER_service_code_info":"SA MH SUMH * HI OP PHDT * PSY * NRT NSC * AT CBT GT IDD IPT TELE * PVTP * CLF MC MD MI PI SF SI SMHA VAF * SE VET ADM MF CO * STU * MST LABT * TCC * SMPD * CHLD YAD ADLT SNR * AH SP * VAPN * DEC FPSY PRS CM SPS"}},{"type":"Feature","geometry":{"type":"Point","coordinates":[-118.099471125,33.8700294980001]},"properties":{"USER_name1":"Rio Hondo Mental Health Center","USER_name2":"","USER_street1":"17707 Studebaker Road","USER_city":"Cerritos","USER_state":"CA","USER_zip":"90703","USER_phone":"562-402-0688","USER_service_code_info":"SA MH SUMH * OP * OMH * CHLOR HALOP LOXAP PERPH THIOR TRIFL ARIPI CLOZA LURAS OLANZ QUETI RISPE ZIPRA NRT NSC ANTPYCH * AT CBT GT IDD IPT TELE * CIT PEON WI * LCCG * CLF MC MD OSF PI SF SI * TAY SE GL CO TRMA PTSD SMI * STU * MST LABT * HS PEER * TCC * SMPD * YAD ADLT SNR * AH SP FX * F4 F17 F25 F36 F43 F81 * VPPD * FPSY ICM PRS SEMP CM SPS"}},{"type":"Feature","geometry":{"type":"Point","coordinates":[-121.87500897,39.770818967]},"properties":{"USER_name1":"Northern Valley Catholic Social Servs","USER_name2":"Butte County","USER_street1":"10 Independence Circle","USER_city":"Chico","USER_state":"CA","USER_zip":"95973","USER_phone":"530-345-1600","USER_service_code_info":"MH * OP * OMH * AT CBT CFT EMDR IPT TELE * PVTN * MD * TRMA SED * SMOP * CHLD ADLT * SP * VAPP * FPSY CM"}},{"type":"Feature","geometry":{"type":"Point","coordinates":[-117.688981079,34.014083736]},"properties":{"USER_name1":"Health Service Alliance","USER_name2":"Chino Valley Community Health Center","USER_street1":"13193 Central Avenue","USER_city":"Chino","USER_state":"CA","USER_zip":"91710","USER_phone":"909-464-9675","USER_service_code_info":"SA MH SUMH * OP * OMH * CHLOR HALOP ARIPI OLANZ OLANZF QUETI RISPE ANTPYCH * CBT IDD IPT TELE * PVTN * FQHC * MC MD PI SF SI * PA SS * SMON * CHLD YAD ADLT SNR * SP FX * F47 F81 * VAPN * CM IPC"}},{"type":"Feature","geometry":{"type":"Point","coordinates":[-117.689658812,34.0393898500001]},"properties":{"USER_name1":"South Coast Community Services","USER_name2":"","USER_street1":"11780 Central Avenue","USER_city":"Chino","USER_state":"CA","USER_zip":"91710","USER_phone":"877-527-7227","USER_service_code_info":"MH SUMH * OP * OMH * CHLOR HALOP TRIFL ARIPI ASENA CLOZA ILOPE LURAS OLANZ OLANZF PALIP QUETI RISPE ZIPRA ANTPYCH * CBT CFT DBT EMDR GT IPT TELE AIM * PVTP * CLF MC MD PI SF SMHA * TAY SE GL VET CO TRMA PTSD SED SMI * PEER * SMPD * CHLD YAD ADLT SNR * AH SP * VPPD * FPSY PRS CM SPS"}},{"type":"Feature","geometry":{"type":"Point","coordinates":[-117.758908532,33.959030641]},"properties":{"USER_name1":"Discovery Mood and Anxiety Program","USER_name2":"Chino Hills","USER_street1":"2062 Hunter Road","USER_city":"Chino Hills","USER_state":"CA","USER_zip":"91709","USER_phone":"877-514-4723","USER_service_code_info":"MH * HI RES * RTCC * AT CBT CFT DBT GT IDD IPT * PVTP * CLF ITU MI OSF PI SEF SF SI SMHA SWFS * GL TRMA PTSD SED * SMON * CHLD * VAPN * DEC FPSY IPC"}},{"type":"Feature","geometry":{"type":"Point","coordinates":[-117.071686768,32.6173834050001]},"properties":{"USER_name1":"Bayview Behavioral Health Campus","USER_name2":"","USER_street1":"330 Moss Street","USER_city":"Chula Vista","USER_state":"CA","USER_zip":"91911","USER_phone":"619-426-6310","USER_service_code_info":"SA MH SUMH * HI OP PHDT * PSY * CHLOR FLUPH HALOP PERPH ARIPI ASENA CLOZA OLANZ PALIP QUETI RISPE ZIPRA NRT NSC ANTPYCH * AT CBT DBT GT IDD IPT TELE AIM * CIT PEON WI * PVTP * CLF MC MD MI OSF PI SF SI VAF * SE CO DV TRMA PEFP PTSD SMI * STU * HIVT STDT TBS MST HBT HCT LABT * PEER * TCC * SMON * YAD ADLT SNR * AH SP FX * F81 * VAPN * FPSY PRS SPS"}},{"type":"Feature","geometry":{"type":"Point","coordinates":[-120.260503041,37.1206335570001]},"properties":{"USER_name1":"Chowchilla Recovery Center","USER_name2":"","USER_street1":"215 South 4th Street","USER_city":"Chowchilla","USER_state":"CA","USER_zip":"93610","USER_phone":"559-665-2947","USER_service_code_info":"SA MH * OP * OMH * CBT CFT DBT GT IPT TELE * CIT WI * LCCG * CLF CMHG CSBG MC MD OSF SCJJ SF SI SMHA SWFS * PA * TAY SE SED * SMPD * YAD ADLT SNR * AH SP * VPPD * ACT FPSY ICM PRS SH CM SPS"}},{"type":"Feature","geometry":{"type":"Point","coordinates":[-117.350661986,34.0732250200001]},"properties":{"USER_name1":"Arrowhead Regional Medical Center","USER_name2":"Behavioral Health ","USER_street1":"400 North Pepper Avenue","USER_city":"Colton","USER_state":"CA","USER_zip":"92324","USER_phone":"909-580-1800","USER_service_code_info":"MH SUMH * HI OP * IPSY * CHLOR FLUPH HALOP LOXAP PERPH THIOT ARIPI ASENA CARIP CLOZA LURAS OLANZ PALIP QUETI RISPE ZIPRA NRT NSC ANTPYCH * AT CBT DBT GT IPT * CIT PEON WI * LCCG * FQHC * CLF MC MD MI OSF PI SF SI SMHA * PA * CO TRMA PTSD SMI * STU * HIVT STDT TBS MST HBT HCT LABT * TCC * SMON * YAD ADLT * AH * VAPN * CDM COOT DEC FPSY IMR LAD CM IPC SPS ES"}},{"type":"Feature","geometry":{"type":"Point","coordinates":[-121.291336399,38.7190295940001]},"properties":{"USER_name1":"Stanford Sierra Youth and Families","USER_name2":"Stanford Youth Solutions","USER_street1":"8421 Auburn Boulevard","USER_city":"Citrus Heights","USER_state":"CA","USER_zip":"95610","USER_phone":"916-344-0199","USER_service_code_info":"SA MH SUMH * OP * CMHC * ANTPYCH * CBT CFT GT IDD IPT TELE * CIT * PVTN * MC * TAY GL CO TRMA PED PTSD SED SMI * PEER * SMPD * CHLD YAD * AH SP * VPPD * FPSY PRS CM SPS"}},{"type":"Feature","geometry":{"type":"Point","coordinates":[-121.847956964,39.7525690080001]},"properties":{"USER_name1":"Enloe Medical Center/Cohasset","USER_name2":"Inpatient Behavioral Health","USER_street1":"560 Cohasset Road","USER_city":"Chico","USER_state":"CA","USER_zip":"95926","USER_phone":"530-332-5250","USER_service_code_info":"SA MH SUMH * HI * IPSY * CHLOR HALOP ARIPI BREXP LURAS OLANZ PALIP QUETI RISPE NRT NSC ANTPYCH * AT CBT GT IPT AIM * PEON WI * PVTN * MC MI PI SF VAF * SE TRMA PEFP PTSD SMI * STU * LABT * SMPD * YAD ADLT SNR * AH * VAPN * CM SPS"}},{"type":"Feature","geometry":{"type":"Point","coordinates":[-117.067877863,32.6103176080001]},"properties":{"USER_name1":"Community Research Foundation","USER_name2":"South Bay Guidance Center","USER_street1":"1196 3rd Avenue","USER_city":"Chula Vista","USER_state":"CA","USER_zip":"91911","USER_phone":"619-427-4661","USER_service_code_info":"SA MH SUMH * OP * OMH * CHLOR FLUPH HALOP PERPH PROCH ARIPI ASENA BREXP CARIP CLOZA ILOPE LURAS OLANZ PALIP QUETI RISPE ZIPRA NRT ANTPYCH * AT CBT DBT GT IPT * CIT PEON * PVTN * MC MD SF * SS * SE CO PTSD SMI * STU * PEER * TCC * SMON * YAD ADLT SNR * AH SP NX FX * F4 F17 F19 F25 F28 F30 F31 F35 F36 F37 F42 F43 F47 F66 F67 F70 F81 F92 N24 N40 * VAPN * IMR PRS SEMP CM SPS ES"}},{"type":"Feature","geometry":{"type":"Point","coordinates":[-122.001402034,39.205295983]},"properties":{"USER_name1":"Colusa County","USER_name2":"Dept of Behavioral Health","USER_street1":"162 East Carson Street","USER_city":"Colusa","USER_state":"CA","USER_zip":"95932","USER_phone":"530-458-0520","USER_service_code_info":"SA MH SUMH * OP * CMHC * OLANZ QUETI RISPE ZIPRA ANTPYCH * AT CBT CFT DBT GT IDD IPT TELE * CIT PEON WI * LCCG * CMHG MC MD OSF SCJJ SF SMHA SWFS * TAY SE GL VET ADM MF CJ CO HV TRMA PED PTSD SED SMI * HS PEER * TCC * SMPD * CHLD YAD ADLT SNR * AH SP * VPPD * ACT COOT DEC FPSY ICM IMR PRS SEMP SH TPC CM SPS ES"}},{"type":"Feature","geometry":{"type":"Point","coordinates":[-117.304176957,34.055544065]},"properties":{"USER_name1":"South Coast Community Services ","USER_name2":"Reg Headquarters/East Reg Main Ofc  ","USER_street1":"1461 East Cooley Drive","USER_city":"Colton","USER_state":"CA","USER_zip":"92324","USER_phone":"877-527-7227","USER_service_code_info":"MH * OP * OMH * GT * PVTP * MC MD PI SF * SMI * PEER * SMPD * ADLT SNR * AH * VPPD * PRS CM"}},{"type":"Feature","geometry":{"type":"Point","coordinates":[-118.244199184,33.8776570300001]},"properties":{"USER_name1":"Star View Community Services","USER_name2":"","USER_street1":"1303 West Walnut Parkway","USER_city":"Compton","USER_state":"CA","USER_zip":"90220","USER_phone":"310-868-5379 x170","USER_service_code_info":"MH SUMH * OP * OMH * ARIPI ILOPE LURAS OLANZ QUETI RISPE ANTPYCH * CBT CFT GT IPT TELE * CIT PEOFF * PVTP * FQHC * PI SCJJ SI SMHA SWFS * PA * TAY SE CO TRMA PTSD SED SMI * STU * SMPD * CHLD YAD ADLT * SP * VPPD * COOT FPSY ICM PRS CM"}},{"type":"Feature","geometry":{"type":"Point","coordinates":[-118.237401963,33.8683220200001]},"properties":{"USER_name1":"Guidance Center","USER_name2":"The Compton/Lynwood Clinic","USER_street1":"901 West Victoria Street","USER_city":"Compton","USER_state":"CA","USER_zip":"90220","USER_phone":"310-669-9510","USER_service_code_info":"MH * OP * CMHC * ANTPYCH * AT CBT CFT DBT GT IPT TELE * PVTN * CLF MC SEF SF SMHA SWFS * TAY GL TRMA PTSD SED * PEER * SMPD * CHLD YAD ADLT * SP * VAPP * CDM COOT FPSY ICM PRS SEMP VRS CM"}},{"type":"Feature","geometry":{"type":"Point","coordinates":[-122.037238023,37.985583981]},"properties":{"USER_name1":"John Muir Health","USER_name2":"Behavioral Health Center","USER_street1":"2740 Grant Street","USER_city":"Concord","USER_state":"CA","USER_zip":"94520","USER_phone":"925-674-4100","USER_service_code_info":"SA MH SUMH * HI * PSY * CHLOR FLUPH HALOP BREXP CLOZA OLANZ QUETI RISPE NRT ANTPYCH * AT CBT GT IPT * PEON * PVTN * MC MD MI PI PCF SF SI * PA * TAY SE GL VET ADM MF CJ CO HV TRMA ALZ PEFP PTSD SED SMI * STU * MST LABT * HS * TCC * SMON * CHLD YAD ADLT SNR * AH SP * VAPN * COOT CM SPS ES"}},{"type":"Feature","geometry":{"type":"Point","coordinates":[-122.049245854,37.970307711]},"properties":{"USER_name1":"Contra Costa County Behavioral Health","USER_name2":"Forensic Mental Health Services","USER_street1":"1430 Willow Pass Road","USER_city":"Concord","USER_state":"CA","USER_zip":"94520","USER_phone":"925-288-3900","USER_service_code_info":"SA MH SUMH * OP * OMH * ANTPYCH * CBT GT IDD IPT TELE * LCCG * CLF CMHG MC MD SI SMHA * TAY CJ CO TRMA PTSD SMI * PEER * SMON * YAD ADLT SNR * FX * F25 F81 * VAPN * ACT AOT COOT FPSY ICM PRS CM SPS ES"}},{"type":"Feature","geometry":{"type":"Point","coordinates":[-122.049405864,37.9694509120001]},"properties":{"USER_name1":"Stand for Families Free of Violence","USER_name2":"","USER_street1":"1410 Danzig Plaza","USER_city":"Concord","USER_state":"CA","USER_zip":"94520","USER_phone":"925-222-2132","USER_service_code_info":"MH * OP * OMH * CBT CFT EMDR IPT TELE * PVTN * CLF OSF * PA * TAY CJ DV TRMA PTSD * SMON * CHLD YAD ADLT SNR * AH SP * VAPN * FPSY PRS"}},{"type":"Feature","geometry":{"type":"Point","coordinates":[-122.024301478,38.014346146]},"properties":{"USER_name1":"John Muir Behavioral Health","USER_name2":"Outpatient Center","USER_street1":"4080 Port Chicago Highway","USER_city":"Concord","USER_state":"CA","USER_zip":"94520","USER_phone":"925-674-4200","USER_service_code_info":"SA MH SUMH * OP PHDT * PH * NRT NSC ANTPYCH * AT CBT CFT DBT GT IDD IPT TELE * CIT * PVTN * MC MD MI PI SF * TAY SE CO SMI * STU * TCC * SMPD * CHLD YAD ADLT SNR * AH * VPPD * COOT FPSY SPS"}},{"type":"Feature","geometry":{"type":"Point","coordinates":[-117.9204873,33.6471806000001]},"properties":{"USER_name1":"Akua Behavioral Health","USER_name2":"","USER_street1":"- - -","USER_city":"Costa Mesa","USER_state":"CA","USER_zip":"92627","USER_phone":"949-777-2283","USER_service_code_info":"SA MH SUMH * PHDT RES * RTCA * AT CBT DBT GT IDD IPT TELE AIM * CIT PEON PEOFF WI * PVTP * MC MI PI SF * PA * SE GL VET ADM MF CJ CO HV TRMA TBI PED PTSD * STU * MST LABT * PEER * SMPD * YAD ADLT * SP * VPPD * COOT DEC LAD PRS VRS CM ES"}},{"type":"Feature","geometry":{"type":"Point","coordinates":[-117.9204873,33.6471806000001]},"properties":{"USER_name1":"Akua Behavioral Health","USER_name2":"","USER_street1":"- - -","USER_city":"Costa Mesa","USER_state":"CA","USER_zip":"92627","USER_phone":"949-777-2283","USER_service_code_info":"SA MH SUMH * PHDT RES * RTCA * AT CBT DBT GT IDD IPT TELE AIM * CIT PEON PEOFF WI * PVTP * MC MI PI SF * PA * SE GL VET ADM MF CJ CO HV TRMA TBI PED PTSD * STU * MST LABT * PEER * SMPD * YAD ADLT * SP * VPPD * COOT DEC LAD PRS VRS CM ES"}},{"type":"Feature","geometry":{"type":"Point","coordinates":[-117.900640228,33.683606164]},"properties":{"USER_name1":"Asana Recovery","USER_name2":"Madison","USER_street1":"3073 Madison Avenue","USER_city":"Costa Mesa","USER_state":"CA","USER_zip":"92626","USER_phone":"949-438-4504","USER_service_code_info":"SA MH SUMH * OP PHDT RES * RTCA * AT CBT CFT DBT GT IDD IPT TELE * PVTP * ITU PI SF SMHA * PA * STU * HIVT STDT TBS HBT HCT * PEER * SMPD * YAD ADLT SNR * VPPD * ACT COOT DEC FPSY LAD PRS CM IPC SPS"}},{"type":"Feature","geometry":{"type":"Point","coordinates":[-117.901801121,33.6843656070001]},"properties":{"USER_name1":"DAmore Healthcare","USER_name2":"Cheyenne","USER_street1":"1055 Cheyenne Street","USER_city":"Costa Mesa","USER_state":"CA","USER_zip":"92626","USER_phone":"714-375-1110","USER_service_code_info":"SA MH * RES * RTCA * ARIPI ASENA BREXP CARIP CLOZA ILOPE LURAS OLANZ OLANZF PALIP QUETI RISPE ZIPRA ANTPYCH * AT CBT CFT DBT GT IDD IPT KIT * PVTP * PI SF * CO SMI * TBS MST LABT * SMPD * YAD ADLT SNR * VPPD * DEC FPSY CM SPS"}},{"type":"Feature","geometry":{"type":"Point","coordinates":[-122.052250012,37.9695499870001]},"properties":{"USER_name1":"Portia Bell Hume Behav Health and","USER_name2":"Training Center/Concord","USER_street1":"1333 Willow Pass Road","USER_city":"Concord","USER_state":"CA","USER_zip":"94520","USER_phone":"925-825-1793","USER_service_code_info":"MH SUMH * OP PHDT * CMHC * FLUPH HALOP PERPH ARIPI BREXP CLOZA LURAS PALIP QUETI RISPE ZIPRA ANTPYCH * AT CBT CFT GT IPT TELE * CIT PEON PEOFF * PVTN * CLF MC MD OSF PI SF SI SMHA SWFS * SS * SMI * PEER * SMOP * CHLD YAD ADLT SNR * SP FX * F25 F36 * VPPD * COOT FPSY PRS SH VRS CM SPS"}},{"type":"Feature","geometry":{"type":"Point","coordinates":[-117.912045986,33.6518980110001]},"properties":{"USER_name1":"College Hospital of Costa Mesa","USER_name2":"Adult Psychiatric Services","USER_street1":"301 Victoria Street","USER_city":"Costa Mesa","USER_state":"CA","USER_zip":"92627","USER_phone":"949-642-2734","USER_service_code_info":"SA MH SUMH * HI OP PHDT * IPSY * CHLOR DROPE FLUPH HALOP LOXAP PERPH THIOT THIOR TRIFL ARIPI ASENA CLOZA LURAS OLANZ PALIP QUETI RISPE ZIPRA NRT NSC ANTPYCH * AT CBT ECT GT IDD KIT TELE * CIT PEON PEOFF WI * PVTP * ITU MC MD MI PI SF SI VAF * STU * HIVT STDT TBS MST HBT HCT LABT * HS PEER * TCC * SMON * CHLD YAD ADLT SNR * AH SP FX * F17 F25 F47 F92 * VAPN * ACT AOT CDM COOT DEC FPSY ICM IMR LAD PRS SEMP SH VRS CM IPC SPS ES"}},{"type":"Feature","geometry":{"type":"Point","coordinates":[-117.871295352,33.6851968820001]},"properties":{"USER_name1":"Newport Academy","USER_name2":"","USER_street1":"3189 Pullman Street","USER_city":"Costa Mesa","USER_state":"CA","USER_zip":"92626","USER_phone":"877-820-6371","USER_service_code_info":"SA MH SUMH * OP PHDT RES * RTCC * AT CBT CFT DBT GT IDD IPT TELE * PVTP * CMHG CSBG PI SF * GL CO TRMA SED * SMON * CHLD * VAPN * DEC FPSY PRS SEMP CM IPC SPS ES"}},{"type":"Feature","geometry":{"type":"Point","coordinates":[-117.900538555,33.682246913]},"properties":{"USER_name1":"DAmore Healthcare","USER_name2":"Grant","USER_street1":"3044 Grant Avenue","USER_city":"Costa Mesa","USER_state":"CA","USER_zip":"92626","USER_phone":"714-375-1110","USER_service_code_info":"SA MH * RES * RTCA * ARIPI ASENA BREXP CARIP CLOZA ILOPE LURAS OLANZ OLANZF PALIP QUETI RISPE ZIPRA ANTPYCH * AT CBT CFT DBT GT IDD IPT KIT * PVTP * PI SF * CO SMI * TBS MST LABT * SMPD * YAD ADLT SNR * VPPD * DEC FPSY CM SPS"}},{"type":"Feature","geometry":{"type":"Point","coordinates":[-117.89540003,33.6902137440001]},"properties":{"USER_name1":"Southern California TMS Center","USER_name2":"","USER_street1":"940 South Coast Drive","USER_city":"Costa Mesa","USER_state":"CA","USER_zip":"92626","USER_phone":"866-322-7776","USER_service_code_info":"MH * OP * OMH * TMS * PVTP * CLF MC MD MI PI SF SI VAF * SMPD * CHLD YAD ADLT SNR * SP * VPPD"}},{"type":"Feature","geometry":{"type":"Point","coordinates":[-117.874102536,34.103639887]},"properties":{"USER_name1":"East San Gabriel Valley","USER_name2":"Mental Health Center","USER_street1":"1359 North Grand Avenue","USER_city":"Covina","USER_state":"CA","USER_zip":"91724","USER_phone":"626-430-2900","USER_service_code_info":"MH SUMH * OP * OMH * ANTPYCH * CBT GT IPT TELE * CIT PEOFF * LCCG * CLF MC MD OSF PI SF SI SMHA SWFS * PA SS * TAY SE GL MF CO DV TRMA PED PEFP PTSD SED SMI * STU * HS PEER * TCC * SMPD * CHLD YAD ADLT SNR * AH SP FX * F17 F66 F67 F81 * VPPD * FPSY ICM PRS SEMP CM IPC SPS"}},{"type":"Feature","geometry":{"type":"Point","coordinates":[-117.872147373,34.1000539830001]},"properties":{"USER_name1":"Pacific Clinics","USER_name2":"Children Intensive Services","USER_street1":"1126 North Grand Avenue","USER_city":"Covina","USER_state":"CA","USER_zip":"91724","USER_phone":"626-967-1667","USER_service_code_info":"MH * OP * CMHC * CBT GT IPT TELE * PVTN * CLF CMHG MC MD SCJJ SI SMHA SWFS * TAY GL TRMA PTSD SED SMI * SMON * CHLD YAD * SP * VAPN * FPSY PRS CM SPS"}},{"type":"Feature","geometry":{"type":"Point","coordinates":[-117.867082692,34.1003874570001]},"properties":{"USER_name1":"Aurora Charter Oak Hospital","USER_name2":"","USER_street1":"1161 East Covina Boulevard","USER_city":"Covina","USER_state":"CA","USER_zip":"91724","USER_phone":"626-966-1632","USER_service_code_info":"SA MH SUMH * HI OP PHDT RES * PSY * CHLOR FLUPH HALOP LOXAP PERPH ARIPI ASENA BREXP CARIP CLOZA ILOPE LURAS OLANZ OLANZF PALIP QUETI RISPE ZIPRA NSC ANTPYCH * AT CBT CRT CFT DBT GT IDD IPT * CIT PEON WI * PVTP * MC MD PI SF * PA * TAY SE SED SMI * STU * HIVT STDT TBS MST HBT HCT LABT * HS PEER * TCC * SMPD * CHLD YAD ADLT SNR * AH SP FX * F4 F17 F25 F36 F43 F47 F81 F92 * VPPD * ACT AOT CDM COOT DEC FPSY ICM IMR LAD PRS SEMP SH TPC VRS CM IPC SPS ES"}},{"type":"Feature","geometry":{"type":"Point","coordinates":[-121.990352507,37.8175143330001]},"properties":{"USER_name1":"Center for Discovery","USER_name2":"Danville","USER_street1":"212 La Questa Drive","USER_city":"Danville","USER_state":"CA","USER_zip":"94526","USER_phone":"866-862-3631","USER_service_code_info":"MH SUMH * RES * RTCC * CBT CFT DBT GT IPT * PVTP * MI PI SF * PED * MST * HS * SMON * CHLD * VAPN * DEC FPSY CM"}},{"type":"Feature","geometry":{"type":"Point","coordinates":[-118.403791375,34.001598136]},"properties":{"USER_name1":"Didi Hirsch Mental Health Services","USER_name2":"Headquarters","USER_street1":"4760 Sepulveda Boulevard","USER_city":"Culver City","USER_state":"CA","USER_zip":"90230","USER_phone":"310-390-6612","USER_service_code_info":"SA MH SUMH * OP * OMH * CHLOR DROPE FLUPH HALOP LOXAP PERPH PIMOZ PROCH THIOT THIOR TRIFL ARIPI ASENA BREXP CARIP CLOZA ILOPE OLANZ OLANZF PALIP QUETI RISPE ZIPRA NRT ANTPYCH * AT CBT CFT DBT GT IDD IPT TELE * CIT PEOFF * PVTN * MC MD SF SI SMHA * PA * TAY SE GL CJ CO HV DV TRMA PEFP PTSD SMI * STU * MST LABT * HS PEER * TCC * SMON * CHLD YAD ADLT SNR * AH SP FX * F25 F81 * VAPN * COOT DEC FPSY ICM IMR PRS SEMP VRS CM IPC SPS ES"}},{"type":"Feature","geometry":{"type":"Point","coordinates":[-118.389998366,33.9850692750001]},"properties":{"USER_name1":"Comprehensive Psychiatric Services","USER_name2":"","USER_street1":"6167 Bristol Parkway","USER_city":"Culver City","USER_state":"CA","USER_zip":"90230","USER_phone":"424-331-5604 x2","USER_service_code_info":"SA MH SUMH * OP * OMH * ANTPYCH * CBT CFT IDD IPT KIT TMS TELE * PVTP * MC MI PI SF VAF * SS * STU * SMPD * CHLD YAD ADLT SNR * SP * VAPP * CDM COOT FPSY IMR IPC"}},{"type":"Feature","geometry":{"type":"Point","coordinates":[-121.747584092,38.5479342470001]},"properties":{"USER_name1":"Yolo County Health and Human Services","USER_name2":"Mental Health Services","USER_street1":"600 A Street","USER_city":"Davis","USER_state":"CA","USER_zip":"95616","USER_phone":"530-666-8630","USER_service_code_info":"SA MH SUMH * OP * OMH * CHLOR FLUPH HALOP LOXAP PERPH PIMOZ PROCH ARIPI ASENA BREXP CARIP CLOZA ILOPE LURAS OLANZ OLANZF PALIP QUETI RISPE ZIPRA ANTPYCH * CBT GT IPT TELE * CIT PEON PEOFF * LCCG * CMHG CSBG MC MD SF SI * TAY SE CJ CO SED SMI * HS PEER * SMON * CHLD YAD ADLT SNR * AH SP FX * F36 F47 F70 * VAPN * COOT PRS SH CM SPS"}},{"type":"Feature","geometry":{"type":"Point","coordinates":[-120.827980377,39.5607845100001]},"properties":{"USER_name1":"County of Sierra","USER_name2":"Sierra County Drug and Alcohol","USER_street1":"22 Maiden Lane","USER_city":"Downieville","USER_state":"CA","USER_zip":"95936","USER_phone":"530-289-3711","USER_service_code_info":"SA MH SUMH * OP * OMH * ANTPYCH * IDD IPT * CIT * LCCG * CMHG CSBG MC MD SI * PEER * SMOP * CHLD YAD ADLT SNR * VAPP * CM"}},{"type":"Feature","geometry":{"type":"Point","coordinates":[-116.923932,32.8145860000001]},"properties":{"USER_name1":"Destinations for Teens","USER_name2":"Sleepy Creek","USER_street1":"- - -","USER_city":"El Cajon","USER_state":"CA","USER_zip":"92021","USER_phone":"818-737-2221","USER_service_code_info":"SA MH SUMH * RES * RTCC * CHLOR FLUPH HALOP LOXAP PERPH PIMOZ PROCH THIOT THIOR TRIFL ARIPI ASENA BREXP CARIP CLOZA ILOPE LURAS OLANZ OLANZF PALIP QUETI RISPE ZIPRA NRT NSC ANTPYCH * AT CBT CFT DBT GT IDD IPT TELE * PVTP * MI PI SF * GL MF CJ CO HV DV TRMA TBI PEFP PTSD SED * STU * TBS * PEER * TCC * SMON * CHLD * VAPN * ACT COOT FPSY PRS SPS ES"}},{"type":"Feature","geometry":{"type":"Point","coordinates":[-116.964233032,32.800013005]},"properties":{"USER_name1":"Alvarado Parkway Institute","USER_name2":"Outpatient Services/El Cajon","USER_street1":"215 West Madison Avenue","USER_city":"El Cajon","USER_state":"CA","USER_zip":"92020","USER_phone":"619-667-6161","USER_service_code_info":"SA MH SUMH * OP * OMH * NRT ANTPYCH * CBT CFT DBT GT IDD IPT TELE * CIT * PVTP * MC MI PI SF * SE CO SMI * STU * MST LABT * TCC * SMPD * YAD ADLT SNR * VAPN * DEC FPSY IMR CM SPS"}},{"type":"Feature","geometry":{"type":"Point","coordinates":[-116.92889233,32.802626022]},"properties":{"USER_name1":"Sharp Mesa Vista Hospital","USER_name2":"East County Outpatient","USER_street1":"1460 East Main Street","USER_city":"El Cajon","USER_state":"CA","USER_zip":"92021","USER_phone":"858-836-8434","USER_service_code_info":"MH SUMH * OP PHDT * OMH * CHLOR FLUPH HALOP LOXAP PERPH PROCH ARIPI ASENA CARIP CLOZA LURAS OLANZ PALIP QUETI RISPE ZIPRA ANTPYCH * CBT CFT DBT GT IDD IPT TELE * PVTN * MC MI PI SF VAF * SE CO TRMA PTSD SED SMI * STU * LABT * TCC * SMPD * CHLD YAD ADLT SNR * AH * VPPD * FPSY IMR PRS SPS"}},{"type":"Feature","geometry":{"type":"Point","coordinates":[-117.229563937,32.983114087]},"properties":{"USER_name1":"Villa Kali Ma Outpatient Trt for Women","USER_name2":"","USER_street1":"3790 Via De La Valle","USER_city":"Del Mar","USER_state":"CA","USER_zip":"92014","USER_phone":"760-496-9747","USER_service_code_info":"SA MH SUMH * OP PHDT * OMH * AT CBT CFT DBT EMDR GT IDD IPT * PVTP * PI SF * TAY SE CO TRMA PTSD * STU * HS * SMPD * YAD ADLT SNR * VPPD * DEC SH CM SPS"}},{"type":"Feature","geometry":{"type":"Point","coordinates":[-115.561905008,32.7933052610001]},"properties":{"USER_name1":"Imperial County Behavioral Health","USER_name2":"Children Adolescents Outpatient Servs","USER_street1":"120 North 8th Street","USER_city":"El Centro","USER_state":"CA","USER_zip":"92243","USER_phone":"442-265-1525","USER_service_code_info":"MH SUMH * OP * OMH * RISPE ANTPYCH * CBT CFT DBT GT IPT TELE AIM * CIT PEON WI * LCCG * CLF CMHG MC MD MI PI SEF SF SWFS VAF * PA SS * TAY GL TRMA PED PTSD SED * MST LABT * SMON * CHLD * AH SP * VAPN * FPSY ICM PRS CM SPS"}},{"type":"Feature","geometry":{"type":"Point","coordinates":[-117.700296248,33.4664871750001]},"properties":{"USER_name1":"Mindfuli","USER_name2":"","USER_street1":"34185 St of the Violet Lantern","USER_city":"Dana Point","USER_state":"CA","USER_zip":"92629","USER_phone":"949-356-7952","USER_service_code_info":"SA MH SUMH * OP * OMH * CBT CFT DBT GT IDD IPT TELE * PVTP * PI SF * GL CO DV TRMA PTSD * PEER * TCC * SMPD * CHLD YAD ADLT SNR * SP * VPPD * AOT CDM FPSY IMR SPS"}},{"type":"Feature","geometry":{"type":"Point","coordinates":[-115.546075456,32.7724996100001]},"properties":{"USER_name1":"Jackson House El Centro","USER_name2":"","USER_street1":"2364 South 2nd Street","USER_city":"El Centro","USER_state":"CA","USER_zip":"92243","USER_phone":"760-332-1468 x0","USER_service_code_info":"MH * RES * RTCA * HALOP LOXAP ARIPI BREXP CARIP CLOZA ILOPE LURAS OLANZ OLANZF QUETI RISPE ZIPRA ANTPYCH * AT CBT CFT DBT GT IPT TELE * CIT PEOFF * PVTP * CLF MD MI PI SF VAF * TAY SE GL VET ADM MF CJ CO HV TRMA PED PTSD SMI * LABT * PEER * SMPD * YAD ADLT SNR * SP * VPPD * FPSY PRS SPS"}},{"type":"Feature","geometry":{"type":"Point","coordinates":[-121.406818825,38.425367017]},"properties":{"USER_name1":"Kaiser Permanente Medical Center","USER_name2":"Adult and Child Psychiatry","USER_street1":"9201 Big Horn Boulevard","USER_city":"Elk Grove","USER_state":"CA","USER_zip":"95758","USER_phone":"916-525-6100","USER_service_code_info":"MH SUMH * OP * OMH * CHLOR FLUPH HALOP PERPH THIOR TRIFL ARIPI CLOZA OLANZ PALIP QUETI RISPE ZIPRA ANTPYCH * CBT CFT DBT GT IPT TELE * PVTN * MC MD PI SF SI * TAY SE GL CO DV TRMA ALZ PTSD SED SMI * STU * MST LABT * TCC * SMON * CHLD YAD ADLT SNR * AH SP * VAPN * CDM FPSY IPC SPS"}},{"type":"Feature","geometry":{"type":"Point","coordinates":[-121.393967104,38.418307821]},"properties":{"USER_name1":"Kaiser Permanente South Sacto","USER_name2":"Addiction Services and Adult Psych","USER_street1":"9324 West Stockton Boulevard","USER_city":"Elk Grove","USER_state":"CA","USER_zip":"95758","USER_phone":"916-525-6100","USER_service_code_info":"SA MH SUMH * OP * OMH * CHLOR FLUPH HALOP PERPH ARIPI CLOZA OLANZ PALIP QUETI RISPE ZIPRA NSC ANTPYCH * CBT CFT DBT GT IDD IPT TELE * PVTN * MC MD PI SF SI * TAY SE GL CO DV TRMA ALZ PTSD SED SMI * STU * MST LABT * SMON * CHLD YAD ADLT SNR * AH SP * VAPN * CDM FPSY SPS"}},{"type":"Feature","geometry":{"type":"Point","coordinates":[-121.408054066,38.4157808860001]},"properties":{"USER_name1":"River Oak Center for Children","USER_name2":"","USER_street1":"9412 Big Horn Boulevard","USER_city":"Elk Grove","USER_state":"CA","USER_zip":"95758","USER_phone":"916-226-2800","USER_service_code_info":"MH SUMH * OP * OMH * CBT CFT DBT GT IDD IPT TELE * PVTN * CLF MD SCJJ SI SMHA SWFS * TAY GL CO TRMA PTSD SED SMI * STU * PEER * SMPD * CHLD YAD * AH SP FX * F17 F36 F37 F70 F81 * VPPD * FPSY PRS CM SPS"}},{"type":"Feature","geometry":{"type":"Point","coordinates":[-121.460604408,38.427369119]},"properties":{"USER_name1":"Turning Point","USER_name2":"Flexible Integrated Treatment","USER_street1":"3161 Dwight Road","USER_city":"Elk Grove","USER_state":"CA","USER_zip":"95758","USER_phone":"916-427-7141","USER_service_code_info":"MH SUMH * OP * OMH * ARIPI OLANZ RISPE ANTPYCH * CBT CFT DBT GT IPT TELE * PVTN * MD * TAY GL TRMA PED PTSD SED * PEER * SMON * CHLD YAD * SP FX * F17 * VAPN * ACT FPSY PRS CM SPS"}},{"type":"Feature","geometry":{"type":"Point","coordinates":[-118.518576,34.167291]},"properties":{"USER_name1":"Ascend Healthcare 2","USER_name2":"","USER_street1":"- - -","USER_city":"Encino","USER_state":"CA","USER_zip":"91316","USER_phone":"310-359-9403","USER_service_code_info":"SA MH * PHDT RES * RTCC * NRT ANTPYCH * AT CBT CFT DBT EMDR GT IDD IPT * PVTP * PI SF * GL MF CJ CO HV DV TRMA PTSD * TBS * PEER * SMON * CHLD * VAPN * ACT COOT FPSY CM ES"}},{"type":"Feature","geometry":{"type":"Point","coordinates":[-118.41600137,33.9170407070001]},"properties":{"USER_name1":"Insight Treatment Programs ","USER_name2":"","USER_street1":"115 Main Street","USER_city":"El Segundo","USER_state":"CA","USER_zip":"90245","USER_phone":"818-501-3512","USER_service_code_info":"SA MH SUMH * OP PHDT * AT CBT CFT DBT GT IDD IPT TELE * CIT * PVTP * PI SF * SS * CO * STU * PEER * TCC * SMON * CHLD * VAPN"}},{"type":"Feature","geometry":{"type":"Point","coordinates":[-117.287320195,33.0547306190001]},"properties":{"USER_name1":"BOLD Health","USER_name2":"","USER_street1":"561 Saxony Place","USER_city":"Encinitas","USER_state":"CA","USER_zip":"92024","USER_phone":"760-503-4703","USER_service_code_info":"SA MH SUMH * OP PHDT * OMH * CHLOR FLUPH HALOP LOXAP PERPH PROCH ARIPI ASENA BREXP CARIP CLOZA ILOPE LURAS OLANZ OLANZF PALIP QUETI RISPE ZIPRA NSC ANTPYCH * CBT CFT GT IDD IPT TELE AIM * PVTP * MC MI PI SF * CO * STU * TCC * SMPD * CHLD YAD ADLT SNR * VPPD * FPSY PRS SPS"}},{"type":"Feature","geometry":{"type":"Point","coordinates":[-118.4874337,34.1568819]},"properties":{"USER_name1":"Hope Family Therapy","USER_name2":"","USER_street1":"- - -","USER_city":"Encino","USER_state":"CA","USER_zip":"91436","USER_phone":"858-333-6856","USER_service_code_info":"SA MH SUMH * OP * OMH * AT CBT CFT DBT EMDR GT IPT TELE * PVTP * MHC * CLF MI OSF PI SF SMHA VAF * SMPD * CHLD YAD ADLT SNR * SP * VPPD * ACT FPSY SPS"}},{"type":"Feature","geometry":{"type":"Point","coordinates":[-118.069384367,34.068353164]},"properties":{"USER_name1":"Starview Community Services and","USER_name2":"Teammates","USER_street1":"9040 Telstar Avenue","USER_city":"El Monte","USER_state":"CA","USER_zip":"91731","USER_phone":"626-774-5809","USER_service_code_info":"MH SUMH * OP * OMH * ARIPI ILOPE LURAS OLANZ QUETI RISPE ANTPYCH * CFT IPT TELE * PEOFF * PVTP * FQHC * MD SMHA * PA * TAY SE CO PTSD SED SMI * STU * SMON * CHLD YAD ADLT * AH SP * VAPN * FPSY ICM PRS CM"}},{"type":"Feature","geometry":{"type":"Point","coordinates":[-118.486732821,34.1573802080001]},"properties":{"USER_name1":"Encino Hospital Med Center","USER_name2":"Geropsychiatry Program","USER_street1":"16237 Ventura Boulevard","USER_city":"Encino","USER_state":"CA","USER_zip":"91436","USER_phone":"818-995-5177","USER_service_code_info":"SA MH SUMH * HI * IPSY * CHLOR FLUPH HALOP PERPH THIOR TRIFL ARIPI BREXP CLOZA LURAS OLANZ RISPE ZIPRA ANTPYCH * AT GT * CIT PEON PEOFF WI * PVTN * MC PI SF * SE CO ALZ * MST LABT * SMON * ADLT SNR * VAPN * CDM CM SPS"}},{"type":"Feature","geometry":{"type":"Point","coordinates":[-118.4874337,34.1568819]},"properties":{"USER_name1":"Hope Family Therapy","USER_name2":"","USER_street1":"- - -","USER_city":"Encino","USER_state":"CA","USER_zip":"91436","USER_phone":"858-333-6856","USER_service_code_info":"SA MH SUMH * OP * OMH * AT CBT CFT DBT EMDR GT IPT TELE * PVTP * MHC * CLF MI OSF PI SF SMHA VAF * SMPD * CHLD YAD ADLT SNR * SP * VPPD * ACT FPSY SPS"}},{"type":"Feature","geometry":{"type":"Point","coordinates":[-118.518576,34.167291]},"properties":{"USER_name1":"Inneractions","USER_name2":"","USER_street1":"- - -","USER_city":"Encino","USER_state":"CA","USER_zip":"91316","USER_phone":"818-571-9841","USER_service_code_info":"SA MH SUMH * OP PHDT * MSMH * CHLOR FLUPH HALOP LOXAP PERPH PIMOZ PROCH THIOT THIOR TRIFL ARIPI ASENA BREXP CARIP CLOZA ILOPE LURAS OLANZ OLANZF PALIP QUETI RISPE ZIPRA NRT ANTPYCH * AT CBT CFT DBT EMDR GT IDD IPT TELE * PVTP * ITU MI PI SF * SS * TAY SE GL VET ADM MF CO HV DV TRMA PED PTSD SMI * STU * TBS * HS PEER * TCC * SMPD * YAD ADLT SNR * VPPD * COOT DEC FPSY ICM PRS SEMP SH CM ES"}},{"type":"Feature","geometry":{"type":"Point","coordinates":[-118.492833757,34.1584135700001]},"properties":{"USER_name1":"Comprehensive Psychiatric Services","USER_name2":"","USER_street1":"16501 Ventura Boulevard","USER_city":"Encino","USER_state":"CA","USER_zip":"91436","USER_phone":"818-849-6215 x2","USER_service_code_info":"SA MH SUMH * OP * OMH * ANTPYCH * CBT CFT IDD IPT KIT TMS TELE * PVTP * MC MI PI SF VAF * SS * STU * SMPD * CHLD YAD ADLT SNR * SP * VAPP * CDM COOT FPSY IMR IPC"}},{"type":"Feature","geometry":{"type":"Point","coordinates":[-118.518576,34.167291]},"properties":{"USER_name1":"Montare at the Boulevard","USER_name2":"","USER_street1":"- - -","USER_city":"Encino","USER_state":"CA","USER_zip":"91316","USER_phone":"888-292-0870","USER_service_code_info":"MH SUMH * RES * RTCA * ANTPYCH * AT CBT CRT CFT DBT EMDR GT IDD IPT KIT TMS TELE * CIT * PVTP * MI PI SF * GL VET CO DV TRMA PEFP PTSD SMI * SMPD * YAD ADLT SNR * VPPD * FPSY IMR PRS CM"}},{"type":"Feature","geometry":{"type":"Point","coordinates":[-118.518576,34.167291]},"properties":{"USER_name1":"Montare Behavioral Health","USER_name2":"","USER_street1":"- - -","USER_city":"Encino","USER_state":"CA","USER_zip":"91316","USER_phone":"818-643-5953","USER_service_code_info":"MH SUMH * RES * RTCA * ANTPYCH * AT CBT CRT CFT DBT EMDR GT IDD IPT KIT TMS TELE * CIT * PVTP * MI PI SF * GL VET CO TRMA PEFP PTSD SMI * SMPD * YAD ADLT SNR * VPPD * FPSY IMR PRS CM"}},{"type":"Feature","geometry":{"type":"Point","coordinates":[-117.073427856,33.1010691320001]},"properties":{"USER_name1":"Mental Health Systems Inc","USER_name2":"North Star ACT","USER_street1":"474 West Vermont Avenue","USER_city":"Escondido","USER_state":"CA","USER_zip":"92025","USER_phone":"760-432-9884","USER_service_code_info":"SA MH SUMH * OP * OMH * ANTPYCH * AT CBT GT IDD IPT * CIT PEON PEOFF * PVTN * FQHC * CLF CMHG CSBG MC MD OSF PI SMHA * CO * HS PEER * SMON * ADLT * AH SP * VAPN * ACT ICM IMR PRS SH VRS CM SPS ES"}},{"type":"Feature","geometry":{"type":"Point","coordinates":[-118.50080897,34.1587928100001]},"properties":{"USER_name1":"Phillips Graduate Institute","USER_name2":"CalFam Counseling","USER_street1":"16830 Ventura Boulevard","USER_city":"Encino","USER_state":"CA","USER_zip":"91436","USER_phone":"818-386-5600","USER_service_code_info":"SA MH SUMH * OP * OMH * AT CBT CFT GT IDD IPT TELE * PVTN * SF * PA SS * STU * TCC * SMON * CHLD YAD ADLT SNR * SP * VAPN * COOT FPSY SPS"}},{"type":"Feature","geometry":{"type":"Point","coordinates":[-117.086258958,33.1296358320001]},"properties":{"USER_name1":"Mental Health Systems Inc","USER_name2":"North Inland Mental Health Center","USER_street1":"125 West Mission Avenue","USER_city":"Escondido","USER_state":"CA","USER_zip":"92025","USER_phone":"760-747-3424","USER_service_code_info":"MH SUMH * OP * OMH * CHLOR FLUPH HALOP ARIPI CLOZA LURAS OLANZ PALIP QUETI RISPE NRT ANTPYCH * CBT CFT DBT GT IDD IPT TELE AIM * CIT * PVTN * CLF MC MD * PA * TAY SE GL CO TRMA PTSD SMI * STU * PEER * TCC * SMON * YAD ADLT SNR * AH SP * VAPN * CDM FPSY IMR PRS SEMP VRS SPS"}},{"type":"Feature","geometry":{"type":"Point","coordinates":[-118.483166238,34.1568313600001]},"properties":{"USER_name1":"Southern California TMS Center","USER_name2":"","USER_street1":"16055 Ventura Boulevard","USER_city":"Encino","USER_state":"CA","USER_zip":"91436","USER_phone":"866-322-7776","USER_service_code_info":"MH * OP * OMH * TMS * PVTP * CLF MC MD MI PI SF SI VAF * SMPD * CHLD YAD ADLT SNR * SP * VPPD"}},{"type":"Feature","geometry":{"type":"Point","coordinates":[-117.073427856,33.1010691320001]},"properties":{"USER_name1":"Mental Health Systems Inc","USER_name2":"Strengths Based Case Management","USER_street1":"474 West Vermont Avenue","USER_city":"Escondido","USER_state":"CA","USER_zip":"92025","USER_phone":"760-294-1281","USER_service_code_info":"MH SUMH * OP * OMH * CBT CFT DBT GT IDD TELE * PVTN * MC MD MI PI SI SMHA * CO SMI * STU * HS PEER * TCC * SMON * YAD ADLT * AH SP FX * F4 F66 * VAPN * DEC FPSY IMR PRS SEMP VRS CM SPS ES"}},{"type":"Feature","geometry":{"type":"Point","coordinates":[-122.067675983,38.236618293]},"properties":{"USER_name1":"Solano County Behavioral Health","USER_name2":"Assertive Community Treatment","USER_street1":"2101 Courage Drive","USER_city":"Fairfield","USER_state":"CA","USER_zip":"94533","USER_phone":"707-784-2057","USER_service_code_info":"MH SUMH * OP * CMHC * CLOZA RISPE ANTPYCH * AT CBT DBT GT IDD IPT TELE * CIT PEON PEOFF * LCCG * CLF CMHG MC MD OSF SCJJ SF SI SMHA * PA SS * GL CJ CO TRMA PTSD SMI * STU * HS PEER * SMPD * YAD ADLT SNR * AH SP FX * F36 * VPPD * ACT COOT ICM PRS SEMP SH VRS CM SPS"}},{"type":"Feature","geometry":{"type":"Point","coordinates":[-122.048883085,38.2488085140001]},"properties":{"USER_name1":"AK Bean Foundation","USER_name2":"","USER_street1":"623 Great Jones Street","USER_city":"Fairfield","USER_state":"CA","USER_zip":"94533","USER_phone":"707-664-7798","USER_service_code_info":"SA MH * OP * OMH * CBT CRT DBT GT IDD IPT TELE * PVTN * CLF MD PI SCJJ SF SI SMHA SWFS * PA * PEER * SMPD * YAD ADLT SNR * SP * VPPD * COOT PRS CM"}},{"type":"Feature","geometry":{"type":"Point","coordinates":[-122.067675983,38.236618293]},"properties":{"USER_name1":"Solano County Mental Health","USER_name2":"Adult BH Services","USER_street1":"2101 Courage Drive","USER_city":"Fairfield","USER_state":"CA","USER_zip":"94533","USER_phone":"707-784-2080","USER_service_code_info":"SA MH SUMH * OP * OMH * FLUPH HALOP LOXAP ARIPI CLOZA ILOPE LURAS OLANZ OLANZF RISPE ANTPYCH * AT CBT DBT GT IDD IPT TELE * PEOFF WI * LCCG * CLF CMHG MC MD OSF SF SI SMHA * PA SS * GL CO TRMA PTSD SMI * STU * HS PEER * SMPD * YAD ADLT SNR * AH SP FX * F36 F81 * VAPN * COOT FPSY PRS SEMP CM IPC SPS"}},{"type":"Feature","geometry":{"type":"Point","coordinates":[-122.142738524,38.217689105]},"properties":{"USER_name1":"Comprehensive Psychiatric Services","USER_name2":"","USER_street1":"5030 Business Center Drive","USER_city":"Fairfield","USER_state":"CA","USER_zip":"94534","USER_phone":"707-864-6860 x2","USER_service_code_info":"SA MH SUMH * OP * OMH * ANTPYCH * CBT CFT IDD IPT KIT TMS TELE * PVTP * MC MI PI SF VAF * SS * STU * SMPD * CHLD YAD ADLT SNR * SP FX * F25 * VAPP * CDM COOT FPSY IMR IPC"}},{"type":"Feature","geometry":{"type":"Point","coordinates":[-117.472964012,34.0772015200001]},"properties":{"USER_name1":"Telecare Corporation","USER_name2":"Wellspring Center CRT","USER_street1":"15217 San Bernardino Avenue","USER_city":"Fontana","USER_state":"CA","USER_zip":"92335","USER_phone":"951-643-2150","USER_service_code_info":"MH SUMH * RES * RTCA * HALOP ARIPI ASENA BREXP CARIP CLOZA ILOPE LURAS OLANZ OLANZF PALIP QUETI RISPE ZIPRA NRT ANTPYCH * AT CBT DBT GT IDD TELE * PVTP * MD SMHA * CO SMI * STU * SMON * YAD ADLT * AH * VAPN * PRS CM"}},{"type":"Feature","geometry":{"type":"Point","coordinates":[-123.802536486,39.4196509610001]},"properties":{"USER_name1":"Redwood Community Services Inc","USER_name2":"Behavioral Health Services","USER_street1":"32670 Highway 20","USER_city":"Fort Bragg","USER_state":"CA","USER_zip":"95437","USER_phone":"707-467-2010","USER_service_code_info":"MH * OP * OMH * AT CBT CFT DBT GT IPT TELE * PVTN * MC MD SF SI * TRMA PTSD SED * SMPD * CHLD * AH SP * VPPD * FPSY ICM PRS CM"}},{"type":"Feature","geometry":{"type":"Point","coordinates":[-117.972138449,33.699839732]},"properties":{"USER_name1":"Asana Recovery","USER_name2":"Magnolia","USER_street1":"18101 Magnolia Street","USER_city":"Fountain Valley","USER_state":"CA","USER_zip":"92708","USER_phone":"949-438-4504","USER_service_code_info":"SA MH SUMH * PHDT * PH * AT CBT CFT DBT GT IDD IPT TELE * PVTP * ITU PI SF SMHA * PA * STU * HIVT STDT TBS HBT HCT * PEER * SMPD * YAD ADLT SNR * VPPD * ACT COOT DEC FPSY LAD PRS CM IPC SPS"}},{"type":"Feature","geometry":{"type":"Point","coordinates":[-117.924142665,33.7155436460001]},"properties":{"USER_name1":"Crescent Moon Recovery","USER_name2":"","USER_street1":"11770 Warner Avenue","USER_city":"Fountain Valley","USER_state":"CA","USER_zip":"92708","USER_phone":"657-577-6200","USER_service_code_info":"SA MH SUMH * OP PHDT * MSMH * ARIPI CLOZA OLANZ OLANZF QUETI RISPE NRT NSC ANTPYCH * AT CBT CRT CFT DBT EMDR GT IDD IPT TMS TELE * PVTN * MHC * ITU MI PI SF * GL VET ADM MF CJ CO HV DV TRMA TBI PED PEFP PTSD SMI * STU * HIVT STDT TBS HBT HCT LABT * PEER * TCC * SMPD * YAD ADLT * VPPD * AOT COOT DEC FPSY ICM PRS VRS CM SPS ES"}},{"type":"Feature","geometry":{"type":"Point","coordinates":[-120.768296505,38.5009976420001]},"properties":{"USER_name1":"More to Life Recovery","USER_name2":"","USER_street1":"20100 Quartz Mountain Road North","USER_city":"Fiddletown","USER_state":"CA","USER_zip":"95629","USER_phone":"209-206-1177","USER_service_code_info":"SA MH SUMH * RES * RTCA * HALOP ARIPI OLANZ OLANZF QUETI RISPE ZIPRA NRT NSC ANTPYCH * AT CBT CRT DBT IDD TELE * PVTP * PI SF * STU * TBS HBT HCT LABT * TCC * SMON * YAD ADLT SNR * VAPN * CDM DEC IMR PRS VRS CM ES"}},{"type":"Feature","geometry":{"type":"Point","coordinates":[-121.979644961,37.5465810050001]},"properties":{"USER_name1":"Fremont Hospital","USER_name2":"","USER_street1":"39001 Sundale Drive","USER_city":"Fremont","USER_state":"CA","USER_zip":"94538","USER_phone":"510-796-1100","USER_service_code_info":"SA MH SUMH * HI OP PHDT * PSY * CHLOR FLUPH HALOP LOXAP PERPH THIOT TRIFL ARIPI ASENA BREXP CARIP CLOZA ILOPE LURAS OLANZ PALIP QUETI RISPE ZIPRA NRT NSC ANTPYCH * AT CBT DBT GT IDD IPT TELE * CIT PEON WI * PVTP * CLF MC MD MI PI SF SI SMHA * SE CO PED SMI * STU * MST LABT * PEER * TCC * SMON * CHLD YAD ADLT SNR * AH * VAPN * DEC FPSY CM SPS ES"}},{"type":"Feature","geometry":{"type":"Point","coordinates":[-121.978006215,37.549350261]},"properties":{"USER_name1":"Portia Bell Hume Behav Health and","USER_name2":"Training Center/Fremont","USER_street1":"39420 Liberty Street","USER_city":"Fremont","USER_state":"CA","USER_zip":"94538","USER_phone":"925-825-1793","USER_service_code_info":"MH SUMH * OP * OMH * CBT CFT GT IPT TELE * PVTN * CLF MC MD OSF PI SF SI SWFS * SS * TAY SED SMI * PEER * SMPD * CHLD YAD ADLT SNR * SP FX * F25 F28 F30 F36 * VPPD * COOT FPSY CM SPS"}},{"type":"Feature","geometry":{"type":"Point","coordinates":[-121.907843315,37.4944593980001]},"properties":{"USER_name1":"Center for Discovery","USER_name2":"Fremont","USER_street1":"46890 Rancho Higuera Road","USER_city":"Fremont","USER_state":"CA","USER_zip":"94539","USER_phone":"866-862-3631","USER_service_code_info":"SA MH SUMH * RES * RTCA * CBT CFT DBT GT IPT * PVTP * MI PI SF * PED * MST * HS * SMPD * YAD ADLT * VPPD * DEC FPSY CM"}},{"type":"Feature","geometry":{"type":"Point","coordinates":[-117.950689,33.710927]},"properties":{"USER_name1":"Western Youth Services","USER_name2":"","USER_street1":"- - -","USER_city":"Fountain Valley","USER_state":"CA","USER_zip":"92708","USER_phone":"714-378-2620","USER_service_code_info":"SA MH SUMH * OP * OMH * RISPE ANTPYCH * AT CBT CFT DBT EMDR GT IDD IPT TELE * PVTN * CLF MD SI SMHA * TAY GL CJ CO DV TRMA PED PEFP PTSD SED SMI * STU * PEER * TCC * SMON * CHLD YAD * AH SP FX * F4 F47 F92 * VAPN * ACT COOT DEC FPSY ICM PRS CM SPS"}},{"type":"Feature","geometry":{"type":"Point","coordinates":[-119.780911412,36.777578605]},"properties":{"USER_name1":"Central Star Community Services","USER_name2":"","USER_street1":"2934 North Fresno Street","USER_city":"Fresno","USER_state":"CA","USER_zip":"93703","USER_phone":"559-892-1128","USER_service_code_info":"MH SUMH * OP * OMH * ARIPI CLOZA ILOPE LURAS OLANZ QUETI RISPE ANTPYCH * CBT DBT IPT * PEOFF * PVTP * FQHC * CLF MD OSF PI SCJJ SEF SI SMHA SWFS * PA * TAY SE GL CO TRMA PTSD SED SMI * STU * SMON * CHLD YAD ADLT * AH SP * VAPN * FPSY ICM PRS CM SPS"}},{"type":"Feature","geometry":{"type":"Point","coordinates":[-119.80299186,36.845910184]},"properties":{"USER_name1":"Aspire Counseling Services","USER_name2":"","USER_street1":"7498 North Remington Avenue","USER_city":"Fresno","USER_state":"CA","USER_zip":"93711","USER_phone":"888-585-7373","USER_service_code_info":"SA MH SUMH * OP PHDT * OMH * AT CBT CFT DBT GT IDD IPT TELE * PVTP * MC MI PI SF SI * TAY SE GL VET ADM MF CJ CO HV TRMA PTSD SED SMI * STU * TCC * SMPD * CHLD YAD ADLT SNR * VPPD * COOT FPSY CM SPS"}},{"type":"Feature","geometry":{"type":"Point","coordinates":[-119.7872,36.7476550000001]},"properties":{"USER_name1":"Crestwood Fresno Bridge Program","USER_name2":"","USER_street1":"- - -","USER_city":"Fresno","USER_state":"CA","USER_zip":"93701","USER_phone":"559-445-9094","USER_service_code_info":"MH SUMH * RES * RTCA * CHLOR FLUPH HALOP LOXAP ARIPI BREXP CARIP CLOZA OLANZ PALIP QUETI RISPE NRT NSC ANTPYCH * AT CBT DBT GT IDD IPT * PVTP * CLF SMHA * TAY SE GL VET CO TRMA PTSD SMI * HS PEER * TCC * SMPD * YAD ADLT * SP FX * F37 * VPPD * ACT DEC FPSY LAD PRS SEMP SH VRS CM ES"}},{"type":"Feature","geometry":{"type":"Point","coordinates":[-119.778985586,36.7725566710001]},"properties":{"USER_name1":"VA Central California Healthcare Sys","USER_name2":"Substance Use Disorder Program","USER_street1":"2615 East Clinton Avenue","USER_city":"Fresno","USER_state":"CA","USER_zip":"93703","USER_phone":"559-225-6100 x5197","USER_service_code_info":"SA MH SUMH * HI OP * VAHC * CHLOR FLUPH HALOP LOXAP PERPH PIMOZ PROCH THIOT THIOR TRIFL ARIPI ASENA CLOZA LURAS OLANZ PALIP QUETI RISPE ZIPRA NRT NSC ANTPYCH * AT CBT CFT ECT GT IDD IPT TELE AIM * CIT PEON WI * FED VAMC * FQHC * MI * SE GL VET ADM CO HV TRMA TBI ALZ PTSD SMI * STU * HIVT STDT TBS MST LABT * HS PEER * TCC * SMON * YAD ADLT SNR * VAPN * DEC PRS SEMP SH CM IPC SPS ES"}},{"type":"Feature","geometry":{"type":"Point","coordinates":[-119.754400811,36.7551155840001]},"properties":{"USER_name1":"Central Star Psychiatric Health","USER_name2":"","USER_street1":"4411 East Kings Canyon Road","USER_city":"Fresno","USER_state":"CA","USER_zip":"93702","USER_phone":"559-600-2382","USER_service_code_info":"MH SUMH * RES * RTCC * ARIPI CLOZA ILOPE LURAS OLANZ QUETI RISPE ANTPYCH * AT CBT CFT DBT GT IPT TELE AIM * CIT PEON PEOFF * PVTP * FQHC * CMHG CSBG ITU MD MI OSF PI SCJJ SEF SF SI SMHA SWFS * PA * GL TRMA PTSD SED * MST LABT * PEER * TCC * SMON * CHLD * AH SP * VAPN * DEC FPSY PRS CM SPS ES"}},{"type":"Feature","geometry":{"type":"Point","coordinates":[-123.792679219,40.101558207]},"properties":{"USER_name1":"Humboldt County Behavioral Health","USER_name2":"Outpatient Clinic","USER_street1":"727 Cedar Street","USER_city":"Garberville","USER_state":"CA","USER_zip":"95542","USER_phone":"707-923-2729","USER_service_code_info":"SA MH SUMH * OP * OMH * ANTPYCH * AT CBT CFT GT IDD IPT TELE * CIT * LCCG * FQHC * CLF CMHG CSBG ITU MC MD MI OSF PI SCJJ SEF SF SI SMHA SWFS VAF * SS * TAY SE CJ CO TRMA PTSD SMI * STU * PEER * SMPD * CHLD YAD ADLT SNR * AH * VPPD * FPSY CM SPS"}},{"type":"Feature","geometry":{"type":"Point","coordinates":[-117.96078382,33.7879292590001]},"properties":{"USER_name1":"Southland Integrated Services Inc","USER_name2":"","USER_street1":"9862 Chapman Avenue","USER_city":"Garden Grove","USER_state":"CA","USER_zip":"92841","USER_phone":"714-620-7000","USER_service_code_info":"SA MH SUMH * OP * OMH * HALOP NRT NSC ANTPYCH * CBT CFT IDD IPT TELE AIM * CIT * PVTN * FQHC MHC * CLF MC MD OSF PI SEF SF SMHA * SS * TAY SE GL CO HV TRMA TBI PED PTSD SED SMI * STU * MST * HS PEER * TCC * SMON * CHLD YAD ADLT SNR * SP FX * F92 * VAPN * ACT CDM FPSY ICM PRS SEMP CM IPC SPS ES"}},{"type":"Feature","geometry":{"type":"Point","coordinates":[-117.898824288,33.7829486480001]},"properties":{"USER_name1":"Windstone Behavioral Health","USER_name2":"","USER_street1":"12377 Lewis Street","USER_city":"Garden Grove","USER_state":"CA","USER_zip":"92840","USER_phone":"866-388-2810","USER_service_code_info":"SA MH SUMH * OP * OMH * HALOP ARIPI OLANZ OLANZF QUETI RISPE ZIPRA ANTPYCH * AT CBT CRT CFT DBT GT IDD IPT KIT TELE * PVTP * MC MD PI SF * TAY SE GL CJ CO DV TRMA ALZ PEFP PTSD SED SMI * SMON * CHLD YAD ADLT SNR * SP FX * F25 F42 F47 F92 * VAPN * AOT COOT DEC FPSY PRS VRS CM"}},{"type":"Feature","geometry":{"type":"Point","coordinates":[-117.881822352,33.8767379120001]},"properties":{"USER_name1":"Child Guidance Center Inc","USER_name2":"Fullerton CGC","USER_street1":"680 Langsdorf Drive","USER_city":"Fullerton","USER_state":"CA","USER_zip":"92831","USER_phone":"714-871-9264","USER_service_code_info":"MH SUMH * OP * OMH * ANTPYCH * CBT CFT GT IDD IPT TELE AIM * CIT * PVTN * CLF CMHG CSBG MD SF SMHA * SS * TAY GL VET ADM MF CO TRMA PED PTSD SED * PEER * SMPD * CHLD YAD * AH SP FX * F17 * VPPD * FPSY ICM CM SPS"}},{"type":"Feature","geometry":{"type":"Point","coordinates":[-121.5854892,37.0168754000001]},"properties":{"USER_name1":"Rebekah Childrens Services","USER_name2":"","USER_street1":"290 Ioof Avenue","USER_city":"Gilroy","USER_state":"CA","USER_zip":"95020","USER_phone":"408-846-2100","USER_service_code_info":"MH * OP * OMH * ANTPYCH * AT CBT CFT DBT GT IPT TELE * CIT * PVTN * CLF MD PI SCJJ SEF SF SWFS * SED * STU * SMON * CHLD YAD * AH SP * VAPN * ACT FPSY ICM PRS VRS CM SPS ES"}},{"type":"Feature","geometry":{"type":"Point","coordinates":[-118.249908014,34.144637996]},"properties":{"USER_name1":"Jewel City Treatment Center","USER_name2":"","USER_street1":"501 East Harvard Street","USER_city":"Glendale","USER_state":"CA","USER_zip":"91205","USER_phone":"310-362-0047","USER_service_code_info":"SA MH * OP PHDT * PH * NRT NSC * AT CBT CFT DBT EMDR GT IDD IPT TELE * CIT PEOFF * PVTP * PI SF * STU * HS PEER * TCC * SMPD * YAD ADLT SNR * VPPD * COOT FPSY SEMP SH VRS CM IPC SPS ES"}},{"type":"Feature","geometry":{"type":"Point","coordinates":[-118.230197131,34.1424994380001]},"properties":{"USER_name1":"Didi Hirsch Mental Health Services","USER_name2":"","USER_street1":"1540 East Colorado Street","USER_city":"Glendale","USER_state":"CA","USER_zip":"91205","USER_phone":"818-244-7257","USER_service_code_info":"SA MH SUMH * OP * CMHC * CHLOR FLUPH HALOP LOXAP PERPH PIMOZ PROCH THIOT THIOR TRIFL ARIPI ASENA BREXP CARIP CLOZA ILOPE LURAS OLANZ OLANZF PALIP QUETI RISPE ZIPRA NSC ANTPYCH * CBT CFT GT IDD IPT TELE AIM * CIT * PVTN * CLF MC MD PI SF * SE CO TRMA PTSD SMI * STU * MST LABT * HS PEER * TCC * SMON * CHLD YAD ADLT SNR * SP * VAPN * AOT COOT FPSY ICM IMR PRS TPC CM IPC SPS"}},{"type":"Feature","geometry":{"type":"Point","coordinates":[-118.257073536,34.147047458]},"properties":{"USER_name1":"Counseling4Kids","USER_name2":"","USER_street1":"225 West Broadway","USER_city":"Glendale","USER_state":"CA","USER_zip":"91204","USER_phone":"818-441-7800","USER_service_code_info":"SA MH SUMH * OP * OMH * AT CBT CFT GT IPT TELE * PVTN * MD SI * PA * TAY CO TRMA PED PTSD SED * STU * SMPD * CHLD YAD * SP * VPPD * COOT FPSY CM SPS"}},{"type":"Feature","geometry":{"type":"Point","coordinates":[-119.855954843,34.4322537420001]},"properties":{"USER_name1":"Casa Pacifica","USER_name2":"Goleta Office","USER_street1":"120 Cremona Drive","USER_city":"Goleta","USER_state":"CA","USER_zip":"93117","USER_phone":"805-319-7530","USER_service_code_info":"MH * OP * OMH * CBT CFT IPT TELE * CIT PEOFF * PVTN * CLF MD OSF PI SCJJ SEF SF SI SMHA SWFS * GL TRMA SED * SMON * CHLD YAD * AH SP * VAPN * FPSY ICM PRS CM SPS"}},{"type":"Feature","geometry":{"type":"Point","coordinates":[-118.25389998,34.1571179800001]},"properties":{"USER_name1":"Southern California TMS Center","USER_name2":"","USER_street1":"700 North Brand Boulevard","USER_city":"Glendale","USER_state":"CA","USER_zip":"91203","USER_phone":"866-322-7776","USER_service_code_info":"MH * OP * OMH * TMS * PVTP * CLF MC MD MI PI SF SI VAF * SMPD * CHLD YAD ADLT SNR * SP * VPPD"}},{"type":"Feature","geometry":{"type":"Point","coordinates":[-117.864979002,34.127360002]},"properties":{"USER_name1":"Glendora Hospital","USER_name2":"","USER_street1":"150 West Route 66","USER_city":"Glendora","USER_state":"CA","USER_zip":"91740","USER_phone":"626-852-5000 x5052","USER_service_code_info":"SA MH SUMH * HI OP PHDT * PSY * CHLOR FLUPH HALOP PERPH THIOR TRIFL ARIPI ASENA CLOZA LURAS OLANZ PALIP QUETI RISPE ZIPRA NRT NSC ANTPYCH * AT CBT DBT GT IPT * PEON * PVTP * MC MD PI SF * SE GL VET ADM MF CO HV TRMA ALZ PED PTSD SMI * STU * TCC * SMON * YAD ADLT SNR * AH SP * VAPN * CDM DEC FPSY IMR PRS VRS CM IPC SPS ES"}},{"type":"Feature","geometry":{"type":"Point","coordinates":[-121.031427663,39.2199865260001]},"properties":{"USER_name1":"Nevada County Behavioral Health","USER_name2":"Adult Services","USER_street1":"500 Crown Point Circle","USER_city":"Grass Valley","USER_state":"CA","USER_zip":"95945","USER_phone":"530-265-1437","USER_service_code_info":"SA MH SUMH * OP * OMH * ANTPYCH * AT CBT CFT DBT GT IDD IPT AIM * CIT * LCCG * CLF CMHG MC MD MI OSF PI SCJJ SEF SF SMHA SWFS VAF * PA SS * STU * HS PEER * SMON * YAD ADLT SNR * AH SP * VAPN * ACT COOT ICM PRS SH CM SPS"}},{"type":"Feature","geometry":{"type":"Point","coordinates":[-121.028930527,39.220702089]},"properties":{"USER_name1":"Stanford Sierra Youth and Families","USER_name2":"Stanford Youth Solutions","USER_street1":"345 Crown Point Circle","USER_city":"Grass Valley","USER_state":"CA","USER_zip":"95945","USER_phone":"916-344-0199","USER_service_code_info":"SA MH SUMH * OP * CMHC * CBT CFT GT IDD IPT TELE * CIT * PVTN * MC * TAY GL CO TRMA PED PTSD SED SMI * PEER * SMPD * CHLD YAD * AH SP * VPPD * FPSY PRS CM SPS"}},{"type":"Feature","geometry":{"type":"Point","coordinates":[-119.648781521,36.3378068420001]},"properties":{"USER_name1":"Hannahs House","USER_name2":"","USER_street1":"222 Keith Street","USER_city":"Hanford","USER_state":"CA","USER_zip":"93230","USER_phone":"559-583-9300","USER_service_code_info":"SA MH * RES * RTCA * AT CBT GT * PVTN * FQHC * PA * SE GL VET CJ CO HV DV TRMA PED PTSD * STU * SMPD * YAD ADLT * VAPN * PRS"}},{"type":"Feature","geometry":{"type":"Point","coordinates":[-121.031427663,39.2199865260001]},"properties":{"USER_name1":"Turning Point","USER_name2":"Providence Center","USER_street1":"500 Crown Point Circle","USER_city":"Grass Valley","USER_state":"CA","USER_zip":"95945","USER_phone":"530-273-5440 x3225","USER_service_code_info":"SA MH SUMH * OP * OMH * FLUPH HALOP PERPH ARIPI CLOZA OLANZ PALIP QUETI RISPE ZIPRA NRT NSC ANTPYCH * AT CBT CFT DBT EMDR GT IDD IPT * CIT PEON PEOFF * MC MD * CJ CO TRMA SMI * STU * HS PEER * TCC * YAD ADLT SNR * AH SP * ACT AOT COOT FPSY ICM PRS SEMP SH VRS CM SPS"}},{"type":"Feature","geometry":{"type":"Point","coordinates":[-122.533057,37.9492750000001]},"properties":{"USER_name1":"Casa Rene Crisis Residential","USER_name2":"","USER_street1":"- - -","USER_city":"Greenbrae","USER_state":"CA","USER_zip":"94904","USER_phone":"415-457-6966","USER_service_code_info":"MH SUMH * RES * RTCA * CHLOR FLUPH HALOP LOXAP PERPH PIMOZ PROCH THIOT THIOR TRIFL ARIPI CLOZA ILOPE OLANZ OLANZF PALIP QUETI RISPE NRT NSC ANTPYCH * AT * CIT * PVTN * FQHC * CMHG CSBG MC MD SF * TAY SE GL VET ADM CJ CO TBI PED SMI * STU * HS PEER * TCC * SMPD * YAD ADLT SNR * AH SP FX * F17 F81 * VPPD * ACT CDM COOT DEC FPSY ICM PRS SEMP SH VRS CM IPC SPS"}},{"type":"Feature","geometry":{"type":"Point","coordinates":[-122.0896983,37.6736067000001]},"properties":{"USER_name1":"Bay Area Community Services Inc","USER_name2":"Woodroe Place","USER_street1":"- - -","USER_city":"Hayward","USER_state":"CA","USER_zip":"94541","USER_phone":"510-613-0330","USER_service_code_info":"MH SUMH * RES * RTCA * CHLOR FLUPH HALOP PERPH ARIPI CLOZA OLANZ OLANZF PALIP QUETI RISPE ZIPRA NRT NSC ANTPYCH * AT CBT DBT GT IPT * CIT * PVTN * MC MD * TAY SE GL VET CJ CO HV TRMA TBI PTSD SMI * STU * MST LABT * HS * TCC * SMPD * YAD ADLT SNR * SP * VPPD * ACT CDM DEC FPSY ICM IMR PRS SEMP SH VRS CM IPC SPS"}},{"type":"Feature","geometry":{"type":"Point","coordinates":[-122.0690989,37.6390764000001]},"properties":{"USER_name1":"La Familia Counseling Service","USER_name2":"","USER_street1":"- - -","USER_city":"Hayward","USER_state":"CA","USER_zip":"94544","USER_phone":"510-300-3550","USER_service_code_info":"MH SUMH * OP * CMHC * CHLOR FLUPH HALOP LOXAP PERPH PIMOZ PROCH THIOT THIOR TRIFL ARIPI ASENA BREXP CARIP CLOZA ILOPE LURAS OLANZ OLANZF PALIP QUETI RISPE ZIPRA NRT ANTPYCH * CBT CFT DBT GT IPT TELE * CIT * PVTN * CLF CMHG MC MD SCJJ SI SMHA * PA * TAY SE GL VET CJ CO HV TRMA TBI PTSD SMI * STU * MST LABT * HS PEER * SMON * YAD ADLT SNR * SP * VAPN * ACT FPSY ICM PRS SEMP VRS CM"}},{"type":"Feature","geometry":{"type":"Point","coordinates":[-116.975941,33.7314700000001]},"properties":{"USER_name1":"Riverside University Health Systems","USER_name2":"BH Hemet Mental Health Servs","USER_street1":"- - -","USER_city":"Hemet","USER_state":"CA","USER_zip":"92543","USER_phone":"951-791-3300","USER_service_code_info":"MH SUMH * OP * OMH * CBT CFT DBT GT IPT TELE * LCCG * CMHG MD SF SMHA * SMI * STU * PEER * SMPD * YAD ADLT * AH * VPPD * ACT FPSY ICM PRS CM"}},{"type":"Feature","geometry":{"type":"Point","coordinates":[-122.105217856,37.653190893]},"properties":{"USER_name1":"Felton Institute","USER_name2":"Justice Services","USER_street1":"24301 Southland Drive","USER_city":"Hayward","USER_state":"CA","USER_zip":"94545","USER_phone":"415-474-7310","USER_service_code_info":"MH SUMH * OP * CMHC * ARIPI OLANZ QUETI ANTPYCH * AT CBT CFT DBT GT IPT TELE * PVTN * MC MD * CJ PTSD SMI * STU * HS PEER * SMON * YAD ADLT SNR * VAPN * FPSY ICM PRS VRS CM SPS"}},{"type":"Feature","geometry":{"type":"Point","coordinates":[-121.201912305,38.7637667860001]},"properties":{"USER_name1":"Discovery Mood and Anxiety Program","USER_name2":"Granite Bay","USER_street1":"5525 Cavitt Stallman Road","USER_city":"Granite Bay","USER_state":"CA","USER_zip":"95746","USER_phone":"877-514-4723","USER_service_code_info":"SA MH SUMH * RES * RTCC * ANTPYCH * AT CBT CRT CFT DBT GT IDD IPT * PVTP * PI SF * TAY GL VET ADM CO SED SMI * SMON * CHLD * VAPN * DEC FPSY"}},{"type":"Feature","geometry":{"type":"Point","coordinates":[-121.397894612,36.8730592950001]},"properties":{"USER_name1":"San Benito County Behavioral Hlth Dept","USER_name2":"","USER_street1":"1131 Community Parkway","USER_city":"Hollister","USER_state":"CA","USER_zip":"95023","USER_phone":"831-636-4020","USER_service_code_info":"SA MH SUMH * OP * OMH * CBT DBT GT IDD IPT TELE * CIT PEON * LCCG * CLF CMHG SEF SMHA SWFS * SS * TAY SE GL CJ CO SED SMI * SMPD * CHLD YAD ADLT SNR * AH SP * VPPD * COOT CM SPS ES"}},{"type":"Feature","geometry":{"type":"Point","coordinates":[-117.965351957,33.655205091]},"properties":{"USER_name1":"Elite Care Inc","USER_name2":"Beginnings Treatment Centers","USER_street1":"9311 Lawton Drive","USER_city":"Huntington Beach","USER_state":"CA","USER_zip":"92646","USER_phone":"888-511-0607","USER_service_code_info":"SA MH SUMH * RES * RTCA * CHLOR HALOP PROCH ARIPI CLOZA LURAS OLANZ QUETI RISPE NRT NSC ANTPYCH * AT CBT CFT DBT EMDR GT IDD IPT TELE * PVTP * MI PI SF * SS * VET MF CO * STU * HIVT STDT TBS MST HBT HCT LABT * HS PEER * TCC * SMPD * YAD ADLT SNR * VPPD * ACT CDM COOT DEC FPSY ICM IMR LAD PRS SEMP SH VRS CM IPC SPS ES"}},{"type":"Feature","geometry":{"type":"Point","coordinates":[-116.971154472,33.763265425]},"properties":{"USER_name1":"Valley Wide Counseling","USER_name2":"A Program of MFI Recovery Center","USER_street1":"950 North State Street","USER_city":"Hemet","USER_state":"CA","USER_zip":"92543","USER_phone":"951-654-2026","USER_service_code_info":"SA MH SUMH * OP PHDT * PH * ANTPYCH * CBT CFT DBT GT IDD IPT TELE * PVTN * CLF CMHG CSBG ITU MD MI OSF PI SCJJ SEF SF SI SMHA SWFS * PA SS * GL VET ADM MF CJ CO HV TRMA PTSD * PEER * SMPD * CHLD YAD ADLT SNR * AH * VPPD * COOT FPSY ICM CM IPC ES"}},{"type":"Feature","geometry":{"type":"Point","coordinates":[-118.002243982,33.702065169]},"properties":{"USER_name1":"Waymakers","USER_name2":"Huntington Beach Youth Shelter","USER_street1":"7291 Talbert Avenue","USER_city":"Huntington Beach","USER_state":"CA","USER_zip":"92648","USER_phone":"714-842-6600","USER_service_code_info":"MH * RES * RTCC * AT CBT CFT DBT GT IDD IPT TELE * CIT PEON PEOFF * PVTN * MHC * CLF MC OSF PI * PA * GL TRMA PTSD SED * STU * HS * TCC * SMON * CHLD * SP FX * F92 * VAPN * FPSY CM SPS ES"}},{"type":"Feature","geometry":{"type":"Point","coordinates":[-117.969468,33.6676190000001]},"properties":{"USER_name1":"South Coast Behavioral Health","USER_name2":"","USER_street1":"- - -","USER_city":"Huntington Beach","USER_state":"CA","USER_zip":"92646","USER_phone":"949-478-0633","USER_service_code_info":"SA MH SUMH * HI RES * RTCA * HALOP ARIPI CLOZA LURAS OLANZ OLANZF PALIP QUETI RISPE NRT NSC ANTPYCH * AT CBT CFT DBT EMDR GT IDD IPT * PVTP * PI SF * SE GL VET MF CJ CO HV TRMA TBI PTSD SMI * STU * HIVT STDT TBS MST HBT HCT LABT * HS PEER * TCC * SMPD * YAD ADLT SNR * VPPD * DEC FPSY LAD PRS VRS CM IPC SPS ES"}},{"type":"Feature","geometry":{"type":"Point","coordinates":[-116.235163,33.7139460000001]},"properties":{"USER_name1":"Riverside University Health System","USER_name2":"Mental Health CalWORKS/Indio","USER_street1":"- - -","USER_city":"Indio","USER_state":"CA","USER_zip":"92201","USER_phone":"760-863-2578","USER_service_code_info":"MH SUMH * OP * OMH * CBT GT IPT TELE * LCCG * MD SWFS * CO SMI * STU * PEER * SMPD * YAD ADLT * AH * VPPD * FPSY PRS CM"}},{"type":"Feature","geometry":{"type":"Point","coordinates":[-116.222221868,33.700981305]},"properties":{"USER_name1":"Riverside University Health System","USER_name2":"Indio Clinic","USER_street1":"47825 Oasis Street","USER_city":"Indio","USER_state":"CA","USER_zip":"92201","USER_phone":"760-863-8455","USER_service_code_info":"MH SUMH * OP * OMH * CBT DBT GT IPT * LCCG * CMHG MC MD OSF SF SI * CO SED SMI * PEER * SMPD * CHLD YAD ADLT SNR * AH * VPPD * ACT FPSY ICM PRS CM"}},{"type":"Feature","geometry":{"type":"Point","coordinates":[-118.349792556,33.950683188]},"properties":{"USER_name1":"Didi Hirsch Mental Health Services","USER_name2":"Excelsior House","USER_street1":"1007 Myrtle Avenue","USER_city":"Inglewood","USER_state":"CA","USER_zip":"90301","USER_phone":"310-412-4191","USER_service_code_info":"SA MH SUMH * RES * RTCA * NRT NSC ANTPYCH * AT CBT CFT DBT GT IDD IPT TELE * CIT * PVTN * MC MD SI * PA * TAY SE GL CJ HV TRMA PTSD SMI * HS PEER * TCC * SMPD * YAD ADLT * VAPN * DEC FPSY IMR PRS SEMP SH VRS CM SPS ES"}},{"type":"Feature","geometry":{"type":"Point","coordinates":[-117.809286703,33.6380300270001]},"properties":{"USER_name1":"Alter Behavioral Health","USER_name2":"","USER_street1":"4 Summit","USER_city":"Irvine","USER_state":"CA","USER_zip":"92603","USER_phone":"949-691-3241","USER_service_code_info":"MH SUMH * RES * RTCA * HALOP ARIPI CLOZA OLANZ OLANZF PALIP QUETI RISPE ANTPYCH * AT CBT CRT CFT DBT EMDR GT IDD IPT * CIT PEON * PVTP * FQHC * PI SF * TRMA PEFP PTSD SMI * HIVT STDT TBS MST LABT * HS PEER * SMPD * YAD ADLT SNR * VPPD * DEC FPSY IMR CM IPC SPS"}},{"type":"Feature","geometry":{"type":"Point","coordinates":[-118.344314899,33.966287316]},"properties":{"USER_name1":"Didi Hirsch Mental Health Services","USER_name2":"Inglewood Center","USER_street1":"323 North Prairie Avenue","USER_city":"Inglewood","USER_state":"CA","USER_zip":"90301","USER_phone":"310-677-7808","USER_service_code_info":"MH SUMH * OP * OMH * ANTPYCH * CBT CFT GT IPT TELE * CIT PEON * PVTN * CLF MC MD OSF SF SMHA * TRMA PTSD SED * SMPD * CHLD * SP * VPPD * COOT FPSY ICM PRS CM SPS"}},{"type":"Feature","geometry":{"type":"Point","coordinates":[-116.241704261,33.706735817]},"properties":{"USER_name1":"Oasis Community Services","USER_name2":"","USER_street1":"81557 Dr Carreon Boulevard","USER_city":"Indio","USER_state":"CA","USER_zip":"92201","USER_phone":"760-391-6999","USER_service_code_info":"MH SUMH * OP * OMH * ARIPI LURAS OLANZ QUETI RISPE ANTPYCH * CBT CFT DBT GT IDD IPT TELE * CIT PEOFF * PVTP * FQHC * CLF MD OSF SI SMHA SWFS * PA * TAY SE CO SED SMI * STU * PEER * TCC * SMON * CHLD YAD ADLT SNR * AH SP * VAPN * ACT FPSY ICM IMR PRS SH VRS CM SPS"}},{"type":"Feature","geometry":{"type":"Point","coordinates":[-117.765516992,33.7004853060001]},"properties":{"USER_name1":"New Journeys Behavioral Health","USER_name2":"","USER_street1":"7 Maslow","USER_city":"Irvine","USER_state":"CA","USER_zip":"92620","USER_phone":"949-336-6460","USER_service_code_info":"SA MH SUMH * RES * RTCA * CHLOR DROPE FLUPH HALOP LOXAP PERPH PIMOZ PROCH THIOT THIOR TRIFL ARIPI ASENA BREXP CARIP CLOZA ILOPE LURAS OLANZ OLANZF PALIP QUETI RISPE ZIPRA ANTPYCH * AT CBT CFT DBT GT IDD IPT TELE * CIT PEOFF * PVTP * PI SF * SE GL VET ADM MF CJ CO HV DV TRMA PEFP PTSD SMI * TBS MST LABT * HS PEER * SMPD * YAD ADLT SNR * AH SP * VPPD * ACT COOT DEC FPSY ICM PRS VRS CM SPS ES"}},{"type":"Feature","geometry":{"type":"Point","coordinates":[-121.125806049,36.2134743840001]},"properties":{"USER_name1":"Monterey County Behavioral Health","USER_name2":"","USER_street1":"200 Broadway Street","USER_city":"King City","USER_state":"CA","USER_zip":"93930","USER_phone":"888-258-6029","USER_service_code_info":"MH SUMH * OP * OMH * CBT CFT DBT GT IPT TELE * LCCG * CLF CMHG MC MD OSF PI SI SMHA * SS * CO SMI * STU * SMPD * CHLD YAD ADLT SNR * AH SP * VPPD * ACT FPSY PRS CM SPS"}},{"type":"Feature","geometry":{"type":"Point","coordinates":[-118.233886258,34.2213566340001]},"properties":{"USER_name1":"Gooden Wellness Center","USER_name2":"","USER_street1":"2520 Cross Street","USER_city":"La Crescenta","USER_state":"CA","USER_zip":"91214","USER_phone":"626-356-0078","USER_service_code_info":"SA MH SUMH * RES * RTCA * HALOP ARIPI CLOZA ILOPE OLANZ OLANZF QUETI RISPE NSC ANTPYCH * AT CBT CFT DBT GT IDD IPT TELE * CIT PEON PEOFF * PVTN * PI SF * CO SMI * STU * TBS LABT * HS PEER * TCC * SMPD * YAD ADLT SNR * VPPD * ACT COOT FPSY PRS SH CM"}},{"type":"Feature","geometry":{"type":"Point","coordinates":[-117.963534257,33.657454962]},"properties":{"USER_name1":"Elite Care Inc","USER_name2":"Beginnings Treatment Centers","USER_street1":"9431 Shadwell Drive","USER_city":"Huntington Beach","USER_state":"CA","USER_zip":"92646","USER_phone":"888-511-0607","USER_service_code_info":"SA MH SUMH * RES * RTCA * CHLOR HALOP PROCH ARIPI CLOZA LURAS OLANZ QUETI RISPE NRT NSC ANTPYCH * AT CBT CFT DBT EMDR GT IDD IPT TELE * PVTP * MI PI SF * SS * VET MF CO * STU * HIVT STDT TBS MST HBT HCT LABT * HS PEER * TCC * SMPD * YAD ADLT SNR * VPPD * ACT CDM COOT DEC FPSY ICM IMR LAD PRS SEMP SH VRS CM IPC SPS ES"}},{"type":"Feature","geometry":{"type":"Point","coordinates":[-117.847213223,33.686189257]},"properties":{"USER_name1":"Comprehensive Psychiatric Services","USER_name2":"","USER_street1":"17875 Von Karman Way","USER_city":"Irvine","USER_state":"CA","USER_zip":"92614","USER_phone":"714-880-4545 x2","USER_service_code_info":"SA MH SUMH * OP * OMH * ANTPYCH * CBT CFT IDD IPT KIT TMS TELE * PVTP * MC MI PI SF VAF * SS * STU * SMPD * CHLD YAD ADLT SNR * SP * VAPP * CDM COOT FPSY IMR IPC"}},{"type":"Feature","geometry":{"type":"Point","coordinates":[-117.781311347,33.544120273]},"properties":{"USER_name1":"AJ Novick Group Inc","USER_name2":"","USER_street1":"333 3rd Street","USER_city":"Laguna Beach","USER_state":"CA","USER_zip":"92651","USER_phone":"949-715-2694","USER_service_code_info":"SA MH * OP * OMH * CBT CFT GT IDD IPT TELE * CIT * PVTP * MHC * PI SF * SS * TAY SE GL VET ADM MF CJ CO HV TRMA PED PTSD * STU * PEER * TCC * SMON * CHLD YAD ADLT SNR * SP * VAPN * COOT FPSY SPS ES"}},{"type":"Feature","geometry":{"type":"Point","coordinates":[-117.74452703,33.503157996]},"properties":{"USER_name1":"Alter Wellness Care","USER_name2":"Mental Health","USER_street1":"31642 Coast Highway","USER_city":"Laguna Beach","USER_state":"CA","USER_zip":"92651","USER_phone":"949-324-4113","USER_service_code_info":"SA MH SUMH * OP PHDT * PH * HALOP ARIPI CLOZA OLANZ OLANZF PALIP QUETI RISPE NRT NSC ANTPYCH * AT CBT CFT DBT EMDR GT IDD IPT TELE * CIT PEOFF * PVTP * PI SF * CO DV TRMA PTSD SMI * STU * TBS MST LABT * HS PEER * TCC * SMPD * YAD ADLT SNR * VPPD * ACT AOT DEC FPSY ICM IMR PRS SEMP SH VRS CM IPC SPS ES"}},{"type":"Feature","geometry":{"type":"Point","coordinates":[-117.742170854,33.499708845]},"properties":{"USER_name1":"ASPIRE at Mission Hospital","USER_name2":"","USER_street1":"31862 Coast Highway","USER_city":"Laguna Beach","USER_state":"CA","USER_zip":"92651","USER_phone":"949-499-7504","USER_service_code_info":"MH * PHDT * CBT CFT DBT GT IPT * PVTN * PI * GL * SMON * CHLD * VAPN * FPSY CM SPS"}},{"type":"Feature","geometry":{"type":"Point","coordinates":[-117.7012592,33.6012749000001]},"properties":{"USER_name1":"California Care Detox and Treatment","USER_name2":"Mental Health PHP/IOP","USER_street1":"- - -","USER_city":"Laguna Hills","USER_state":"CA","USER_zip":"92653","USER_phone":"949-691-6561","USER_service_code_info":"MH SUMH * OP PHDT * OMH * AT CBT CFT DBT GT IDD IPT TELE * PVTP * MI PI SF * SS * TAY SE GL VET ADM MF CJ CO TRMA PED PTSD * SMPD * YAD ADLT SNR * VAPP * DEC CM"}},{"type":"Feature","geometry":{"type":"Point","coordinates":[-117.7012592,33.6012749000001]},"properties":{"USER_name1":"Ocean Ridge Treatment and Recovery","USER_name2":"","USER_street1":"- - -","USER_city":"Laguna Hills","USER_state":"CA","USER_zip":"92653","USER_phone":"949-989-5346","USER_service_code_info":"SA MH SUMH * RES * RTCA * NRT NSC * AT CBT CFT DBT EMDR GT IDD IPT TELE * CIT * PVTP * MI PI SF * SS * TAY SE GL VET ADM MF CJ CO HV DV TRMA PTSD * STU * HIVT STDT TBS MST LABT * TCC * SMPD * YAD ADLT SNR * VPPD * COOT DEC FPSY ICM CM ES"}},{"type":"Feature","geometry":{"type":"Point","coordinates":[-117.972627114,33.963807907]},"properties":{"USER_name1":"Center for Discovery","USER_name2":"La Habra","USER_street1":"2115 Las Palomas Drive","USER_city":"La Habra","USER_state":"CA","USER_zip":"90631","USER_phone":"866-862-3631","USER_service_code_info":"MH SUMH * RES * RTCC * CBT CFT DBT GT IPT * PVTP * MI PI SF * PED * MST * HS * SMON * CHLD * VAPN * DEC FPSY CM"}},{"type":"Feature","geometry":{"type":"Point","coordinates":[-117.686994065,33.5807634810001]},"properties":{"USER_name1":"Elite Care Inc","USER_name2":"Omni Wellness Retreat","USER_street1":"25391 Nellie Gail Road","USER_city":"Laguna Hills","USER_state":"CA","USER_zip":"92653","USER_phone":"888-511-0607","USER_service_code_info":"SA MH SUMH * RES * RTCA * CHLOR HALOP PROCH ARIPI CLOZA LURAS OLANZ QUETI RISPE NRT NSC ANTPYCH * AT CBT CFT DBT EMDR GT IDD IPT TELE * PVTP * MI PI SF * SS * CO * STU * HIVT STDT TBS MST HBT HCT LABT * HS PEER * TCC * SMPD * YAD ADLT SNR * VPPD * ACT CDM COOT DEC FPSY ICM IMR LAD PRS SEMP SH VRS CM IPC SPS ES"}},{"type":"Feature","geometry":{"type":"Point","coordinates":[-117.3418517,33.6759346000001]},"properties":{"USER_name1":"Lake Elsinore Adult Mental Hlth Clinic","USER_name2":"Riverside University Health System","USER_street1":"- - -","USER_city":"Lake Elsinore","USER_state":"CA","USER_zip":"92530","USER_phone":"951-471-4645","USER_service_code_info":"MH SUMH * OP * OMH * CBT CFT DBT GT IPT TELE * LCCG * CMHG MD SF SMHA * SMI * STU * PEER * SMPD * YAD ADLT * AH * VPPD * ACT FPSY ICM PRS CM"}},{"type":"Feature","geometry":{"type":"Point","coordinates":[-117.239401023,32.8481048030001]},"properties":{"USER_name1":"Center for Discovery","USER_name2":"La Jolla","USER_street1":"3013 Woodford Drive","USER_city":"La Jolla","USER_state":"CA","USER_zip":"92037","USER_phone":"877-701-7119","USER_service_code_info":"MH SUMH * RES * RTCA * CBT CFT DBT GT IPT * PVTP * MI PI SF * TAY PED * MST * HS * SMPD * YAD ADLT * VPPD * DEC FPSY CM"}},{"type":"Feature","geometry":{"type":"Point","coordinates":[-117.694197976,33.6343269860001]},"properties":{"USER_name1":"SoCal Empowered LLC","USER_name2":"","USER_street1":"22602 Costa Bella Drive","USER_city":"Lake Forest","USER_state":"CA","USER_zip":"92630","USER_phone":"888-630-3860","USER_service_code_info":"MH SUMH * RES * RTCA * CHLOR HALOP PERPH THIOT ARIPI BREXP CARIP CLOZA LURAS OLANZ OLANZF PALIP QUETI RISPE ZIPRA ANTPYCH * AT CBT CRT CFT DBT GT IDD IPT TMS TELE * CIT PEON * PVTP * PI SF VAF * TAY SE GL VET MF CJ CO HV DV TRMA PED PEFP PTSD SMI * TBS MST HBT HCT LABT * PEER * SMPD * YAD ADLT SNR * VPPD * ACT COOT DEC FPSY PRS CM SPS ES"}},{"type":"Feature","geometry":{"type":"Point","coordinates":[-117.7406447,33.5005630000001]},"properties":{"USER_name1":"Mission Hospital Laguna Beach","USER_name2":"","USER_street1":"31872 Coast Highway","USER_city":"Laguna Beach","USER_state":"CA","USER_zip":"92651","USER_phone":"949-499-1311 x7501","USER_service_code_info":"SA MH * HI OP PHDT * PSY * CBT DBT GT * PEON * PVTN * MC MI PI SF * CO * STU * TCC * SMPD * YAD ADLT * AH * VPPD * FPSY CM"}},{"type":"Feature","geometry":{"type":"Point","coordinates":[-117.714471788,33.6259162490001]},"properties":{"USER_name1":"Southern California TMS Center","USER_name2":"","USER_street1":"23832 Rockfield Boulevard","USER_city":"Lake Forest","USER_state":"CA","USER_zip":"92630","USER_phone":"866-322-7776","USER_service_code_info":"MH * OP * OMH * TMS * PVTP * CLF MC MD MI PI SF SI VAF * SMPD * CHLD YAD ADLT SNR * SP * VPPD"}},{"type":"Feature","geometry":{"type":"Point","coordinates":[-118.143652137,33.832834802]},"properties":{"USER_name1":"Center for Discovery","USER_name2":"Lakewood","USER_street1":"4136 Ann Arbor Road","USER_city":"Lakewood","USER_state":"CA","USER_zip":"90712","USER_phone":"866-862-3631","USER_service_code_info":"SA MH SUMH * RES * RTCC * CBT CFT DBT GT IPT * PVTP * MI PI SF * PED * MST * HS * SMPD * CHLD * VPPD * DEC FPSY CM"}},{"type":"Feature","geometry":{"type":"Point","coordinates":[-117.033218861,32.7799841120001]},"properties":{"USER_name1":"Brightquest Treatment Centers","USER_name2":"San Diego","USER_street1":"5520 Wellesley Street","USER_city":"La Mesa","USER_state":"CA","USER_zip":"91942","USER_phone":"619-466-0547","USER_service_code_info":"SA MH SUMH * OP PHDT RES * RTCA * ANTPYCH * AT CBT CRT CFT DBT GT IDD IPT * PVTP * ITU PI SF * CO TRMA PTSD SMI * STU * HS * SMPD * YAD ADLT SNR * VPPD * DEC FPSY ICM IMR PRS SEMP SH VRS CM SPS"}},{"type":"Feature","geometry":{"type":"Point","coordinates":[-117.044144253,32.774645008]},"properties":{"USER_name1":"Alvarado Parkway Institute","USER_name2":"BHS","USER_street1":"7050 Parkway Drive","USER_city":"La Mesa","USER_state":"CA","USER_zip":"91942","USER_phone":"619-465-4411","USER_service_code_info":"SA MH SUMH * HI OP PHDT * PSY * CHLOR FLUPH HALOP LOXAP PERPH PIMOZ THIOT THIOR TRIFL ARIPI ASENA BREXP CARIP CLOZA ILOPE LURAS OLANZ OLANZF PALIP QUETI RISPE ZIPRA NRT NSC ANTPYCH * AT CBT CFT GT IDD IPT AIM * CIT PEON WI * PVTP * ITU MC MD MI PI SF * TAY SE CO TRMA SMI * STU * HIVT STDT TBS MST LABT * TCC * SMPD * YAD ADLT SNR * AH SP * VAPN * COOT DEC FPSY CM SPS"}},{"type":"Feature","geometry":{"type":"Point","coordinates":[-118.121770927,34.668149038]},"properties":{"USER_name1":"Bartz Altadonna Community Health Ctr","USER_name2":"","USER_street1":"43210 Gingham Avenue","USER_city":"Lancaster","USER_state":"CA","USER_zip":"93535","USER_phone":"888-888-8888","USER_service_code_info":"SA MH SUMH * OP * CMHC * NRT * CBT CFT DBT GT IDD IPT TELE * CIT WI * PVTN * FQHC * CLF CMHG CSBG MC MD OSF PI SCJJ SEF SI SMHA SWFS * PA SS * TAY SE GL VET ADM MF CJ CO HV DV TRMA TBI PTSD SED SMI * STU * MST LABT * PEER * TCC * SMON * CHLD YAD ADLT SNR * SP * VAPN * CDM COOT DEC FPSY ICM IMR PRS CM IPC SPS ES"}},{"type":"Feature","geometry":{"type":"Point","coordinates":[-118.129434836,34.6734427120001]},"properties":{"USER_name1":"Penny Lane Centers","USER_name2":"Antelope Valley Family Center","USER_street1":"43520 Division Street","USER_city":"Lancaster","USER_state":"CA","USER_zip":"93535","USER_phone":"661-266-4783","USER_service_code_info":"SA MH SUMH * OP * OMH * ANTPYCH * AT CBT CFT GT IDD IPT TELE AIM * PEON * PVTN * CLF MC MD SCJJ SI SMHA SWFS * TAY GL VET CO TRMA PTSD SED SMI * STU * HS PEER * SMON * CHLD YAD ADLT SNR * AH SP FX * F4 F25 F37 F47 F81 * VAPN * COOT FPSY PRS SEMP SH TPC CM SPS ES"}},{"type":"Feature","geometry":{"type":"Point","coordinates":[-117.007152819,32.781574327]},"properties":{"USER_name1":"Sharp Grossmont Hospital","USER_name2":"Behavioral Health Services","USER_street1":"5555 Grossmont Center Drive","USER_city":"La Mesa","USER_state":"CA","USER_zip":"91942","USER_phone":"619-740-4800","USER_service_code_info":"SA MH SUMH * HI OP PHDT * IPSY * CHLOR FLUPH HALOP LOXAP PERPH PIMOZ PROCH THIOT THIOR TRIFL ARIPI ASENA CARIP CLOZA ILOPE LURAS OLANZ OLANZF PALIP QUETI RISPE ZIPRA NRT NSC ANTPYCH * AT CBT DBT ECT GT IDD IPT * CIT PEON WI * PVTN * MC MD MI PI SF SI * SE CO SMI * STU * HIVT STDT TBS MST HBT HCT LABT * TCC * SMON * YAD ADLT SNR * AH * VAPN * DEC FPSY IMR PRS SPS"}},{"type":"Feature","geometry":{"type":"Point","coordinates":[-118.148101071,34.6909715150001]},"properties":{"USER_name1":"Tarzana Treatment Centers Inc","USER_name2":"","USER_street1":"44443 10th Street West","USER_city":"Lancaster","USER_state":"CA","USER_zip":"93534","USER_phone":"818-996-1051","USER_service_code_info":"SA MH * OP * MSMH * CBT CFT GT IDD IPT * PVTN * CLF CMHG CSBG MC MD PI SCJJ SEF SF SI SWFS * SS * TAY SE GL VET ADM MF CO HV DV TRMA PED PTSD * PEER * SMON * YAD ADLT SNR * SP * VAPN * COOT FPSY ICM CM SPS ES"}},{"type":"Feature","geometry":{"type":"Point","coordinates":[-118.146363769,34.689553475]},"properties":{"USER_name1":"Childrens Bureau","USER_name2":"Lancaster","USER_street1":"921 West Avenue J","USER_city":"Lancaster","USER_state":"CA","USER_zip":"93534","USER_phone":"661-949-0131","USER_service_code_info":"MH SUMH * OP PHDT * CMHC * AT CBT CFT DBT GT IPT TELE * PVTN * CLF MD SI SMHA SWFS * TAY GL CJ TRMA PTSD SED * SMOP * CHLD YAD * AH SP * VAPP * COOT FPSY ICM PRS CM SPS"}},{"type":"Feature","geometry":{"type":"Point","coordinates":[-118.037742767,33.847650571]},"properties":{"USER_name1":"La Palma Intercommunity Hospital","USER_name2":"Mental Health","USER_street1":"7901 Walker Street","USER_city":"La Palma","USER_state":"CA","USER_zip":"90623","USER_phone":"714-670-6081","USER_service_code_info":"MH SUMH * HI * IPSY * HALOP THIOR ARIPI CLOZA OLANZ OLANZF QUETI RISPE NRT NSC ANTPYCH * AT CBT CFT GT IDD IPT * PEON WI * PVTN * FQHC * MC MD PI VAF * SE GL VET CO HV TRMA PEFP PTSD * STU * MST LABT * HS * TCC * SMON * YAD ADLT SNR * AH SP FX * F25 F81 * VAPN * COOT FPSY CM SPS ES"}},{"type":"Feature","geometry":{"type":"Point","coordinates":[-118.147225593,34.6975012890001]},"properties":{"USER_name1":"Tarzana Treatment Centers Inc","USER_name2":"","USER_street1":"907 West Lancaster Boulevard","USER_city":"Lancaster","USER_state":"CA","USER_zip":"93534","USER_phone":"800-996-1051","USER_service_code_info":"SA MH * OP * MSMH * CBT CFT GT IPT * PVTN * CLF CMHG CSBG MC MD MI PI SF SMHA * SS * TAY SE GL VET ADM MF CO HV DV TRMA PED PTSD * PEER * SMON * YAD ADLT SNR * AH SP * VAPN * COOT FPSY CM IPC SPS"}},{"type":"Feature","geometry":{"type":"Point","coordinates":[-117.034352,32.736676]},"properties":{"USER_name1":"San Diego STRTP","USER_name2":"","USER_street1":"- - -","USER_city":"Lemon Grove","USER_state":"CA","USER_zip":"91945","USER_phone":"619-797-1090 x4206","USER_service_code_info":"MH SUMH * OP RES * RTCC * CHLOR CLOZA RISPE ANTPYCH * AT CBT CFT GT IDD IPT TELE * CIT * PVTN * CLF MD OSF PI SEF SMHA SWFS * TRMA PTSD SED * STU * TCC * SMON * CHLD * AH SP * VAPN * DEC FPSY PRS CM SPS ES"}},{"type":"Feature","geometry":{"type":"Point","coordinates":[-117.752433679,34.1213827830001]},"properties":{"USER_name1":"Haynes Family of Programs","USER_name2":"","USER_street1":"233 Baseline Road","USER_city":"La Verne","USER_state":"CA","USER_zip":"91750","USER_phone":"909-593-2581","USER_service_code_info":"MH SUMH * RES * RTCC * CHLOR FLUPH HALOP ARIPI CLOZA OLANZ QUETI RISPE ZIPRA ANTPYCH * AT CBT CFT GT IDD IPT TELE * CIT * PVTN * PI SEF SWFS * TAY CO TRMA PTSD SED SMI * STU * SMON * CHLD YAD * SP * VAPN * COOT FPSY ICM PRS CM SPS"}},{"type":"Feature","geometry":{"type":"Point","coordinates":[-117.785286968,34.1030360130001]},"properties":{"USER_name1":"David and Margaret","USER_name2":"Youth and Family Services","USER_street1":"1350 3rd Street","USER_city":"La Verne","USER_state":"CA","USER_zip":"91750","USER_phone":"909-596-5921 x3500","USER_service_code_info":"MH SUMH * OP RES * MSMH * CHLOR FLUPH HALOP ARIPI CLOZA OLANZ QUETI RISPE ZIPRA ANTPYCH * AT CBT CFT GT IDD IPT TELE * CIT * PVTN * CLF MD OSF PI SCJJ SEF SF SMHA SWFS * TAY GL CO TRMA PEFP PTSD SED SMI * STU * HS * SMON * CHLD YAD * AH SP * VAPN * DEC FPSY ICM PRS SEMP SH VRS CM IPC SPS ES"}},{"type":"Feature","geometry":{"type":"Point","coordinates":[-121.661684002,39.275611015]},"properties":{"USER_name1":"Peach Tree Health","USER_name2":"Live Oak","USER_street1":"9980 Live Oak Boulevard","USER_city":"Live Oak","USER_state":"CA","USER_zip":"95953","USER_phone":"530-749-3242","USER_service_code_info":"SA MH * OP * OMH * NRT NSC * CBT DBT IDD IPT TELE AIM * PVTN * FQHC * MC MD MI PI SF SI * PA SS * TAY SE GL VET ADM MF CJ CO HV DV TRMA TBI ALZ PED PEFP PTSD * STU * HIVT STDT TBS MST HBT HCT LABT * HS * TCC * SMON * CHLD YAD ADLT SNR * AH SP * VAPN * CDM DEC FPSY CM IPC SPS ES"}},{"type":"Feature","geometry":{"type":"Point","coordinates":[-120.453765085,34.639267137]},"properties":{"USER_name1":"Childrens Mental Health Services","USER_name2":"","USER_street1":"401 East Ocean Avenue","USER_city":"Lompoc","USER_state":"CA","USER_zip":"93436","USER_phone":"805-737-6600","USER_service_code_info":"MH SUMH * OP * OMH * ANTPYCH * AT CBT CFT DBT GT IDD IPT TELE * CIT WI * LCCG * CLF CMHG CSBG MC MD PI SCJJ SF SMHA SWFS * TAY GL TRMA PTSD SED * STU * HS PEER * SMON * CHLD YAD * AH SP * VAPN * COOT DEC FPSY ICM PRS SH TPC VRS CM SPS"}},{"type":"Feature","geometry":{"type":"Point","coordinates":[-120.450706864,34.639834675]},"properties":{"USER_name1":"Lompoc Adult Mental Health Services","USER_name2":"","USER_street1":"117 North B Street","USER_city":"Lompoc","USER_state":"CA","USER_zip":"93436","USER_phone":"805-737-6690","USER_service_code_info":"MH SUMH * OP * OMH * ANTPYCH * AT CBT CFT DBT GT IDD IPT TELE * CIT WI * LCCG * CLF CMHG CSBG MC MD PI SCJJ SF SMHA SWFS * SE GL VET CJ CO TRMA TBI PTSD SMI * STU * HS PEER * SMON * YAD ADLT SNR * AH SP * VAPN * COOT DEC FPSY ICM LAD PRS SEMP SH VRS CM SPS"}},{"type":"Feature","geometry":{"type":"Point","coordinates":[-118.218691,33.813724]},"properties":{"USER_name1":"American Indian Changing Spirits","USER_name2":"","USER_street1":"- - -","USER_city":"Long Beach","USER_state":"CA","USER_zip":"90810","USER_phone":"562-388-8118","USER_service_code_info":"SA MH * RES * RTCA * CHLOR HALOP ARIPI CLOZA OLANZ OLANZF QUETI NRT NSC ANTPYCH * AT IDD IPT TELE * CIT PEOFF * PVTN * FQHC * ITU MC SF * CO * STU * TBS * HS PEER * TCC * SMPD * YAD ADLT SNR * VAPN * ACT CDM COOT DEC FPSY ICM IMR LAD PRS VRS CM IPC SPS ES"}},{"type":"Feature","geometry":{"type":"Point","coordinates":[-120.451399964,34.6387190020001]},"properties":{"USER_name1":"Council on Alcoholism and Drug Abuse","USER_name2":"Daniel Bryant Yth and Fam Ctr Adol Trt","USER_street1":"106 South C Street","USER_city":"Lompoc","USER_state":"CA","USER_zip":"93436","USER_phone":"805-741-4243","USER_service_code_info":"SA MH * OP * OMH * CBT CFT GT IDD IPT TELE * PVTN * FQHC * MD PI SF * PA SS * TAY CO * SMON * CHLD YAD * VAPN * FPSY CM ES"}},{"type":"Feature","geometry":{"type":"Point","coordinates":[-118.218691,33.813724]},"properties":{"USER_name1":"American Indian Changing Spirits","USER_name2":"","USER_street1":"- - -","USER_city":"Long Beach","USER_state":"CA","USER_zip":"90810","USER_phone":"562-388-8118","USER_service_code_info":"SA MH * RES * RTCA * CHLOR HALOP ARIPI CLOZA OLANZ OLANZF QUETI NRT NSC ANTPYCH * AT IDD IPT TELE * CIT PEOFF * PVTN * FQHC * ITU MC SF * CO * STU * TBS * HS PEER * TCC * SMPD * YAD ADLT SNR * VAPN * ACT CDM COOT DEC FPSY ICM IMR LAD PRS VRS CM IPC SPS ES"}},{"type":"Feature","geometry":{"type":"Point","coordinates":[-118.181461309,33.8187864390001]},"properties":{"USER_name1":"Bayfront Youth and Family Services","USER_name2":"","USER_street1":"900 East Wardlow Road","USER_city":"Long Beach","USER_state":"CA","USER_zip":"90807","USER_phone":"562-595-4525","USER_service_code_info":"MH SUMH * OP * OMH * AT CBT CFT GT IDD IPT TELE * WI * PVTN * MD * TAY SE GL CJ CO TRMA PTSD SED SMI * PEER * SMON * CHLD YAD ADLT * AH SP FX * F47 F81 F92 * VAPN * FPSY ICM PRS CM SPS"}},{"type":"Feature","geometry":{"type":"Point","coordinates":[-118.18207126,33.818785559]},"properties":{"USER_name1":"Childrens Bureau","USER_name2":"Long Beach Office","USER_street1":"850 East Wardlow Road","USER_city":"Long Beach","USER_state":"CA","USER_zip":"90807","USER_phone":"562-981-9392","USER_service_code_info":"MH SUMH * OP * OMH * AT CBT CFT GT IPT TELE * PVTN * CLF MD OSF SI SMHA SWFS * TAY GL CJ TRMA PTSD SED * SMON * CHLD YAD * SP * VAPN * COOT FPSY ICM PRS CM SPS"}},{"type":"Feature","geometry":{"type":"Point","coordinates":[-118.187654362,33.813694266]},"properties":{"USER_name1":"Discovery Mood and Anxiety Program","USER_name2":"Long Beach","USER_street1":"425 East 31st Street","USER_city":"Long Beach","USER_state":"CA","USER_zip":"90807","USER_phone":"877-514-4723","USER_service_code_info":"SA MH SUMH * RES * RTCC * ANTPYCH * AT CBT CRT CFT DBT GT IDD IPT * PVTP * PI SF * TAY GL VET ADM CO SED SMI * SMON * CHLD * VAPN * DEC FPSY"}},{"type":"Feature","geometry":{"type":"Point","coordinates":[-118.196455696,33.8186411390001]},"properties":{"USER_name1":"Discovery Mood and Anxiety Program","USER_name2":"Los Alamitos","USER_street1":"350 West Wardlow Road","USER_city":"Long Beach","USER_state":"CA","USER_zip":"90806","USER_phone":"877-514-4723","USER_service_code_info":"SA MH SUMH * OP PHDT RES * PH * ANTPYCH * AT CBT CRT CFT DBT GT IDD IPT * PVTP * PI SF * TAY GL VET ADM CO SED SMI * SMON * CHLD YAD * VAPN * DEC FPSY"}},{"type":"Feature","geometry":{"type":"Point","coordinates":[-118.198421587,33.795582817]},"properties":{"USER_name1":"Tarzana Treatment Centers Inc","USER_name2":"Long Beach","USER_street1":"2101 Magnolia Avenue","USER_city":"Long Beach","USER_state":"CA","USER_zip":"90806","USER_phone":"800-996-1051","USER_service_code_info":"SA MH * RES * RTCA * AT CBT CFT GT IDD IPT * PVTN * CLF CMHG CSBG MC MD PI SCJJ SEF SF SWFS * SS * TAY SE GL VET ADM MF CJ CO HV DV TRMA PED PTSD * PEER * SMON * YAD ADLT SNR * SP * VAPN * COOT FPSY SH CM SPS ES"}},{"type":"Feature","geometry":{"type":"Point","coordinates":[-118.192763803,33.782913738]},"properties":{"USER_name1":"Guidance Center","USER_name2":"Long Beach Programs","USER_street1":"1301 Pine Avenue","USER_city":"Long Beach","USER_state":"CA","USER_zip":"90813","USER_phone":"562-595-1159","USER_service_code_info":"MH * OP * CMHC * ANTPYCH * AT CBT CFT DBT GT IPT TELE * PVTN * CLF MC OSF SEF SF SMHA SWFS * TAY GL TRMA PTSD SED * PEER * SMPD * CHLD YAD ADLT * SP * VAPP * CDM COOT FPSY ICM PRS SEMP VRS CM"}},{"type":"Feature","geometry":{"type":"Point","coordinates":[-118.189871962,33.822780584]},"properties":{"USER_name1":"Southern California TMS Center","USER_name2":"","USER_street1":"3605 Long Beach Boulevard","USER_city":"Long Beach","USER_state":"CA","USER_zip":"90807","USER_phone":"866-322-7776","USER_service_code_info":"MH * OP * OMH * TMS * PVTP * CLF MC MD MI PI SF SI VAF * SMPD * CHLD YAD ADLT SNR * SP * VPPD"}},{"type":"Feature","geometry":{"type":"Point","coordinates":[-118.05862435,33.804093718]},"properties":{"USER_name1":"Center for Discovery","USER_name2":"Los Alamitos","USER_street1":"4281 Katella Avenue","USER_city":"Los Alamitos","USER_state":"CA","USER_zip":"90720","USER_phone":"855-818-2029","USER_service_code_info":"MH SUMH * OP PHDT * PH * AT CBT CFT DBT GT IDD IPT * PVTP * PI SF * TRMA PED PTSD * MST * SMPD * CHLD YAD ADLT * VPPD * DEC FPSY CM"}},{"type":"Feature","geometry":{"type":"Point","coordinates":[-118.05862435,33.804093718]},"properties":{"USER_name1":"Discovery Mood and Anxiety Program","USER_name2":"Los Alamitos","USER_street1":"4281 Katella Avenue","USER_city":"Los Alamitos","USER_state":"CA","USER_zip":"90720","USER_phone":"714-828-0808","USER_service_code_info":"SA MH SUMH * HI RES * OMH * ANTPYCH * AT CBT CRT CFT DBT GT IDD IPT * PVTP * PI SF * TAY GL VET ADM CO SED SMI * SMON * CHLD YAD ADLT * VAPN * DEC FPSY"}},{"type":"Feature","geometry":{"type":"Point","coordinates":[-118.140214634,33.7878223480001]},"properties":{"USER_name1":"Star View Community Services","USER_name2":"","USER_street1":"4500 East Pacific Coast Highway","USER_city":"Long Beach","USER_state":"CA","USER_zip":"90804","USER_phone":"562-344-1140","USER_service_code_info":"MH SUMH * OP * OMH * ARIPI ILOPE LURAS OLANZ PALIP QUETI RISPE ANTPYCH * CBT CFT GT IPT TELE * CIT PEOFF * PVTP * FQHC * CLF MD PI SEF SI SMHA SWFS * PA * TAY SE GL TRMA PTSD SED SMI * STU * SMPD * CHLD YAD ADLT * SP * VPPD * COOT FPSY ICM PRS CM SPS"}},{"type":"Feature","geometry":{"type":"Point","coordinates":[-118.183929612,33.85039841]},"properties":{"USER_name1":"Tarzana Treatment Centers Inc","USER_name2":"Long Beach","USER_street1":"5190 Atlantic Avenue","USER_city":"Long Beach","USER_state":"CA","USER_zip":"90806","USER_phone":"800-996-1051","USER_service_code_info":"SA MH * OP PHDT * MSMH * CBT CFT GT IDD IPT TELE * PVTN * CLF CMHG CSBG MC MD MI OSF PI SCJJ SEF SF SWFS * SS * TAY SE GL VET ADM MF CJ CO HV DV TRMA PED PTSD * HS PEER * SMON * YAD ADLT SNR * AH SP * VAPN * CDM COOT FPSY PRS SEMP SH VRS CM SPS ES"}},{"type":"Feature","geometry":{"type":"Point","coordinates":[-118.265350414,34.052691913]},"properties":{"USER_name1":"Amanecer Community Counseling Service","USER_name2":"","USER_street1":"1200 Wilshire Boulevard","USER_city":"Los Angeles","USER_state":"CA","USER_zip":"90017","USER_phone":"213-481-7464 x271","USER_service_code_info":"MH SUMH * OP * OMH * CHLOR FLUPH HALOP LOXAP PERPH PIMOZ PROCH THIOT THIOR TRIFL ARIPI ASENA BREXP CARIP CLOZA ILOPE LURAS OLANZ OLANZF PALIP QUETI RISPE ZIPRA ANTPYCH * AT CBT CFT GT IPT TELE * CIT * PVTN * CLF CMHG MC MD OSF SF SI SMHA SWFS * PA SS * TAY SE GL VET ADM MF CO TRMA PTSD SED SMI * MST LABT * HS PEER * SMPD * CHLD YAD ADLT SNR * SP * VPPD * FPSY ICM PRS SH CM IPC SPS"}},{"type":"Feature","geometry":{"type":"Point","coordinates":[-118.429124,34.002193]},"properties":{"USER_name1":"Ascend Culver","USER_name2":"","USER_street1":"- - -","USER_city":"Los Angeles","USER_state":"CA","USER_zip":"90066","USER_phone":"310-359-9403","USER_service_code_info":"SA MH * OP PHDT * OMH * NRT ANTPYCH * AT CBT CFT DBT EMDR GT IDD IPT * PVTP * PI SF * GL MF CJ CO HV DV TRMA PTSD * TBS * PEER * SMON * CHLD * VAPN * ACT COOT FPSY CM ES"}},{"type":"Feature","geometry":{"type":"Point","coordinates":[-118.285669656,34.0393647290001]},"properties":{"USER_name1":"Childrens Bureau","USER_name2":"Southern CA","USER_street1":"1910 Magnolia Avenue","USER_city":"Los Angeles","USER_state":"CA","USER_zip":"90007","USER_phone":"213-342-0100","USER_service_code_info":"MH SUMH * OP * CMHC * CBT CFT GT IPT TELE * PVTN * CLF MD OSF SI SMHA SWFS * TAY GL CJ TRMA PTSD SED * SMON * CHLD YAD * SP * VAPN * COOT FPSY ICM PRS CM SPS"}},{"type":"Feature","geometry":{"type":"Point","coordinates":[-118.302801511,34.0612417900001]},"properties":{"USER_name1":"Aviva Family and Childrens Services","USER_name2":"Community Mental Health","USER_street1":"3580 Wilshire Boulevard","USER_city":"Los Angeles","USER_state":"CA","USER_zip":"90010","USER_phone":"213-637-5000","USER_service_code_info":"MH SUMH * OP * OMH * CBT CFT DBT IPT * CIT * PVTN * CLF CMHG CSBG MD PI SCJJ SF SI SMHA SWFS * PA SS * TAY GL TRMA PTSD SED SMI * SMPD * CHLD YAD ADLT * SP * VPPD * COOT FPSY CM SPS"}},{"type":"Feature","geometry":{"type":"Point","coordinates":[-118.164649223,34.040765471]},"properties":{"USER_name1":"ALMA Family Services","USER_name2":"Centro Estrella","USER_street1":"4701 East Cesar E Chavez Avenue","USER_city":"Los Angeles","USER_state":"CA","USER_zip":"90022","USER_phone":"323-881-3799","USER_service_code_info":"MH SUMH * OP * OMH * CHLOR FLUPH HALOP ARIPI ASENA BREXP CARIP ILOPE LURAS OLANZ PALIP QUETI RISPE ZIPRA ANTPYCH * CBT CFT DBT GT IDD IPT TELE * PVTN * CLF MC MD SI SMHA SWFS * TAY SE GL TRMA PTSD SED SMI * SMON * CHLD YAD ADLT SNR * AH SP * VAPN * FPSY ICM PRS CM IPC SPS"}},{"type":"Feature","geometry":{"type":"Point","coordinates":[-118.302183178,34.075948845]},"properties":{"USER_name1":"Didi Hirsch Mental Health Services","USER_name2":"Metro Center","USER_street1":"221 North Ardmore Avenue","USER_city":"Los Angeles","USER_state":"CA","USER_zip":"90004","USER_phone":"213-381-3626","USER_service_code_info":"MH * OP * CMHC * CBT CFT GT IPT TELE * PVTN * CMHG MC SF SMHA SWFS * SED * SMON * CHLD * SP * VAPN * FPSY PRS CM SPS"}},{"type":"Feature","geometry":{"type":"Point","coordinates":[-118.376494785,34.0547539030001]},"properties":{"USER_name1":"Didi Hirsch Mental Health Services","USER_name2":"Jump Street","USER_street1":"1233 South La Cienega Boulevard","USER_city":"Los Angeles","USER_state":"CA","USER_zip":"90035","USER_phone":"310-855-0031","USER_service_code_info":"SA MH SUMH * RES * RTCA * NRT NSC ANTPYCH * AT CBT CFT DBT GT IDD IPT TELE * CIT * PVTN * MC MD SI * TAY SE GL CJ HV TRMA PTSD SMI * HS PEER * TCC * SMPD * YAD ADLT * VAPN * DEC FPSY IMR PRS SEMP SH VRS CM SPS ES"}},{"type":"Feature","geometry":{"type":"Point","coordinates":[-118.299283291,33.959667331]},"properties":{"USER_name1":"Didi Hirsch Mental Health Services","USER_name2":"S Mark Taper Foundation Center","USER_street1":"1328 West Manchester Avenue","USER_city":"Los Angeles","USER_state":"CA","USER_zip":"90044","USER_phone":"323-778-9593","USER_service_code_info":"SA MH SUMH * OP * OMH * CBT CFT GT IPT TELE * CIT WI * PVTN * MD SF * TRMA PTSD SED * STU * TCC * SMON * CHLD * AH SP * VAPN * FPSY ICM CM IPC SPS"}},{"type":"Feature","geometry":{"type":"Point","coordinates":[-118.298541074,34.0622251130001]},"properties":{"USER_name1":"Childrens Bureau","USER_name2":"Southern CA","USER_street1":"3435 Wilshire Boulevard","USER_city":"Los Angeles","USER_state":"CA","USER_zip":"90010","USER_phone":"323-953-7350","USER_service_code_info":"MH SUMH * OP * OMH * AT CBT CFT GT IPT TELE * PVTN * CLF MD SI SMHA SWFS * TAY GL CJ TRMA PTSD SED * SMON * CHLD YAD * SP * VAPN * FPSY ICM PRS CM SPS"}},{"type":"Feature","geometry":{"type":"Point","coordinates":[-118.416665056,34.0531815420001]},"properties":{"USER_name1":"Didi Hirsch Mental Health Services","USER_name2":"Suicide Prevention Counseling Center","USER_street1":"10277 West Olympic Boulevard","USER_city":"Los Angeles","USER_state":"CA","USER_zip":"90067","USER_phone":"424-362-2935","USER_service_code_info":"MH SUMH * OP * OMH * CBT CFT DBT GT IPT TELE * PVTN * PI PCF SF * STU * PEER * SMON * CHLD YAD ADLT SNR * AH * VAPN * FPSY CM IPC SPS"}},{"type":"Feature","geometry":{"type":"Point","coordinates":[-118.437411691,34.040138504]},"properties":{"USER_name1":"Edelman Westside Mental Health Ctr","USER_name2":"","USER_street1":"11080 West Olympic Boulevard","USER_city":"Los Angeles","USER_state":"CA","USER_zip":"90064","USER_phone":"310-966-6500","USER_service_code_info":"SA MH SUMH * OP * OMH * FLUPH HALOP LOXAP PERPH PIMOZ THIOT TRIFL ARIPI ASENA BREXP CARIP CLOZA ILOPE LURAS OLANZ PALIP QUETI RISPE ZIPRA NRT NSC ANTPYCH * CBT DBT GT IDD IPT TELE * CIT PEON PEOFF WI * LCCG * CLF MC MD PI SF SI SMHA * TAY SE GL CO TRMA PTSD SMI * STU * HIVT STDT MST HBT HCT LABT * HS PEER * TCC * SMPD * YAD ADLT SNR * AH SP FX * F25 F47 F70 * VPPD * DEC FPSY IMR SEMP SH VRS CM SPS ES"}},{"type":"Feature","geometry":{"type":"Point","coordinates":[-118.202177,34.0208650000001]},"properties":{"USER_name1":"Gateways Hospital and MH Center","USER_name2":"Percy Village Adult Residential Prog","USER_street1":"- - -","USER_city":"Los Angeles","USER_state":"CA","USER_zip":"90023","USER_phone":"323-268-2100","USER_service_code_info":"MH SUMH * OP RES * MSMH * HALOP ARIPI CLOZA OLANZ OLANZF PALIP QUETI RISPE ZIPRA ANTPYCH * AT CBT CFT GT IPT AIM * PVTN * CLF MC MD SF SMHA * CO SMI * STU * MST LABT * PEER * TCC * SMPD * YAD ADLT * AH SP * VAPN * AOT ICM SH CM SPS ES"}},{"type":"Feature","geometry":{"type":"Point","coordinates":[-118.2665602,34.0785647000001]},"properties":{"USER_name1":"Gateways Hospital and MH Center","USER_name2":"Child and Adolescent OP Program","USER_street1":"- - -","USER_city":"Los Angeles","USER_state":"CA","USER_zip":"90026","USER_phone":"323-644-2000","USER_service_code_info":"MH SUMH * OP * OMH * HALOP ARIPI LURAS OLANZ QUETI RISPE ZIPRA ANTPYCH * CBT CFT GT IPT TELE * PVTN * SCJJ SF SMHA SWFS * SS * TAY CJ TRMA PTSD SED * SMPD * CHLD YAD * SP * VPPD * FPSY PRS CM SPS"}},{"type":"Feature","geometry":{"type":"Point","coordinates":[-118.282585786,34.0257422920001]},"properties":{"USER_name1":"Haven at College","USER_name2":"","USER_street1":"3077 University Avenue","USER_city":"Los Angeles","USER_state":"CA","USER_zip":"90007","USER_phone":"310-822-1234","USER_service_code_info":"SA MH * OP * OMH * AT CBT DBT GT IDD IPT TELE * PVTP * PI SF * TAY GL VET MF CO DV TRMA PTSD * STU * PEER * TCC * SMPD * YAD ADLT * SP * VPPD * COOT DEC FPSY LAD CM SPS ES"}},{"type":"Feature","geometry":{"type":"Point","coordinates":[-118.438588091,34.0395759530001]},"properties":{"USER_name1":"Heights Treatment","USER_name2":"","USER_street1":"11150 West Olympic Boulevard","USER_city":"Los Angeles","USER_state":"CA","USER_zip":"90064","USER_phone":"888-995-7687","USER_service_code_info":"SA MH SUMH * OP PHDT * PH * CHLOR LOXAP PERPH CLOZA ILOPE OLANZ RISPE ZIPRA ANTPYCH * AT CBT CFT DBT GT IDD IPT * PVTP * PI SF * TAY CO TRMA PTSD SMI * SMPD * YAD ADLT SNR * FX * F4 F28 F42 * VAPP * COOT DEC FPSY ICM SH CM"}},{"type":"Feature","geometry":{"type":"Point","coordinates":[-118.176304427,34.087315502]},"properties":{"USER_name1":"Hillsides","USER_name2":"Family Resource Center Echo Park","USER_street1":"4927 Huntington Drive","USER_city":"Los Angeles","USER_state":"CA","USER_zip":"90032","USER_phone":"213-201-5380","USER_service_code_info":"MH SUMH * OP * OMH * CFT GT IDD IPT TELE * CIT PEOFF * PVTN * CLF MD PI SMHA SWFS * TAY GL MF TRMA PTSD SED SMI * STU * PEER * SMPD * CHLD YAD ADLT * SP * VPPD * COOT ICM LAD PRS SEMP SH CM SPS"}},{"type":"Feature","geometry":{"type":"Point","coordinates":[-118.384662028,34.054783575]},"properties":{"USER_name1":"Jewish Family Service of Los Angeles","USER_name2":"Pico Robertson Family Resource Ctr","USER_street1":"8838 West Pico Boulevard","USER_city":"Los Angeles","USER_state":"CA","USER_zip":"90035","USER_phone":"310-247-0864 x218","USER_service_code_info":"MH * OP * OMH * CBT IPT TELE * PVTN * CLF MC MD PI SF SI SMHA * SE TRMA * SMON * YAD ADLT SNR * SP FX * F25 F35 F70 * VAPN * FPSY PRS CM SPS"}},{"type":"Feature","geometry":{"type":"Point","coordinates":[-118.244137745,34.0434758010001]},"properties":{"USER_name1":"JWCH Institute/Wesley Health Ctrs","USER_name2":"CCH","USER_street1":"522 South San Pedro Street","USER_city":"Los Angeles","USER_state":"CA","USER_zip":"90013","USER_phone":"323-201-4516","USER_service_code_info":"SA MH SUMH * OP * OMH * CHLOR LOXAP THIOR BREXP ANTPYCH * CBT DBT GT IDD IPT TELE * PVTN * FQHC * CLF MC MD PI SF SMHA * PA * GL VET CO HV TRMA PTSD SMI * STU * MST * HS PEER * TCC * SMPD * YAD ADLT SNR * VPPD * COOT ICM LAD PRS SH CM IPC"}},{"type":"Feature","geometry":{"type":"Point","coordinates":[-118.155694836,34.01514589]},"properties":{"USER_name1":"Hillsides","USER_name2":"FRC/Bienvenidos/East Los Angeles","USER_street1":"5400 East Olympic Boulevard","USER_city":"Los Angeles","USER_state":"CA","USER_zip":"90022","USER_phone":"323-869-9225","USER_service_code_info":"MH SUMH * OP * OMH * CBT CFT GT IDD IPT TELE * CIT PEOFF * PVTN * CLF MD PI SMHA SWFS * TAY GL MF TRMA PTSD SED SMI * STU * SMPD * CHLD YAD ADLT * SP * VPPD * COOT ICM LAD PRS SEMP CM SPS"}},{"type":"Feature","geometry":{"type":"Point","coordinates":[-118.265487709,34.007214221]},"properties":{"USER_name1":"Kedren Community Mental Health Center","USER_name2":"Kedren Health","USER_street1":"4211 Avalon Boulevard","USER_city":"Los Angeles","USER_state":"CA","USER_zip":"90011","USER_phone":"323-233-0425","USER_service_code_info":"SA MH SUMH * HI OP * PSY * CHLOR FLUPH HALOP PERPH PROCH THIOR TRIFL ARIPI ASENA BREXP CARIP CLOZA ILOPE LURAS OLANZ PALIP QUETI RISPE ZIPRA NRT NSC ANTPYCH * AT CBT CFT DBT GT IDD IPT AIM * WI * LCCG * FQHC * CLF MC MD SCJJ SF SMHA SWFS * PA * TAY CJ TRMA PTSD SMI * STU * MST LABT * HS PEER * TCC * SMON * CHLD YAD ADLT * AH SP FX * F17 F25 F36 F37 F81 * VAPN * COOT DEC FPSY ICM IMR PRS SH VRS CM IPC SPS"}},{"type":"Feature","geometry":{"type":"Point","coordinates":[-118.393294298,33.976986815]},"properties":{"USER_name1":"Ketamine Clinics Los Angeles","USER_name2":"","USER_street1":"6801 Park Terrace","USER_city":"Los Angeles","USER_state":"CA","USER_zip":"90045","USER_phone":"310-270-0625","USER_service_code_info":"SA MH * OP * OMH * IDD KIT TMS TELE * PVTP * MC PI SF * TAY SE GL VET ADM MF CO TRMA PTSD * SMON * YAD ADLT SNR * SP FX * F25 * VAPN * SPS"}},{"type":"Feature","geometry":{"type":"Point","coordinates":[-118.291531791,34.0938840640001]},"properties":{"USER_name1":"Lifescape Recovery Center","USER_name2":"","USER_street1":"1212 North Vermont Avenue","USER_city":"Los Angeles","USER_state":"CA","USER_zip":"90029","USER_phone":"323-443-3225","USER_service_code_info":"SA MH SUMH * OP PHDT * PH * ARIPI CLOZA LURAS OLANZ OLANZF QUETI RISPE ANTPYCH * AT CBT CFT DBT EMDR GT IDD IPT TELE * PVTP * MI PI SF * SE GL VET ADM MF CJ CO HV DV TRMA PTSD * STU * HS PEER * SMPD * YAD ADLT SNR * VPPD * ACT COOT DEC FPSY ICM PRS SEMP SH VRS CM IPC ES"}},{"type":"Feature","geometry":{"type":"Point","coordinates":[-118.303760569,34.0638567340001]},"properties":{"USER_name1":"Korean American Family Services","USER_name2":"","USER_street1":"3727 West 6th Street","USER_city":"Los Angeles","USER_state":"CA","USER_zip":"90020","USER_phone":"213-389-6755","USER_service_code_info":"MH * OP * OMH * AT CBT CFT DBT EMDR GT IPT TELE * PVTN * CLF OSF PCF SF SMHA SWFS * SS * TAY SE TRMA PTSD SED * HS PEER * SMON * CHLD YAD ADLT SNR * FX * F17 F47 * VAPN * ACT COOT FPSY LAD TPC CM ES"}},{"type":"Feature","geometry":{"type":"Point","coordinates":[-118.243868853,34.044793353]},"properties":{"USER_name1":"MBI Health Services Inc","USER_name2":"","USER_street1":"443 San Pedro Street","USER_city":"Los Angeles","USER_state":"CA","USER_zip":"90013","USER_phone":"213-946-0002","USER_service_code_info":"SA MH SUMH * OP PHDT * OMH * ANTPYCH * AT CBT CRT CFT DBT GT IPT * PVTP * PI SF * CO * STU * TCC * SMPD * YAD ADLT * SP * VPPD * CM"}},{"type":"Feature","geometry":{"type":"Point","coordinates":[-118.412556079,34.025515436]},"properties":{"USER_name1":"Overland Recovery","USER_name2":"","USER_street1":"3415 Overland Avenue","USER_city":"Los Angeles","USER_state":"CA","USER_zip":"90034","USER_phone":"800-530-3100","USER_service_code_info":"SA MH SUMH * OP PHDT * PH * ARIPI CLOZA LURAS OLANZ OLANZF QUETI RISPE ANTPYCH * AT CBT CFT DBT EMDR GT IDD IPT TELE * PVTP * MI PI SF * SE GL VET ADM MF CJ CO HV DV TRMA PTSD * STU * HS PEER * SMPD * YAD ADLT SNR * VPPD * ACT COOT DEC FPSY ICM PRS SEMP SH VRS CM IPC ES"}},{"type":"Feature","geometry":{"type":"Point","coordinates":[-118.430254468,34.005197996]},"properties":{"USER_name1":"Mission Harbor Behavioral Health","USER_name2":"American Riviera LLC","USER_street1":"12114 Venice Boulevard","USER_city":"Los Angeles","USER_state":"CA","USER_zip":"90066","USER_phone":"805-874-5922","USER_service_code_info":"SA MH * OP PHDT * PH * CHLOR FLUPH HALOP LOXAP PERPH PIMOZ PROCH THIOT THIOR TRIFL OLANZ OLANZF QUETI RISPE ANTPYCH * AT CBT CFT DBT GT IDD IPT TELE * PVTP * PI SF SI * TAY SE GL VET CO HV TRMA PTSD * STU * TCC * SMPD * CHLD YAD ADLT SNR * VPPD * COOT FPSY CM SPS"}},{"type":"Feature","geometry":{"type":"Point","coordinates":[-118.387712621,34.03975805]},"properties":{"USER_name1":"Nuview Treatment Center","USER_name2":"Los Angeles","USER_street1":"2370 South Robertson Boulevard","USER_city":"Los Angeles","USER_state":"CA","USER_zip":"90034","USER_phone":"323-307-7997","USER_service_code_info":"SA MH SUMH * OP PHDT * MSMH * OLANZ OLANZF QUETI RISPE NRT NSC ANTPYCH * AT CBT CFT DBT GT IDD IPT TELE * CIT * PVTP * MHC * PI SF * SS * SE CO TRMA PTSD SMI * STU * HS PEER * TCC * SMPD * YAD ADLT * VPPD * CDM DEC FPSY ICM IMR LAD PRS SEMP SH VRS CM IPC SPS ES"}},{"type":"Feature","geometry":{"type":"Point","coordinates":[-118.32525663,34.0857993830001]},"properties":{"USER_name1":"Pacific Clinics","USER_name2":"","USER_street1":"815 North El Centro Avenue","USER_city":"Los Angeles","USER_state":"CA","USER_zip":"90038","USER_phone":"323-463-2119","USER_service_code_info":"MH SUMH * OP * OMH * ANTPYCH * AT CBT CFT IPT TELE * CIT * PVTN * MC PI * TAY GL CO TRMA PED PTSD SED SMI * SMON * CHLD YAD ADLT * SP FX * F17 F25 * VAPN * COOT FPSY CM"}},{"type":"Feature","geometry":{"type":"Point","coordinates":[-118.241320503,34.040122663]},"properties":{"USER_name1":"Para Los Ninos","USER_name2":"Mental Health Family Center","USER_street1":"849 East 6th Street","USER_city":"Los Angeles","USER_state":"CA","USER_zip":"90021","USER_phone":"213-623-8446 x224","USER_service_code_info":"MH * OP * OMH * AT CBT CFT GT IPT TELE * PVTN * MC * PA * TAY SED * SMON * CHLD YAD ADLT SNR * SP FX * F17 F81 * VAPN * FPSY ICM PRS SH CM"}},{"type":"Feature","geometry":{"type":"Point","coordinates":[-118.155694836,34.01514589]},"properties":{"USER_name1":"Helpline Youth Counseling Inc","USER_name2":"","USER_street1":"5400 East Olympic Boulevard","USER_city":"Los Angeles","USER_state":"CA","USER_zip":"90023","USER_phone":"562-273-0722","USER_service_code_info":"SA MH * OP * OMH * CBT CFT GT IPT * PVTN * CLF MD * TAY * STU * PEER * SMON * CHLD YAD ADLT SNR * SP * VAPN * COOT CM"}},{"type":"Feature","geometry":{"type":"Point","coordinates":[-118.3379989,34.0485797000001]},"properties":{"USER_name1":"Renewal Behavioral Health","USER_name2":"","USER_street1":"- - -","USER_city":"Los Angeles","USER_state":"CA","USER_zip":"90019","USER_phone":"818-696-0504","USER_service_code_info":"MH SUMH * RES * RTCA * ANTPYCH * AT CBT CRT CFT DBT EMDR GT IDD IPT KIT TMS TELE * CIT * PVTP * MI PI SF * GL PED * SMPD * YAD ADLT SNR * VPPD * FPSY IMR PRS CM"}},{"type":"Feature","geometry":{"type":"Point","coordinates":[-118.442020984,34.0395658950001]},"properties":{"USER_name1":"Southern California TMS Center","USER_name2":"","USER_street1":"2100 Sawtelle Boulevard","USER_city":"Los Angeles","USER_state":"CA","USER_zip":"90025","USER_phone":"866-322-7776","USER_service_code_info":"MH * OP * OMH * TMS * PVTP * CLF MC MD MI PI SF SI VAF * SMPD * CHLD YAD ADLT SNR * SP * VPPD"}},{"type":"Feature","geometry":{"type":"Point","coordinates":[-118.320799972,34.0620329990001]},"properties":{"USER_name1":"Southern California TMS Center","USER_name2":"","USER_street1":"4221 Wilshire Boulevard","USER_city":"Los Angeles","USER_state":"CA","USER_zip":"90010","USER_phone":"866-322-7776","USER_service_code_info":"MH * OP * OMH * TMS * PVTP * CLF MC MD MI PI SF SI VAF * SMPD * CHLD YAD ADLT SNR * SP * VPPD"}},{"type":"Feature","geometry":{"type":"Point","coordinates":[-118.444745745,34.073117354]},"properties":{"USER_name1":"Resnick Neuropsychiatric Hospital at","USER_name2":"UCLA","USER_street1":"150 Westwood Plaza","USER_city":"Los Angeles","USER_state":"CA","USER_zip":"90095","USER_phone":"310-267-8008","USER_service_code_info":"SA MH SUMH * HI OP PHDT * PSY * CHLOR FLUPH HALOP PERPH ARIPI ASENA BREXP CARIP CLOZA LURAS OLANZ PALIP QUETI RISPE ZIPRA ANTPYCH * AT CBT CFT DBT ECT GT IDD IPT KIT TELE AIM * PVTN * MC MD OSF PI SF SWFS * SS * TAY SE GL VET CJ CO HV TRMA TBI ALZ PED PTSD SED SMI * STU * MST LABT * SMON * CHLD YAD ADLT SNR * AH * VAPN * COOT DEC FPSY IMR CM ES"}},{"type":"Feature","geometry":{"type":"Point","coordinates":[-118.274920703,34.04996264]},"properties":{"USER_name1":"Star View Community Services","USER_name2":"","USER_street1":"1625 West Olympic Boulevard","USER_city":"Los Angeles","USER_state":"CA","USER_zip":"90015","USER_phone":"323-999-2404","USER_service_code_info":"MH SUMH * OP * OMH * ARIPI ILOPE LURAS OLANZ QUETI RISPE ANTPYCH * CBT CFT GT IPT TELE * CIT PEOFF * PVTP * FQHC * PI SCJJ SI SMHA SWFS * PA * TAY SE CO TRMA PTSD SED SMI * STU * SMPD * CHLD YAD ADLT * SP * VPPD * COOT FPSY ICM PRS CM"}},{"type":"Feature","geometry":{"type":"Point","coordinates":[-118.410202022,34.0329899980001]},"properties":{"USER_name1":"Vista Del Mar Child and Family Servs","USER_name2":"Residential Services","USER_street1":"3200 Motor Avenue","USER_city":"Los Angeles","USER_state":"CA","USER_zip":"90034","USER_phone":"310-836-1223","USER_service_code_info":"MH SUMH * RES * ORES * CHLOR HALOP PERPH ARIPI CLOZA LURAS OLANZ PALIP QUETI RISPE ZIPRA ANTPYCH * AT CBT CFT DBT GT IPT * CIT * PVTN * CLF CMHG CSBG MC MD OSF PI SCJJ SEF SF SI SMHA SWFS * GL CJ TRMA PTSD SED * SMON * CHLD * SP * VAPN * DEC FPSY ICM PRS SEMP VRS CM SPS ES"}},{"type":"Feature","geometry":{"type":"Point","coordinates":[-118.453761013,34.0511260060001]},"properties":{"USER_name1":"VA Greater LA Healthcare Systems","USER_name2":"","USER_street1":"11301 Wilshire Boulevard","USER_city":"Los Angeles","USER_state":"CA","USER_zip":"90073","USER_phone":"310-478-3711 x53908","USER_service_code_info":"SA MH SUMH * OP * VAHC * CHLOR FLUPH HALOP PERPH THIOT THIOR ARIPI CLOZA LURAS OLANZ PALIP QUETI RISPE NRT NSC ANTPYCH * CBT DBT GT IDD IPT TELE * FED VAMC * GL VET CO TRMA * STU * HS PEER * TCC * SMPD * YAD ADLT SNR * VPPD * COOT ICM PRS SH CM SPS ES"}},{"type":"Feature","geometry":{"type":"Point","coordinates":[-118.410202022,34.0329899980001]},"properties":{"USER_name1":"Vista Del Mar Outpatient Center","USER_name2":"","USER_street1":"3200 Motor Avenue","USER_city":"Los Angeles","USER_state":"CA","USER_zip":"90034","USER_phone":"310-836-1223 x500","USER_service_code_info":"MH SUMH * OP * OMH * ANTPYCH * CBT CFT GT IPT TELE * PVTN * CLF MC PI SF SMHA SWFS * SS * TAY TRMA PTSD SED * SMON * CHLD YAD * SP FX * F25 F35 * VAPN * FPSY PRS CM"}},{"type":"Feature","geometry":{"type":"Point","coordinates":[-118.332143872,34.003229758]},"properties":{"USER_name1":"Wellnest","USER_name2":"","USER_street1":"4401 Crenshaw Boulevard","USER_city":"Los Angeles","USER_state":"CA","USER_zip":"90043","USER_phone":"323-290-8360","USER_service_code_info":"MH SUMH * OP * CMHC * ARIPI LURAS OLANZ QUETI RISPE ANTPYCH * AT CBT CFT DBT GT IPT TELE * PVTN * CLF MD OSF PI SMHA SWFS * PA * TAY GL CJ CO DV TRMA PED PEFP PTSD SED SMI * SMON * CHLD YAD ADLT * AH SP * VAPN * COOT FPSY CM SPS"}},{"type":"Feature","geometry":{"type":"Point","coordinates":[-118.291951641,34.0173832720001]},"properties":{"USER_name1":"Wellnest","USER_name2":"","USER_street1":"3787 South Vermont Avenue","USER_city":"Los Angeles","USER_state":"CA","USER_zip":"90007","USER_phone":"323-373-2400","USER_service_code_info":"MH SUMH * OP * CMHC * ARIPI LURAS OLANZ QUETI RISPE ANTPYCH * AT CBT CFT DBT GT IPT TELE * PVTN * CLF MD OSF PI SMHA SWFS * PA * TAY GL CJ CO DV TRMA PED PEFP PTSD SED SMI * SMON * CHLD YAD ADLT * AH SP * VAPN * COOT FPSY ICM CM SPS"}},{"type":"Feature","geometry":{"type":"Point","coordinates":[-118.291199197,33.9966866350001]},"properties":{"USER_name1":"Wellnest","USER_name2":"Life Learning Center","USER_street1":"5054 Vermont Avenue","USER_city":"Los Angeles","USER_state":"CA","USER_zip":"90037","USER_phone":"323-373-2444","USER_service_code_info":"MH SUMH * OP * CMHC * ARIPI LURAS OLANZ QUETI RISPE ANTPYCH * AT CBT CFT GT IPT TELE * CIT * PVTN * CLF MD OSF PI SMHA SWFS * PA * TAY GL CJ CO TRMA PED PTSD SED SMI * SMON * CHLD YAD * AH SP * VAPN * COOT FPSY ICM PRS SEMP VRS CM SPS"}},{"type":"Feature","geometry":{"type":"Point","coordinates":[-118.334749638,34.0160219250001]},"properties":{"USER_name1":"Southern California Health","USER_name2":"Rehab Program (SCHARP) FSP","USER_street1":"3850 South Crenshaw Boulevard","USER_city":"Los Angeles","USER_state":"CA","USER_zip":"90008","USER_phone":"323-593-5300","USER_service_code_info":"SA MH SUMH * OP * OMH * ANTPYCH * CBT CFT DBT GT IDD IPT TELE * CIT * PVTN * CLF MC MD OSF SMHA * CJ CO SMI * STU * HS PEER * TCC * SMOP * YAD ADLT SNR * SP * VAPP * ACT COOT FPSY ICM PRS SH VRS CM IPC SPS ES"}},{"type":"Feature","geometry":{"type":"Point","coordinates":[-118.267104746,33.974567714]},"properties":{"USER_name1":"Wellnest","USER_name2":"Nest on Florence","USER_street1":"410 East Florence Avenue","USER_city":"Los Angeles","USER_state":"CA","USER_zip":"90003","USER_phone":"323-533-2650","USER_service_code_info":"MH SUMH * OP * MSMH * ARIPI LURAS OLANZ QUETI RISPE ANTPYCH * AT CBT CFT GT IPT TELE * CIT * PVTN * CLF MD OSF PI SMHA SWFS * PA * TAY GL CJ CO DV TRMA PED PEFP PTSD SMI * HS * SMON * YAD * AH SP * VAPN * COOT FPSY ICM PRS SEMP SH VRS CM SPS"}},{"type":"Feature","geometry":{"type":"Point","coordinates":[-121.965827142,37.2178194190001]},"properties":{"USER_name1":"Pacific Clinics","USER_name2":"","USER_street1":"499 Loma Alta Avenue","USER_city":"Los Gatos","USER_state":"CA","USER_zip":"95030","USER_phone":"408-379-3790","USER_service_code_info":"MH SUMH * OP * AT CBT CFT DBT GT IDD IPT TELE * CIT PEOFF * PVTN * CLF CMHG MC MD SCJJ SI SMHA SWFS * TAY GL CJ CO DV TRMA PED PEFP PTSD SED SMI * HS PEER * SMPD * CHLD YAD * SP FX * F17 F25 F28 F36 F47 F67 F70 F81 F92 * VAPN * ACT COOT FPSY ICM IMR PRS SEMP SH TPC VRS CM IPC ES"}},{"type":"Feature","geometry":{"type":"Point","coordinates":[-121.956979373,37.2478969570001]},"properties":{"USER_name1":"Visit Health Recovery","USER_name2":"","USER_street1":"16400 Lark Avenue","USER_city":"Los Gatos","USER_state":"CA","USER_zip":"95032","USER_phone":"650-331-0134","USER_service_code_info":"SA MH SUMH * OP * OMH * NRT * AT CBT CRT CFT DBT GT IDD IPT TELE * PVTP * MHC * PI SF * STU * PEER * TCC * SMPD * ADLT SNR * SP * VAPN VPPD * COOT DEC CM"}},{"type":"Feature","geometry":{"type":"Point","coordinates":[-118.247739458,33.966413609]},"properties":{"USER_name1":"Tessie Cleveland Community Servs Corp","USER_name2":"","USER_street1":"8019 South Compton Avenue","USER_city":"Los Angeles","USER_state":"CA","USER_zip":"90001","USER_phone":"323-586-7333","USER_service_code_info":"SA MH SUMH * OP PHDT * OMH * NSC ANTPYCH * AT CBT CFT DBT GT IDD IPT TELE * CIT * PVTN * CLF MC MD PI SF * SS * TAY SE GL CJ CO TRMA PTSD SED SMI * PEER * SMON * CHLD YAD ADLT SNR * SP FX * F17 * VAPN * ACT AOT COOT FPSY ICM PRS CM SPS"}},{"type":"Feature","geometry":{"type":"Point","coordinates":[-120.241014529,39.673758917]},"properties":{"USER_name1":"Sierra County Behavioral Health","USER_name2":"Alcohol and Drug Department","USER_street1":"704 Mill Street","USER_city":"Loyalton","USER_state":"CA","USER_zip":"96118","USER_phone":"530-993-6746","USER_service_code_info":"SA MH SUMH * OP * OMH * ANTPYCH * IPT TELE * CIT PEON PEOFF * LCCG * MHC * CLF CMHG MC MD SF SMHA * GL VET CO TRMA PED PEFP PTSD SED SMI * PEER * SMPD * CHLD YAD ADLT SNR * VPPD * COOT PRS CM SPS"}},{"type":"Feature","geometry":{"type":"Point","coordinates":[-118.2173149,34.0512625050001]},"properties":{"USER_name1":"Wellnest/Integrated Servs Management","USER_name2":"Adventist Health White Memorial","USER_street1":"1701 East Cesar E Chavez Avenue","USER_city":"Los Angeles","USER_state":"CA","USER_zip":"90033","USER_phone":"323-373-2400","USER_service_code_info":"MH SUMH * OP * CMHC * ARIPI LURAS OLANZ QUETI RISPE ANTPYCH * AT CBT CFT GT IPT TELE * PVTN * CLF MD OSF PI SMHA SWFS * PA * TAY GL CJ CO TRMA PED PTSD SED SMI * SMON * CHLD YAD ADLT * AH SP * VAPN * CDM COOT FPSY ICM CM IPC SPS"}},{"type":"Feature","geometry":{"type":"Point","coordinates":[-118.201123829,33.9318353890001]},"properties":{"USER_name1":"Aviva Family and Childrens Services","USER_name2":"","USER_street1":"3680 East Imperial Highway","USER_city":"Lynwood","USER_state":"CA","USER_zip":"90262","USER_phone":"323-876-0550","USER_service_code_info":"MH SUMH * OP * OMH * CBT CFT GT IPT * CIT * PVTN * CMHG CSBG MD PI SF SI SMHA SWFS * PA SS * TAY GL TRMA PTSD SED SMI * SMPD * CHLD YAD * SP * VPPD * COOT FPSY PRS CM SPS"}},{"type":"Feature","geometry":{"type":"Point","coordinates":[-120.056348713,36.9610397320001]},"properties":{"USER_name1":"Madera County Behav Health Services","USER_name2":"","USER_street1":"209 East 7th Street","USER_city":"Madera","USER_state":"CA","USER_zip":"93638","USER_phone":"559-673-3508","USER_service_code_info":"SA MH SUMH * OP * OMH * AT CBT CFT DBT GT IDD IPT TELE * CIT WI * LCCG * CLF CMHG CSBG MC MD OSF SCJJ SF SMHA SWFS * PA * TAY SE CJ CO SED * PEER * SMPD * CHLD YAD ADLT SNR * AH SP * VPPD * ACT COOT FPSY ICM IMR PRS SH CM SPS"}},{"type":"Feature","geometry":{"type":"Point","coordinates":[-118.200502814,33.928796865]},"properties":{"USER_name1":"Drew Child Development Corporation","USER_name2":"","USER_street1":"3737 Martin Luther King Jr Boulevard","USER_city":"Lynwood","USER_state":"CA","USER_zip":"90262","USER_phone":"323-249-2950 x2940","USER_service_code_info":"MH SUMH * OP * OMH * ANTPYCH * CBT CFT GT IPT TELE * CIT * PVTN * CLF CMHG MC MD * TAY TRMA PTSD SED SMI * SMON * CHLD YAD ADLT SNR * SP * VAPN * COOT FPSY PRS CM"}},{"type":"Feature","geometry":{"type":"Point","coordinates":[-118.795492798,34.016360805]},"properties":{"USER_name1":"Amend Treatment","USER_name2":"","USER_street1":"6758 Wildlife Road","USER_city":"Malibu","USER_state":"CA","USER_zip":"90265","USER_phone":"805-912-6363","USER_service_code_info":"SA MH SUMH * RES * RTCA * NRT NSC * AT CBT CFT DBT EMDR GT IDD IPT * PEON * PVTP * PI SF * GL CO TRMA SMI * STU * MST LABT * TCC * SMPD * YAD ADLT SNR * VPPD * ACT COOT DEC FPSY ICM IMR PRS VRS CM IPC SPS ES"}},{"type":"Feature","geometry":{"type":"Point","coordinates":[-118.782516773,34.031152601]},"properties":{"USER_name1":"Lifesync Malibu","USER_name2":"","USER_street1":"6231 Murphy Way","USER_city":"Malibu","USER_state":"CA","USER_zip":"90265","USER_phone":"866-491-4426","USER_service_code_info":"MH * RES * RTCA * ARIPI CLOZA OLANZ QUETI RISPE NRT ANTPYCH * AT CBT CRT CFT DBT EMDR GT IPT * PEON WI * PVTP * PI SF * TAY SE TRMA SMI * STU * TBS * TCC * SMPD * YAD ADLT * VPPD * ACT CDM DEC FPSY PRS VRS CM SPS"}},{"type":"Feature","geometry":{"type":"Point","coordinates":[-118.201123829,33.9318353890001]},"properties":{"USER_name1":"Pacific Clinics","USER_name2":"","USER_street1":"3680 East Imperial Highway","USER_city":"Lynwood","USER_state":"CA","USER_zip":"90262","USER_phone":"323-769-7174","USER_service_code_info":"MH SUMH * OP * OMH * AT CBT CFT IPT TELE * CIT * PVTN * MC PI * TAY GL CO TRMA PED PTSD SED SMI * SMON * CHLD YAD ADLT * SP * VAPN * COOT FPSY CM"}},{"type":"Feature","geometry":{"type":"Point","coordinates":[-118.7494301,34.0313275]},"properties":{"USER_name1":"Montare at the Canyon","USER_name2":"","USER_street1":"- - -","USER_city":"Malibu","USER_state":"CA","USER_zip":"90265","USER_phone":"888-292-0870","USER_service_code_info":"MH SUMH * RES * RTCA * ANTPYCH * AT CBT CRT CFT DBT EMDR GT IDD IPT KIT TMS TELE * CIT * PVTP * MI PI SF * GL VET TRMA PEFP PTSD SMI * SMPD * YAD ADLT SNR * VPPD * FPSY IMR PRS CM"}},{"type":"Feature","geometry":{"type":"Point","coordinates":[-118.7494301,34.0313275]},"properties":{"USER_name1":"Montare at the Canyon 2","USER_name2":"","USER_street1":"- - -","USER_city":"Malibu","USER_state":"CA","USER_zip":"90265","USER_phone":"888-292-0870","USER_service_code_info":"MH SUMH * RES * RTCA * ANTPYCH * AT CBT CRT CFT DBT EMDR GT IDD IPT KIT TMS TELE * CIT * PVTP * MI PI SF * GL VET TRMA PEFP PTSD SMI * SMPD * YAD ADLT SNR * VPPD * FPSY IMR PRS CM"}},{"type":"Feature","geometry":{"type":"Point","coordinates":[-118.852916378,34.038980838]},"properties":{"USER_name1":"Beachside Teen Treatment Center","USER_name2":"","USER_street1":"31275 Bailard Road","USER_city":"Malibu","USER_state":"CA","USER_zip":"90265","USER_phone":"888-822-5141 x302","USER_service_code_info":"SA MH SUMH * RES * RTCC * AT CBT DBT GT * CIT * PVTP * PI SF * STU * SMON * CHLD * SP FX * F17 F28 F30 F42 F67 * VAPN * COOT DEC ES"}},{"type":"Feature","geometry":{"type":"Point","coordinates":[-118.806068831,34.004878143]},"properties":{"USER_name1":"Paradigm Treatment Centers","USER_name2":"Paradigm Malibu Beach House","USER_street1":"29245 Cliffside Drive","USER_city":"Malibu","USER_state":"CA","USER_zip":"90265","USER_phone":"855-780-8336","USER_service_code_info":"SA MH SUMH * RES * RTCA * AT CBT CFT DBT EMDR GT IDD IPT TELE * PVTP * PI SF * TAY GL CO DV TRMA PTSD * PEER * SMON * YAD ADLT * VAPN * DEC FPSY PRS CM SPS ES"}},{"type":"Feature","geometry":{"type":"Point","coordinates":[-118.763812892,34.029927125]},"properties":{"USER_name1":"Paradigm Treatment Centers","USER_name2":"Paradigm Malibu Escondido","USER_street1":"6323 Via Escondido Drive","USER_city":"Malibu","USER_state":"CA","USER_zip":"90265","USER_phone":"877-469-2054","USER_service_code_info":"SA MH SUMH * RES * RTCC * AT CBT CFT DBT EMDR GT IDD IPT TELE * PVTP * PI SF * GL CO TRMA PTSD SED * STU * TBS * TCC * SMON * CHLD * VAPN * DEC FPSY CM SPS ES"}},{"type":"Feature","geometry":{"type":"Point","coordinates":[-118.803137093,34.0262919360001]},"properties":{"USER_name1":"Paradigm Treatment Centers","USER_name2":"","USER_street1":"6316 Cavalleri Road","USER_city":"Malibu","USER_state":"CA","USER_zip":"90265","USER_phone":"877-469-2054","USER_service_code_info":"SA MH SUMH * RES * RTCC * AT CBT CFT DBT EMDR GT IDD IPT TELE * PVTP * PI SF * GL CO TRMA PTSD SED * STU * TBS * TCC * SMON * CHLD * VAPN * DEC FPSY CM SPS ES"}},{"type":"Feature","geometry":{"type":"Point","coordinates":[-118.768673557,34.029074602]},"properties":{"USER_name1":"Paradigm Treatment Centers","USER_name2":"Paradigm Malibu Meadows","USER_street1":"6395 Meadows Court","USER_city":"Malibu","USER_state":"CA","USER_zip":"90265","USER_phone":"855-780-8336","USER_service_code_info":"SA MH SUMH * RES * RTCC * AT CBT CFT DBT EMDR GT IDD IPT TELE * PVTP * PI SF * GL CO TRMA PTSD SED * SMON * CHLD * VAPN * DEC FPSY CM SPS ES"}},{"type":"Feature","geometry":{"type":"Point","coordinates":[-118.80454651,34.0062151820001]},"properties":{"USER_name1":"Paradigm Treatment Centers","USER_name2":"Paradigm Malibu Point Dume","USER_street1":"29149 Cliffside Drive","USER_city":"Malibu","USER_state":"CA","USER_zip":"90265","USER_phone":"855-780-8336","USER_service_code_info":"SA MH SUMH * RES * RTCC * AT CBT CFT DBT EMDR GT IDD IPT TELE * PVTP * PI SF * GL CO TRMA PTSD SED * STU * TBS * TCC * SMON * CHLD * VAPN * DEC FPSY CM SPS ES"}},{"type":"Feature","geometry":{"type":"Point","coordinates":[-118.771744854,34.0282160020001]},"properties":{"USER_name1":"Paradigm Treatment Centers","USER_name2":"","USER_street1":"27407 Pacific Coast Highway","USER_city":"Malibu","USER_state":"CA","USER_zip":"90265","USER_phone":"888-220-3466","USER_service_code_info":"SA MH SUMH * RES * RTCA RTCC * AT CBT CFT DBT EMDR GT IDD IPT TELE * PVTP * PI SF * TAY GL CO TRMA PTSD SED SMI * STU * TBS * TCC * SMON * YAD ADLT * VAPN * DEC FPSY CM SPS ES"}},{"type":"Feature","geometry":{"type":"Point","coordinates":[-118.396453438,33.8824170710001]},"properties":{"USER_name1":"Clear Behavioral Health","USER_name2":"","USER_street1":"515 North Sepulveda Boulevard","USER_city":"Manhattan Beach","USER_state":"CA","USER_zip":"90266","USER_phone":"877-799-1985","USER_service_code_info":"SA MH SUMH * PHDT * PH * ARIPI BREXP CARIP CLOZA LURAS OLANZ OLANZF PALIP QUETI RISPE ZIPRA ANTPYCH * AT CBT CFT DBT GT IDD IPT * CIT PEOFF * PVTP * PI SF SI * GL CO TRMA PEFP PTSD SED * PEER * SMPD * CHLD * VAPN * COOT FPSY ICM IMR PRS VRS CM SPS ES"}},{"type":"Feature","geometry":{"type":"Point","coordinates":[-118.405573703,33.8876641000001]},"properties":{"USER_name1":"Clear Behavioral Health","USER_name2":"MH Residential","USER_street1":"1208 Highview Avenue","USER_city":"Manhattan Beach","USER_state":"CA","USER_zip":"90266","USER_phone":"877-799-1985","USER_service_code_info":"MH SUMH * RES * RTCA * ARIPI BREXP CARIP CLOZA LURAS OLANZ OLANZF PALIP QUETI RISPE ZIPRA ANTPYCH * AT CBT DBT GT IDD IPT * CIT PEON PEOFF * PVTP * PI SF SI * GL CO TRMA PEFP PTSD SMI * PEER * SMPD * YAD ADLT * VAPN * COOT FPSY ICM IMR PRS VRS CM SPS ES"}},{"type":"Feature","geometry":{"type":"Point","coordinates":[-121.800941025,36.6683712490001]},"properties":{"USER_name1":"Monterey County Behavioral Health","USER_name2":"Adult/Child Mental Health","USER_street1":"299 12th Street","USER_city":"Marina","USER_state":"CA","USER_zip":"93933","USER_phone":"888-258-6029","USER_service_code_info":"MH SUMH * OP * OMH * CBT CFT DBT GT IPT TELE * LCCG * CLF CMHG MC MD OSF PI SI SMHA * SS * TAY SE SED SMI * STU * SMPD * CHLD YAD ADLT SNR * AH SP * VPPD * ACT FPSY PRS CM SPS"}},{"type":"Feature","geometry":{"type":"Point","coordinates":[-121.813817472,36.6627994630001]},"properties":{"USER_name1":"VA Palo Alto Healthcare System","USER_name2":"Monterey CBOC (116A/MONT)","USER_street1":"201 9th Street","USER_city":"Marina","USER_state":"CA","USER_zip":"93933","USER_phone":"831-884-1000","USER_service_code_info":"SA MH SUMH * OP * VAHC * CHLOR FLUPH HALOP PERPH THIOR ARIPI BREXP LURAS OLANZ PALIP QUETI RISPE ZIPRA NRT NSC ANTPYCH * AT CBT CFT DBT GT IDD IPT TMS TELE AIM * CIT PEON WI * FED VAMC * MI VAF * GL VET ADM MF CO TRMA PTSD SMI * STU * HIVT STDT TBS MST HBT HCT LABT * HS PEER * TCC * SMON * YAD ADLT SNR * SP * VAPN * CDM COOT DEC FPSY IMR PRS SEMP SH VRS CM IPC SPS ES"}},{"type":"Feature","geometry":{"type":"Point","coordinates":[-118.4033258,33.8875261000001]},"properties":{"USER_name1":"Clear Behavioral Health","USER_name2":"MH Adult/Teen","USER_street1":"640 South Vicente Boulevard","USER_city":"Manhattan Beach","USER_state":"CA","USER_zip":"90266","USER_phone":"877-799-1985","USER_service_code_info":"MH SUMH * PHDT * PH * ARIPI CLOZA OLANZ OLANZF RISPE ANTPYCH * AT CBT DBT GT IDD IPT * CIT PEOFF * PVTP * PI SF SI * TAY GL CO TRMA PEFP PTSD SED SMI * PEER * SMPD * CHLD YAD ADLT SNR * VAPN * COOT FPSY ICM IMR PRS VRS CM SPS ES"}},{"type":"Feature","geometry":{"type":"Point","coordinates":[-119.984212965,37.499464065]},"properties":{"USER_name1":"Mariposa County Behavioral Health and","USER_name2":"Recovery Services","USER_street1":"5362 Lemee Lane","USER_city":"Mariposa","USER_state":"CA","USER_zip":"95338","USER_phone":"209-966-2000 x892","USER_service_code_info":"SA MH SUMH * OP * OMH * CHLOR HALOP PERPH TRIFL ARIPI BREXP LURAS OLANZ PALIP QUETI RISPE ZIPRA ANTPYCH * CBT CFT DBT GT IDD IPT TELE AIM * CIT * LCCG * CLF CMHG MC MD MI PI SF SI * SS * TAY SE CJ CO TRMA PED PEFP SED SMI * PEER * SMPD * CHLD YAD ADLT SNR * AH * VPPD * AOT COOT ICM PRS SH CM SPS"}},{"type":"Feature","geometry":{"type":"Point","coordinates":[-118.433530535,33.983544732]},"properties":{"USER_name1":"LAT Intensive Outpatient Programs","USER_name2":"","USER_street1":"4551 Glencoe Avenue","USER_city":"Marina del Rey","USER_state":"CA","USER_zip":"90292","USER_phone":"310-572-7000","USER_service_code_info":"SA MH SUMH * OP PHDT * PH * AT CBT DBT GT IDD IPT TELE * PVTP * PI SF * CO SMI * STU * PEER * SMPD * YAD ADLT SNR * VPPD * COOT DEC IMR"}},{"type":"Feature","geometry":{"type":"Point","coordinates":[-122.132914682,38.006564848]},"properties":{"USER_name1":"Contra Costa County Regional","USER_name2":"Medical Center","USER_street1":"2500 Alhambra Avenue","USER_city":"Martinez","USER_state":"CA","USER_zip":"94553","USER_phone":"925-370-5000","USER_service_code_info":"SA MH SUMH * HI OP * IPSY * CHLOR FLUPH HALOP LOXAP PERPH ARIPI CLOZA LURAS OLANZ PALIP QUETI RISPE ZIPRA NRT ANTPYCH * AT CBT DBT GT IDD IPT * CIT PEON WI * LCCG * CLF MC MD PI SF * STU * TBS MST LABT * PEER * SMON * CHLD YAD ADLT SNR * AH * VAPN * FPSY IPC"}},{"type":"Feature","geometry":{"type":"Point","coordinates":[-117.237287442,33.696121352]},"properties":{"USER_name1":"Hillside Horizon for Teens","USER_name2":"","USER_street1":"24195 Juanita Drive","USER_city":"Menifee","USER_state":"CA","USER_zip":"92587","USER_phone":"855-746-8378","USER_service_code_info":"SA MH SUMH * RES * RTCC * AT CBT CFT EMDR GT IDD IPT * PVTP * PI SF SI * GL CO TRMA SED SMI * SMON * CHLD * VAPN * ACT DEC FPSY ICM CM ES"}},{"type":"Feature","geometry":{"type":"Point","coordinates":[-121.567230011,39.119897005]},"properties":{"USER_name1":"Peach Tree Health","USER_name2":"Linda","USER_street1":"5730 Packard Avenue","USER_city":"Marysville","USER_state":"CA","USER_zip":"95901","USER_phone":"530-749-3242","USER_service_code_info":"SA MH * OP * OMH * NRT NSC * CBT DBT GT IDD IPT TELE AIM * PVTN * FQHC * MC MD MI PI SF SI * PA SS * TAY SE GL VET ADM MF CJ CO HV DV TRMA TBI ALZ PED PEFP PTSD * STU * HIVT STDT TBS MST HBT HCT LABT * HS * TCC * SMON * CHLD YAD ADLT SNR * AH SP * VAPN * CDM DEC FPSY CM IPC SPS ES"}},{"type":"Feature","geometry":{"type":"Point","coordinates":[-122.21158689,37.4342751120001]},"properties":{"USER_name1":"Center for Discovery","USER_name2":"Menlo Park","USER_street1":"1895 Altschul Avenue","USER_city":"Menlo Park","USER_state":"CA","USER_zip":"94025","USER_phone":"866-862-3631","USER_service_code_info":"SA MH SUMH * RES * RTCC * CBT CFT DBT GT IPT * PVTP * MI PI SF * PED * MST * HS * SMPD * CHLD YAD * VPPD * DEC FPSY CM"}},{"type":"Feature","geometry":{"type":"Point","coordinates":[-117.646991852,33.5835305150001]},"properties":{"USER_name1":"Alter Mental Health","USER_name2":"","USER_street1":"26100 Malaga Lane","USER_city":"Mission Viejo","USER_state":"CA","USER_zip":"92692","USER_phone":"949-356-7952","USER_service_code_info":"MH SUMH * RES * RTCA * HALOP ARIPI CLOZA OLANZ OLANZF PALIP QUETI RISPE NRT NSC ANTPYCH * AT CBT CFT DBT GT IDD IPT AIM * CIT PEON * PVTP * FQHC * PI SF * GL CO TRMA PEFP PTSD SMI * STU * HIVT STDT TBS MST HBT HCT LABT * HS PEER * TCC * SMPD * YAD ADLT SNR * VPPD * ACT DEC FPSY IMR CM SPS"}},{"type":"Feature","geometry":{"type":"Point","coordinates":[-119.816731204,38.769770183]},"properties":{"USER_name1":"Alpine County","USER_name2":"Behavioral Health Services","USER_street1":"40 Diamond Valley Road","USER_city":"Markleeville","USER_state":"CA","USER_zip":"96120","USER_phone":"530-694-1816","USER_service_code_info":"SA MH SUMH * OP * OMH * CBT DBT GT IDD IPT TELE * CIT * LCCG * CMHG MC MD OSF PI SF SI * PA * TAY SE GL VET ADM MF CO TRMA PTSD SED * SMON * CHLD YAD ADLT SNR * VAPN * COOT DEC FPSY ICM PRS CM SPS"}},{"type":"Feature","geometry":{"type":"Point","coordinates":[-120.487039145,37.303126993]},"properties":{"USER_name1":"Insight Treatment Programs","USER_name2":"","USER_street1":"739 West Main Street","USER_city":"Merced","USER_state":"CA","USER_zip":"95340","USER_phone":"888-295-9995","USER_service_code_info":"SA MH SUMH * OP PHDT * AT CBT CFT DBT GT IDD IPT TELE * CIT * PVTP * PI SF * SS * CO * STU * PEER * TCC * SMON * CHLD * VAPN"}},{"type":"Feature","geometry":{"type":"Point","coordinates":[-117.636448004,33.629496998]},"properties":{"USER_name1":"Life Vessel Treatment and Recovery","USER_name2":"","USER_street1":"28312 Driza","USER_city":"Mission Viejo","USER_state":"CA","USER_zip":"92692","USER_phone":"949-771-7554","USER_service_code_info":"SA MH SUMH * RES * MSMH * AT CBT CFT DBT GT IDD IPT * PVTP * PI SF * TAY SE GL VET ADM MF CO HV DV TRMA PED PTSD * LABT * SMPD * YAD ADLT SNR * VPPD * FPSY CM"}},{"type":"Feature","geometry":{"type":"Point","coordinates":[-120.470517911,37.2934057040001]},"properties":{"USER_name1":"Aspiranet","USER_name2":"Youth Crisis Stabilization Unit","USER_street1":"300 East 15th Street","USER_city":"Merced","USER_state":"CA","USER_zip":"95341","USER_phone":"209-725-2125","USER_service_code_info":"MH SUMH * HI OP PHDT * OMH * CHLOR HALOP OLANZ RISPE ANTPYCH * AT IPT AIM * CIT PEON WI * PVTN * MHC * CLF MC OSF PI SI SMHA SWFS * STU * PEER * TCC * SMON * CHLD * SP * VAPN * IMR PRS SPS"}},{"type":"Feature","geometry":{"type":"Point","coordinates":[-117.686367686,33.618525967]},"properties":{"USER_name1":"SoCal Empowered LLC","USER_name2":"","USER_street1":"23671 Brasilia Street","USER_city":"Mission Viejo","USER_state":"CA","USER_zip":"92691","USER_phone":"888-630-3860","USER_service_code_info":"MH SUMH * RES * RTCA * CHLOR HALOP PERPH THIOT ARIPI BREXP CARIP CLOZA LURAS OLANZ OLANZF PALIP QUETI RISPE ZIPRA ANTPYCH * AT CBT CRT CFT DBT GT IDD IPT TMS TELE * CIT PEON * PVTP * PI SF VAF * TAY SE GL VET MF CJ CO HV DV TRMA PED PEFP PTSD SMI * TBS MST HBT HCT LABT * PEER * SMPD * YAD ADLT SNR * VPPD * ACT COOT DEC FPSY PRS CM SPS ES"}},{"type":"Feature","geometry":{"type":"Point","coordinates":[-117.67942001,33.625974]},"properties":{"USER_name1":"County of Orange Healthcare Agency","USER_name2":"Mental Health and Recovery Services","USER_street1":"23228 Madero Street","USER_city":"Mission Viejo","USER_state":"CA","USER_zip":"92691","USER_phone":"949-454-3940","USER_service_code_info":"MH SUMH * OP * OMH * CHLOR HALOP ARIPI CARIP CLOZA LURAS OLANZ PALIP QUETI RISPE ZIPRA ANTPYCH * CBT CFT DBT GT IDD IPT TELE AIM * PEON WI * LCCG * MC MD PI SF * PA * SMI * STU * MST LABT * PEER * SMPD * YAD ADLT * AH SP * VPPD * ACT COOT FPSY ICM SH CM"}},{"type":"Feature","geometry":{"type":"Point","coordinates":[-120.922697531,37.665292978]},"properties":{"USER_name1":"Doctors Medical Center","USER_name2":"Behavioral Health Center","USER_street1":"1501 Claus Road","USER_city":"Modesto","USER_state":"CA","USER_zip":"95355","USER_phone":"209-557-6300","USER_service_code_info":"MH * HI * IPSY * CHLOR FLUPH HALOP ARIPI CLOZA LURAS OLANZ PALIP QUETI RISPE ZIPRA NSC ANTPYCH * AT CBT DBT GT IDD IPT AIM * CIT PEON PEOFF WI * PVTP * CLF MC MD MI PI SF SI SMHA VAF * SMI * STU * LABT * TCC * SMON * YAD ADLT SNR * AH * VAPN * COOT CM SPS"}},{"type":"Feature","geometry":{"type":"Point","coordinates":[-117.67373993,33.6012512]},"properties":{"USER_name1":"Western Youth Services","USER_name2":"","USER_street1":"26137 La Paz Road","USER_city":"Mission Viejo","USER_state":"CA","USER_zip":"92691","USER_phone":"949-595-8610","USER_service_code_info":"MH SUMH * OP * OMH * ANTPYCH * CBT CFT DBT GT IPT TELE * PVTN * CLF SI SMHA * GL MF CJ CO TRMA PED PTSD SED * PEER * SMON * CHLD * SP * VAPN * FPSY ICM PRS CM SPS"}},{"type":"Feature","geometry":{"type":"Point","coordinates":[-120.976522,37.639124]},"properties":{"USER_name1":"Stanislaus County Behavioral Health","USER_name2":"","USER_street1":"- - -","USER_city":"Modesto","USER_state":"CA","USER_zip":"95354","USER_phone":"209-525-5080","USER_service_code_info":"SA MH SUMH * OP * OMH * ANTPYCH * CFT EMDR GT IPT TELE * STG * TAY GL CO TRMA PTSD SED SMI * PEER * SMPD * CHLD YAD * AH SP * VPPD * FPSY ICM CM"}},{"type":"Feature","geometry":{"type":"Point","coordinates":[-117.665145713,33.56312955]},"properties":{"USER_name1":"Pacific Solstice","USER_name2":"","USER_street1":"26732 Crown Valley Parkway","USER_city":"Mission Viejo","USER_state":"CA","USER_zip":"92691","USER_phone":"949-200-7929","USER_service_code_info":"SA MH SUMH * OP PHDT * PH * ARIPI CLOZA QUETI RISPE ZIPRA NRT NSC ANTPYCH * AT CBT CFT DBT GT IDD IPT KIT TMS TELE * CIT * PVTP * MC MI PI SF * TAY SE VET ADM MF CJ CO HV TRMA TBI ALZ PTSD SMI * STU * LABT * PEER * TCC * SMON * CHLD YAD ADLT SNR * SP FX * F25 F81 F92 * VAPN * CDM COOT DEC FPSY ICM PRS VRS CM SPS ES"}},{"type":"Feature","geometry":{"type":"Point","coordinates":[-117.694520009,34.078227004]},"properties":{"USER_name1":"Health Service Alliance","USER_name2":"Montclair Community Health Center","USER_street1":"5050 San Bernardino Street","USER_city":"Montclair","USER_state":"CA","USER_zip":"91763","USER_phone":"909-281-5800","USER_service_code_info":"MH SUMH * OP * OMH * CHLOR HALOP ARIPI OLANZ OLANZF QUETI RISPE ANTPYCH * CBT IPT TELE * PVTN * FQHC * MC MD PI SF SI * PA SS * SMON * CHLD YAD ADLT SNR * SP * VAPN * CM IPC"}},{"type":"Feature","geometry":{"type":"Point","coordinates":[-120.989436927,37.6681680130001]},"properties":{"USER_name1":"LIFE Path","USER_name2":"","USER_street1":"1700 McHenry Village Way","USER_city":"Modesto","USER_state":"CA","USER_zip":"95350","USER_phone":"209-523-4573","USER_service_code_info":"MH * OP * OMH * HALOP ARIPI OLANZ RISPE ZIPRA ANTPYCH * CBT CFT DBT GT IPT TELE * PVTN * MD PI SMHA * PA * PEFP * SMON * CHLD YAD * AH SP * VAPN * FPSY ICM PRS SEMP CM SPS ES"}},{"type":"Feature","geometry":{"type":"Point","coordinates":[-121.913111006,36.578896989]},"properties":{"USER_name1":"Community Hospital of the Monterey","USER_name2":"Peninsula","USER_street1":"23625 Holman Highway","USER_city":"Monterey","USER_state":"CA","USER_zip":"93940","USER_phone":"831-624-5311","USER_service_code_info":"SA MH SUMH * HI * IPSY * CHLOR HALOP PERPH ARIPI CARIP CLOZA LURAS OLANZ PALIP QUETI RISPE ZIPRA NRT NSC ANTPYCH * ECT GT * CIT PEON WI * PVTN * MC MD MI PI SF VAF * SMI * STU * HIVT STDT TBS MST HBT HCT LABT * TCC * SMON * YAD ADLT SNR * AH * VAPN * DEC IMR SPS ES"}},{"type":"Feature","geometry":{"type":"Point","coordinates":[-121.651808192,37.1298060830001]},"properties":{"USER_name1":"Community Solutions","USER_name2":"La Casa Del Puente Residential","USER_street1":"17415 Depot Street","USER_city":"Morgan Hill","USER_state":"CA","USER_zip":"95037","USER_phone":"408-842-7138","USER_service_code_info":"MH SUMH * RES * RTCA * CHLOR FLUPH HALOP LOXAP PERPH ARIPI ASENA BREXP CARIP CLOZA ILOPE LURAS OLANZ OLANZF PALIP QUETI RISPE ZIPRA ANTPYCH * AT IDD TELE AIM * CIT * PVTN * CLF MC MD SMHA SWFS * GL CJ CO TRMA PTSD SMI * STU * PEER * SMPD * YAD ADLT * SP * VPPD * DEC FPSY PRS CM SPS"}},{"type":"Feature","geometry":{"type":"Point","coordinates":[-121.689327854,37.159087759]},"properties":{"USER_name1":"Community Solutions","USER_name2":"Madrone Crisis Residential","USER_street1":"115 Madrone Avenue","USER_city":"Morgan Hill","USER_state":"CA","USER_zip":"95037","USER_phone":"408-842-7138","USER_service_code_info":"MH SUMH * RES * RTCA * CHLOR FLUPH HALOP LOXAP PERPH ARIPI ASENA BREXP CARIP CLOZA ILOPE LURAS OLANZ OLANZF PALIP QUETI RISPE ZIPRA ANTPYCH * AT CBT DBT GT IDD IPT TELE AIM * CIT * PVTN * CLF SWFS * GL CJ CO TRMA PTSD SMI * STU * PEER * SMPD * YAD ADLT * SP * VPPD * DEC FPSY PRS CM SPS"}},{"type":"Feature","geometry":{"type":"Point","coordinates":[-117.291712732,33.9469098220001]},"properties":{"USER_name1":"Family Service Association","USER_name2":"Clinic Department","USER_street1":"21250 Box Springs Road","USER_city":"Moreno Valley","USER_state":"CA","USER_zip":"92557","USER_phone":"951-686-1096","USER_service_code_info":"MH SUMH * OP * CBHC * AT CBT IPT TELE * PVTN * CLF PCF * GL HV DV TRMA SED * SMPD * CHLD * AH SP * VPPD * AOT FPSY ICM CM"}},{"type":"Feature","geometry":{"type":"Point","coordinates":[-121.030249419,37.658837991]},"properties":{"USER_name1":"Insight Treatment Programs","USER_name2":"","USER_street1":"1600 North Carpenter Road","USER_city":"Modesto","USER_state":"CA","USER_zip":"95351","USER_phone":"209-299-2880","USER_service_code_info":"SA MH SUMH * OP PHDT * AT CBT CFT DBT GT IDD IPT TELE * CIT * PVTP * PI SF * SS * CO * STU * PEER * TCC * SMON * CHLD * VAPN"}},{"type":"Feature","geometry":{"type":"Point","coordinates":[-121.642507129,37.117878761]},"properties":{"USER_name1":"Community Solutions","USER_name2":"Morgan Hill","USER_street1":"16264 Church Street","USER_city":"Morgan Hill","USER_state":"CA","USER_zip":"95037","USER_phone":"408-842-7138","USER_service_code_info":"MH SUMH * OP * OMH * CHLOR FLUPH HALOP LOXAP PERPH ARIPI ASENA BREXP CARIP CLOZA ILOPE LURAS OLANZ OLANZF PALIP QUETI RISPE ZIPRA ANTPYCH * AT CBT CFT DBT GT IDD IPT TELE AIM * CIT PEOFF * PVTN * CLF MC MD OSF * TAY SE GL CJ CO TRMA PTSD SED SMI * STU * HS PEER * SMPD * CHLD YAD ADLT SNR * AH SP FX * F17 F25 F92 * VPPD * ACT COOT DEC FPSY ICM PRS CM SPS"}},{"type":"Feature","geometry":{"type":"Point","coordinates":[-122.0922001,37.3869299]},"properties":{"USER_name1":"Momentum for Health","USER_name2":"North Outpatient","USER_street1":"- - -","USER_city":"Mountain View","USER_state":"CA","USER_zip":"94040","USER_phone":"650-484-1213","USER_service_code_info":"MH SUMH * OP * OMH * ANTPYCH * CBT DBT GT IPT TELE * CIT * PVTN * CLF MC MD * SE TRMA PTSD SMI * STU * SMPD * YAD ADLT SNR * FX * F70 * VPPD * FPSY PRS SH CM IPC SPS"}},{"type":"Feature","geometry":{"type":"Point","coordinates":[-122.31151485,41.3033740650001]},"properties":{"USER_name1":"County of Siskiyou","USER_name2":"Behavioral Health Division","USER_street1":"1107 Ream Avenue","USER_city":"Mount Shasta","USER_state":"CA","USER_zip":"96067","USER_phone":"530-918-7200","USER_service_code_info":"SA MH * OP * OMH * CHLOR FLUPH HALOP LOXAP ARIPI BREXP CLOZA LURAS OLANZ PALIP QUETI RISPE ZIPRA ANTPYCH * CBT GT IPT TELE AIM * CIT PEON WI * LCCG * CMHG CSBG MC MD SCJJ SF SMHA SWFS * PA SS * STU * HS PEER * SMPD * CHLD YAD ADLT SNR * AH SP FX * F37 * VPPD * AOT COOT PRS CM IPC SPS"}},{"type":"Feature","geometry":{"type":"Point","coordinates":[-122.286943,38.291542]},"properties":{"USER_name1":"Aldea","USER_name2":"Aldea Behavioral Health Services","USER_street1":"- - -","USER_city":"Napa","USER_state":"CA","USER_zip":"94559","USER_phone":"707-224-8266","USER_service_code_info":"SA MH SUMH * OP * ANTPYCH * AT CBT DBT GT IDD IPT * PVTN * CLF MC PI SCJJ SF * PA * TAY CO PEFP SMI * SMON * CHLD YAD * AH SP * VAPN * PRS CM ES"}},{"type":"Feature","geometry":{"type":"Point","coordinates":[-122.287310596,38.2956176710001]},"properties":{"USER_name1":"Mentis","USER_name2":"","USER_street1":"709 Franklin Street","USER_city":"Napa","USER_state":"CA","USER_zip":"94559","USER_phone":"707-255-0966","USER_service_code_info":"MH * OP * CMHC * CBT CFT DBT GT IPT TELE * PVTN * CLF SF * SS * TAY SE * SMON * CHLD YAD ADLT SNR * SP * VAPN"}},{"type":"Feature","geometry":{"type":"Point","coordinates":[-117.167248427,33.6147586370001]},"properties":{"USER_name1":"Loma Linda University","USER_name2":"Behavioral Medicine Center","USER_street1":"28078 Baxter Road","USER_city":"Murrieta","USER_state":"CA","USER_zip":"92563","USER_phone":"951-290-6530","USER_service_code_info":"MH * OP PHDT * PH * CBT CFT DBT GT IPT TELE * PVTN * MI PI SF VAF * SE VET ADM MF SMI * STU * TCC * SMON * CHLD YAD ADLT SNR * AH * VAPN * AOT CM SPS ES"}},{"type":"Feature","geometry":{"type":"Point","coordinates":[-114.618810646,34.830960759]},"properties":{"USER_name1":"Needles Behavioral Health Clinic","USER_name2":"San Bernardino County DBH","USER_street1":"1600 Bailey Avenue","USER_city":"Needles","USER_state":"CA","USER_zip":"92363","USER_phone":"760-326-9313","USER_service_code_info":"MH * OP * OMH * NRT NSC ANTPYCH * AT CBT CFT DBT GT IPT TELE AIM * PEON WI * LCCG * MC MD SF * TAY SE PTSD SED SMI * STU * LABT * HS PEER * TCC * SMPD * CHLD YAD ADLT SNR * AH SP * VPPD * ACT COOT FPSY ICM IMR PRS CM SPS ES"}},{"type":"Feature","geometry":{"type":"Point","coordinates":[-118.861509086,34.248732433]},"properties":{"USER_name1":"Newport Institute","USER_name2":"","USER_street1":"4914 Read Road","USER_city":"Moorpark","USER_state":"CA","USER_zip":"93021","USER_phone":"855-272-7451","USER_service_code_info":"SA MH SUMH * OP PHDT RES * RTCA * AT CBT CFT DBT EMDR GT IPT TELE * PVTP * PI SF * TAY GL CO PED * SMON * YAD ADLT * VAPN * FPSY CM IPC ES"}},{"type":"Feature","geometry":{"type":"Point","coordinates":[-117.9255463,33.6209319000001]},"properties":{"USER_name1":"Hoag Hospital Mental Health Center","USER_name2":"","USER_street1":"- - -","USER_city":"Newport Beach","USER_state":"CA","USER_zip":"92663","USER_phone":"949-764-6542","USER_service_code_info":"MH * OP * OMH * AT CBT CFT DBT EMDR GT IPT TELE * PVTN * SMON * CHLD YAD ADLT SNR * SP FX * F25 * VAPN * FPSY CM"}},{"type":"Feature","geometry":{"type":"Point","coordinates":[-121.99435562,37.5213327430001]},"properties":{"USER_name1":"Comprehensive Psychiatric Services","USER_name2":"","USER_street1":"39899 Balentine Drive","USER_city":"Newark","USER_state":"CA","USER_zip":"94560","USER_phone":"408-295-8111 x2","USER_service_code_info":"SA MH SUMH * OP * OMH * ANTPYCH * CBT CFT IDD IPT KIT TMS TELE * PVTP * MC MI PI SF VAF * SS * STU * SMPD * CHLD YAD ADLT SNR * SP * VAPP * CDM COOT FPSY IMR IPC"}},{"type":"Feature","geometry":{"type":"Point","coordinates":[-117.865746533,33.6593776870001]},"properties":{"USER_name1":"Center for Discovery","USER_name2":"Newport Beach","USER_street1":"1000 Quail Street","USER_city":"Newport Beach","USER_state":"CA","USER_zip":"92660","USER_phone":"855-818-2029","USER_service_code_info":"MH SUMH * OP * PH * AT CBT CFT DBT GT IDD IPT * PVTP * PI SF * GL CO TRMA PED PTSD * MST * SMPD * CHLD YAD ADLT * VPPD * DEC FPSY CM"}},{"type":"Feature","geometry":{"type":"Point","coordinates":[-117.9255463,33.6209319000001]},"properties":{"USER_name1":"Lido Wellness Center","USER_name2":"","USER_street1":"- - -","USER_city":"Newport Beach","USER_state":"CA","USER_zip":"92663","USER_phone":"949-541-8466","USER_service_code_info":"MH * OP PHDT * PH * AT CBT CFT DBT EMDR GT IPT TMS TELE * PVTP * PI SF * DV TRMA PED PTSD * SMPD * YAD ADLT SNR * VPPD * DEC FPSY SH CM"}},{"type":"Feature","geometry":{"type":"Point","coordinates":[-117.869227705,33.6642206240001]},"properties":{"USER_name1":"Nsight Mental Health and Wellness","USER_name2":"Nsight PHP/IOP Program","USER_street1":"4000 Birch Street","USER_city":"Newport Beach","USER_state":"CA","USER_zip":"92660","USER_phone":"949-629-3730","USER_service_code_info":"SA MH SUMH * OP PHDT * MSMH * HALOP LOXAP PERPH ARIPI ASENA BREXP CARIP LURAS OLANZ OLANZF QUETI RISPE ZIPRA NRT NSC ANTPYCH * AT CBT CFT DBT EMDR GT IDD IPT KIT TMS TELE * PVTP * ITU MI PI SF * SS * TAY SE ADM MF CJ CO DV TRMA PED PTSD SMI * STU * PEER * TCC * SMPD * YAD ADLT SNR * SP * VPPD * AOT COOT DEC FPSY ICM LAD PRS SH CM SPS"}},{"type":"Feature","geometry":{"type":"Point","coordinates":[-120.488279499,35.060018224]},"properties":{"USER_name1":"Legacy Village LLC","USER_name2":"DBA Solid Rock Recovery","USER_street1":"230 Hans Place","USER_city":"Nipomo","USER_state":"CA","USER_zip":"93444","USER_phone":"800-997-6977","USER_service_code_info":"SA MH * OP PHDT RES * RTCA * AT CBT CFT GT IDD IPT TELE * PVTP * MI PI VAF * VET ADM CO * STU * TBS * HS PEER * TCC * SMPD * YAD ADLT SNR * AH * VPPD * COOT DEC FPSY ICM PRS VRS CM SPS ES"}},{"type":"Feature","geometry":{"type":"Point","coordinates":[-121.37898923,38.660780521]},"properties":{"USER_name1":"Turning Point Community Programs","USER_name2":"Core Madison","USER_street1":"3628 Madison Avenue","USER_city":"North Highlands","USER_state":"CA","USER_zip":"95660","USER_phone":"916-388-3231","USER_service_code_info":"MH SUMH * OP * OMH * HALOP ARIPI CLOZA OLANZ PALIP RISPE ZIPRA ANTPYCH * AT CBT CFT DBT GT IDD IPT TELE AIM * CIT * PVTN * MC MD SI * SE GL CO HV TRMA PTSD SMI * STU * HS PEER * SMPD * YAD ADLT SNR * AH SP FX * F4 F17 F25 F37 * VPPD * ICM PRS CM SPS"}},{"type":"Feature","geometry":{"type":"Point","coordinates":[-121.104651969,39.3182689930001]},"properties":{"USER_name1":"Mountain Valley Child and Family Servs","USER_name2":"","USER_street1":"24077 State Highway 49","USER_city":"Nevada City","USER_state":"CA","USER_zip":"95959","USER_phone":"530-265-9057","USER_service_code_info":"MH SUMH * OP RES * RTCC * ARIPI OLANZ PALIP QUETI RISPE ANTPYCH * AT CBT CFT DBT EMDR GT IPT TELE AIM * CIT PEON * PVTN * MC MD MI PI SCJJ SEF SF SMHA SWFS * TAY GL TRMA PED PTSD SED * TBS MST LABT * HS PEER * SMON * CHLD YAD * SP * VAPN * COOT DEC FPSY ICM LAD PRS SEMP VRS CM SPS ES"}},{"type":"Feature","geometry":{"type":"Point","coordinates":[-118.468103874,34.225573905]},"properties":{"USER_name1":"Mission City Community Network","USER_name2":"","USER_street1":"8527 Sepulveda Boulevard","USER_city":"North Hills","USER_state":"CA","USER_zip":"91343","USER_phone":"818-895-3100 x565","USER_service_code_info":"SA MH SUMH * OP * CBHC * CHLOR HALOP LOXAP PERPH THIOT TRIFL ARIPI CLOZA LURAS OLANZ PALIP QUETI RISPE ZIPRA NRT NSC ANTPYCH * CBT CRT CFT DBT IDD IPT TELE AIM * CIT PEON WI * PVTN * FQHC MHC * CMHG FG MC MD MI PI SF SI SMHA SWFS * PA SS * GL VET HV PTSD * STU * HIVT STDT TBS MST HBT HCT LABT * PEER * TCC * SMOP * CHLD YAD ADLT SNR * SP FX * F36 F81 * VAPP * ACT AOT CDM DEC FPSY IMR CM IPC SPS ES"}},{"type":"Feature","geometry":{"type":"Point","coordinates":[-118.481625728,34.2465444210001]},"properties":{"USER_name1":"VA Greater LA Healthcare System","USER_name2":"OTP Treatment/Maintenance","USER_street1":"16111 Plummer Street","USER_city":"North Hills","USER_state":"CA","USER_zip":"91343","USER_phone":"818-891-7711 x31225","USER_service_code_info":"SA MH SUMH * OP * VAHC * CHLOR FLUPH HALOP PERPH ARIPI ASENA BREXP CARIP CLOZA ILOPE LURAS OLANZ OLANZF PALIP QUETI RISPE ZIPRA NRT NSC ANTPYCH * AT CBT DBT GT IDD IPT TELE AIM * CIT * FED VAMC * MC MD MI PI SI VAF * TAY SE GL VET ADM CJ CO HV TRMA TBI PTSD SMI * STU * HIVT TBS MST LABT * HS * TCC * SMON * YAD ADLT SNR * VAPN * AOT DEC FPSY ICM LAD PRS SEMP SH TPC VRS CM IPC SPS ES"}},{"type":"Feature","geometry":{"type":"Point","coordinates":[-118.465732885,34.2321851310001]},"properties":{"USER_name1":"Penny Lane Centers","USER_name2":"North Hills Family Center","USER_street1":"15305 Rayen Street","USER_city":"North Hills","USER_state":"CA","USER_zip":"91343","USER_phone":"818-892-3423","USER_service_code_info":"SA MH SUMH * OP * OMH * AT CBT CFT GT IDD IPT TELE * CIT PEOFF * PVTN * MD * TAY GL TRMA SED * SMPD * CHLD YAD ADLT * AH SP FX * F25 F47 * VPPD * CM"}},{"type":"Feature","geometry":{"type":"Point","coordinates":[-118.52238994,34.2463074230001]},"properties":{"USER_name1":"Child and Family Guidance Center","USER_name2":"OP Servs/Northpoint School and Int","USER_street1":"9650 Zelzah Avenue","USER_city":"Northridge","USER_state":"CA","USER_zip":"91325","USER_phone":"818-993-9311","USER_service_code_info":"MH SUMH * OP * CMHC * AT CBT CFT DBT GT IDD IPT TELE * PEON WI * PVTN * CLF CMHG MD SCJJ SEF SF SI SMHA SWFS * TAY GL MF CJ CO DV TRMA PEFP PTSD SED * STU * PEER * SMON * CHLD YAD ADLT * SP * VAPN * COOT FPSY PRS SEMP CM SPS ES"}},{"type":"Feature","geometry":{"type":"Point","coordinates":[-118.412514338,34.1868454470001]},"properties":{"USER_name1":"Jewish Family Service of Los Angeles","USER_name2":"Valley Storefront","USER_street1":"12821 Victory Boulevard","USER_city":"North Hollywood","USER_state":"CA","USER_zip":"91606","USER_phone":"818-432-5025","USER_service_code_info":"MH * OP * OMH * CBT IPT TELE * PVTN * CLF MC MD OSF PI SF SI SMHA * SE TRMA * SMON * YAD ADLT SNR * SP FX * F25 F35 F70 * VAPN * FPSY PRS CM SPS"}},{"type":"Feature","geometry":{"type":"Point","coordinates":[-118.50240807,34.2264959140001]},"properties":{"USER_name1":"Child and Family Guidance Center","USER_name2":"Balboa Site","USER_street1":"8550 Balboa Boulevard","USER_city":"Northridge","USER_state":"CA","USER_zip":"91325","USER_phone":"818-830-0200","USER_service_code_info":"MH SUMH * OP * OMH * AT CBT CFT GT IPT TELE * CIT * PVTN * CLF MD OSF SWFS * TAY GL CO TRMA PTSD SED SMI * STU * HS PEER * SMPD * CHLD YAD ADLT * AH SP FX * F35 * VPPD * COOT FPSY ICM PRS SEMP SH VRS CM SPS ES"}},{"type":"Feature","geometry":{"type":"Point","coordinates":[-122.54417142,38.1196194130001]},"properties":{"USER_name1":"Newport Academy","USER_name2":"","USER_street1":"615 Bugeia Lane","USER_city":"Novato","USER_state":"CA","USER_zip":"94945","USER_phone":"877-820-6371","USER_service_code_info":"SA MH SUMH * OP PHDT RES * RTCC * AT CBT CFT DBT GT IDD IPT TELE * PVTP * PI SF * GL CO TRMA PTSD SED * SMON * CHLD * VAPN * DEC FPSY PRS VRS CM IPC ES"}},{"type":"Feature","geometry":{"type":"Point","coordinates":[-118.39628362,34.184637863]},"properties":{"USER_name1":"Noho Recovery","USER_name2":"","USER_street1":"6260 Laurel Canyon Boulevard","USER_city":"North Hollywood","USER_state":"CA","USER_zip":"91606","USER_phone":"424-333-4579","USER_service_code_info":"SA MH SUMH * OP PHDT * PH * CHLOR DROPE FLUPH HALOP LOXAP PERPH PIMOZ PROCH THIOT THIOR TRIFL ARIPI ASENA BREXP CARIP CLOZA ILOPE LURAS OLANZ OLANZF PALIP QUETI RISPE ZIPRA NRT NSC ANTPYCH * AT CBT CRT CFT DBT ECT EMDR GT IDD IPT KIT TMS TELE AIM * CIT PEON PEOFF WI * PVTN * CLF CMHG CSBG ITU MI OSF PI PCF SF VAF * SS * TAY SE GL VET ADM MF CJ CO HV DV TRMA TBI ALZ PED PEFP PTSD SMI * STU * HIVT STDT TBS MST HBT HCT LABT * HS PEER * TCC * SMOP * YAD ADLT SNR * SP * VAPP * ACT AOT CDM COOT DEC FPSY ICM IMR LAD PRS SEMP SH TPC VRS CM IPC SPS ES"}},{"type":"Feature","geometry":{"type":"Point","coordinates":[-122.205617466,37.8001139630001]},"properties":{"USER_name1":"Fred Finch Youth Center","USER_name2":"DBA Fred Finch Youth and Family Servs","USER_street1":"3800 Coolidge Avenue","USER_city":"Oakland","USER_state":"CA","USER_zip":"94602","USER_phone":"510-482-2244","USER_service_code_info":"MH SUMH * OP RES * MSMH * CHLOR HALOP ANTPYCH * AT CBT CFT DBT EMDR GT IPT TELE * PVTN * CLF MD PI SEF SMHA SWFS * TAY GL CO TRMA PTSD SED SMI * STU * HS PEER * SMON * CHLD YAD * AH SP FX * F4 F17 F25 F28 F30 F31 F36 F42 F43 F47 F67 F81 F92 * VAPN * ACT FPSY ICM PRS SEMP SH CM IPC ES"}},{"type":"Feature","geometry":{"type":"Point","coordinates":[-122.533324986,38.049494903]},"properties":{"USER_name1":"Buckelew Counseling Services","USER_name2":"","USER_street1":"201 Alameda del Prado","USER_city":"Novato","USER_state":"CA","USER_zip":"94949","USER_phone":"415-457-6966","USER_service_code_info":"MH SUMH * OP * OMH * AT CBT CFT DBT GT IDD IPT TELE AIM * PVTN * MHC * CLF MC MD OSF SF SMHA * TAY SE GL VET ADM MF CJ CO HV TRMA TBI PED PTSD SED SMI * SMPD * CHLD YAD ADLT SNR * AH SP FX * F17 F25 F28 F36 F81 * VPPD * COOT FPSY SPS"}},{"type":"Feature","geometry":{"type":"Point","coordinates":[-122.267248008,37.819727071]},"properties":{"USER_name1":"La Cheim Behavioral Health Services","USER_name2":"","USER_street1":"3031 Telegraph Avenue","USER_city":"Oakland","USER_state":"CA","USER_zip":"94609","USER_phone":"510-596-8125","USER_service_code_info":"SA MH SUMH * OP PHDT * CMHC * NRT NSC ANTPYCH * AT CBT CFT DBT GT IDD IPT TELE * PVTN * MC MD PI SF * GL CO PTSD SMI * STU * PEER * TCC * SMON * YAD ADLT SNR * AH SP FX * F35 * VAPN * DEC FPSY PRS VRS CM SPS"}},{"type":"Feature","geometry":{"type":"Point","coordinates":[-119.64004498,37.3250900100001]},"properties":{"USER_name1":"County of Madera","USER_name2":"Oakhurst Counseling Center","USER_street1":"49774 Road 426","USER_city":"Oakhurst","USER_state":"CA","USER_zip":"93644","USER_phone":"559-683-4809","USER_service_code_info":"SA MH SUMH * OP * OMH * AT CBT CFT DBT GT IDD IPT TELE * CIT PEOFF WI * LCCG * CLF CMHG CSBG MC MD OSF SCJJ SF SMHA SWFS * PA * SE * PEER * SMPD * CHLD YAD ADLT SNR * AH SP * VPPD * ACT COOT FPSY ICM IMR PRS SH CM SPS"}},{"type":"Feature","geometry":{"type":"Point","coordinates":[-122.287518718,37.804197249]},"properties":{"USER_name1":"West Oakland Health Council","USER_name2":"Behavioral Health Department","USER_street1":"700 Adeline Street","USER_city":"Oakland","USER_state":"CA","USER_zip":"94607","USER_phone":"510-835-9610 x2068","USER_service_code_info":"SA MH SUMH * OP * OMH * HALOP CLOZA OLANZ PALIP RISPE ZIPRA ANTPYCH * CBT CFT GT IPT TELE * PVTN * FQHC * CLF MC MD SF SI * SS * SMI * STU * STDT TBS MST HBT HCT * HS * SMON * CHLD YAD ADLT SNR * VAPN * COOT DEC ICM VRS CM IPC SPS"}},{"type":"Feature","geometry":{"type":"Point","coordinates":[-122.193422635,37.7890396670001]},"properties":{"USER_name1":"Seneca Family of Agencies","USER_name2":"Maya Angelou Academy","USER_street1":"3695 High Street","USER_city":"Oakland","USER_state":"CA","USER_zip":"94619","USER_phone":"510-434-7990","USER_service_code_info":"MH SUMH * OP * OMH * CBT CFT DBT GT IPT TELE * CIT * PVTN * MC PI SEF SMHA * GL TRMA PTSD SED * PEER * SMON * CHLD * SP * VAPN * FPSY CM SPS ES"}},{"type":"Feature","geometry":{"type":"Point","coordinates":[-117.363031747,33.174436099]},"properties":{"USER_name1":"Community Research Foundation","USER_name2":"Casa Pacifica","USER_street1":"321 Cassidy Street","USER_city":"Oceanside","USER_state":"CA","USER_zip":"92054","USER_phone":"760-721-2171","USER_service_code_info":"SA MH SUMH * OP RES * RTCA * CHLOR FLUPH HALOP ARIPI ASENA CLOZA OLANZ PALIP QUETI RISPE ZIPRA NRT NSC ANTPYCH * AT CBT CFT DBT GT IDD IPT TELE * CIT * PVTN * MC MD SF * TAY SE CO TRMA PTSD SMI * STU * TBS LABT * HS PEER * TCC * SMPD * YAD ADLT * AH SP * VPPD * COOT DEC FPSY ICM IMR PRS SEMP VRS CM SPS ES"}},{"type":"Feature","geometry":{"type":"Point","coordinates":[-117.802318,33.7928170000001]},"properties":{"USER_name1":"Chapman Global Medical Center","USER_name2":"Behavioral Health","USER_street1":"- - -","USER_city":"Orange","USER_state":"CA","USER_zip":"92869","USER_phone":"714-633-0011 x1320","USER_service_code_info":"MH * HI * IPSY * CHLOR HALOP ARIPI CLOZA OLANZ PALIP QUETI RISPE ZIPRA ANTPYCH * AT GT AIM * WI * PVTP * MC MD PI SI SMHA * SE ALZ * STU * TCC * SMON * YAD ADLT SNR * VAPN * DEC CM SPS ES"}},{"type":"Feature","geometry":{"type":"Point","coordinates":[-117.363212629,33.1754278870001]},"properties":{"USER_name1":"Community Research Foundation","USER_name2":"Turning Point Crisis Center","USER_street1":"1738 South Tremont Street","USER_city":"Oceanside","USER_state":"CA","USER_zip":"92054","USER_phone":"760-439-2800","USER_service_code_info":"SA MH SUMH * RES * RTCA * HALOP ARIPI CLOZA LURAS OLANZ OLANZF QUETI RISPE NRT ANTPYCH * AT CBT DBT GT IDD IPT TELE AIM * PEON * PVTN * CLF MC MD SI * PA SS * TAY SE GL VET MF CJ CO HV DV TRMA PEFP PTSD SMI * STU * LABT * PEER * TCC * SMPD * YAD ADLT SNR * AH SP FX * F81 * VPPD * PRS SPS"}},{"type":"Feature","geometry":{"type":"Point","coordinates":[-121.55105738,39.09726419]},"properties":{"USER_name1":"Ampla Health Lindhurst","USER_name2":"","USER_street1":"4941 Olivehurst Avenue","USER_city":"Olivehurst","USER_state":"CA","USER_zip":"95961","USER_phone":"530-743-4611","USER_service_code_info":"SA MH SUMH * OP * OMH * ARIPI OLANZF NRT NSC ANTPYCH * CBT CFT DBT IDD IPT TELE * PVTN * FQHC * MC MD MI PI SF SI * TAY SE CO HV TRMA PTSD * STU * HIVT STDT TBS MST LABT * TCC * SMON * CHLD YAD ADLT SNR * AH * VPPD * CDM DEC FPSY CM IPC ES"}},{"type":"Feature","geometry":{"type":"Point","coordinates":[-117.77586881,33.809112843]},"properties":{"USER_name1":"Newport Academy","USER_name2":"","USER_street1":"20371 Acre Place","USER_city":"Orange","USER_state":"CA","USER_zip":"92869","USER_phone":"877-820-6371","USER_service_code_info":"SA MH SUMH * OP PHDT RES * RTCC * AT CBT CFT DBT GT IDD IPT TELE * PVTP * PI SF * GL CO TRMA PTSD SED * SMON * CHLD * VAPN * DEC FPSY PRS VRS CM IPC ES"}},{"type":"Feature","geometry":{"type":"Point","coordinates":[-117.781755169,33.8010533080001]},"properties":{"USER_name1":"Newport Academy","USER_name2":"","USER_street1":"760 North Rodeo Circle","USER_city":"Orange","USER_state":"CA","USER_zip":"92869","USER_phone":"877-820-6371","USER_service_code_info":"SA MH SUMH * OP PHDT RES * RTCC * AT CBT CFT DBT GT IDD IPT TELE * PVTP * PI SF * GL CO TRMA PTSD SED * SMON * CHLD * VAPN * DEC FPSY PRS VRS CM IPC ES"}},{"type":"Feature","geometry":{"type":"Point","coordinates":[-117.780644064,33.809126925]},"properties":{"USER_name1":"Newport Academy","USER_name2":"","USER_street1":"20115 Hillside Drive","USER_city":"Orange","USER_state":"CA","USER_zip":"92869","USER_phone":"877-820-6371","USER_service_code_info":"SA MH SUMH * OP PHDT RES * RTCC * AT CBT CFT DBT GT IDD IPT TELE * PVTP * PI SF * GL CO TRMA PTSD SED * SMON * CHLD * VAPN * DEC FPSY PRS VRS CM IPC ES"}},{"type":"Feature","geometry":{"type":"Point","coordinates":[-117.772795669,33.816226941]},"properties":{"USER_name1":"Newport Academy","USER_name2":"","USER_street1":"1655 North Hunters Way","USER_city":"Orange","USER_state":"CA","USER_zip":"92869","USER_phone":"877-820-6371","USER_service_code_info":"SA MH SUMH * OP PHDT RES * RTCC * CBT CFT DBT GT IDD IPT TELE * PVTP * CMHG CSBG PI SF * GL CO TRMA SED * SMON * CHLD * VAPN * DEC FPSY PRS SEMP CM IPC SPS ES"}},{"type":"Feature","geometry":{"type":"Point","coordinates":[-117.776278936,33.801961319]},"properties":{"USER_name1":"Newport Academy","USER_name2":"","USER_street1":"811 North Ranch Wood Trail","USER_city":"Orange","USER_state":"CA","USER_zip":"92869","USER_phone":"877-820-6371","USER_service_code_info":"SA MH SUMH * OP PHDT RES * RTCC * AT CBT CFT DBT GT IDD IPT TELE * PVTP * PI SF * GL CO TRMA PTSD SED * SMON * CHLD * VAPN * DEC FPSY PRS VRS CM IPC ES"}},{"type":"Feature","geometry":{"type":"Point","coordinates":[-117.780279032,33.8070553790001]},"properties":{"USER_name1":"Newport Academy","USER_name2":"","USER_street1":"20202 Hillside Drive","USER_city":"Orange","USER_state":"CA","USER_zip":"92869","USER_phone":"877-820-6371","USER_service_code_info":"SA MH SUMH * OP PHDT RES * RTCC * AT CBT CFT DBT GT IDD IPT TELE * PVTP * PI SF * GL CO TRMA SED * SMON * CHLD * VAPN * DEC FPSY PRS IPC ES"}},{"type":"Feature","geometry":{"type":"Point","coordinates":[-117.784953739,33.805358416]},"properties":{"USER_name1":"Newport Academy","USER_name2":"","USER_street1":"10811 South Morada Drive","USER_city":"Orange","USER_state":"CA","USER_zip":"92869","USER_phone":"877-820-6371","USER_service_code_info":"SA MH SUMH * OP PHDT RES * RTCC * AT CBT CFT DBT GT IDD IPT TELE * PVTP * CMHG CSBG PI SF * GL CO TRMA SED * SMON * CHLD * VAPN * DEC FPSY PRS SEMP CM IPC SPS ES"}},{"type":"Feature","geometry":{"type":"Point","coordinates":[-117.778586977,33.7981774350001]},"properties":{"USER_name1":"Newport Academy","USER_name2":"","USER_street1":"7004 East Sundance Circle","USER_city":"Orange","USER_state":"CA","USER_zip":"92869","USER_phone":"877-820-6371","USER_service_code_info":"SA MH SUMH * OP PHDT RES * RTCC * AT CBT CFT DBT GT IDD IPT TELE * PVTP * PI SF * GL CO TRMA SED * SMON * CHLD * VAPN * DEC FPSY PRS IPC ES"}},{"type":"Feature","geometry":{"type":"Point","coordinates":[-117.777660777,33.8010271140001]},"properties":{"USER_name1":"Newport Academy","USER_name2":"","USER_street1":"7141 East Tanglewood Trail","USER_city":"Orange","USER_state":"CA","USER_zip":"92869","USER_phone":"877-820-6371","USER_service_code_info":"SA MH SUMH * OP PHDT RES * RTCC * AT CBT CFT DBT GT IDD IPT TELE * PVTP * PI SF * GL CO TRMA SED * SMON * CHLD * VAPN * DEC FPSY PRS IPC ES"}},{"type":"Feature","geometry":{"type":"Point","coordinates":[-117.781169693,33.8042346170001]},"properties":{"USER_name1":"Newport Academy","USER_name2":"","USER_street1":"20085 East Rogers Avenue","USER_city":"Orange","USER_state":"CA","USER_zip":"92869","USER_phone":"877-820-6371","USER_service_code_info":"SA MH SUMH * OP PHDT RES * RTCC * AT CBT CFT DBT GT IDD IPT TELE * PVTP * CMHG CSBG PI SF * GL CO TRMA SED * SMON * CHLD * VAPN * DEC FPSY PRS SEMP CM IPC SPS ES"}},{"type":"Feature","geometry":{"type":"Point","coordinates":[-117.776466439,33.8192770740001]},"properties":{"USER_name1":"Newport Institute","USER_name2":"","USER_street1":"7251 East Lewis Avenue","USER_city":"Orange","USER_state":"CA","USER_zip":"92869","USER_phone":"855-272-7451","USER_service_code_info":"SA MH SUMH * OP PHDT RES * RTCA * AT CBT CFT DBT GT IDD IPT TELE * PVTP * PI SF * TAY GL CO TRMA PTSD * SMON * YAD ADLT * VAPN * DEC FPSY PRS VRS CM IPC ES"}},{"type":"Feature","geometry":{"type":"Point","coordinates":[-117.87676,33.7847870000001]},"properties":{"USER_name1":"UC Irvine Health","USER_name2":"Neuropsychiatric Center","USER_street1":"- - -","USER_city":"Orange","USER_state":"CA","USER_zip":"92868","USER_phone":"714-264-5464","USER_service_code_info":"MH SUMH * HI * IPSY * CHLOR DROPE FLUPH HALOP LOXAP PROCH THIOT ARIPI ASENA CLOZA LURAS OLANZ PALIP QUETI RISPE ZIPRA NRT NSC ANTPYCH * AT ECT GT IDD * PEON WI * STG * CLF MC MD MI OSF PI SF SI SMHA SWFS * GL CO HV TRMA PTSD SED SMI * STU * MST LABT * PEER * TCC * SMON * CHLD YAD ADLT * AH * VAPN * CDM COOT DEC LAD PRS CM SPS"}},{"type":"Feature","geometry":{"type":"Point","coordinates":[-117.864948743,33.7821245820001]},"properties":{"USER_name1":"Providence St Joseph Hospital","USER_name2":"Behavioral Health Services","USER_street1":"1100 West Stewart Drive","USER_city":"Orange","USER_state":"CA","USER_zip":"92868","USER_phone":"714-771-8000 x18030","USER_service_code_info":"SA MH SUMH * HI OP PHDT * IPSY * CHLOR FLUPH HALOP LOXAP PERPH PROCH THIOT ARIPI CLOZA LURAS OLANZ PALIP QUETI RISPE ZIPRA NRT NSC ANTPYCH * AT CBT CFT DBT ECT GT IDD IPT TMS TELE * PEON WI * PVTN * MC PI SF * SE CO SMI * STU * MST LABT * PEER * TCC * SMON * YAD ADLT SNR * AH * VAPN * ACT DEC FPSY ICM IMR PRS CM IPC SPS ES"}},{"type":"Feature","geometry":{"type":"Point","coordinates":[-122.201498096,39.741841052]},"properties":{"USER_name1":"Ampla Health Orland","USER_name2":"","USER_street1":"1211 Cortina Drive","USER_city":"Orland","USER_state":"CA","USER_zip":"95963","USER_phone":"530-865-5544","USER_service_code_info":"SA MH SUMH * OP * OMH * ARIPI OLANZF NRT NSC ANTPYCH * CBT CFT DBT IDD IPT TELE * PVTN * FQHC * MC MD MI PI SF SI * TAY SE CO HV TRMA PTSD * STU * HIVT STDT TBS MST LABT * TCC * SMON * YAD ADLT SNR * AH * VPPD * CDM DEC FPSY CM IPC ES"}},{"type":"Feature","geometry":{"type":"Point","coordinates":[-123.547659058,41.3008611720001]},"properties":{"USER_name1":"Orleans Medical Clinic","USER_name2":"","USER_street1":"325 Asip Road","USER_city":"Orleans","USER_state":"CA","USER_zip":"95556","USER_phone":"530-627-3452","USER_service_code_info":"SA MH SUMH * OP * AT CBT CFT DBT IDD IPT TELE * TBG * FQHC * ITU MC MD PI SF * SS * TAY SE GL VET ADM MF CJ CO HV TRMA TBI PED PTSD * SMPD * CHLD YAD ADLT SNR * AH * VPPD * COOT FPSY IPC"}},{"type":"Feature","geometry":{"type":"Point","coordinates":[-119.179473817,34.1988343350001]},"properties":{"USER_name1":"Interface Children and Family Services","USER_name2":"Oxnard Family Resource Center","USER_street1":"400 South B Street","USER_city":"Oxnard","USER_state":"CA","USER_zip":"93030","USER_phone":"805-845-6114 x2","USER_service_code_info":"MH * OP * OMH * AT CBT CFT GT IDD IPT TELE * PVTN * CLF MD OSF PCF SF * TAY TRMA PTSD SED * STU * SMPD * CHLD YAD * AH SP * VPPD * FPSY CM SPS"}},{"type":"Feature","geometry":{"type":"Point","coordinates":[-119.154876116,34.2195742220001]},"properties":{"USER_name1":"Ventura County Behavioral Health Dept","USER_name2":"North Oxnard Adult Clinic","USER_street1":"1911 Williams Drive","USER_city":"Oxnard","USER_state":"CA","USER_zip":"93036","USER_phone":"805-981-4200","USER_service_code_info":"SA MH SUMH * OP * OMH * HALOP CLOZA OLANZ RISPE ANTPYCH * AT CBT DBT GT IDD IPT TELE * CIT PEON PEOFF WI * LCCG * MC MD SF * CJ CO PED SMI * STU * LABT * TCC * SMPD * YAD ADLT SNR * AH SP * VPPD * COOT FPSY ICM PRS SH VRS CM IPC SPS"}},{"type":"Feature","geometry":{"type":"Point","coordinates":[-121.915644436,36.61830874]},"properties":{"USER_name1":"Sierra Health and Wellness Center","USER_name2":"","USER_street1":"468 Pine Avenue","USER_city":"Pacific Grove","USER_state":"CA","USER_zip":"93950","USER_phone":"916-906-1505","USER_service_code_info":"SA MH SUMH * RES * RTCA * CHLOR ARIPI OLANZ OLANZF PALIP QUETI RISPE ZIPRA ANTPYCH * AT CBT DBT GT IDD IPT TELE * PVTP * MI PI SF * TAY SE VET CO TRMA TBI PTSD SMI * STU * HIVT STDT TBS MST HCT LABT * PEER * TCC * SMPD * YAD ADLT SNR * VPPD * DEC FPSY PRS CM SPS ES"}},{"type":"Feature","geometry":{"type":"Point","coordinates":[-118.525575315,34.0448237370001]},"properties":{"USER_name1":"Reconnect Integrative Trauma Trt Ctr","USER_name2":"","USER_street1":"881 Alma Real Drive","USER_city":"Pacific Palisades","USER_state":"CA","USER_zip":"90272","USER_phone":"310-713-6739","USER_service_code_info":"MH SUMH * OP PHDT * AT CBT CFT DBT EMDR GT IPT TELE * PVTP * PI SF * CO TRMA PTSD * SMOP * YAD ADLT SNR * VAPP * FPSY"}},{"type":"Feature","geometry":{"type":"Point","coordinates":[-118.128797812,34.639646418]},"properties":{"USER_name1":"Child and Family Center","USER_name2":"","USER_street1":"190 Sierra Court","USER_city":"Palmdale","USER_state":"CA","USER_zip":"93550","USER_phone":"661-259-9439","USER_service_code_info":"MH SUMH * OP * OMH * AT CBT CFT GT IPT TELE * PVTN * CLF MC MD OSF SMHA SWFS * CO TRMA * SMPD * CHLD YAD ADLT * AH SP * VPPD * FPSY LAD PRS CM SPS"}},{"type":"Feature","geometry":{"type":"Point","coordinates":[-118.148452704,34.609770172]},"properties":{"USER_name1":"Child and Family Guidance Center","USER_name2":"Antelope Valley Services","USER_street1":"40005 10th Street West","USER_city":"Palmdale","USER_state":"CA","USER_zip":"93551","USER_phone":"661-265-8627","USER_service_code_info":"MH SUMH * OP * OMH * CBT CFT GT IDD IPT TELE * CIT WI * PVTN * CLF MD OSF * TAY GL CJ TRMA PTSD SED * PEER * SMPD * CHLD YAD * SP FX * F35 F43 * VPPD * FPSY CM SPS"}},{"type":"Feature","geometry":{"type":"Point","coordinates":[-118.137868833,34.616473141]},"properties":{"USER_name1":"Childrens Bureau","USER_name2":"Palmdale","USER_street1":"525 W Avenue","USER_city":"Palmdale","USER_state":"CA","USER_zip":"93551","USER_phone":"661-272-9996","USER_service_code_info":"MH SUMH * OP * OMH * CBT CFT GT IPT TELE * PVTN * CLF MD OSF SI SMHA SWFS * TAY GL CJ TRMA PTSD SED * SMOP * CHLD YAD * SP * VAPP * COOT FPSY ICM PRS CM SPS"}},{"type":"Feature","geometry":{"type":"Point","coordinates":[-116.529683991,33.8472020130001]},"properties":{"USER_name1":"San Gorgonio Memorial Hospital","USER_name2":"Behavioral Health","USER_street1":"1751 North Sunrise Way","USER_city":"Palm Springs","USER_state":"CA","USER_zip":"92262","USER_phone":"760-325-2683","USER_service_code_info":"MH SUMH * OP PHDT * OMH * CHLOR FLUPH HALOP LOXAP PERPH PIMOZ PROCH THIOR TRIFL ARIPI ASENA BREXP CLOZA ILOPE LURAS OLANZ OLANZF PALIP QUETI RISPE ZIPRA ANTPYCH * AT CBT CFT DBT EMDR GT IPT TELE * PVTN * MHC * MC PI SF SI * PA SS * SE TRMA PEFP PTSD SMI * MST LABT * SMPD * CHLD YAD ADLT SNR * VAPN * FPSY ICM CM"}},{"type":"Feature","geometry":{"type":"Point","coordinates":[-116.5255611,33.8234420000001]},"properties":{"USER_name1":"Mental Wellness","USER_name2":"","USER_street1":"1900 East Tahquitz Canyon Way","USER_city":"Palm Springs","USER_state":"CA","USER_zip":"92262","USER_phone":"855-924-1911","USER_service_code_info":"MH SUMH * HI RES * RTCA * HALOP ARIPI ILOPE OLANZ PALIP QUETI RISPE NRT NSC ANTPYCH * AT CBT CRT CFT DBT GT IDD IPT AIM * PVTP * MI PI SF * TAY SE GL VET ADM MF CO DV TRMA TBI PEFP PTSD SMI * STU * TBS * TCC * SMPD * YAD ADLT SNR * VPPD * COOT FPSY PRS CM IPC ES"}},{"type":"Feature","geometry":{"type":"Point","coordinates":[-122.124639732,37.413530614]},"properties":{"USER_name1":"Momentum for Health","USER_name2":"La Selva Outpatient Services","USER_street1":"4139 El Camino Way","USER_city":"Palo Alto","USER_state":"CA","USER_zip":"94306","USER_phone":"650-617-8340","USER_service_code_info":"MH SUMH * OP PHDT RES * PH * ANTPYCH * AT CBT CFT DBT GT IDD IPT AIM * CIT * PVTN * PI SF * SE CO TRMA PTSD SMI * STU * PEER * TCC * SMPD * YAD ADLT SNR * VPPD * FPSY PRS CM IPC SPS"}},{"type":"Feature","geometry":{"type":"Point","coordinates":[-122.154551475,37.4485927850001]},"properties":{"USER_name1":"Momentum for Health","USER_name2":"La Selva Residential","USER_street1":"652 Forest Avenue","USER_city":"Palo Alto","USER_state":"CA","USER_zip":"94301","USER_phone":"650-323-1401","USER_service_code_info":"MH SUMH * RES * RTCA * ANTPYCH * CBT CFT DBT GT IPT TELE AIM * CIT * PVTN * CLF PI SF * SE TRMA PTSD SMI * STU * TCC * SMPD * YAD ADLT SNR * FX * F17 * VPPD * FPSY PRS CM IPC SPS"}},{"type":"Feature","geometry":{"type":"Point","coordinates":[-122.170937426,37.438700505]},"properties":{"USER_name1":"Stanford Hospital and Clinic","USER_name2":"Adult Psychiatry","USER_street1":"401 Quarry Road","USER_city":"Palo Alto","USER_state":"CA","USER_zip":"94304","USER_phone":"650-498-9111","USER_service_code_info":"SA MH SUMH * OP * OMH * NRT NSC * CBT CFT DBT GT IDD IPT TELE * PVTN * MC MI PI SF * TAY SE GL CO TRMA PED PTSD SMI * STU * PEER * TCC * SMON * YAD ADLT SNR * AH * VAPN * COOT CM SPS"}},{"type":"Feature","geometry":{"type":"Point","coordinates":[-118.09134202,34.1407909960001]},"properties":{"USER_name1":"Aurora Las Encinas Hospital","USER_name2":"","USER_street1":"2900 East Del Mar Boulevard","USER_city":"Pasadena","USER_state":"CA","USER_zip":"91107","USER_phone":"626-795-9901","USER_service_code_info":"SA MH SUMH * HI OP PHDT * PSY * CHLOR FLUPH HALOP LOXAP PERPH PIMOZ THIOT THIOR TRIFL ARIPI ASENA BREXP CARIP CLOZA LURAS OLANZ PALIP QUETI RISPE ZIPRA NRT NSC ANTPYCH * AT CBT CFT GT IDD IPT TELE * PEON PEOFF WI * PVTP * CLF CMHG CSBG MC MD MI OSF PI SCJJ SEF SF SI SMHA SWFS VAF * TAY SE GL VET ADM MF CJ CO HV PEFP PTSD SMI * STU * TCC * SMPD * YAD ADLT SNR * AH SP FX * F17 F81 * VAPN * CDM DEC FPSY ICM PRS CM SPS ES"}},{"type":"Feature","geometry":{"type":"Point","coordinates":[-118.159740026,33.884904987]},"properties":{"USER_name1":"Bayfront Youth and Family Services","USER_name2":"","USER_street1":"16444 Paramount Boulevard","USER_city":"Paramount","USER_state":"CA","USER_zip":"90723","USER_phone":"562-788-7252","USER_service_code_info":"MH SUMH * OP * OMH * AT CBT CFT GT IDD IPT TELE * WI * PVTN * MD * TAY SE GL CJ CO TRMA PTSD SED SMI * PEER * SMON * CHLD YAD ADLT * AH SP FX * F47 F81 F92 * VAPN * FPSY ICM PRS CM SPS"}},{"type":"Feature","geometry":{"type":"Point","coordinates":[-118.150887647,34.160858907]},"properties":{"USER_name1":"Five Acres","USER_name2":"Boys and Girls Aid Society of LA","USER_street1":"867 North Fair Oaks Avenue","USER_city":"Pasadena","USER_state":"CA","USER_zip":"91103","USER_phone":"626-798-6793","USER_service_code_info":"MH * OP * OMH * CBT CFT GT IPT TELE * CIT * PVTN * MD PI SMHA SWFS * TAY GL DV TRMA PTSD SED SMI * SMON * CHLD YAD ADLT * AH SP * VAPN * FPSY PRS CM SPS"}},{"type":"Feature","geometry":{"type":"Point","coordinates":[-118.132858089,34.1484554080001]},"properties":{"USER_name1":"Comprehensive Psychiatric Services","USER_name2":"","USER_street1":"155 North Lake Avenue","USER_city":"Pasadena","USER_state":"CA","USER_zip":"91107","USER_phone":"626-469-3717 x2","USER_service_code_info":"SA MH SUMH * OP * OMH * ANTPYCH * CBT CFT IDD IPT KIT TMS TELE * PVTP * MC MI PI SF VAF * SS * STU * SMPD * CHLD YAD ADLT SNR * SP * VAPP * CDM COOT FPSY IMR IPC"}},{"type":"Feature","geometry":{"type":"Point","coordinates":[-118.139492952,34.149219712]},"properties":{"USER_name1":"Fuller Psychological and Family Serv","USER_name2":"","USER_street1":"180 North Oakland Avenue","USER_city":"Pasadena","USER_state":"CA","USER_zip":"91101","USER_phone":"626-584-5555","USER_service_code_info":"MH * OP * OMH * AT CBT CFT EMDR GT IPT TELE * PVTN * PI PCF SF * SS * SMON * CHLD YAD ADLT SNR * SP FX * F17 F47 * VAPN * COOT FPSY SPS"}},{"type":"Feature","geometry":{"type":"Point","coordinates":[-118.136707478,34.1524941870001]},"properties":{"USER_name1":"Gooden Wellness Center","USER_name2":"","USER_street1":"378 North El Molino Avenue","USER_city":"Pasadena","USER_state":"CA","USER_zip":"91101","USER_phone":"626-356-0078","USER_service_code_info":"SA MH SUMH * RES * RTCA * HALOP ARIPI CLOZA ILOPE OLANZ OLANZF QUETI RISPE NSC ANTPYCH * AT CBT CFT DBT GT IDD IPT TELE * CIT PEON PEOFF * PVTN * PI SF * CO SMI * STU * TBS LABT * HS PEER * TCC * SMPD * YAD ADLT SNR * VPPD * ACT COOT FPSY PRS SH CM"}},{"type":"Feature","geometry":{"type":"Point","coordinates":[-118.141841394,34.155183939]},"properties":{"USER_name1":"Gooden Wellness Center 4","USER_name2":"","USER_street1":"539 North Los Robles Avenue","USER_city":"Pasadena","USER_state":"CA","USER_zip":"91101","USER_phone":"626-356-0078","USER_service_code_info":"SA MH SUMH * RES * RTCA * HALOP ARIPI CLOZA ILOPE OLANZ OLANZF QUETI RISPE NSC ANTPYCH * AT CBT CFT DBT GT IDD IPT TELE * CIT PEON PEOFF * PVTN * PI SF * CO SMI * STU * TBS LABT * HS PEER * TCC * SMPD * YAD ADLT SNR * VPPD * ACT COOT FPSY PRS SH CM"}},{"type":"Feature","geometry":{"type":"Point","coordinates":[-118.175910981,34.1244930140001]},"properties":{"USER_name1":"Hillsides","USER_name2":"Outpatient","USER_street1":"940 Avenue 64","USER_city":"Pasadena","USER_state":"CA","USER_zip":"91105","USER_phone":"323-254-2274","USER_service_code_info":"MH SUMH * RES * ORES * AT CFT GT IDD IPT * CIT PEOFF * PVTN * CLF MD PI SEF SF SMHA SWFS * GL TRMA PTSD SED * STU * SMON * CHLD YAD * VAPN * COOT ICM LAD PRS CM SPS ES"}},{"type":"Feature","geometry":{"type":"Point","coordinates":[-118.088727304,34.5802334460001]},"properties":{"USER_name1":"McKinley","USER_name2":"","USER_street1":"2231 East Palmdale Boulevard","USER_city":"Palmdale","USER_state":"CA","USER_zip":"93550","USER_phone":"909-599-1227","USER_service_code_info":"MH SUMH * OP * OMH * ANTPYCH * CBT CFT GT IPT TELE * CIT PEOFF * PVTN * CLF CMHG ITU MD OSF SCJJ SEF SI SMHA SWFS * TAY SE GL TRMA PTSD SED SMI * HS * SMON * CHLD YAD ADLT SNR * AH SP * VAPN * FPSY ICM PRS SH TPC CM"}},{"type":"Feature","geometry":{"type":"Point","coordinates":[-118.095730617,34.149632647]},"properties":{"USER_name1":"HealthRIGHT 360","USER_name2":"Prototypes Outpatient Behavioral Hlth","USER_street1":"2650 East Foothill Boulevard","USER_city":"Pasadena","USER_state":"CA","USER_zip":"91107","USER_phone":"626-577-2261","USER_service_code_info":"SA MH SUMH * OP * OMH * NRT NSC ANTPYCH * AT CBT CFT DBT GT IDD IPT TELE AIM * CIT PEON PEOFF WI * PVTN * MD PCF SF * PA * TAY SE GL CJ CO HV DV TRMA SED SMI * STU * HS PEER * TCC * SMON * CHLD YAD ADLT SNR * SP * VAPN * DEC FPSY ICM PRS SEMP CM SPS ES"}},{"type":"Feature","geometry":{"type":"Point","coordinates":[-118.122734678,34.148715667]},"properties":{"USER_name1":"Gooden Wellness Center","USER_name2":"Holliston Court","USER_street1":"146 North Holliston Avenue","USER_city":"Pasadena","USER_state":"CA","USER_zip":"91101","USER_phone":"626-356-0078","USER_service_code_info":"SA MH SUMH * OP PHDT RES * MSMH * HALOP ARIPI CLOZA ILOPE OLANZ OLANZF QUETI RISPE NSC ANTPYCH * AT CBT CFT DBT GT IDD IPT TELE * CIT PEON PEOFF * PVTN * PI SF * CO SMI * STU * TBS LABT * HS PEER * TCC * SMPD * YAD ADLT SNR * VPPD * ACT COOT FPSY PRS SH CM"}},{"type":"Feature","geometry":{"type":"Point","coordinates":[-118.159144,34.13759]},"properties":{"USER_name1":"Pacific Clinics","USER_name2":"Via 66","USER_street1":"- - -","USER_city":"Pasadena","USER_state":"CA","USER_zip":"91105","USER_phone":"626-441-4221","USER_service_code_info":"MH SUMH * OP * CMHC * ARIPI ASENA BREXP CARIP CLOZA ILOPE LURAS OLANZ OLANZF PALIP QUETI RISPE ZIPRA NSC ANTPYCH * AT CBT CFT DBT EMDR GT IDD IPT TMS TELE AIM * CIT PEOFF * PVTN * CLF MC MD SI SMHA * TAY SE GL CO TRMA PTSD SED SMI * STU * HS PEER * TCC * SMON * CHLD YAD ADLT SNR * AH SP FX * F17 * VAPN * FPSY ICM IMR PRS VRS CM SPS"}},{"type":"Feature","geometry":{"type":"Point","coordinates":[-118.152930987,34.1344300120001]},"properties":{"USER_name1":"Huntington Hospital","USER_name2":"Della Martin Center","USER_street1":"100 West California Boulevard","USER_city":"Pasadena","USER_state":"CA","USER_zip":"91105","USER_phone":"626-397-2300","USER_service_code_info":"MH * HI OP PHDT * IPSY * NRT NSC ANTPYCH * AT DBT GT TELE * CIT PEON WI * PVTN * MC MD PI SF SI * SE SMI * STU * TCC * SMON * YAD ADLT SNR * AH * VAPN * COOT DEC FPSY CM"}},{"type":"Feature","geometry":{"type":"Point","coordinates":[-117.278410903,33.7334359920001]},"properties":{"USER_name1":"Hillside Horizon for Teens","USER_name2":"","USER_street1":"21811 Richard Street","USER_city":"Perris","USER_state":"CA","USER_zip":"92570","USER_phone":"855-746-8378","USER_service_code_info":"SA MH SUMH * RES * RTCC * AT CBT CFT EMDR GT IDD IPT * PVTP * PI SF SI * GL CO TRMA SED * SMON * CHLD * VAPN * ACT DEC FPSY ICM CM ES"}},{"type":"Feature","geometry":{"type":"Point","coordinates":[-118.154094982,34.156455097]},"properties":{"USER_name1":"Insight Treatment Programs","USER_name2":"","USER_street1":"769 North Orange Grove Boulevard","USER_city":"Pasadena","USER_state":"CA","USER_zip":"91103","USER_phone":"800-599-8820","USER_service_code_info":"SA MH SUMH * OP PHDT * AT CBT CFT DBT GT IDD IPT TELE * CIT * PVTP * PI SF * SS * CO * STU * PEER * TCC * SMON * CHLD * VAPN"}},{"type":"Feature","geometry":{"type":"Point","coordinates":[-118.131885034,34.142809023]},"properties":{"USER_name1":"Southern California TMS Center","USER_name2":"","USER_street1":"180 South Lake Avenue","USER_city":"Pasadena","USER_state":"CA","USER_zip":"91101","USER_phone":"866-322-7776","USER_service_code_info":"MH * OP * OMH * TMS * PVTP * CLF MC MD MI PI SF SI VAF * SMPD * CHLD YAD ADLT SNR * SP * VPPD"}},{"type":"Feature","geometry":{"type":"Point","coordinates":[-117.274315,33.79738]},"properties":{"USER_name1":"Riverside University Health System","USER_name2":"Perris MH Clinic","USER_street1":"- - -","USER_city":"Perris","USER_state":"CA","USER_zip":"92570","USER_phone":"951-443-2200","USER_service_code_info":"MH SUMH * OP * OMH * CBT CFT DBT GT IPT TELE * LCCG * CMHG MD SF SMHA * SMI * STU * PEER * SMPD * YAD ADLT * AH * VPPD * ACT FPSY ICM PRS CM"}},{"type":"Feature","geometry":{"type":"Point","coordinates":[-118.097876971,34.149694002]},"properties":{"USER_name1":"Pacific Clinics","USER_name2":"Child and Fam Specialty Services Div","USER_street1":"2550 East Foothill Boulevard","USER_city":"Pasadena","USER_state":"CA","USER_zip":"91107","USER_phone":"626-254-5000 x2404","USER_service_code_info":"SA MH SUMH * OP * OMH * CBT CFT GT IDD IPT TELE * PVTN * CLF MC MD OSF SCJJ SI SMHA SWFS * PA * TAY SED * HS * SMOP * CHLD YAD * AH SP * VAPP * COOT FPSY ICM PRS CM SPS"}},{"type":"Feature","geometry":{"type":"Point","coordinates":[-122.676927523,38.253757944]},"properties":{"USER_name1":"Muir Wood Adolescent and","USER_name2":"Family Services","USER_street1":"1743 Skillman Lane","USER_city":"Petaluma","USER_state":"CA","USER_zip":"94952","USER_phone":"707-800-5286","USER_service_code_info":"SA MH SUMH * PHDT RES * RTCC * NRT NSC * AT CBT CFT DBT GT IDD IPT TELE * PVTP * PI SF * GL CJ CO TRMA PED PTSD * STU * STDT TBS LABT * PEER * TCC * SMON * CHLD * VAPN * ACT DEC FPSY PRS SH CM IPC SPS ES"}},{"type":"Feature","geometry":{"type":"Point","coordinates":[-122.676803722,38.254945617]},"properties":{"USER_name1":"Muir Wood Adolescent and Family Servs","USER_name2":"","USER_street1":"1733 Skillman Lane","USER_city":"Petaluma","USER_state":"CA","USER_zip":"94952","USER_phone":"310-903-1155","USER_service_code_info":"SA MH SUMH * PHDT RES * RTCC * NRT NSC * AT CBT CFT DBT GT IDD IPT TELE * PVTP * PI SF * GL CJ CO TRMA PED PTSD * STU * STDT TBS LABT * PEER * TCC * SMON * CHLD * VAPN * ACT DEC FPSY PRS SH CM IPC SPS ES"}},{"type":"Feature","geometry":{"type":"Point","coordinates":[-122.669302925,38.243309105]},"properties":{"USER_name1":"Muir Wood Adolescent and Family Servs","USER_name2":"","USER_street1":"900 Lohrman Lane","USER_city":"Petaluma","USER_state":"CA","USER_zip":"94952","USER_phone":"707-800-5286","USER_service_code_info":"SA MH SUMH * PHDT RES * RTCC * NRT NSC * AT CBT CFT DBT GT IDD IPT TELE * PVTP * PI SF * GL CJ CO TRMA PED PTSD * STU * STDT TBS LABT * PEER * TCC * SMON * CHLD * VAPN * ACT DEC FPSY PRS SH CM IPC SPS ES"}},{"type":"Feature","geometry":{"type":"Point","coordinates":[-121.879191958,38.0200183480001]},"properties":{"USER_name1":"Portia Bell Hume Behav Health and","USER_name2":"Training Center/Pittsburg","USER_street1":"555 School Street","USER_city":"Pittsburg","USER_state":"CA","USER_zip":"94565","USER_phone":"925-825-1793","USER_service_code_info":"MH SUMH * OP * OMH * FLUPH HALOP ARIPI BREXP CLOZA LURAS OLANZ PALIP QUETI RISPE ZIPRA ANTPYCH * CBT CFT GT IPT TELE * CIT PEON PEOFF * PVTN * CLF MC MD OSF SF SI SMHA SWFS * SS * CO SMI * PEER * SMPD * CHLD YAD ADLT SNR * SP * VPPD * COOT FPSY PRS SH VRS CM SPS"}},{"type":"Feature","geometry":{"type":"Point","coordinates":[-117.880137841,33.863759289]},"properties":{"USER_name1":"Southern California TMS Center","USER_name2":"","USER_street1":"711 West Kimberly Avenue","USER_city":"Placentia","USER_state":"CA","USER_zip":"92870","USER_phone":"866-322-7776","USER_service_code_info":"MH * OP * OMH * TMS * PVTP * CLF MC MD MI PI SF SI VAF * SMPD * CHLD YAD ADLT SNR * SP * VPPD"}},{"type":"Feature","geometry":{"type":"Point","coordinates":[-120.795011055,38.7295476250001]},"properties":{"USER_name1":"Stanford Sierra Youth and Families","USER_name2":"Stanford Youth Solutions","USER_street1":"629 Main Street","USER_city":"Placerville","USER_state":"CA","USER_zip":"95667","USER_phone":"916-344-0199","USER_service_code_info":"SA MH SUMH * OP * CMHC * CBT CFT GT IDD IPT TELE * CIT * PVTN * CLF MC * TAY GL CO TRMA PED PTSD SED SMI * PEER * SMPD * CHLD YAD * AH SP * VPPD * FPSY PRS CM SPS"}},{"type":"Feature","geometry":{"type":"Point","coordinates":[-120.802806979,38.7337009840001]},"properties":{"USER_name1":"Telecare Corporation","USER_name2":"El Dorado County PHF","USER_street1":"935B Spring Street","USER_city":"Placerville","USER_state":"CA","USER_zip":"95667","USER_phone":"530-621-6210","USER_service_code_info":"MH SUMH * HI * PSY * CARIP CLOZA LURAS OLANZ OLANZF RISPE NSC ANTPYCH * AT CBT DBT GT IDD IPT TELE AIM * PVTP * CLF MD * SE GL VET ADM MF CJ CO HV TRMA PED PTSD SMI * STU * MST LABT * PEER * TCC * SMON * YAD ADLT SNR * AH * VAPN * COOT IMR SPS ES"}},{"type":"Feature","geometry":{"type":"Point","coordinates":[-121.902717111,37.6950717010001]},"properties":{"USER_name1":"Center for Discovery","USER_name2":"Pleasanton","USER_street1":"5075 Hopyard Road","USER_city":"Pleasanton","USER_state":"CA","USER_zip":"94588","USER_phone":"855-818-2029","USER_service_code_info":"MH SUMH * OP PHDT * PH * AT CBT CFT DBT GT IDD IPT * PVTP * PI SF * GL TRMA PED PTSD * MST * SMPD * CHLD YAD ADLT * VPPD * DEC FPSY CM"}},{"type":"Feature","geometry":{"type":"Point","coordinates":[-120.866777832,38.722104453]},"properties":{"USER_name1":"New Morning Youth and Family Services","USER_name2":"","USER_street1":"6767 Green Valley Road","USER_city":"Placerville","USER_state":"CA","USER_zip":"95667","USER_phone":"530-622-5551","USER_service_code_info":"SA MH * OP * OMH * AT CBT CFT DBT GT IDD IPT TELE * PVTN * CLF CMHG FG MD OSF SCJJ SF SI SMHA SWFS * GL CO DV TRMA * TCC * SMON * CHLD YAD * SP * VAPN * COOT FPSY CM"}},{"type":"Feature","geometry":{"type":"Point","coordinates":[-121.898894125,37.69084873]},"properties":{"USER_name1":"Comprehensive Psychiatric Services","USER_name2":"","USER_street1":"5924 Stoneridge Drive","USER_city":"Pleasanton","USER_state":"CA","USER_zip":"94588","USER_phone":"925-223-6157 x2","USER_service_code_info":"SA MH SUMH * OP * OMH * ANTPYCH * CBT CFT IDD IPT KIT TMS TELE * PVTP * MC MI PI SF VAF * SS * STU * SMPD * CHLD YAD ADLT SNR * SP * VAPP * CDM COOT FPSY IMR IPC"}},{"type":"Feature","geometry":{"type":"Point","coordinates":[-121.872528681,37.634788927]},"properties":{"USER_name1":"Newport Academy","USER_name2":"","USER_street1":"920 Happy Valley Road","USER_city":"Pleasanton","USER_state":"CA","USER_zip":"94566","USER_phone":"877-820-6371","USER_service_code_info":"SA MH SUMH * OP PHDT RES * RTCC * AT CBT CFT DBT GT IDD IPT TELE * PVTP * PI SF * GL CO TRMA SED * SMON * CHLD * VAPN * DEC FPSY PRS IPC ES"}},{"type":"Feature","geometry":{"type":"Point","coordinates":[-117.055653025,32.99703207]},"properties":{"USER_name1":"Palomar Health Medical Center at Poway","USER_name2":"Adult Psych Unit","USER_street1":"15615 Pomerado Road","USER_city":"Poway","USER_state":"CA","USER_zip":"92064","USER_phone":"858-613-4340","USER_service_code_info":"MH SUMH * HI * IPSY * CHLOR FLUPH HALOP LOXAP PERPH ARIPI ASENA BREXP CARIP CLOZA ILOPE LURAS OLANZ PALIP QUETI RISPE ZIPRA NRT ANTPYCH * AT CBT DBT GT IPT * PEON WI * LCCG * ITU MC MD MI PI SF SI VAF * SE CO SMI * STU * MST LABT * TCC * SMON * YAD ADLT * AH * VAPN * CM SPS"}},{"type":"Feature","geometry":{"type":"Point","coordinates":[-117.60744444,34.1212229400001]},"properties":{"USER_name1":"Health Service Alliance","USER_name2":"Alta Loma Community Health Center","USER_street1":"9089 Baseline Road","USER_city":"Rancho Cucamonga","USER_state":"CA","USER_zip":"91730","USER_phone":"909-980-3567","USER_service_code_info":"MH * OP * OMH * CHLOR HALOP ARIPI OLANZ OLANZF QUETI RISPE ANTPYCH * CBT IPT TELE * PVTN * FQHC * MC MD PI SF SI * PA SS * SMON * CHLD YAD ADLT SNR * SP * VAPN"}},{"type":"Feature","geometry":{"type":"Point","coordinates":[-120.963615301,39.95202004]},"properties":{"USER_name1":"Plumas County Behavioral Health","USER_name2":"","USER_street1":"270 County Hospital Road","USER_city":"Quincy","USER_state":"CA","USER_zip":"95971","USER_phone":"530-283-6307","USER_service_code_info":"SA MH SUMH * OP * OMH * HALOP ARIPI ASENA BREXP CARIP CLOZA ILOPE LURAS OLANZ OLANZF PALIP QUETI RISPE ZIPRA ANTPYCH * AT CBT DBT EMDR GT IDD IPT TELE * WI * LCCG * FG MD SMHA * STU * SMPD * CHLD YAD ADLT SNR * AH * VPPD * COOT ICM SH CM SPS ES"}},{"type":"Feature","geometry":{"type":"Point","coordinates":[-122.387668883,40.585618578]},"properties":{"USER_name1":"Shasta Regional Medical Center","USER_name2":"Center for Behavioral Health","USER_street1":"1100 Butte Street","USER_city":"Redding","USER_state":"CA","USER_zip":"96001","USER_phone":"530-244-8222","USER_service_code_info":"MH SUMH * HI * IPSY * CHLOR FLUPH HALOP LOXAP PERPH ARIPI ASENA BREXP CARIP CLOZA LURAS OLANZ PALIP QUETI RISPE ZIPRA NRT NSC ANTPYCH * AT CBT DBT GT IDD * PEON WI * PVTP * CLF MC MD MI PI SI SMHA VAF * VET CJ CO PTSD SMI * STU * TCC * SMON * YAD ADLT SNR * AH * VAPN * CDM COOT DEC FPSY IMR PRS CM SPS"}},{"type":"Feature","geometry":{"type":"Point","coordinates":[-122.379436513,40.5507557700001]},"properties":{"USER_name1":"Shasta County Mental Health","USER_name2":"","USER_street1":"2640 Breslauer Way","USER_city":"Redding","USER_state":"CA","USER_zip":"96001","USER_phone":"530-225-5900","USER_service_code_info":"SA MH SUMH * OP RES * MSMH * HALOP CLOZA ANTPYCH * CBT CFT DBT GT IDD IPT TELE AIM * CIT PEON PEOFF WI * LCCG * CLF CMHG CSBG MC MD OSF PI SCJJ SF SMHA * TAY SE GL CJ CO TRMA PEFP PTSD SMI * STU * MST LABT * HS PEER * SMON * YAD ADLT SNR * AH * VAPN * ACT COOT ICM IMR LAD PRS SEMP SH VRS CM IPC SPS"}},{"type":"Feature","geometry":{"type":"Point","coordinates":[-117.572228963,34.111269011]},"properties":{"USER_name1":"Southern California TMS Center","USER_name2":"","USER_street1":"10630 Town Center Drive","USER_city":"Rancho Cucamonga","USER_state":"CA","USER_zip":"91730","USER_phone":"866-322-7776","USER_service_code_info":"MH * OP * OMH * TMS * PVTP * CLF MC MD MI PI SF SI VAF * SMPD * CHLD YAD ADLT SNR * SP * VPPD"}},{"type":"Feature","geometry":{"type":"Point","coordinates":[-118.395959892,33.8530658010001]},"properties":{"USER_name1":"Clear Behavioral Health","USER_name2":"","USER_street1":"201 Herondo Street","USER_city":"Redondo Beach","USER_state":"CA","USER_zip":"90277","USER_phone":"877-799-1985","USER_service_code_info":"MH SUMH * PHDT * PH * ARIPI BREXP CARIP CLOZA LURAS OLANZ OLANZF PALIP QUETI RISPE ZIPRA ANTPYCH * AT CBT DBT EMDR GT IDD IPT * CIT PEOFF * PVTP * PI SF SI * TAY GL CO TRMA PEFP PTSD SED SMI * PEER * SMPD * CHLD YAD ADLT SNR * VAPN * COOT FPSY ICM IMR PRS VRS CM SPS ES"}},{"type":"Feature","geometry":{"type":"Point","coordinates":[-117.205787998,34.036789012]},"properties":{"USER_name1":"Redlands Community Hospital","USER_name2":"","USER_street1":"350 Terracina Boulevard","USER_city":"Redlands","USER_state":"CA","USER_zip":"92373","USER_phone":"909-335-5500 x6408","USER_service_code_info":"MH * OP PHDT * PH * ANTPYCH * AT CBT CFT DBT GT IPT * CIT PEON * PVTN * MC MD MI PI SF VAF * SMPD * YAD ADLT SNR * VPPD * FPSY"}},{"type":"Feature","geometry":{"type":"Point","coordinates":[-117.214084238,34.0493874320001]},"properties":{"USER_name1":"Loma Linda University","USER_name2":"Behavioral Medicine Center","USER_street1":"1710 Barton Road","USER_city":"Redlands","USER_state":"CA","USER_zip":"92373","USER_phone":"909-558-9200 x39310","USER_service_code_info":"SA MH SUMH * HI OP PHDT * PSY * AT CBT CFT DBT ECT GT IDD IPT TMS TELE * CIT * PVTN * MC MD MI PI SF * SE GL VET ADM MF CO TRMA ALZ PED PEFP SMI * STU * TCC * SMON * CHLD YAD ADLT SNR * AH * VAPN * CM ES"}},{"type":"Feature","geometry":{"type":"Point","coordinates":[-117.18066492,34.0583514580001]},"properties":{"USER_name1":"Christian Counseling Services","USER_name2":"","USER_street1":"101 East Redlands Boulevard","USER_city":"Redlands","USER_state":"CA","USER_zip":"92373","USER_phone":"909-793-1078","USER_service_code_info":"MH SUMH * OP * OMH * AT CBT CFT DBT EMDR GT IPT TELE * CIT PEOFF * PVTN * CLF MD MI OSF PI PCF SCJJ SEF SF SI SMHA SWFS * PA SS * TAY SE GL VET ADM MF CJ CO DV TRMA PED PTSD SED SMI * SMON * CHLD YAD ADLT SNR * AH SP * VAPN * ACT COOT FPSY ICM CM SPS"}},{"type":"Feature","geometry":{"type":"Point","coordinates":[-118.552607958,34.200072006]},"properties":{"USER_name1":"Joyce Eisenberg Keefer Medical Ctr","USER_name2":"","USER_street1":"7150 Tampa Avenue","USER_city":"Reseda","USER_state":"CA","USER_zip":"91335","USER_phone":"818-758-5040","USER_service_code_info":"MH * HI * PSY * CHLOR DROPE FLUPH HALOP LOXAP PERPH PIMOZ PROCH THIOT THIOR TRIFL ARIPI ASENA BREXP CARIP CLOZA ILOPE LURAS OLANZ OLANZF PALIP QUETI RISPE ZIPRA NRT NSC ANTPYCH * AT CBT DBT GT IPT TELE * CIT * PVTN * MC MD PI PCF SF * SE ALZ * STU * LABT * TCC * SMON * ADLT SNR * AH SP FX * F25 F36 F70 F81 * VAPN * CDM DEC CM IPC SPS"}},{"type":"Feature","geometry":{"type":"Point","coordinates":[-118.537665959,34.199506312]},"properties":{"USER_name1":"Tarzana Treatment Centers Inc","USER_name2":"Reseda","USER_street1":"7101 Baird Avenue","USER_city":"Reseda","USER_state":"CA","USER_zip":"91335","USER_phone":"800-996-1051","USER_service_code_info":"SA MH SUMH * OP * MSMH * ANTPYCH * CBT CFT GT IPT TELE * PVTN * CLF MC MD MI PI SCJJ SF SMHA SWFS * SS * TAY SE GL VET ADM MF CJ CO HV DV TRMA PED PEFP PTSD SMI * HIVT STDT TBS HBT HCT * TCC * SMON * YAD ADLT SNR * AH SP * VAPN * COOT FPSY SH CM IPC"}},{"type":"Feature","geometry":{"type":"Point","coordinates":[-118.534999005,34.208697111]},"properties":{"USER_name1":"Starview Community Services and","USER_name2":"Teammates","USER_street1":"7601 Canby Avenue","USER_city":"Reseda","USER_state":"CA","USER_zip":"91335","USER_phone":"818-921-3466","USER_service_code_info":"MH SUMH * OP * OMH * CBT CFT IPT TELE * CIT PEOFF * PVTP * FQHC * MD SMHA * PA * TAY SE CO TRMA PTSD SED SMI * STU * SMON * CHLD YAD ADLT * AH SP * VAPN * FPSY ICM PRS CM"}},{"type":"Feature","geometry":{"type":"Point","coordinates":[-122.2288691,37.4666503]},"properties":{"USER_name1":"Hawthorne House","USER_name2":"","USER_street1":"- - -","USER_city":"Redwood City","USER_state":"CA","USER_zip":"94061","USER_phone":"650-368-2383","USER_service_code_info":"MH SUMH * RES * RTCA * HALOP ARIPI CLOZA OLANZ PALIP QUETI RISPE ZIPRA ANTPYCH * PVTN * CLF MC SCJJ SF SI SMHA SWFS * SMI * PEER * SMPD * YAD ADLT SNR * SP FX * F25 F43 F81 * VPPD * PRS SH SPS"}},{"type":"Feature","geometry":{"type":"Point","coordinates":[-122.331304607,37.9491288620001]},"properties":{"USER_name1":"Fred Finch Youth Center","USER_name2":"DBA French Finch Contra Costa TAY Prog","USER_street1":"12972 San Pablo Avenue","USER_city":"Richmond","USER_state":"CA","USER_zip":"94805","USER_phone":"510-439-3130 x6107","USER_service_code_info":"MH SUMH * OP * CMHC * HALOP ANTPYCH * AT CBT CFT DBT GT IPT TELE * CIT * PVTN * MC MD SI SMHA * TAY GL CJ CO HV TRMA PTSD SMI * STU * HS PEER * TCC * SMPD * YAD * AH SP * VPPD * ACT DEC FPSY ICM PRS SEMP VRS CM IPC SPS ES"}},{"type":"Feature","geometry":{"type":"Point","coordinates":[-121.454240196,38.6914179280001]},"properties":{"USER_name1":"Crisis Residential Program","USER_name2":"Rio Linda","USER_street1":"505 M Street","USER_city":"Rio Linda","USER_state":"CA","USER_zip":"95673","USER_phone":"916-287-4067","USER_service_code_info":"SA MH SUMH * RES * RTCA * CHLOR HALOP LOXAP ARIPI CLOZA OLANZ OLANZF PALIP QUETI RISPE ZIPRA NRT ANTPYCH * AT CBT CFT DBT GT IDD IPT TELE * PVTN * MD * CO PTSD * STDT TBS LABT * PEER * SMPD * YAD ADLT SNR * SP FX * F36 F37 F92 * VPPD * FPSY PRS VRS CM IPC SPS"}},{"type":"Feature","geometry":{"type":"Point","coordinates":[-117.377128684,34.0039131340001]},"properties":{"USER_name1":"McKinley","USER_name2":"","USER_street1":"4590 Allstate Drive","USER_city":"Riverside","USER_state":"CA","USER_zip":"92501","USER_phone":"909-599-1227","USER_service_code_info":"MH SUMH * OP * OMH * ANTPYCH * CBT CFT DBT GT IPT TELE * CIT * PVTN * CLF CMHG ITU MD OSF SCJJ SEF SI SMHA SWFS * GL DV TRMA PED PTSD SED * PEER * SMON * CHLD YAD * AH SP * VAPN * FPSY ICM PRS SH TPC CM"}},{"type":"Feature","geometry":{"type":"Point","coordinates":[-117.323770242,34.000727843]},"properties":{"USER_name1":"Olive Crest","USER_name2":"","USER_street1":"555 Technology Court","USER_city":"Riverside","USER_state":"CA","USER_zip":"92507","USER_phone":"951-686-8500","USER_service_code_info":"MH SUMH * OP * OMH * CBT DBT GT IPT TELE * PVTN * CLF MD OSF SCJJ SMHA SWFS * TAY GL CJ CO TRMA PTSD SED * STU * PEER * SMPD * CHLD YAD * AH SP * VPPD * COOT FPSY ICM PRS TPC VRS CM SPS"}},{"type":"Feature","geometry":{"type":"Point","coordinates":[-117.4853373,33.9169685000001]},"properties":{"USER_name1":"Riverside University Health System","USER_name2":"CalWORKS Mental Health","USER_street1":"- - -","USER_city":"Riverside","USER_state":"CA","USER_zip":"92505","USER_phone":"951-358-6607","USER_service_code_info":"MH SUMH * OP * OMH * CBT GT IPT TELE * LCCG * MD SF SWFS * CO SMI * STU * PEER * SMPD * YAD ADLT * AH * VPPD * FPSY PRS CM"}},{"type":"Feature","geometry":{"type":"Point","coordinates":[-122.378800661,37.910394076]},"properties":{"USER_name1":"Room to Overcome Achieve and Recover","USER_name2":"","USER_street1":"1160 Brickyard Cove Road","USER_city":"Richmond","USER_state":"CA","USER_zip":"94801","USER_phone":"510-215-6009","USER_service_code_info":"SA MH SUMH * OP * OMH * AT CBT CFT DBT GT IDD IPT TELE * LCCG * MC MD SI SMHA * PA * GL CO TRMA PEFP PTSD SED * STU * PEER * TCC * SMPD * CHLD YAD * AH SP NX FX * F4 F17 F19 F25 F28 F30 F31 F35 F36 F37 F42 F43 F47 F66 F67 F70 F81 F92 N24 N40 * VPPD * COOT FPSY PRS VRS CM SPS ES"}},{"type":"Feature","geometry":{"type":"Point","coordinates":[-117.3357676,33.9793287000001]},"properties":{"USER_name1":"Riverside University Health System","USER_name2":"Western Adult","USER_street1":"- - -","USER_city":"Riverside","USER_state":"CA","USER_zip":"92507","USER_phone":"951-358-4705","USER_service_code_info":"MH SUMH * OP * OMH * CBT CFT DBT GT IPT TELE * LCCG * CMHG MD SF SMHA * SMI * STU * PEER * SMPD * YAD ADLT * AH * VPPD * ACT FPSY ICM PRS CM"}},{"type":"Feature","geometry":{"type":"Point","coordinates":[-121.306229951,38.5736180740001]},"properties":{"USER_name1":"Better Decisions Counseling Services","USER_name2":"","USER_street1":"10366 Rockingham Drive","USER_city":"Sacramento","USER_state":"CA","USER_zip":"95827","USER_phone":"916-368-0700","USER_service_code_info":"SA MH SUMH * OP * OMH * ANTPYCH * PVTN * MHC * ITU SF * SS * TAY SE GL VET ADM MF CJ CO HV DV TRMA TBI PTSD SED SMI * HS * SMPD * CHLD YAD ADLT SNR * VAPN * COOT CM ES"}},{"type":"Feature","geometry":{"type":"Point","coordinates":[-117.391360066,33.9457009010001]},"properties":{"USER_name1":"Tessie Cleveland Community Services","USER_name2":"","USER_street1":"3576 Arlington Avenue","USER_city":"Riverside","USER_state":"CA","USER_zip":"92506","USER_phone":"951-374-1555","USER_service_code_info":"MH SUMH * OP * OMH * NSC * AT CBT CFT DBT EMDR GT IDD IPT TELE AIM * CIT * PVTN * MD PI SF * TAY GL CJ CO TRMA PTSD SED * PEER * SMON * CHLD YAD * SP * VAPN * FPSY PRS CM SPS"}},{"type":"Feature","geometry":{"type":"Point","coordinates":[-121.261859006,38.743094038]},"properties":{"USER_name1":"Pacific Clinics","USER_name2":"","USER_street1":"1624 Santa Clara Drive","USER_city":"Roseville","USER_state":"CA","USER_zip":"95661","USER_phone":"916-779-2455","USER_service_code_info":"SA MH SUMH * OP * OMH * ARIPI OLANZ OLANZF QUETI RISPE ANTPYCH * AT CBT CFT GT IPT TELE * CIT * PVTN * CLF MD OSF SCJJ SI SMHA SWFS * TAY GL TRMA SED SMI * PEER * SMPD * CHLD YAD * AH SP * VPPD * COOT FPSY ICM PRS CM SPS"}},{"type":"Feature","geometry":{"type":"Point","coordinates":[-121.381233233,38.638257928]},"properties":{"USER_name1":"Childrens Receiving Home of Sacramento","USER_name2":"","USER_street1":"3555 Auburn Boulevard","USER_city":"Sacramento","USER_state":"CA","USER_zip":"95821","USER_phone":"916-482-2370","USER_service_code_info":"MH * PHDT RES * MSMH * AT CFT DBT GT IPT TELE * PVTN * CLF PI SF SI SWFS * TAY GL TRMA PTSD SED * SMON * CHLD YAD * SP * VAPN * FPSY PRS CM SPS ES"}},{"type":"Feature","geometry":{"type":"Point","coordinates":[-121.416718607,38.571176468]},"properties":{"USER_name1":"Comprehensive Psychiatric Services","USER_name2":"","USER_street1":"333 University Avenue","USER_city":"Sacramento","USER_state":"CA","USER_zip":"95825","USER_phone":"707-864-6860 x2","USER_service_code_info":"SA MH SUMH * OP * OMH * ANTPYCH * CBT CFT IDD IPT KIT TMS TELE * PVTP * MC MI PI SF VAF * SS * STU * SMPD * CHLD YAD ADLT SNR * SP * VAPP * CDM COOT FPSY IMR IPC"}},{"type":"Feature","geometry":{"type":"Point","coordinates":[-121.496031695,38.4879692310001]},"properties":{"USER_name1":"Crisis Residential Program","USER_name2":"Henreitta","USER_street1":"7415 Henrietta Drive","USER_city":"Sacramento","USER_state":"CA","USER_zip":"95822","USER_phone":"916-520-7399","USER_service_code_info":"SA MH SUMH * RES * RTCA * CHLOR HALOP LOXAP ARIPI CLOZA OLANZ OLANZF PALIP QUETI RISPE ZIPRA NRT ANTPYCH * AT CBT CFT DBT GT IDD IPT TELE * PVTN * MD * CO PTSD * STDT TBS LABT * PEER * SMPD * YAD ADLT SNR * SP FX * F36 * VPPD * FPSY PRS VRS CM IPC SPS"}},{"type":"Feature","geometry":{"type":"Point","coordinates":[-121.418816178,38.4678514060001]},"properties":{"USER_name1":"Kaiser South Sacramento","USER_name2":"Adult and Child Psychiatry","USER_street1":"7300 Wyndham Drive","USER_city":"Sacramento","USER_state":"CA","USER_zip":"95823","USER_phone":"916-525-6100","USER_service_code_info":"MH SUMH * OP * OMH * CHLOR FLUPH HALOP PERPH ARIPI CLOZA OLANZ PALIP QUETI RISPE ZIPRA ANTPYCH * AT CBT CFT DBT ECT GT IPT KIT TMS TELE * CIT * PVTN * MC MD PI SF SI * TAY SE GL CO DV TRMA ALZ PTSD SED SMI * STU * MST LABT * TCC * SMON * CHLD YAD ADLT SNR * AH SP * VAPN * CDM FPSY IPC SPS"}},{"type":"Feature","geometry":{"type":"Point","coordinates":[-121.364934454,38.642834196]},"properties":{"USER_name1":"Heritage Oaks Hospital","USER_name2":"","USER_street1":"4250 Auburn Boulevard","USER_city":"Sacramento","USER_state":"CA","USER_zip":"95841","USER_phone":"916-489-3336","USER_service_code_info":"SA MH SUMH * HI OP PHDT * PSY * CHLOR FLUPH HALOP LOXAP PERPH PROCH TRIFL ARIPI BREXP CARIP CLOZA ILOPE OLANZ PALIP QUETI RISPE ZIPRA NRT NSC ANTPYCH * AT CFT GT IDD TELE * CIT PEON PEOFF WI * PVTP * CLF ITU MC MD MI OSF PI SEF SF SI SMHA VAF * VET CO SMI * STU * TCC * SMON * YAD ADLT SNR * AH * VAPN * FPSY LAD CM SPS ES"}},{"type":"Feature","geometry":{"type":"Point","coordinates":[-118.065203893,34.08165361]},"properties":{"USER_name1":"Pacific Clinics","USER_name2":"Asian Pacific Family Center","USER_street1":"9353 East Valley Boulevard","USER_city":"Rosemead","USER_state":"CA","USER_zip":"91770","USER_phone":"626-287-2988 x3111","USER_service_code_info":"MH SUMH * OP * CMHC * CHLOR FLUPH HALOP PERPH THIOT TRIFL ARIPI ILOPE LURAS OLANZ QUETI RISPE ZIPRA ANTPYCH * CBT CFT DBT GT IDD IPT TELE * PVTN * CSBG MC MD PCF SCJJ SMHA SWFS * SE SMI * STU * LABT * HS PEER * SMPD * CHLD YAD ADLT SNR * FX * F17 F47 F92 * VAPN * FPSY PRS VRS CM IPC SPS ES"}},{"type":"Feature","geometry":{"type":"Point","coordinates":[-121.344211372,38.4732074]},"properties":{"USER_name1":"Mountain Valley Child and Family Servs","USER_name2":"","USER_street1":"7818 Bar Du Lane","USER_city":"Sacramento","USER_state":"CA","USER_zip":"95829","USER_phone":"916-362-8292","USER_service_code_info":"MH SUMH * OP RES * RTCC * ARIPI CARIP ANTPYCH * AT CBT CFT DBT EMDR GT IPT TELE AIM * CIT PEON * PVTN * MC MD MI PI SCJJ SEF SF SMHA SWFS * TAY GL TRMA PED PTSD SED * TBS MST LABT * HS PEER * SMON * CHLD YAD * SP * VAPN * COOT DEC FPSY ICM LAD PRS SEMP VRS CM SPS ES"}},{"type":"Feature","geometry":{"type":"Point","coordinates":[-121.357540861,38.485653186]},"properties":{"USER_name1":"Mountain Valley Child and Family Servs","USER_name2":"","USER_street1":"9200 Sweet Acacia Way","USER_city":"Sacramento","USER_state":"CA","USER_zip":"95829","USER_phone":"916-362-8292","USER_service_code_info":"MH SUMH * OP RES * RTCC * CHLOR ARIPI ANTPYCH * AT CBT CFT DBT EMDR GT IPT TELE AIM * CIT PEON * PVTN * MC MD MI PI SCJJ SEF SF SMHA SWFS * TAY GL TRMA PED PTSD SED * TBS MST LABT * HS PEER * SMON * CHLD YAD * SP * VAPN * COOT DEC FPSY ICM LAD PRS SEMP VRS CM SPS ES"}},{"type":"Feature","geometry":{"type":"Point","coordinates":[-121.332523814,38.514943746]},"properties":{"USER_name1":"Mountain Valley Child and Family Servs","USER_name2":"","USER_street1":"6171 Bradshaw Road","USER_city":"Sacramento","USER_state":"CA","USER_zip":"95829","USER_phone":"916-362-8292","USER_service_code_info":"MH SUMH * OP RES * RTCC * ANTPYCH * AT CBT CFT DBT EMDR GT IPT TELE AIM * CIT PEON * PVTN * MC MD MI PI SCJJ SEF SF SMHA SWFS * TAY GL TRMA PED PTSD SED * TBS MST LABT * HS PEER * SMON * CHLD YAD * SP * VAPN * COOT DEC FPSY ICM LAD PRS SEMP VRS CM SPS ES"}},{"type":"Feature","geometry":{"type":"Point","coordinates":[-121.447010805,38.6376200660001]},"properties":{"USER_name1":"North Area Community MH Ctr","USER_name2":"HeartLand Child and Family Services","USER_street1":"811 Grand Avenue","USER_city":"Sacramento","USER_state":"CA","USER_zip":"95838","USER_phone":"916-922-9868","USER_service_code_info":"MH * OP * CMHC * AT CBT CFT DBT GT IPT * PVTN * FQHC * CLF MC MD SI SMHA SWFS * TAY TRMA PTSD SED * HS PEER * SMON * CHLD YAD * AH SP FX * F37 F92 * VAPN * COOT FPSY ICM PRS CM SPS"}},{"type":"Feature","geometry":{"type":"Point","coordinates":[-121.498770565,38.609081781]},"properties":{"USER_name1":"Newport Academy","USER_name2":"","USER_street1":"1740 Creekside Oaks Drive","USER_city":"Sacramento","USER_state":"CA","USER_zip":"95833","USER_phone":"877-820-6371","USER_service_code_info":"SA MH SUMH * OP PHDT RES * RTCC * AT CBT CFT DBT EMDR GT IPT TELE * PVTP * PI SF * GL CO PED SED * SMON * CHLD * VAPN * FPSY CM IPC ES"}},{"type":"Feature","geometry":{"type":"Point","coordinates":[-121.408023891,38.459186781]},"properties":{"USER_name1":"Kaiser Permanente Medical Center","USER_name2":"Adult Psychiatry and IOP","USER_street1":"8247 East Stockton Boulevard","USER_city":"Sacramento","USER_state":"CA","USER_zip":"95823","USER_phone":"916-525-6100","USER_service_code_info":"MH SUMH * OP * OMH * CHLOR FLUPH HALOP PERPH ARIPI CLOZA OLANZ PALIP QUETI RISPE ZIPRA ANTPYCH * CBT CFT DBT GT IPT TELE * PVTN * MC MD PI SF SI * TAY SE GL CO DV TRMA ALZ PTSD SMI * STU * MST LABT * TCC * SMON * YAD ADLT SNR * AH SP * VAPN * CDM FPSY CM IPC SPS"}},{"type":"Feature","geometry":{"type":"Point","coordinates":[-121.473301817,38.6377679220001]},"properties":{"USER_name1":"Pacific Clinics","USER_name2":"","USER_street1":"3840 Rosin Court","USER_city":"Sacramento","USER_state":"CA","USER_zip":"95834","USER_phone":"916-921-0828","USER_service_code_info":"SA MH SUMH * OP * OMH * ARIPI OLANZ OLANZF QUETI RISPE ANTPYCH * AT CBT CFT GT IPT TELE * CIT * PVTN * CLF MD OSF SCJJ SI SMHA SWFS * TAY GL TRMA SED SMI * PEER * SMPD * CHLD YAD * AH SP * VPPD * COOT FPSY ICM PRS CM SPS"}},{"type":"Feature","geometry":{"type":"Point","coordinates":[-121.350927456,38.5640919160001]},"properties":{"USER_name1":"Pacific Clinics","USER_name2":"","USER_street1":"9343 Tech Center Drive","USER_city":"Sacramento","USER_state":"CA","USER_zip":"95826","USER_phone":"916-388-6400","USER_service_code_info":"SA MH SUMH * OP * OMH * ARIPI OLANZ OLANZF QUETI RISPE ANTPYCH * AT CBT CFT GT IPT TELE * CIT * PVTN * CLF MD OSF SCJJ SI SMHA SWFS * TAY GL TRMA SED SMI * PEER * SMPD * CHLD YAD * AH SP * VPPD * COOT FPSY ICM PRS CM SPS"}},{"type":"Feature","geometry":{"type":"Point","coordinates":[-121.513742656,38.49459785]},"properties":{"USER_name1":"Pacific Clinics","USER_name2":"","USER_street1":"7248 South Land Park Drive","USER_city":"Sacramento","USER_state":"CA","USER_zip":"95831","USER_phone":"916-921-0828","USER_service_code_info":"SA MH SUMH * OP * OMH * ARIPI OLANZ OLANZF QUETI RISPE ANTPYCH * AT CBT CFT GT IPT TELE * CIT * PVTN * CLF MD OSF SCJJ SI SMHA SWFS * TAY GL TRMA SED SMI * PEER * SMPD * CHLD YAD * AH SP * VPPD * COOT FPSY ICM PRS CM SPS"}},{"type":"Feature","geometry":{"type":"Point","coordinates":[-121.474775105,38.6377001970001]},"properties":{"USER_name1":"Pathways to Success After Homelessness","USER_name2":"Turning Point Community Programs","USER_street1":"3810 Rosin Court","USER_city":"Sacramento","USER_state":"CA","USER_zip":"95834","USER_phone":"916-283-8280 x3030","USER_service_code_info":"SA MH SUMH * OP * OMH * ANTPYCH * AT CBT CFT DBT GT IPT TELE * CIT PEON PEOFF WI * PVTN * CLF CMHG MC MD SMHA * SS * TAY SE GL CJ CO TRMA PTSD SED SMI * STU * HS PEER * SMPD * CHLD YAD ADLT SNR * AH * VPPD * COOT DEC FPSY ICM IMR PRS SH VRS CM SPS"}},{"type":"Feature","geometry":{"type":"Point","coordinates":[-121.474544937,38.638030821]},"properties":{"USER_name1":"Peach Tree Health","USER_name2":"North Sacramento","USER_street1":"3810 Rosin Court","USER_city":"Sacramento","USER_state":"CA","USER_zip":"95834","USER_phone":"530-749-3242","USER_service_code_info":"SA MH * OP * OMH * NRT NSC * CBT DBT GT IDD IPT TELE AIM * PVTN * FQHC * MD MI PI SF SI * PA SS * TAY SE GL VET ADM MF CJ CO HV DV TRMA TBI ALZ PED PEFP PTSD * STU * HIVT STDT TBS MST HBT HCT LABT * HS * TCC * SMON * CHLD YAD ADLT SNR * AH * VAPN * CDM DEC FPSY CM IPC SPS ES"}},{"type":"Feature","geometry":{"type":"Point","coordinates":[-121.478673109,38.54012642]},"properties":{"USER_name1":"Sacramento Childrens Home","USER_name2":"","USER_street1":"2750 Sutterville Road","USER_city":"Sacramento","USER_state":"CA","USER_zip":"95820","USER_phone":"916-452-3981","USER_service_code_info":"MH SUMH * OP RES * MSMH * ANTPYCH * AT CBT CFT GT IPT TELE * CIT PEOFF * PVTN * CLF MD OSF SMHA * TAY GL TRMA PTSD SED * STU * HS PEER * SMON * CHLD YAD * AH SP * VAPN * FPSY ICM PRS CM SPS ES"}},{"type":"Feature","geometry":{"type":"Point","coordinates":[-121.322416831,38.580059357]},"properties":{"USER_name1":"Sierra Health and Wellness","USER_name2":"Recovery Happens Counseling Services","USER_street1":"9983 Folsom Boulevard","USER_city":"Sacramento","USER_state":"CA","USER_zip":"95827","USER_phone":"916-777-0696","USER_service_code_info":"SA MH SUMH * OP * OMH * CBT DBT GT IDD IPT TELE * PVTP * MI PI SF * STU * SMPD * CHLD YAD ADLT SNR * VPPD * SPS"}},{"type":"Feature","geometry":{"type":"Point","coordinates":[-121.375697237,38.554380601]},"properties":{"USER_name1":"Stanford Sierra Youth and Families","USER_name2":"Stanford Youth Solutions","USER_street1":"8912 Volunteer Lane","USER_city":"Sacramento","USER_state":"CA","USER_zip":"95826","USER_phone":"916-344-0199","USER_service_code_info":"SA MH SUMH * OP * CMHC * ANTPYCH * CBT CFT GT IDD IPT TELE * CIT * PVTN * MC SCJJ * TAY GL CO TRMA PED PTSD SED SMI * PEER * SMPD * CHLD YAD * AH SP * VPPD * FPSY PRS CM SPS"}},{"type":"Feature","geometry":{"type":"Point","coordinates":[-121.417102498,38.466901066]},"properties":{"USER_name1":"Sierra Vista Hospital","USER_name2":"","USER_street1":"8001 Bruceville Road","USER_city":"Sacramento","USER_state":"CA","USER_zip":"95823","USER_phone":"916-288-0300","USER_service_code_info":"SA MH SUMH * HI OP PHDT * PSY * CHLOR FLUPH HALOP PROCH ARIPI CARIP CLOZA LURAS OLANZ PALIP QUETI RISPE ZIPRA NRT NSC ANTPYCH * AT CBT DBT GT IDD IPT TELE * CIT WI * PVTP * CLF MC MD PI SF VAF * CO * STU * MST LABT * HS * TCC * SMON * CHLD YAD ADLT SNR * AH * VAPN * DEC FPSY IMR LAD PRS CM IPC SPS ES"}},{"type":"Feature","geometry":{"type":"Point","coordinates":[-121.302486342,38.468990213]},"properties":{"USER_name1":"Sierra Health and Wellness Centers","USER_name2":"New Start Recovery Solutions","USER_street1":"10396 Spiva Road","USER_city":"Sacramento","USER_state":"CA","USER_zip":"95829","USER_phone":"530-854-4119","USER_service_code_info":"SA MH SUMH * RES * RTCA * CHLOR HALOP ARIPI OLANZ OLANZF PALIP QUETI RISPE ZIPRA ANTPYCH * AT CBT DBT GT IDD IPT TELE * PVTP * MI PI SF * TAY SE VET CO TRMA TBI PTSD SMI * STU * HIVT STDT TBS MST HCT LABT * PEER * TCC * SMPD * YAD ADLT SNR * VPPD * DEC FPSY PRS CM SPS ES"}},{"type":"Feature","geometry":{"type":"Point","coordinates":[-121.33789762,38.6622301720001]},"properties":{"USER_name1":"River Oak Center for Children","USER_name2":"","USER_street1":"5445 Laurel Hills Drive","USER_city":"Sacramento","USER_state":"CA","USER_zip":"95841","USER_phone":"916-609-5100","USER_service_code_info":"MH SUMH * OP * OMH * CBT CFT DBT GT IDD IPT TELE * PVTN * CLF MD SCJJ SI SMHA SWFS * TAY GL CO TRMA PTSD SED SMI * STU * PEER * SMPD * CHLD YAD * AH SP FX * F17 F36 F37 F70 F81 * VPPD * FPSY PRS CM SPS"}},{"type":"Feature","geometry":{"type":"Point","coordinates":[-121.435727422,38.500650883]},"properties":{"USER_name1":"Turning Point ","USER_name2":"Integrated Services Agency","USER_street1":"6950 65th Street","USER_city":"Sacramento","USER_state":"CA","USER_zip":"95823","USER_phone":"916-393-1222 x2650","USER_service_code_info":"MH SUMH * OP * OMH * HALOP ARIPI CLOZA OLANZ PALIP QUETI RISPE ZIPRA ANTPYCH * AT CBT GT IPT TELE * CIT PEON PEOFF * PVTN * CLF MC SI SMHA VAF * PA * TAY SE CO TRMA PTSD SMI * PEER * SMPD * YAD ADLT SNR * SP * VPPD * ACT FPSY ICM PRS SH VRS CM IPC"}},{"type":"Feature","geometry":{"type":"Point","coordinates":[-121.474775105,38.6377001970001]},"properties":{"USER_name1":"Turning Point Community Programs","USER_name2":"Core Rosin","USER_street1":"3810 Rosin Court","USER_city":"Sacramento","USER_state":"CA","USER_zip":"95834","USER_phone":"916-567-4222","USER_service_code_info":"MH SUMH * OP * OMH * HALOP ARIPI CLOZA OLANZ PALIP QUETI RISPE ZIPRA ANTPYCH * AT CBT CFT DBT GT IDD IPT TELE AIM * CIT * PVTN * MC MD SI * SE GL CO HV TRMA PTSD SMI * STU * HS PEER * SMPD * YAD ADLT SNR * AH SP FX * F4 F17 F25 F37 * VPPD * ICM PRS CM SPS"}},{"type":"Feature","geometry":{"type":"Point","coordinates":[-121.651959988,36.67256702]},"properties":{"USER_name1":"Interim Inc","USER_name2":"","USER_street1":"339 Pajaro Street","USER_city":"Salinas","USER_state":"CA","USER_zip":"93901","USER_phone":"831-216-1085","USER_service_code_info":"SA MH SUMH * RES * RTCA * ANTPYCH * AT CBT DBT GT IDD IPT TELE * PEON * PVTN * MC MD PI SF * SMI * STU * TBS MST * TCC * SMPD * YAD ADLT SNR * SP * VAPN * COOT DEC ICM PRS SEMP CM SPS ES"}},{"type":"Feature","geometry":{"type":"Point","coordinates":[-121.383559798,38.6152474670001]},"properties":{"USER_name1":"Watt Avenue MH Center","USER_name2":"HeartLand Child and Family Services","USER_street1":"2829 Watt Avenue","USER_city":"Sacramento","USER_state":"CA","USER_zip":"95821","USER_phone":"916-418-0828","USER_service_code_info":"MH * OP * CMHC * AT CBT CFT DBT GT IPT * PVTN * FQHC * CLF MC MD SI SMHA SWFS * TAY TRMA PTSD SED * PEER * SMON * CHLD YAD * AH SP FX * F4 F25 F70 F92 * VAPN * COOT FPSY ICM PRS CM SPS"}},{"type":"Feature","geometry":{"type":"Point","coordinates":[-121.658041562,36.6581136020001]},"properties":{"USER_name1":"Felton Institute","USER_name2":"reMIND Monterey","USER_street1":"30 East San Joaquin Street","USER_city":"Salinas","USER_state":"CA","USER_zip":"93901","USER_phone":"831-424-5033","USER_service_code_info":"MH SUMH * OP * CMHC * HALOP PERPH ARIPI CLOZA OLANZ PALIP QUETI RISPE ANTPYCH * AT CBT CFT DBT GT IPT TELE * CIT * PVTN * CMHG MC MD OSF SI SMHA * PEFP * STU * HS PEER * SMON * CHLD YAD ADLT * SP * VAPN * FPSY ICM PRS SEMP VRS CM SPS"}},{"type":"Feature","geometry":{"type":"Point","coordinates":[-121.634036965,36.6972488750001]},"properties":{"USER_name1":"Monterey County Behavioral Health","USER_name2":"Adult","USER_street1":"1441 Constitution Boulevard","USER_city":"Salinas","USER_state":"CA","USER_zip":"93906","USER_phone":"888-258-6029","USER_service_code_info":"MH SUMH * OP * OMH * CBT CFT DBT GT IPT TELE * CIT PEOFF WI * LCCG * CLF CMHG MC MD OSF PI SI SMHA * PA SS * TAY SE CJ CO SMI * PEER * TCC * SMON * YAD ADLT SNR * AH SP FX * F30 F47 F81 * VAPN * ACT COOT FPSY ICM IMR PRS CM IPC SPS"}},{"type":"Feature","geometry":{"type":"Point","coordinates":[-117.269633039,34.1273019990001]},"properties":{"USER_name1":"Valley Star","USER_name2":"Crisis Residential Treatment","USER_street1":"780 East Gilbert Street","USER_city":"San Bernardino","USER_state":"CA","USER_zip":"92415","USER_phone":"909-763-4760","USER_service_code_info":"MH SUMH * RES * RTCA * CHLOR HALOP LOXAP THIOT ARIPI ASENA CARIP CLOZA LURAS OLANZ OLANZF PALIP QUETI RISPE ZIPRA ANTPYCH * AT CBT CFT GT IDD IPT * PVTP * FQHC * CLF MD OSF SI SMHA * PA * TAY SE GL PTSD * HS * SMPD * YAD * SP * VPPD * FPSY ICM LAD PRS SEMP SH VRS CM"}},{"type":"Feature","geometry":{"type":"Point","coordinates":[-117.291726981,34.071315622]},"properties":{"USER_name1":"Valley Star","USER_name2":"Community Services","USER_street1":"1585 South D Street","USER_city":"San Bernardino","USER_state":"CA","USER_zip":"92408","USER_phone":"909-388-2222","USER_service_code_info":"MH SUMH * OP * OMH * ARIPI LURAS OLANZ QUETI RISPE ANTPYCH * CBT CFT GT IPT TELE * PVTP * FQHC * CLF MC MD SMHA SWFS * PA * TAY SE GL CO TRMA PTSD SED SMI * STU * SMON * CHLD YAD ADLT * AH SP * VAPN * COOT CM SPS"}},{"type":"Feature","geometry":{"type":"Point","coordinates":[-120.674870806,38.1920717460001]},"properties":{"USER_name1":"Behavioral Health Services","USER_name2":"Calaveras Hlth/Human Servs Agency","USER_street1":"891 Mountain Ranch Road","USER_city":"San Andreas","USER_state":"CA","USER_zip":"95249","USER_phone":"209-754-6525","USER_service_code_info":"SA MH SUMH * OP * OMH * HALOP ANTPYCH * AT CBT CFT DBT GT IDD IPT TELE AIM * CIT PEON PEOFF WI * LCCG * CMHG MC MD MI PI SCJJ SF SI SMHA SWFS VAF * TAY SE GL VET ADM CJ CO HV TRMA PTSD SED SMI * MST * PEER * SMPD * CHLD YAD ADLT SNR * AH SP * VPPD * COOT FPSY ICM PRS SEMP SH VRS CM SPS ES"}},{"type":"Feature","geometry":{"type":"Point","coordinates":[-122.425484929,37.6340428120001]},"properties":{"USER_name1":"San Bruno VA Clinic","USER_name2":"San Francisco VA Healthcare System","USER_street1":"1001 Sneath Lane","USER_city":"San Bruno","USER_state":"CA","USER_zip":"94066","USER_phone":"650-615-6080","USER_service_code_info":"MH SUMH * OP * VAHC * CHLOR FLUPH HALOP LOXAP PERPH PIMOZ PROCH THIOT THIOR TRIFL ARIPI ASENA CARIP CLOZA ILOPE LURAS OLANZ OLANZF PALIP QUETI RISPE ZIPRA NRT NSC ANTPYCH * CBT CFT DBT GT IDD IPT TELE * FED VAMC * MI PI VAF * SE GL VET MF TRMA PTSD SMI * STU * HS PEER * TCC * SMON * YAD ADLT SNR * VAPN * CDM DEC FPSY IMR IPC SPS"}},{"type":"Feature","geometry":{"type":"Point","coordinates":[-117.272037603,34.126861235]},"properties":{"USER_name1":"Valley Star","USER_name2":"Crisis Residential Treatment Casa Pase","USER_street1":"720 East Gilbert Street","USER_city":"San Bernardino","USER_state":"CA","USER_zip":"92415","USER_phone":"909-332-6000","USER_service_code_info":"MH SUMH * RES * RTCA * CHLOR HALOP LOXAP THIOT ARIPI ASENA CARIP CLOZA LURAS OLANZ OLANZF PALIP QUETI RISPE ZIPRA ANTPYCH * AT CBT CFT GT IDD IPT * PVTP * FQHC * CLF MD OSF SI SMHA * PA * TAY SE GL PTSD * HS * SMPD * YAD ADLT * SP * VPPD * FPSY ICM LAD PRS SEMP SH VRS CM"}},{"type":"Feature","geometry":{"type":"Point","coordinates":[-117.076553803,32.7482318290001]},"properties":{"USER_name1":"Alvarado Parkway Institute","USER_name2":"Outpatient Services/San Diego","USER_street1":"5538 University Avenue","USER_city":"San Diego","USER_state":"CA","USER_zip":"92105","USER_phone":"619-667-6106","USER_service_code_info":"SA MH SUMH * OP * OMH * LOXAP RISPE ANTPYCH * CBT CFT DBT GT IPT TELE * CIT PEON * PVTP * MC MI PI SF * SE CO TRMA PTSD SMI * STU * LABT * PEER * TCC * SMPD * YAD ADLT SNR * VAPN * COOT DEC FPSY CM SPS"}},{"type":"Feature","geometry":{"type":"Point","coordinates":[-117.054185354,32.767126105]},"properties":{"USER_name1":"Alter Mental Health","USER_name2":"","USER_street1":"4850 67th Street","USER_city":"San Diego","USER_state":"CA","USER_zip":"92115","USER_phone":"949-356-7952","USER_service_code_info":"MH SUMH * RES * RTCA * HALOP ARIPI CLOZA OLANZ OLANZF PALIP QUETI RISPE ANTPYCH * AT CBT CRT CFT DBT EMDR GT IDD IPT * CIT PEON * PVTP * PI SF * TRMA PEFP PTSD SMI * HIVT STDT TBS MST LABT * HS PEER * SMPD * YAD ADLT SNR * VPPD * DEC FPSY IMR CM IPC SPS"}},{"type":"Feature","geometry":{"type":"Point","coordinates":[-117.656931951,33.455441749]},"properties":{"USER_name1":"Child Guidance Center Inc","USER_name2":"","USER_street1":"3551 Camino Mira Costa","USER_city":"San Clemente","USER_state":"CA","USER_zip":"92672","USER_phone":"949-272-4444","USER_service_code_info":"MH SUMH * OP * OMH * ANTPYCH * CBT CFT GT IDD IPT TELE AIM * CIT * PVTN * CLF CMHG CSBG MD SF SMHA * SS * TAY GL VET ADM MF CO TRMA PED PTSD SED * PEER * SMPD * CHLD YAD * AH SP FX * F25 * VPPD * FPSY ICM CM SPS"}},{"type":"Feature","geometry":{"type":"Point","coordinates":[-117.605932009,33.423262994]},"properties":{"USER_name1":"Crisis Stabilization Residential","USER_name2":"Mental Healthcare/Solstice Pacific","USER_street1":"307 East Avenida Cordoba","USER_city":"San Clemente","USER_state":"CA","USER_zip":"92672","USER_phone":"949-200-7929","USER_service_code_info":"SA MH SUMH * HI RES * RTCA * HALOP ARIPI CLOZA OLANZ QUETI RISPE ZIPRA NRT NSC ANTPYCH * AT CBT CFT DBT GT IDD IPT * CIT PEON * PVTP * MI PI SF * TAY SE GL VET ADM MF CJ CO HV DV TRMA TBI ALZ PED PEFP PTSD SMI * STU * HIVT STDT TBS LABT * PEER * TCC * SMON * YAD ADLT SNR * VAPN * CDM COOT DEC FPSY ICM PRS VRS CM SPS ES"}},{"type":"Feature","geometry":{"type":"Point","coordinates":[-117.125913825,32.700911207]},"properties":{"USER_name1":"Cnty of San Diego Behav Health Servs","USER_name2":"Southeast Center","USER_street1":"3177 Ocean View Boulevard","USER_city":"San Diego","USER_state":"CA","USER_zip":"92113","USER_phone":"619-595-4400","USER_service_code_info":"MH SUMH * OP * OMH * CBT DBT IPT TELE * CIT WI * LCCG * CLF MC MD SF SI * PA SS * SE GL VET CO HV TRMA TBI ALZ PED PTSD SMI * STU * MST LABT * TCC * SMPD * YAD ADLT SNR * AH SP * VPPD * FPSY IMR PRS CM SPS"}},{"type":"Feature","geometry":{"type":"Point","coordinates":[-117.130081643,32.7210941180001]},"properties":{"USER_name1":"Community Research Foundation","USER_name2":"Maria Sardinas Wellness Recovery Ctr","USER_street1":"1465 30th Street","USER_city":"San Diego","USER_state":"CA","USER_zip":"92154","USER_phone":"619-428-1000","USER_service_code_info":"MH SUMH * OP * OMH * NRT ANTPYCH * AT CBT CFT DBT GT IDD IPT TELE * PEON WI * PVTN * CLF MC MD * TAY SE CO TRMA PTSD SMI * STU * HS PEER * TCC * SMPD * YAD ADLT SNR * AH SP FX * F81 * VPPD * FPSY IMR PRS SEMP VRS CM SPS"}},{"type":"Feature","geometry":{"type":"Point","coordinates":[-117.236883266,32.9269657720001]},"properties":{"USER_name1":"Center for Discovery","USER_name2":"Del Mar Outpatient","USER_street1":"11455 El Camino Real","USER_city":"San Diego","USER_state":"CA","USER_zip":"92130","USER_phone":"855-818-2029","USER_service_code_info":"MH * OP * PH * AT CBT CFT DBT GT IDD IPT * PVTP * PI SF * GL CO TRMA PED PTSD * SMPD * CHLD YAD ADLT * VPPD * DEC FPSY CM"}},{"type":"Feature","geometry":{"type":"Point","coordinates":[-117.197561915,32.947077436]},"properties":{"USER_name1":"Center for Discovery","USER_name2":"Del Mar","USER_street1":"4421 Carmel Valley Road","USER_city":"San Diego","USER_state":"CA","USER_zip":"92130","USER_phone":"866-862-3631","USER_service_code_info":"SA MH * OP RES * RTCA * CBT CFT DBT GT IPT * PVTP * CLF CMHG CSBG MI OSF PI SCJJ SEF SF SI SMHA SWFS * PED * MST * HS * SMON * YAD ADLT * VAPN * DEC FPSY CM"}},{"type":"Feature","geometry":{"type":"Point","coordinates":[-117.1647235,32.8098526000001]},"properties":{"USER_name1":"Douglas Young Youth and Fam Services","USER_name2":"","USER_street1":"- - -","USER_city":"San Diego","USER_state":"CA","USER_zip":"92111","USER_phone":"858-300-8282","USER_service_code_info":"SA MH SUMH * OP * OMH * AT CBT CFT DBT GT IDD IPT TELE * CIT * PVTN * CLF MC MD SF SMHA * PA SS * CO TRMA SED * STU * TCC * SMPD * CHLD YAD * AH SP * VPPD * FPSY PRS CM SPS"}},{"type":"Feature","geometry":{"type":"Point","coordinates":[-117.100634173,32.7524647320001]},"properties":{"USER_name1":"Comprehensive Community Behav Health","USER_name2":"La Maestra Family Clinic Inc","USER_street1":"4157 Fairmount Avenue","USER_city":"San Diego","USER_state":"CA","USER_zip":"92105","USER_phone":"619-285-7097","USER_service_code_info":"SA MH SUMH * OP * CBHC * CHLOR FLUPH HALOP LOXAP PERPH PIMOZ PROCH THIOT THIOR TRIFL ARIPI ASENA BREXP CARIP CLOZA ILOPE LURAS OLANZ OLANZF PALIP QUETI RISPE ZIPRA NRT NSC ANTPYCH * CBT CFT DBT EMDR GT IDD IPT TELE * CIT * PVTN * FQHC * MC MD PI SCJJ SF SI * SS * TAY SE CO * STU * HIVT STDT TBS MST HBT HCT LABT * PEER * TCC * SMPD * CHLD YAD ADLT SNR * AH * CDM COOT DEC FPSY IMR LAD CM IPC SPS ES"}},{"type":"Feature","geometry":{"type":"Point","coordinates":[-117.135821654,32.7751612070001]},"properties":{"USER_name1":"Comprehensive Psychiatric Services","USER_name2":"","USER_street1":"9095 Rio San Diego Drive","USER_city":"San Diego","USER_state":"CA","USER_zip":"92108","USER_phone":"619-272-0400 x2","USER_service_code_info":"SA MH SUMH * OP * OMH * ANTPYCH * CBT CFT IDD IPT KIT TMS TELE * PVTP * MC MI PI SF VAF * SS * STU * SMPD * CHLD YAD ADLT SNR * SP * VAPP * CDM COOT FPSY IMR IPC"}},{"type":"Feature","geometry":{"type":"Point","coordinates":[-117.06051587,32.7761971680001]},"properties":{"USER_name1":"Family Wellness Center","USER_name2":"","USER_street1":"6386 Alvarado Court","USER_city":"San Diego","USER_state":"CA","USER_zip":"92120","USER_phone":"619-668-6200","USER_service_code_info":"MH SUMH * OP * OMH * AT CBT CFT DBT EMDR GT IPT TELE * PVTN * CMHG CSBG MD MI PI PCF SF * TAY GL CJ TRMA PTSD SED SMI * PEER * SMON * CHLD YAD ADLT SNR * AH SP * VAPN * AOT COOT FPSY ICM PRS CM IPC SPS"}},{"type":"Feature","geometry":{"type":"Point","coordinates":[-117.183208744,32.8194117050001]},"properties":{"USER_name1":"Hope Family Therapy Group Inc","USER_name2":"","USER_street1":"5252 Balboa Avenue","USER_city":"San Diego","USER_state":"CA","USER_zip":"92117","USER_phone":"858-333-6856","USER_service_code_info":"SA MH SUMH * OP * OMH * AT CBT CFT DBT EMDR GT IPT TELE * PVTP * MHC * CLF MI OSF PI SF SMHA VAF * SMPD * CHLD YAD ADLT SNR * SP FX * F47 * VPPD * ACT FPSY SPS"}},{"type":"Feature","geometry":{"type":"Point","coordinates":[-117.132330005,32.754842007]},"properties":{"USER_name1":"Park Mental Health Treatment of","USER_name2":"San Diego","USER_street1":"2859 El Cajon Boulevard","USER_city":"San Diego","USER_state":"CA","USER_zip":"92104","USER_phone":"866-420-2524","USER_service_code_info":"SA MH * OP PHDT * PH * AT CBT CFT DBT EMDR GT IDD IPT * PVTP * PI SF * GL CO * SMPD * YAD ADLT SNR * VPPD * PRS CM"}},{"type":"Feature","geometry":{"type":"Point","coordinates":[-117.166385007,32.799710293]},"properties":{"USER_name1":"San Diego Center for Children","USER_name2":"","USER_street1":"3002 Armstrong Street","USER_city":"San Diego","USER_state":"CA","USER_zip":"92111","USER_phone":"858-277-9550","USER_service_code_info":"MH SUMH * OP PHDT RES * MSMH RTCC * AT CBT CFT DBT GT IDD IPT TELE * PVTN * CLF CMHG CSBG MD MI PI PCF SEF SF * GL CJ TRMA PTSD SED * STU * TBS LABT * PEER * SMON * CHLD YAD * AH SP * VAPN * COOT DEC FPSY ICM PRS CM IPC SPS ES"}},{"type":"Feature","geometry":{"type":"Point","coordinates":[-117.202104487,32.7708461610001]},"properties":{"USER_name1":"San Diego County BHS","USER_name2":"North Central Mental Health Center","USER_street1":"1250 Morena Boulevard","USER_city":"San Diego","USER_state":"CA","USER_zip":"92110","USER_phone":"619-692-8750","USER_service_code_info":"MH SUMH * OP * OMH * AT CBT DBT GT IPT TELE * CIT WI * LCCG * CLF MC MD SF * PA SS * SE GL VET CO HV TRMA TBI ALZ PED PTSD SMI * STU * MST LABT * HS * TCC * SMPD * YAD ADLT SNR * AH SP * VPPD * FPSY IMR PRS CM SPS"}},{"type":"Feature","geometry":{"type":"Point","coordinates":[-117.201076782,32.8920566960001]},"properties":{"USER_name1":"Discovery Mood and Anxiety Program","USER_name2":"San Diego","USER_street1":"5414 Oberlin Drive","USER_city":"San Diego","USER_state":"CA","USER_zip":"92124","USER_phone":"877-514-4723","USER_service_code_info":"SA MH SUMH * HI OP PHDT RES * PH * ANTPYCH * AT CBT CRT CFT DBT GT IDD IPT * PVTP * PI SF * TAY GL VET ADM CO SED SMI * SMON * CHLD YAD * VAPN * DEC FPSY"}},{"type":"Feature","geometry":{"type":"Point","coordinates":[-117.155227017,32.7956780110001]},"properties":{"USER_name1":"Sharp Mesa Vista Hospital","USER_name2":"Behavioral Health Services","USER_street1":"7850 Vista Hill Avenue","USER_city":"San Diego","USER_state":"CA","USER_zip":"92123","USER_phone":"858-836-8434","USER_service_code_info":"SA MH SUMH * HI OP PHDT * PSY * CHLOR FLUPH HALOP LOXAP PERPH PROCH ARIPI ASENA CARIP CLOZA LURAS OLANZ PALIP QUETI RISPE ZIPRA NRT ANTPYCH * AT CBT CFT DBT ECT GT IDD IPT TELE * CIT PEON WI * PVTN * MC MI PI SF VAF * SE CO PED PEFP PTSD SED SMI * STU * MST LABT * PEER * TCC * SMPD * CHLD YAD ADLT SNR * AH * VPPD * FPSY IMR PRS SPS"}},{"type":"Feature","geometry":{"type":"Point","coordinates":[-117.159933037,32.7518319820001]},"properties":{"USER_name1":"Scripps Mercy Hospital","USER_name2":"","USER_street1":"4077 5th Avenue","USER_city":"San Diego","USER_state":"CA","USER_zip":"92103","USER_phone":"619-294-8111","USER_service_code_info":"MH SUMH * HI * IPSY * CHLOR FLUPH HALOP LOXAP ARIPI CLOZA OLANZ QUETI RISPE ZIPRA NRT NSC ANTPYCH * AT GT IDD IPT KIT * CIT PEON WI * PVTN * MC MD MI PI SF VAF * SE GL CO TRMA PTSD SMI * STU * TBS MST LABT * PEER * TCC * SMON * YAD ADLT SNR * VAPN * SEMP IPC SPS"}},{"type":"Feature","geometry":{"type":"Point","coordinates":[-117.161973946,32.7489319690001]},"properties":{"USER_name1":"Sober Life Recovery Solutions LLC","USER_name2":"DBA Healthy U Behavioral Health","USER_street1":"3930 4th Avenue","USER_city":"San Diego","USER_state":"CA","USER_zip":"92103","USER_phone":"619-542-9542","USER_service_code_info":"SA MH SUMH * OP PHDT * OMH * CHLOR HALOP ARIPI ASENA BREXP CARIP CLOZA ILOPE LURAS OLANZ OLANZF PALIP QUETI RISPE ZIPRA NRT NSC ANTPYCH * AT CBT CFT DBT GT IDD IPT TELE * PVTP * MI PI SF SI VAF * TAY SE GL VET ADM MF CO HV TRMA PTSD SMI * STU * PEER * TCC * SMPD * CHLD YAD ADLT SNR * VPPD * ACT DEC FPSY ICM CM IPC SPS ES"}},{"type":"Feature","geometry":{"type":"Point","coordinates":[-117.102642645,32.7548289310001]},"properties":{"USER_name1":"Sharp Mesa Vista Hospital","USER_name2":"Mid City Outpatient","USER_street1":"4275 El Cajon Boulevard","USER_city":"San Diego","USER_state":"CA","USER_zip":"92105","USER_phone":"858-836-8434","USER_service_code_info":"MH SUMH * OP PHDT * OMH * CHLOR FLUPH HALOP LOXAP PERPH PROCH ARIPI ASENA CARIP CLOZA LURAS OLANZ PALIP QUETI RISPE ZIPRA ANTPYCH * CBT CFT DBT GT IDD IPT TELE * PVTN * MC MI PI SF VAF * TAY CO PEFP SMI * STU * LABT * TCC * SMPD * YAD ADLT SNR * AH * VPPD * FPSY IMR PRS SPS"}},{"type":"Feature","geometry":{"type":"Point","coordinates":[-117.814709711,34.0770091140001]},"properties":{"USER_name1":"McKinley","USER_name2":"","USER_street1":"180 Via Verde","USER_city":"San Dimas","USER_state":"CA","USER_zip":"91773","USER_phone":"909-599-1227","USER_service_code_info":"MH SUMH * OP * OMH * ANTPYCH * AT CBT CFT DBT GT IPT TELE * CIT * PVTN * CLF CMHG ITU MD OSF SCJJ SEF SI SMHA SWFS * GL TRMA PED PTSD SED SMI * PEER * SMON * CHLD YAD * AH SP * VAPN * FPSY ICM PRS SH TPC CM"}},{"type":"Feature","geometry":{"type":"Point","coordinates":[-122.486239142,37.7382203550001]},"properties":{"USER_name1":"Edgewood Ctr for Children and Families","USER_name2":"","USER_street1":"1801 Vicente Street","USER_city":"San Francisco","USER_state":"CA","USER_zip":"94116","USER_phone":"415-681-3211","USER_service_code_info":"MH * OP PHDT RES * MSMH * AT CBT CFT DBT GT IPT TELE * CIT PEON * PVTN * CLF CMHG MD OSF PI SCJJ SEF SF SI SMHA SWFS * SED * HS PEER * SMON * CHLD YAD * AH SP * VAPN * DEC FPSY ICM PRS CM SPS ES"}},{"type":"Feature","geometry":{"type":"Point","coordinates":[-118.443555878,34.2784982470001]},"properties":{"USER_name1":"El Centro de Amistad Inc","USER_name2":"East Valley Office","USER_street1":"566 South Brand Boulevard","USER_city":"San Fernando","USER_state":"CA","USER_zip":"91340","USER_phone":"818-898-0223","USER_service_code_info":"MH * OP * OMH * AT CBT GT IPT TELE * PVTN * CLF MD OSF SMHA SWFS * PA * TAY TRMA PTSD SED SMI * PEER * SMON * CHLD YAD ADLT * SP * VAPN * COOT FPSY ICM LAD PRS SEMP VRS CM"}},{"type":"Feature","geometry":{"type":"Point","coordinates":[-122.419093224,37.753348266]},"properties":{"USER_name1":"African American Alternatives","USER_name2":"Mission Mental Health Clinic","USER_street1":"2712 Mission Street","USER_city":"San Francisco","USER_state":"CA","USER_zip":"94110","USER_phone":"415-490-2700","USER_service_code_info":"MH SUMH * OP * OMH * FLUPH HALOP PERPH QUETI RISPE ZIPRA NRT ANTPYCH * AT GT IPT TELE * LCCG * CLF CMHG MC MD SF * SE GL VET MF CJ CO HV DV TRMA PEFP PTSD SMI * STU * MST * PEER * SMPD * YAD ADLT SNR * VPPD * FPSY ICM VRS IPC SPS"}},{"type":"Feature","geometry":{"type":"Point","coordinates":[-122.438212765,37.78438419]},"properties":{"USER_name1":"Comprehensive Psychiatric Services","USER_name2":"","USER_street1":"2211 Post Street","USER_city":"San Francisco","USER_state":"CA","USER_zip":"94115","USER_phone":"415-928-1221 x2","USER_service_code_info":"SA MH SUMH * OP * OMH * ANTPYCH * CBT CFT IDD IPT KIT TMS TELE * PVTP * MC MI PI SF VAF * SS * STU * SMPD * CHLD YAD ADLT SNR * SP FX * F4 F17 F19 F25 F28 F30 F35 F36 F42 F43 F47 F67 F70 F81 F92 * VAPP * CDM COOT FPSY IMR IPC"}},{"type":"Feature","geometry":{"type":"Point","coordinates":[-122.423430859,37.7884935440001]},"properties":{"USER_name1":"Felton Institute","USER_name2":"","USER_street1":"1500 Franklin Street","USER_city":"San Francisco","USER_state":"CA","USER_zip":"94109","USER_phone":"415-474-7310","USER_service_code_info":"MH SUMH * OP * CMHC * HALOP PERPH ARIPI CLOZA OLANZ PALIP QUETI RISPE ANTPYCH * AT CBT CFT DBT GT IPT TELE * CIT PEON PEOFF WI * PVTN * MC MD SMHA * PA * TAY SE PEFP PTSD SMI * STU * HS PEER * SMON * CHLD YAD ADLT SNR * AH SP * VAPN * FPSY ICM PRS SEMP VRS CM SPS"}},{"type":"Feature","geometry":{"type":"Point","coordinates":[-122.419204033,37.7711510090001]},"properties":{"USER_name1":"Felton Institute","USER_name2":"FCFP Medical/Full Circle","USER_street1":"1663 Mission Street","USER_city":"San Francisco","USER_state":"CA","USER_zip":"94103","USER_phone":"415-474-7310","USER_service_code_info":"MH * OP * CMHC * AT CBT CFT GT IPT TELE * PVTN * MC MD * PTSD SED * STU * HS * SMON * CHLD YAD * SP * VAPN * FPSY ICM PRS CM SPS"}},{"type":"Feature","geometry":{"type":"Point","coordinates":[-122.430581964,37.727785012]},"properties":{"USER_name1":"Jewish Home of San Francisco","USER_name2":"Acute Psychiatric Hospital","USER_street1":"302 Silver Avenue","USER_city":"San Francisco","USER_state":"CA","USER_zip":"94112","USER_phone":"415-469-2328","USER_service_code_info":"SA MH SUMH * HI * PSY * HALOP PERPH ARIPI ASENA CARIP CLOZA LURAS OLANZ OLANZF PALIP QUETI RISPE ZIPRA NRT NSC ANTPYCH * AT CBT DBT GT IDD IPT AIM * CIT * PVTN * MC PI SF * SE GL VET MF CO HV TRMA ALZ PTSD SMI * STU * MST LABT * TCC * SMON * ADLT SNR * AH SP FX * F17 F35 F70 F81 F92 * VAPN * DEC FPSY PRS CM SPS ES"}},{"type":"Feature","geometry":{"type":"Point","coordinates":[-122.486186252,37.7797342870001]},"properties":{"USER_name1":"Felton Institute","USER_name2":"GSW reMIND and BEAM","USER_street1":"6221 Geary Boulevard","USER_city":"San Francisco","USER_state":"CA","USER_zip":"94121","USER_phone":"415-474-7310","USER_service_code_info":"MH SUMH * OP * CMHC * HALOP ARIPI CLOZA OLANZ PALIP QUETI RISPE ANTPYCH * AT CBT CFT DBT GT IPT TELE * CIT WI * PVTN * CMHG MC MD PI SMHA * SE PEFP * STU * HS PEER * SMON * CHLD YAD ADLT SNR * SP FX * F17 F70 F81 * VAPN * FPSY ICM PRS VRS CM SPS"}},{"type":"Feature","geometry":{"type":"Point","coordinates":[-122.419093224,37.753348266]},"properties":{"USER_name1":"Mission ICM/MACT","USER_name2":"Mission Mental Health Clinic","USER_street1":"2712 Mission Street","USER_city":"San Francisco","USER_state":"CA","USER_zip":"94110","USER_phone":"415-401-2700","USER_service_code_info":"MH SUMH * OP * OMH * FLUPH HALOP PERPH QUETI RISPE ZIPRA ANTPYCH * AT GT IPT TELE * LCCG * CLF CMHG MC MD SF * SE GL VET MF CJ CO HV DV TRMA PEFP PTSD SMI * STU * MST * PEER * TCC * SMPD * YAD ADLT SNR * SP FX * F67 * VPPD * FPSY ICM VRS IPC SPS"}},{"type":"Feature","geometry":{"type":"Point","coordinates":[-122.387382305,37.7418734820001]},"properties":{"USER_name1":"Edgewood Ctr for Children and Families","USER_name2":"","USER_street1":"3801 3rd Street","USER_city":"San Francisco","USER_state":"CA","USER_zip":"94124","USER_phone":"415-682-3276","USER_service_code_info":"MH * OP * OMH * AT CBT CFT GT IPT TELE * PVTN * PI * TAY SED * HS PEER * SMON * CHLD YAD ADLT SNR * AH SP * VAPN * FPSY ICM PRS SH CM SPS ES"}},{"type":"Feature","geometry":{"type":"Point","coordinates":[-122.419093224,37.753348266]},"properties":{"USER_name1":"Mission Mental Health OP","USER_name2":"Mission Mental Health Clinic","USER_street1":"2712 Mission Street","USER_city":"San Francisco","USER_state":"CA","USER_zip":"94110","USER_phone":"415-401-2700","USER_service_code_info":"MH SUMH * OP * OMH * FLUPH HALOP QUETI RISPE ZIPRA ANTPYCH * AT GT IPT TELE * WI * LCCG * CLF CMHG MC MD SF * SE GL VET MF CJ CO HV DV TRMA PEFP PTSD SMI * STU * MST * PEER * TCC * SMPD * YAD ADLT SNR * SP * VPPD * FPSY CM IPC SPS"}},{"type":"Feature","geometry":{"type":"Point","coordinates":[-122.4344737,37.7835323]},"properties":{"USER_name1":"Progress Foundation","USER_name2":"Clay Street","USER_street1":"- - -","USER_city":"San Francisco","USER_state":"CA","USER_zip":"94115","USER_phone":"415-776-4647","USER_service_code_info":"MH * OP PHDT RES * RTCA * FLUPH HALOP ARIPI CLOZA OLANZ QUETI RISPE NSC ANTPYCH * AT GT IPT * CIT * PVTN * CLF MC MD SF SMHA SWFS * PA * SE GL VET CJ CO HV TRMA TBI PED PTSD SMI * STU * HS PEER * TCC * SMPD * YAD ADLT SNR * VAPP * ACT COOT DEC FPSY PRS VRS IPC SPS ES"}},{"type":"Feature","geometry":{"type":"Point","coordinates":[-122.4428217,37.7705462000001]},"properties":{"USER_name1":"Progress Foundation","USER_name2":"Dorine Loso House Transitional Program","USER_street1":"- - -","USER_city":"San Francisco","USER_state":"CA","USER_zip":"94117","USER_phone":"415-346-7775","USER_service_code_info":"MH SUMH * RES * RTCA * ANTPYCH * PVTN * MC MD * SS * CO SMI * STU * TCC * SMPD * YAD ADLT SNR * VPPD * COOT FPSY PRS VRS SPS"}},{"type":"Feature","geometry":{"type":"Point","coordinates":[-122.4174306,37.7529881]},"properties":{"USER_name1":"Progress Foundation","USER_name2":"Cortland House Residential Program","USER_street1":"- - -","USER_city":"San Francisco","USER_state":"CA","USER_zip":"94110","USER_phone":"415-550-1881","USER_service_code_info":"SA MH SUMH * RES * RTCA * NSC * AT CBT DBT GT IDD IPT * CIT * PVTN * CLF MC MD SF SI SMHA VAF * PA SS * CO TRMA SMI * STU * HS PEER * TCC * SMPD * YAD ADLT SNR * VPPD * COOT PRS VRS CM"}},{"type":"Feature","geometry":{"type":"Point","coordinates":[-122.439030084,37.784892846]},"properties":{"USER_name1":"Langley Porter Psychiatric Institute","USER_name2":"UCSF Mount Zion Campus","USER_street1":"1600 Divisadero Street","USER_city":"San Francisco","USER_state":"CA","USER_zip":"94115","USER_phone":"415-502-0000","USER_service_code_info":"MH SUMH * HI PHDT * PSY * CHLOR FLUPH HALOP LOXAP PERPH ARIPI CLOZA LURAS OLANZ QUETI RISPE ZIPRA ANTPYCH * AT ECT GT AIM * STG * MC MI PI SF * SE * MST LABT * SMON * YAD ADLT SNR * AH * VAPN"}},{"type":"Feature","geometry":{"type":"Point","coordinates":[-122.4174306,37.7529881]},"properties":{"USER_name1":"Progress Foundation","USER_name2":"La Amistad Transitional Program","USER_street1":"- - -","USER_city":"San Francisco","USER_state":"CA","USER_zip":"94110","USER_phone":"415-285-8100","USER_service_code_info":"SA MH SUMH * RES * RTCA * HALOP ARIPI LURAS OLANZ OLANZF PALIP QUETI RISPE ANTPYCH * AT GT IDD * CIT * PVTN * MC MD SF SI * SE CO SMI * STU * SMPD * YAD ADLT SNR * SP * VPPD * PRS SPS ES"}},{"type":"Feature","geometry":{"type":"Point","coordinates":[-122.497639033,37.7759190130001]},"properties":{"USER_name1":"Richmond Area Multi Services Inc","USER_name2":"Outpatient Clinic","USER_street1":"3626 Balboa Street","USER_city":"San Francisco","USER_state":"CA","USER_zip":"94121","USER_phone":"415-668-5955","USER_service_code_info":"MH SUMH * OP * OMH * CHLOR HALOP CLOZA OLANZ OLANZF RISPE ANTPYCH * CFT GT IPT TELE * PVTN * CLF MC MD * SED SMI * PEER * SMON * CHLD YAD ADLT SNR * AH SP FX * F17 F25 F35 F36 F43 F47 F70 F92 * VAPN * FPSY PRS CM"}},{"type":"Feature","geometry":{"type":"Point","coordinates":[-122.452597033,37.774382987]},"properties":{"USER_name1":"Progress Foundation","USER_name2":"Shrader House Crisis Program","USER_street1":"50 Shrader Street","USER_city":"San Francisco","USER_state":"CA","USER_zip":"94117","USER_phone":"415-668-4166","USER_service_code_info":"SA MH SUMH * RES * RTCA * HALOP ARIPI CLOZA OLANZ OLANZF PALIP QUETI RISPE NRT NSC ANTPYCH * AT GT IDD * CIT * PVTN * CLF MC MD OSF PI SI * PA * CO SMI * STU * HS * TCC * SMPD * YAD ADLT SNR * SP * VPPD * DEC FPSY PRS IPC SPS ES"}},{"type":"Feature","geometry":{"type":"Point","coordinates":[-122.416567003,37.7896359970001]},"properties":{"USER_name1":"Saint Francis Memorial Hospital","USER_name2":"Behavioral Health Services","USER_street1":"900 Hyde Street","USER_city":"San Francisco","USER_state":"CA","USER_zip":"94109","USER_phone":"415-353-6641 x6230","USER_service_code_info":"SA MH SUMH * HI * IPSY * CHLOR FLUPH HALOP LOXAP PERPH THIOT THIOR TRIFL ARIPI CLOZA LURAS OLANZ OLANZF PALIP QUETI RISPE ZIPRA NRT NSC ANTPYCH * AT CBT GT IDD IPT TELE * CIT PEON * PVTN * FQHC * MC MD MI PI SF SI * PA * TAY SE GL VET ADM MF CJ CO HV TRMA PTSD SMI * STU * MST LABT * PEER * TCC * SMON * YAD ADLT SNR * AH SP NX FX * F4 F17 F19 F25 F28 F30 F31 F35 F36 F37 F42 F43 F47 F66 F67 F70 F81 F92 N24 * VAPN * CDM COOT DEC FPSY ICM IMR PRS SH CM IPC SPS ES"}},{"type":"Feature","geometry":{"type":"Point","coordinates":[-122.453537566,37.7738130180001]},"properties":{"USER_name1":"Saint Marys Medical Center","USER_name2":"McAuley Institute","USER_street1":"2200 Hayes Street","USER_city":"San Francisco","USER_state":"CA","USER_zip":"94117","USER_phone":"415-750-1000 x5872","USER_service_code_info":"MH SUMH * HI * IPSY * NRT NSC * AT CBT DBT GT IDD IPT * PVTN * CLF CSBG ITU MC MI OSF PI SCJJ SEF SF SI SMHA SWFS * GL DV TRMA PEFP PTSD SED * STU * LABT * SMON * CHLD * AH SP FX * F17 F92 * VAPN * CDM DEC FPSY ICM IMR PRS CM SPS ES"}},{"type":"Feature","geometry":{"type":"Point","coordinates":[-122.4174306,37.7529881]},"properties":{"USER_name1":"Seneca Family of Agencies","USER_name2":"San Francisco Connections","USER_street1":"- - -","USER_city":"San Francisco","USER_state":"CA","USER_zip":"94110","USER_phone":"415-642-5968","USER_service_code_info":"MH SUMH * OP * OMH * AT CBT CFT DBT GT IPT TELE * CIT * PVTN * CLF CSBG MC MD OSF SCJJ SEF SMHA SWFS * TAY CJ CO TRMA PED PTSD SED SMI * STU * PEER * SMOP * CHLD YAD * AH SP * VAPP * COOT FPSY ICM PRS CM SPS"}},{"type":"Feature","geometry":{"type":"Point","coordinates":[-122.4428217,37.7705462000001]},"properties":{"USER_name1":"Westside Community Services","USER_name2":"Child Youth and Family Services","USER_street1":"- - -","USER_city":"San Francisco","USER_state":"CA","USER_zip":"94117","USER_phone":"415-431-8252","USER_service_code_info":"SA MH SUMH * OP * OMH * AT CFT IPT * PVTN * CLF OSF SCJJ SMHA SWFS * TAY SMI * SMON * CHLD YAD * SP * VAPN * COOT FPSY CM ES"}},{"type":"Feature","geometry":{"type":"Point","coordinates":[-122.417290026,37.7885320170001]},"properties":{"USER_name1":"Tenderloin OP Clinic","USER_name2":"Hyde Street Community Services Inc","USER_street1":"815 Hyde Street","USER_city":"San Francisco","USER_state":"CA","USER_zip":"94109","USER_phone":"415-673-5700 x221","USER_service_code_info":"MH SUMH * OP * OMH * CLOZA ANTPYCH * AT CBT DBT IPT TELE * PVTN * MC MD * PEER * SMPD * YAD ADLT SNR * FX * F4 * VPPD * CM"}},{"type":"Feature","geometry":{"type":"Point","coordinates":[-122.499535271,37.7498558620001]},"properties":{"USER_name1":"Sunset Mental Health Services","USER_name2":"","USER_street1":"1990 41st Avenue","USER_city":"San Francisco","USER_state":"CA","USER_zip":"94116","USER_phone":"628-754-8400","USER_service_code_info":"MH SUMH * OP * OMH * CHLOR DROPE FLUPH HALOP LOXAP PERPH PIMOZ PROCH THIOT THIOR TRIFL ARIPI ASENA BREXP CARIP CLOZA ILOPE LURAS OLANZ OLANZF PALIP QUETI RISPE ZIPRA NSC ANTPYCH * AT CBT CFT GT IDD IPT TELE * CIT WI * LCCG * CLF MC MD SF SI SMHA * TAY SE GL VET MF CJ CO HV DV TRMA TBI PED PEFP PTSD SMI * STU * TBS MST LABT * HS PEER * TCC * SMON * CHLD YAD ADLT SNR * FX * F17 F70 * VAPN * ACT AOT CDM COOT DEC FPSY IMR PRS CM IPC SPS ES"}},{"type":"Feature","geometry":{"type":"Point","coordinates":[-122.397066589,37.7826356410001]},"properties":{"USER_name1":"San Francisco VA Downtown Clinic","USER_name2":"","USER_street1":"401 3rd Street","USER_city":"San Francisco","USER_state":"CA","USER_zip":"94107","USER_phone":"415-281-5100","USER_service_code_info":"SA MH SUMH * OP * VAHC * CHLOR FLUPH HALOP THIOT ARIPI CLOZA LURAS OLANZ PALIP QUETI RISPE ZIPRA NRT NSC ANTPYCH * CBT CFT DBT GT IDD IPT TELE * CIT WI * FED VAMC * MI PI VAF * SE GL VET CJ CO HV TRMA ALZ PTSD SMI * STU * HS PEER * TCC * SMON * YAD ADLT SNR * VAPN * COOT FPSY ICM LAD PRS SEMP SH VRS CM IPC SPS ES"}},{"type":"Feature","geometry":{"type":"Point","coordinates":[-121.915212265,37.335824378]},"properties":{"USER_name1":"Comprehensive Psychiatric Services","USER_name2":"","USER_street1":"1570 The Alameda","USER_city":"San Jose","USER_state":"CA","USER_zip":"95126","USER_phone":"408-295-8111 x2","USER_service_code_info":"SA MH SUMH * OP * OMH * ANTPYCH * CBT CFT IDD IPT KIT TMS TELE * PVTP * MC MI PI SF VAF * SS * STU * SMPD * CHLD YAD ADLT SNR * SP * VAPP * CDM COOT FPSY IMR IPC"}},{"type":"Feature","geometry":{"type":"Point","coordinates":[-122.414671519,37.772709875]},"properties":{"USER_name1":"Westside Community Services","USER_name2":"Integrated Service Center","USER_street1":"245 11th Street","USER_city":"San Francisco","USER_state":"CA","USER_zip":"94103","USER_phone":"415-355-0311 x1263","USER_service_code_info":"SA MH SUMH * OP * OMH * ANTPYCH * AT CBT CFT DBT GT IDD IPT TELE * WI * PVTN * CLF MC MD OSF SCJJ SF SI SMHA SWFS * SE GL VET CJ CO HV TRMA TBI PTSD SMI * STU * HS PEER * TCC * SMON * YAD ADLT SNR * AH SP * VAPN * CDM COOT FPSY IMR PRS SH VRS CM SPS ES"}},{"type":"Feature","geometry":{"type":"Point","coordinates":[-121.866058522,37.36128617]},"properties":{"USER_name1":"County of Santa Clara","USER_name2":"Las Plumas Behavioral Health Center","USER_street1":"1650 Las Plumas Avenue","USER_city":"San Jose","USER_state":"CA","USER_zip":"95133","USER_phone":"408-272-6726","USER_service_code_info":"MH * OP * OMH * ARIPI BREXP CARIP CLOZA LURAS OLANZ PALIP QUETI RISPE ZIPRA ANTPYCH * CBT CFT GT IPT TELE * LCCG * CLF CMHG MD SF SI SMHA * TAY GL TRMA PEFP PTSD SED SMI * PEER * SMPD * CHLD YAD * SP FX * F92 * VPPD * FPSY ICM PRS SEMP CM"}},{"type":"Feature","geometry":{"type":"Point","coordinates":[-122.656728478,38.0102823060001]},"properties":{"USER_name1":"Newport Academy","USER_name2":"","USER_street1":"16 Meadow View Lane","USER_city":"San Geronimo","USER_state":"CA","USER_zip":"94963","USER_phone":"877-820-6371","USER_service_code_info":"SA MH SUMH * OP PHDT RES * RTCC * AT CBT CFT DBT GT IDD IPT TELE * PVTP * CMHG CSBG PI SF * GL CO TRMA SED * SMON * CHLD * VAPN * DEC FPSY PRS SEMP CM IPC SPS ES"}},{"type":"Feature","geometry":{"type":"Point","coordinates":[-121.820516,37.371095]},"properties":{"USER_name1":"Momentum for Health","USER_name2":"Crossroads Village","USER_street1":"- - -","USER_city":"San Jose","USER_state":"CA","USER_zip":"95127","USER_phone":"408-254-6848","USER_service_code_info":"MH SUMH * RES * RTCA * ANTPYCH * CBT DBT GT IPT TELE * CIT * PVTN * CLF MC MD PI * SE TRMA PTSD SMI * STU * PEER * TCC * SMPD * YAD ADLT SNR * SP * VPPD * FPSY PRS CM IPC SPS"}},{"type":"Feature","geometry":{"type":"Point","coordinates":[-121.820516,37.371095]},"properties":{"USER_name1":"Momentum for Health","USER_name2":"Eastside Outpatient","USER_street1":"- - -","USER_city":"San Jose","USER_state":"CA","USER_zip":"95127","USER_phone":"408-254-6828","USER_service_code_info":"MH SUMH * OP * OMH * ANTPYCH * CBT DBT GT IDD IPT TELE AIM * CIT * PVTN * CLF MC MD * SE TRMA PTSD SMI * STU * SMPD * YAD ADLT SNR * SP FX * F17 F92 * VPPD * FPSY PRS SH CM IPC SPS"}},{"type":"Feature","geometry":{"type":"Point","coordinates":[-121.820516,37.371095]},"properties":{"USER_name1":"Momentum for Health","USER_name2":"Full Service Partnership/Residential","USER_street1":"- - -","USER_city":"San Jose","USER_state":"CA","USER_zip":"95127","USER_phone":"408-510-7080","USER_service_code_info":"MH SUMH * RES * RTCA * ANTPYCH * CBT GT TELE AIM * CIT * PVTN * CLF MC MD PI SI * SE TRMA PTSD SMI * STU * SMPD * YAD ADLT SNR * SP * VPPD * FPSY ICM PRS CM IPC SPS"}},{"type":"Feature","geometry":{"type":"Point","coordinates":[-121.915099445,37.3114417570001]},"properties":{"USER_name1":"Crestwood Behavioral Health Inc","USER_name2":"Crestwood Psychiatric Health Facility","USER_street1":"1425 Fruitdale Avenue","USER_city":"San Jose","USER_state":"CA","USER_zip":"95128","USER_phone":"408-275-1010","USER_service_code_info":"MH * HI * PSY * CHLOR FLUPH HALOP LOXAP PERPH PIMOZ THIOT THIOR TRIFL ARIPI ASENA BREXP CARIP CLOZA OLANZ QUETI RISPE ZIPRA ANTPYCH * AT AIM * PVTP * SMHA * SE GL HV PEFP SMI * STU * HIVT STDT TBS MST HBT HCT LABT * SMON * YAD ADLT SNR * AH * VAPN * CDM DEC ES"}},{"type":"Feature","geometry":{"type":"Point","coordinates":[-121.88587,37.3414070000001]},"properties":{"USER_name1":"Momentum for Health","USER_name2":"Litteral House","USER_street1":"- - -","USER_city":"San Jose","USER_state":"CA","USER_zip":"95112","USER_phone":"408-510-7080","USER_service_code_info":"MH * RES * RTCA * ANTPYCH * CBT GT IPT TELE * CIT * PVTN * CLF MC MD PI * SE TRMA PTSD SMI * STU * SMPD * YAD ADLT SNR * SP * VPPD * FPSY PRS CM IPC SPS"}},{"type":"Feature","geometry":{"type":"Point","coordinates":[-121.9157022,37.3270026000001]},"properties":{"USER_name1":"Momentum for Health","USER_name2":"SART","USER_street1":"- - -","USER_city":"San Jose","USER_state":"CA","USER_zip":"95126","USER_phone":"408-510-7080","USER_service_code_info":"MH SUMH * RES * RTCA * ANTPYCH * CBT GT TELE AIM * CIT * PVTN * CLF MC MD * SE TRMA PTSD SMI * STU * SMPD * YAD ADLT SNR * SP * VPPD * FPSY PRS CM IPC SPS"}},{"type":"Feature","geometry":{"type":"Point","coordinates":[-121.891671606,37.393152908]},"properties":{"USER_name1":"Starlight Community Services","USER_name2":"","USER_street1":"1885 Lundy Avenue","USER_city":"San Jose","USER_state":"CA","USER_zip":"95131","USER_phone":"408-284-9000","USER_service_code_info":"SA MH SUMH * OP * OMH * CBT CFT DBT GT IPT TELE * PVTP * MD SMHA * PA * TAY GL CO TRMA PTSD SED SMI * STU * PEER * SMPD * CHLD YAD * SP * VPPD * FPSY CM"}},{"type":"Feature","geometry":{"type":"Point","coordinates":[-117.662511,33.4994120000001]},"properties":{"USER_name1":"California Care Detox and Treatment","USER_name2":"Mental Health RTC","USER_street1":"- - -","USER_city":"San Juan Capistrano","USER_state":"CA","USER_zip":"92675","USER_phone":"949-619-6561","USER_service_code_info":"MH SUMH * PHDT RES * RTCA * AT CBT CFT DBT GT IDD IPT TELE * PVTP * MI PI SF * SS * TAY SE GL VET ADM MF CJ CO TRMA PED PTSD * SMPD * YAD ADLT SNR * VAPP * DEC ICM CM"}},{"type":"Feature","geometry":{"type":"Point","coordinates":[-117.662511,33.4994120000001]},"properties":{"USER_name1":"First Light Recovery","USER_name2":"","USER_street1":"- - -","USER_city":"San Juan Capistrano","USER_state":"CA","USER_zip":"92675","USER_phone":"949-326-3658","USER_service_code_info":"MH * RES * RTCA * ANTPYCH * AT CBT CFT DBT GT IPT TELE * PVTP * PI SF * TAY GL TRMA PTSD SMI * SMPD * YAD ADLT * VPPD * ACT FPSY ICM PRS VRS CM ES"}},{"type":"Feature","geometry":{"type":"Point","coordinates":[-117.662511,33.4994120000001]},"properties":{"USER_name1":"First Light Recovery","USER_name2":"","USER_street1":"- - -","USER_city":"San Juan Capistrano","USER_state":"CA","USER_zip":"92675","USER_phone":"949-326-3658","USER_service_code_info":"MH * RES * RTCA * ANTPYCH * AT CBT CFT DBT GT IPT TELE * PVTP * PI SF * TAY GL TRMA PTSD SMI * SMPD * YAD ADLT * VPPD * ACT FPSY ICM PRS VRS CM ES"}},{"type":"Feature","geometry":{"type":"Point","coordinates":[-121.904919372,37.363841183]},"properties":{"USER_name1":"Pacific Clinics","USER_name2":"","USER_street1":"232 East Gish Road","USER_city":"San Jose","USER_state":"CA","USER_zip":"95112","USER_phone":"408-379-3790","USER_service_code_info":"SA MH SUMH * OP * OMH * AT CBT CFT DBT GT IDD IPT TELE * CIT PEOFF * PVTN * CLF CMHG MC MD SCJJ SI SMHA SWFS * TAY GL CJ CO DV TRMA PED PEFP PTSD SED SMI * HS PEER * SMPD * CHLD YAD * SP FX * F17 F25 F28 F36 F47 F67 F70 F81 F92 * VAPN * ACT COOT FPSY ICM IMR PRS SEMP SH VRS CM IPC ES"}},{"type":"Feature","geometry":{"type":"Point","coordinates":[-117.666328818,33.525914696]},"properties":{"USER_name1":"Sheer Recovery","USER_name2":"","USER_street1":"26572 Royale Drive","USER_city":"San Juan Capistrano","USER_state":"CA","USER_zip":"92675","USER_phone":"949-529-5945","USER_service_code_info":"SA MH SUMH * RES * RTCA * CHLOR HALOP LOXAP PERPH PIMOZ PROCH THIOT THIOR TRIFL ARIPI ASENA BREXP CARIP CLOZA ILOPE LURAS OLANZ OLANZF PALIP QUETI RISPE ZIPRA NRT NSC ANTPYCH * AT CBT CFT DBT GT IDD IPT * CIT * PVTP * PI SF SI * TAY SE GL VET ADM CJ CO HV DV TRMA TBI PTSD SMI * STU * MST LABT * HS PEER * TCC * SMPD * YAD ADLT SNR * SP * VPPD * ACT CDM COOT DEC FPSY ICM IMR PRS SH VRS CM IPC SPS ES"}},{"type":"Feature","geometry":{"type":"Point","coordinates":[-117.65044947,33.5094920330001]},"properties":{"USER_name1":"Sheer Recovery","USER_name2":"","USER_street1":"31222 Belford Drive","USER_city":"San Juan Capistrano","USER_state":"CA","USER_zip":"92675","USER_phone":"888-979-7703","USER_service_code_info":"SA MH SUMH * RES * RTCA * CHLOR HALOP LOXAP PERPH PIMOZ PROCH THIOT THIOR TRIFL ARIPI ASENA BREXP CARIP CLOZA ILOPE LURAS OLANZ OLANZF PALIP QUETI RISPE ZIPRA NRT NSC ANTPYCH * AT CBT CFT DBT GT IDD IPT * CIT * PVTP * PI SF SI * TAY SE GL VET ADM CJ CO HV DV TRMA TBI PTSD SMI * STU * MST LABT * HS PEER * TCC * SMPD * YAD ADLT SNR * SP * VPPD * ACT CDM COOT DEC FPSY ICM IMR PRS SH VRS CM IPC SPS ES"}},{"type":"Feature","geometry":{"type":"Point","coordinates":[-117.656629029,33.500176009]},"properties":{"USER_name1":"Sheer Recovery","USER_name2":"","USER_street1":"27130A Paseo Espada","USER_city":"San Juan Capistrano","USER_state":"CA","USER_zip":"92675","USER_phone":"888-979-7703","USER_service_code_info":"SA MH SUMH * RES * RTCA * CHLOR HALOP LOXAP PERPH PIMOZ PROCH THIOT THIOR TRIFL ARIPI ASENA BREXP CARIP CLOZA ILOPE LURAS OLANZ OLANZF PALIP QUETI RISPE ZIPRA NRT NSC ANTPYCH * AT CBT CFT DBT GT IDD IPT * CIT * PVTP * PI SF SI * TAY SE GL VET ADM CJ CO HV DV TRMA TBI PTSD SMI * STU * MST LABT * HS PEER * TCC * SMPD * YAD ADLT SNR * SP * VPPD * ACT CDM COOT DEC FPSY ICM IMR PRS SH VRS CM IPC SPS ES"}},{"type":"Feature","geometry":{"type":"Point","coordinates":[-122.151925509,37.7262045200001]},"properties":{"USER_name1":"Stars Community Services","USER_name2":"","USER_street1":"400 Estudillo Avenue","USER_city":"San Leandro","USER_state":"CA","USER_zip":"94577","USER_phone":"510-352-9200","USER_service_code_info":"MH SUMH * OP * OMH * ARIPI CLOZA ILOPE LURAS OLANZ QUETI RISPE ANTPYCH * AT CBT CFT GT IPT TELE * PEOFF * PVTP * FQHC * CLF MC MD SI SMHA * PA * TAY GL CO TRMA PED PTSD SED SMI * STU * PEER * TCC * SMPD * CHLD YAD * SP * VPPD * FPSY ICM PRS SEMP VRS CM"}},{"type":"Feature","geometry":{"type":"Point","coordinates":[-122.141982392,37.7142278700001]},"properties":{"USER_name1":"Felton Institute","USER_name2":"Deaf Community Counseling Servs (DCCS)","USER_street1":"13847 East 14th Street","USER_city":"San Leandro","USER_state":"CA","USER_zip":"94578","USER_phone":"415-255-5849","USER_service_code_info":"MH SUMH * OP * CMHC * HALOP PERPH ARIPI CLOZA OLANZ PALIP QUETI RISPE ANTPYCH * AT CBT CFT GT IPT TELE * PVTN * MC MD PI SEF SF SWFS * PA SS * STU * HS PEER * SMON * CHLD YAD ADLT SNR * AH * VAPN * FPSY ICM PRS SEMP VRS CM SPS"}},{"type":"Feature","geometry":{"type":"Point","coordinates":[-120.641052844,35.2422319980001]},"properties":{"USER_name1":"Aspire Counseling Services","USER_name2":"","USER_street1":"865 Aerovista Place","USER_city":"San Luis Obispo","USER_state":"CA","USER_zip":"93401","USER_phone":"888-585-7373","USER_service_code_info":"SA MH SUMH * OP PHDT * OMH * AT CBT CFT DBT GT IDD IPT TELE * PVTP * MC MI PI SF SI * TAY SE GL VET ADM MF CJ CO HV TRMA PTSD SED SMI * STU * TCC * SMPD * CHLD YAD ADLT SNR * VPPD * COOT FPSY CM SPS"}},{"type":"Feature","geometry":{"type":"Point","coordinates":[-120.68610373,35.2534898160001]},"properties":{"USER_name1":"San Luis Obispo County Mental Health","USER_name2":"Youth Services","USER_street1":"1989 Vicente Street","USER_city":"San Luis Obispo","USER_state":"CA","USER_zip":"93405","USER_phone":"805-781-4179","USER_service_code_info":"MH SUMH * OP * CMHC * NRT ANTPYCH * CBT CFT GT IDD IPT TELE * CIT PEOFF WI * LCCG * CMHG MC MD PI SF SMHA * PA SS * TAY GL TRMA SED * SMON * CHLD YAD * AH SP * VAPN * ICM IMR PRS VRS CM SPS"}},{"type":"Feature","geometry":{"type":"Point","coordinates":[-122.326004897,37.565596149]},"properties":{"USER_name1":"Mills Peninsula Health Services","USER_name2":"Behavioral Health Department","USER_street1":"100 South San Mateo Drive","USER_city":"San Mateo","USER_state":"CA","USER_zip":"94401","USER_phone":"650-696-4690","USER_service_code_info":"SA MH SUMH * HI OP PHDT * IPSY * NSC ANTPYCH * AT CBT DBT ECT GT IDD IPT * PVTN * MC MD MI PI SF * TAY SE CO * STU * TCC * SMON * CHLD YAD ADLT SNR * AH * VAPN * SPS"}},{"type":"Feature","geometry":{"type":"Point","coordinates":[-122.319071974,37.5563709850001]},"properties":{"USER_name1":"Felton Institute","USER_name2":"reMIND and BEAM San Mateo","USER_street1":"1108 South El Camino Real","USER_city":"San Mateo","USER_state":"CA","USER_zip":"94402","USER_phone":"650-458-0026","USER_service_code_info":"MH SUMH * OP * CMHC * HALOP PERPH ARIPI CLOZA OLANZ PALIP QUETI RISPE ANTPYCH * AT CBT CFT DBT GT IPT TELE * CIT * PVTN * CMHG MC MD OSF PI SI SMHA * PEFP * STU * HS PEER * SMON * CHLD YAD ADLT * SP FX * F17 * VAPN * FPSY ICM PRS SEMP VRS CM SPS"}},{"type":"Feature","geometry":{"type":"Point","coordinates":[-118.282416974,33.7389970080001]},"properties":{"USER_name1":"Guidance Center","USER_name2":"San Pedro","USER_street1":"222 West 6th Street","USER_city":"San Pedro","USER_state":"CA","USER_zip":"90731","USER_phone":"310-833-3135","USER_service_code_info":"MH * OP * CMHC * ANTPYCH * AT CBT CFT DBT GT IPT TELE * PVTN * CLF MC SEF SF SMHA SWFS * TAY GL TRMA PTSD SED * PEER * SMPD * CHLD YAD ADLT * SP * VAPP * CDM COOT FPSY ICM CM"}},{"type":"Feature","geometry":{"type":"Point","coordinates":[-118.307115845,33.7381677440001]},"properties":{"USER_name1":"Coastwise Recovery Center","USER_name2":"","USER_street1":"1366 West 7th Street","USER_city":"San Pedro","USER_state":"CA","USER_zip":"90732","USER_phone":"424-536-3002","USER_service_code_info":"SA MH SUMH * OP PHDT * PH * ANTPYCH * AT CBT CFT DBT EMDR GT IDD IPT * PVTP * PI SF * LABT * PEER * SMPD * ADLT SNR * VPPD * AOT FPSY PRS CM ES"}},{"type":"Feature","geometry":{"type":"Point","coordinates":[-118.303602738,33.738205169]},"properties":{"USER_name1":"Providence LCM Medical Ctr San Pedro","USER_name2":"Bridges","USER_street1":"1300 West 7th Street","USER_city":"San Pedro","USER_state":"CA","USER_zip":"90732","USER_phone":"251-895-3122","USER_service_code_info":"MH SUMH * HI OP * OMH * CHLOR DROPE FLUPH HALOP LOXAP PERPH PIMOZ PROCH THIOT THIOR TRIFL ARIPI CLOZA ILOPE OLANZ OLANZF PALIP QUETI RISPE ZIPRA NRT NSC ANTPYCH * AT CBT GT IPT * CIT PEON PEOFF WI * PVTN * FQHC * CLF CMHG CSBG ITU MC MD MI OSF PI SCJJ SEF SF SI SMHA SWFS VAF * TAY SE GL VET ADM MF CJ CO HV DV TRMA TBI PED PEFP PTSD SMI * STU * HIVT * HS * TCC * SMON * YAD ADLT SNR * AH * VAPN * COOT DEC FPSY ICM PRS SH CM SPS"}},{"type":"Feature","geometry":{"type":"Point","coordinates":[-122.501623203,37.9603439750001]},"properties":{"USER_name1":"Behavioral Health and Recovery Service","USER_name2":"Childrens Mental Health Services","USER_street1":"3230 Kerner Boulevard","USER_city":"San Rafael","USER_state":"CA","USER_zip":"94901","USER_phone":"415-473-6724","USER_service_code_info":"MH SUMH * OP * CMHC * CBT CFT GT IDD IPT TELE * CIT PEOFF * LCCG * CLF CMHG MD OSF SCJJ SF SI SMHA SWFS * TAY GL CJ CO TRMA PED SED SMI * STU * PEER * SMON * CHLD YAD * AH SP FX * F25 F28 * VAPN * ACT FPSY ICM PRS TPC CM SPS"}},{"type":"Feature","geometry":{"type":"Point","coordinates":[-122.523347168,37.973580886]},"properties":{"USER_name1":"Newport Academy","USER_name2":"","USER_street1":"1104 Lincoln Avenue","USER_city":"San Rafael","USER_state":"CA","USER_zip":"94901","USER_phone":"877-820-6371","USER_service_code_info":"SA MH SUMH * OP PHDT RES * RTCC * AT CBT CFT DBT GT IDD IPT TELE * PVTP * CMHG CSBG PI SF * GL CO TRMA SED * SMON * CHLD * VAPN * DEC FPSY PRS SEMP CM IPC SPS ES"}},{"type":"Feature","geometry":{"type":"Point","coordinates":[-122.580875196,38.0298911]},"properties":{"USER_name1":"Newport Academy","USER_name2":"","USER_street1":"5 Maoli Drive","USER_city":"San Rafael","USER_state":"CA","USER_zip":"94903","USER_phone":"877-820-6371","USER_service_code_info":"SA MH SUMH * OP PHDT RES * RTCC * AT CBT CFT DBT GT IDD IPT TELE * PVTP * CMHG CSBG PI SF * GL CO TRMA SED * SMON * CHLD * VAPN * DEC FPSY PRS SEMP CM IPC SPS ES"}},{"type":"Feature","geometry":{"type":"Point","coordinates":[-122.50736137,37.9737100090001]},"properties":{"USER_name1":"Paradigm Treatment Centers","USER_name2":"Paradigm San Francisco Seaview","USER_street1":"71 West Seaview Avenue","USER_city":"San Rafael","USER_state":"CA","USER_zip":"94901","USER_phone":"877-469-2054","USER_service_code_info":"SA MH SUMH * RES * RTCC * AT CBT CFT DBT EMDR GT IDD IPT TELE * PVTP * PI SF * GL CO TRMA PTSD SED * STU * TBS * TCC * SMON * CHLD * VAPN * DEC FPSY CM SPS ES"}},{"type":"Feature","geometry":{"type":"Point","coordinates":[-122.497224632,37.98061238]},"properties":{"USER_name1":"Newport Institute","USER_name2":"","USER_street1":"285 Margarita Drive","USER_city":"San Rafael","USER_state":"CA","USER_zip":"94901","USER_phone":"855-272-7451","USER_service_code_info":"SA MH SUMH * OP PHDT RES * RTCA * AT CBT CFT DBT GT IDD IPT TELE * PVTP * PI SF * TAY GL CO TRMA PTSD * SMON * YAD ADLT * VAPN * DEC FPSY PRS VRS CM IPC ES"}},{"type":"Feature","geometry":{"type":"Point","coordinates":[-122.517194097,37.9701835330001]},"properties":{"USER_name1":"Felton Institute","USER_name2":"reMIND Marin","USER_street1":"361 3rd Street","USER_city":"San Rafael","USER_state":"CA","USER_zip":"94901","USER_phone":"415-747-8178","USER_service_code_info":"MH * OP * CMHC * ANTPYCH * AT CBT CFT GT IPT TELE * CIT PEOFF * PVTN * CMHG MC MD SMHA * PEFP * STU * HS PEER * TCC * SMON * CHLD YAD ADLT * SP * VAPN * DEC FPSY ICM PRS SEMP VRS CM SPS"}},{"type":"Feature","geometry":{"type":"Point","coordinates":[-122.483760529,37.977316951]},"properties":{"USER_name1":"Paradigm Treatment Centers","USER_name2":"Paradigm San Francisco Terrace","USER_street1":"53 Dunfries Terrace","USER_city":"San Rafael","USER_state":"CA","USER_zip":"94901","USER_phone":"888-220-3466","USER_service_code_info":"SA MH SUMH * RES * RTCC * AT CBT CFT DBT EMDR GT IDD IPT TELE * PVTP * PI SF * GL CO TRMA PTSD SED * STU * TBS * TCC * SMON * CHLD * VAPN * DEC FPSY CM SPS ES"}},{"type":"Feature","geometry":{"type":"Point","coordinates":[-122.490761179,37.97616356]},"properties":{"USER_name1":"Paradigm Treatment Centers","USER_name2":"Paradigm San Francisco Young Adult","USER_street1":"46 Arguello Circle","USER_city":"San Rafael","USER_state":"CA","USER_zip":"94901","USER_phone":"877-469-2054","USER_service_code_info":"SA MH SUMH * RES * RTCA * AT CBT CFT DBT EMDR GT IDD IPT TELE * PVTP * PI SF * TAY GL CO DV TRMA PTSD * PEER * SMON * YAD ADLT * VAPN * DEC FPSY PRS CM SPS ES"}},{"type":"Feature","geometry":{"type":"Point","coordinates":[-122.581109378,38.0290903750001]},"properties":{"USER_name1":"Newport Academy","USER_name2":"","USER_street1":"1605 Lucas Valley Road","USER_city":"San Rafael","USER_state":"CA","USER_zip":"94903","USER_phone":"877-820-6371","USER_service_code_info":"SA MH SUMH * OP PHDT RES * RTCC * AT CBT CFT DBT GT IDD IPT TELE * PVTP * PI SF * GL CO TRMA PTSD SED * SMON * CHLD * VAPN * DEC FPSY PRS VRS CM IPC ES"}},{"type":"Feature","geometry":{"type":"Point","coordinates":[-122.5446594,38.0106108000001]},"properties":{"USER_name1":"Residential Support Services","USER_name2":"","USER_street1":"- - -","USER_city":"San Rafael","USER_state":"CA","USER_zip":"94903","USER_phone":"415-457-6966","USER_service_code_info":"MH SUMH * RES * RTCA * CHLOR FLUPH HALOP LOXAP PERPH PIMOZ PROCH THIOT THIOR TRIFL ARIPI CLOZA ILOPE OLANZ OLANZF PALIP QUETI RISPE NRT NSC ANTPYCH * AT * PVTN * FQHC * CMHG CSBG MC MD SF * TAY SE GL VET ADM CJ CO TBI PED SMI * STU * HS PEER * TCC * SMPD * YAD ADLT SNR * AH SP FX * F17 F81 * VPPD * ACT CDM COOT DEC FPSY ICM PRS SEMP SH VRS CM IPC SPS"}},{"type":"Feature","geometry":{"type":"Point","coordinates":[-117.839889032,33.75051655]},"properties":{"USER_name1":"Child Guidance Center Inc","USER_name2":"","USER_street1":"525 Cabrillo Park Drive","USER_city":"Santa Ana","USER_state":"CA","USER_zip":"92701","USER_phone":"714-953-4455","USER_service_code_info":"MH SUMH * OP * OMH * ANTPYCH * CBT CFT GT IDD IPT TELE AIM * CIT * PVTN * CLF CMHG CSBG MD SF SMHA * SS * TAY GL VET ADM MF CO TRMA PED PTSD SED * PEER * SMPD * CHLD YAD * AH SP FX * F28 F47 F92 * VPPD * FPSY ICM CM SPS"}},{"type":"Feature","geometry":{"type":"Point","coordinates":[-117.903812359,33.713038673]},"properties":{"USER_name1":"DAmore Healthcare","USER_name2":"Deegan","USER_street1":"2534 South Deegan Drive","USER_city":"Santa Ana","USER_state":"CA","USER_zip":"92704","USER_phone":"714-375-1110","USER_service_code_info":"SA MH * RES * RTCA * ARIPI ASENA BREXP CARIP CLOZA ILOPE LURAS OLANZ OLANZF PALIP QUETI RISPE ZIPRA ANTPYCH * AT CBT CFT DBT GT IDD IPT KIT * PVTP * PI SF * CO SMI * TBS MST LABT * SMPD * YAD ADLT SNR * VPPD * DEC FPSY CM SPS"}},{"type":"Feature","geometry":{"type":"Point","coordinates":[-117.890790989,33.70861747]},"properties":{"USER_name1":"DAmore Healthcare","USER_name2":"Rene","USER_street1":"2902 South Rene Drive","USER_city":"Santa Ana","USER_state":"CA","USER_zip":"92704","USER_phone":"714-375-1110","USER_service_code_info":"SA MH * RES * RTCA * ARIPI ASENA BREXP CARIP CLOZA ILOPE LURAS OLANZ OLANZF PALIP QUETI RISPE ZIPRA ANTPYCH * AT CBT CFT DBT GT IDD IPT KIT * PVTP * PI SF * CO SMI * TBS MST LABT * SMPD * YAD ADLT SNR * VPPD * DEC FPSY CM SPS"}},{"type":"Feature","geometry":{"type":"Point","coordinates":[-117.775338151,33.7803265800001]},"properties":{"USER_name1":"Newport Institute","USER_name2":"","USER_street1":"10022 Miramar Circle","USER_city":"Santa Ana","USER_state":"CA","USER_zip":"92705","USER_phone":"855-272-7451","USER_service_code_info":"SA MH SUMH * OP PHDT RES * RTCA * CBT CFT DBT GT IDD IPT TELE * PVTP * PI SF * TAY GL CO TRMA * SMON * YAD * VAPN * DEC FPSY PRS IPC ES"}},{"type":"Feature","geometry":{"type":"Point","coordinates":[-117.870919676,33.752301561]},"properties":{"USER_name1":"County of Orange Healthcare Agency","USER_name2":"Adult/Older Adult Behavioral Health","USER_street1":"401 West Civic Center Drive","USER_city":"Santa Ana","USER_state":"CA","USER_zip":"92701","USER_phone":"714-480-6767","USER_service_code_info":"SA MH SUMH * OP * OMH * HALOP ANTPYCH * AT CBT EMDR GT IDD IPT TELE * CIT PEON PEOFF WI * LCCG * FQHC * CLF CMHG CSBG MC MD SF * SS * CO SMI * STU * PEER * TCC * SMOP * YAD ADLT SNR * AH SP * VAPP * DEC FPSY IMR PRS CM SPS"}},{"type":"Feature","geometry":{"type":"Point","coordinates":[-117.838571145,33.747860786]},"properties":{"USER_name1":"Didi Hirsch Mental Health Services","USER_name2":"","USER_street1":"2000 East 4th Street","USER_city":"Santa Ana","USER_state":"CA","USER_zip":"92705","USER_phone":"714-547-0885","USER_service_code_info":"MH * OP * CMHC * CBT CFT GT IPT TELE * MHC * PA * SMPD * CHLD YAD ADLT SNR * SP * VPPD * CM SPS"}},{"type":"Feature","geometry":{"type":"Point","coordinates":[-117.771351048,33.7793590570001]},"properties":{"USER_name1":"Newport Academy","USER_name2":"","USER_street1":"9951 Highcliff Drive","USER_city":"Santa Ana","USER_state":"CA","USER_zip":"92705","USER_phone":"877-820-6371","USER_service_code_info":"SA MH SUMH * OP PHDT RES * RTCC * AT CBT CFT DBT GT IDD IPT TELE * PVTP * CMHG CSBG PI SF * GL CO TRMA SED * SMON * CHLD * VAPN * DEC FPSY PRS SEMP CM IPC SPS ES"}},{"type":"Feature","geometry":{"type":"Point","coordinates":[-117.793702901,33.775422077]},"properties":{"USER_name1":"Newport Institute","USER_name2":"","USER_street1":"12822 Periwinkle Drive","USER_city":"Santa Ana","USER_state":"CA","USER_zip":"92705","USER_phone":"855-272-7451","USER_service_code_info":"SA MH SUMH * OP PHDT RES * RTCA * AT CBT CFT DBT GT IDD IPT TELE * PVTP * CMHG CSBG PI SF * TAY GL CO TRMA SMI * SMON * YAD ADLT * VAPN * DEC FPSY PRS SEMP CM IPC SPS ES"}},{"type":"Feature","geometry":{"type":"Point","coordinates":[-117.76656473,33.7781721370001]},"properties":{"USER_name1":"Newport Institute","USER_name2":"","USER_street1":"9881 Deerhaven Drive","USER_city":"Santa Ana","USER_state":"CA","USER_zip":"92705","USER_phone":"855-272-7451","USER_service_code_info":"SA MH SUMH * OP PHDT RES * RTCA * AT CBT CFT DBT GT IDD IPT TELE * PVTP * CMHG CSBG PI SF * TAY GL CO TRMA SMI * SMON * YAD ADLT * VAPN * DEC FPSY PRS SEMP CM IPC SPS ES"}},{"type":"Feature","geometry":{"type":"Point","coordinates":[-117.847930127,33.713244113]},"properties":{"USER_name1":"Norooz Clinic Foundation","USER_name2":"","USER_street1":"1560 Brookhollow Drive","USER_city":"Santa Ana","USER_state":"CA","USER_zip":"92705","USER_phone":"714-386-9171","USER_service_code_info":"SA MH * OP * CMHC * AT CBT CFT DBT EMDR GT IDD IPT TELE * PVTN * CLF PI SF SMHA * PA SS * TAY SE GL VET ADM MF CJ CO HV DV TRMA PTSD * PEER * SMON * CHLD YAD ADLT SNR * SP FX * F25 F81 * VAPN * ACT DEC FPSY PRS CM SPS ES"}},{"type":"Feature","geometry":{"type":"Point","coordinates":[-117.870442913,33.703600524]},"properties":{"USER_name1":"Nsight Residential Mental Health","USER_name2":"Nsight Mental Health and Wellness","USER_street1":"206 West Sierra Drive","USER_city":"Santa Ana","USER_state":"CA","USER_zip":"92707","USER_phone":"949-629-3730","USER_service_code_info":"SA MH SUMH * RES * HALOP LOXAP PERPH PROCH ARIPI ASENA BREXP CARIP LURAS OLANZ OLANZF QUETI RISPE ZIPRA NRT NSC ANTPYCH * AT CBT CFT DBT EMDR GT IDD IPT KIT TMS TELE * PVTP * ITU MI PI SF * SS * TAY SE ADM MF CJ CO DV TRMA PED PTSD SMI * STU * TBS * PEER * TCC * SMPD * YAD ADLT SNR * SP * VPPD * AOT COOT DEC FPSY ICM LAD PRS SH CM SPS"}},{"type":"Feature","geometry":{"type":"Point","coordinates":[-117.906392,33.719502]},"properties":{"USER_name1":"South Coast Global Medical Center","USER_name2":"Golden Years","USER_street1":"- - -","USER_city":"Santa Ana","USER_state":"CA","USER_zip":"92704","USER_phone":"714-754-5454 x1224","USER_service_code_info":"MH * HI * IPSY * CHLOR HALOP ARIPI CLOZA OLANZ PALIP QUETI RISPE ZIPRA ANTPYCH * AT GT AIM * WI * PVTP * MC MD PI SI SMHA * SE ALZ * STU * TCC * SMON * YAD ADLT SNR * VAPN * DEC CM SPS ES"}},{"type":"Feature","geometry":{"type":"Point","coordinates":[-119.776684052,34.4424005660001]},"properties":{"USER_name1":"SB Adult Mental Health Services","USER_name2":"","USER_street1":"4444 Calle Real","USER_city":"Santa Barbara","USER_state":"CA","USER_zip":"93110","USER_phone":"805-681-5190","USER_service_code_info":"MH SUMH * OP * OMH * ANTPYCH * AT CBT CFT DBT GT IDD IPT TELE * CIT WI * LCCG * CLF MC MD PI SF * SE GL VET CJ CO TRMA TBI PTSD SMI * STU * PEER * SMON * YAD ADLT SNR * AH SP * VAPN * FPSY ICM PRS SH VRS CM SPS"}},{"type":"Feature","geometry":{"type":"Point","coordinates":[-117.866929051,33.7723517850001]},"properties":{"USER_name1":"Sensible Care","USER_name2":"","USER_street1":"2677 North Main Street","USER_city":"Santa Ana","USER_state":"CA","USER_zip":"92705","USER_phone":"714-274-7577","USER_service_code_info":"MH * OP * OMH * CHLOR FLUPH HALOP LOXAP PERPH PIMOZ PROCH THIOT THIOR TRIFL ARIPI ASENA BREXP CARIP CLOZA ILOPE OLANZ OLANZF PALIP QUETI RISPE ANTPYCH * CBT CRT CFT DBT EMDR GT IPT KIT TMS TELE * PVTP * MI PI SF * TAY SE GL VET ADM MF CJ HV DV TRMA TBI PED PTSD * SMON * CHLD YAD ADLT SNR * SP FX * F81 * VAPN"}},{"type":"Feature","geometry":{"type":"Point","coordinates":[-119.781812179,34.444051851]},"properties":{"USER_name1":"Santa Barbara County","USER_name2":"Child and Family MH Servs","USER_street1":"429 North San Antonio Road","USER_city":"Santa Barbara","USER_state":"CA","USER_zip":"93110","USER_phone":"805-884-1600","USER_service_code_info":"MH SUMH * OP * OMH * ANTPYCH * AT CBT CFT DBT GT IDD IPT TELE * CIT WI * LCCG * CLF MC MD PI SF SI SMHA SWFS * TAY GL TRMA PTSD SED * STU * PEER * SMON * CHLD YAD * AH SP * VAPN * COOT FPSY ICM PRS TPC VRS CM SPS ES"}},{"type":"Feature","geometry":{"type":"Point","coordinates":[-119.780670013,34.4443779970001]},"properties":{"USER_name1":"Behavioral Wellness","USER_name2":"South County Crisis Services","USER_street1":"315 Camino del Remedio","USER_city":"Santa Barbara","USER_state":"CA","USER_zip":"93105","USER_phone":"805-884-6850","USER_service_code_info":"MH SUMH * OP * OMH * ANTPYCH * CBT DBT IDD IPT TELE * CIT PEON PEOFF WI * LCCG * CLF MC MD PI SF SMHA * CO SMI * STU * PEER * TCC * SMON * CHLD YAD ADLT SNR * AH SP * VAPN * FPSY ICM PRS CM SPS"}},{"type":"Feature","geometry":{"type":"Point","coordinates":[-118.507270328,34.4090538070001]},"properties":{"USER_name1":"Insight Treatment Programs ","USER_name2":"","USER_street1":"26330 Diamond Place","USER_city":"Santa Clarita","USER_state":"CA","USER_zip":"91350","USER_phone":"818-501-3512","USER_service_code_info":"SA MH SUMH * OP PHDT * AT CBT CFT DBT GT IDD IPT TELE * CIT * PVTP * PI SF * SS * CO * STU * PEER * TCC * SMON * CHLD * VAPN"}},{"type":"Feature","geometry":{"type":"Point","coordinates":[-121.99185,36.9748250000001]},"properties":{"USER_name1":"El Dorado Center","USER_name2":"","USER_street1":"- - -","USER_city":"Santa Cruz","USER_state":"CA","USER_zip":"95062","USER_phone":"831-479-9494","USER_service_code_info":"SA MH SUMH * RES * RTCA * HALOP ARIPI CLOZA OLANZ QUETI RISPE ANTPYCH * AT CBT DBT GT IDD IPT TELE * PVTN * CLF MC OSF * CO TRMA PTSD * PEER * SMPD * YAD ADLT SNR * SP * VPPD * COOT PRS"}},{"type":"Feature","geometry":{"type":"Point","coordinates":[-118.503857133,34.411542436]},"properties":{"USER_name1":"Aspire Counseling Services","USER_name2":"Santa Clarita","USER_street1":"21080 Centre Pointe Parkway","USER_city":"Santa Clarita","USER_state":"CA","USER_zip":"91350","USER_phone":"888-585-7373","USER_service_code_info":"SA MH SUMH * OP PHDT * OMH * AT CBT CFT DBT GT IDD IPT TELE * PVTP * MC MI PI SF SI * TAY SE GL VET ADM MF CJ CO HV TRMA PTSD SED SMI * STU * TCC * SMPD * CHLD YAD ADLT SNR * VPPD * COOT FPSY CM SPS"}},{"type":"Feature","geometry":{"type":"Point","coordinates":[-118.513720035,34.41283501]},"properties":{"USER_name1":"Child and Family Center","USER_name2":"","USER_street1":"21545 Centre Pointe Parkway","USER_city":"Santa Clarita","USER_state":"CA","USER_zip":"91350","USER_phone":"661-259-9439","USER_service_code_info":"SA MH SUMH * OP * OMH * AT CBT CFT GT IDD IPT TELE * CIT * PVTN * CLF MC MD OSF SMHA SWFS * CO TRMA * STU * SMPD * CHLD YAD ADLT * AH SP FX * F70 * VPPD * COOT FPSY LAD PRS CM SPS"}},{"type":"Feature","geometry":{"type":"Point","coordinates":[-118.082500034,33.947180013]},"properties":{"USER_name1":"Pacific Clinics","USER_name2":"Child and Tay FSP and CCSP Programs","USER_street1":"11731 Telegraph Road","USER_city":"Santa Fe Springs","USER_state":"CA","USER_zip":"90670","USER_phone":"562-942-8256","USER_service_code_info":"SA MH SUMH * OP * OMH * ANTPYCH * CBT CFT GT IDD IPT TELE * CIT * PVTN * CLF MC OSF SI SMHA * PA * TAY GL CO TRMA PTSD SED SMI * STU * LABT * HS PEER * TCC * SMPD * CHLD YAD * AH SP * VPPD * FPSY ICM PRS SEMP SH TPC VRS CM IPC SPS ES"}},{"type":"Feature","geometry":{"type":"Point","coordinates":[-120.440213362,34.88350158]},"properties":{"USER_name1":"Childrens Mental Health Services","USER_name2":"","USER_street1":"500 West Foster Road","USER_city":"Santa Maria","USER_state":"CA","USER_zip":"93455","USER_phone":"805-934-6385","USER_service_code_info":"MH SUMH * OP * OMH * ANTPYCH * AT CBT CFT DBT GT IDD IPT TELE * CIT WI * LCCG * CLF CMHG MD PI SF * TAY GL TRMA PTSD SED * STU * HS PEER * SMON * CHLD YAD * AH SP * VAPN * COOT DEC FPSY ICM PRS SH TPC VRS CM SPS"}},{"type":"Feature","geometry":{"type":"Point","coordinates":[-120.424465975,34.9546965100001]},"properties":{"USER_name1":"Road to Recover Shelter and","USER_name2":"Navigation Center","USER_street1":"801 East Chapel Street","USER_city":"Santa Maria","USER_state":"CA","USER_zip":"93454","USER_phone":"805-332-4568","USER_service_code_info":"SA MH SUMH * OP * OMH * NRT NSC ANTPYCH * AT CBT CFT DBT GT IDD IPT TELE * PVTN * MHC * MC MD MI PI SF SI * TAY SE GL VET CO HV DV PTSD SMI * STU * HIVT STDT TBS MST HBT HCT LABT * HS PEER * TCC * SMPD * CHLD YAD ADLT SNR * AH SP FX * F25 * VPPD * CDM COOT DEC FPSY ICM PRS VRS CM IPC ES"}},{"type":"Feature","geometry":{"type":"Point","coordinates":[-120.440213362,34.88350158]},"properties":{"USER_name1":"SM Adult Mental Health Services","USER_name2":"","USER_street1":"500 West Foster Road","USER_city":"Santa Maria","USER_state":"CA","USER_zip":"93455","USER_phone":"805-934-6380","USER_service_code_info":"MH SUMH * OP * OMH * ANTPYCH * AT CBT CFT DBT GT IDD IPT TELE * CIT WI * LCCG * CLF CMHG CSBG MC MD PI SF * SE GL VET CJ CO TRMA TBI PTSD SMI * STU * PEER * SMON * YAD ADLT SNR * AH SP * VAPN * FPSY ICM PRS VRS CM SPS"}},{"type":"Feature","geometry":{"type":"Point","coordinates":[-120.432511512,34.911590016]},"properties":{"USER_name1":"Casa Pacifica","USER_name2":"Community Based Services","USER_street1":"2615 South Miller Street","USER_city":"Santa Maria","USER_state":"CA","USER_zip":"93455","USER_phone":"805-319-7530","USER_service_code_info":"MH * OP * OMH * AT CBT CFT DBT GT IPT TELE * CIT PEON PEOFF * PVTN * CLF MD MI OSF PI SCJJ SEF SF SI SMHA SWFS * GL TRMA SED * SMON * CHLD YAD * AH SP * VAPN * FPSY ICM PRS CM SPS"}},{"type":"Feature","geometry":{"type":"Point","coordinates":[-120.437806864,34.924284576]},"properties":{"USER_name1":"Telecare Corporation","USER_name2":"Santa Maria ACT","USER_street1":"124 Carmen Lane","USER_city":"Santa Maria","USER_state":"CA","USER_zip":"93458","USER_phone":"805-348-1850","USER_service_code_info":"MH SUMH * OP * OMH * ANTPYCH * IPT TELE AIM * PVTP * MC MD * CO SMI * SMPD * YAD ADLT SNR * SP * VPPD * ACT COOT ICM PRS CM"}},{"type":"Feature","geometry":{"type":"Point","coordinates":[-118.483188282,34.031851401]},"properties":{"USER_name1":"Newport Academy","USER_name2":"","USER_street1":"2001 Wilshire Boulevard","USER_city":"Santa Monica","USER_state":"CA","USER_zip":"90403","USER_phone":"877-820-6371","USER_service_code_info":"SA MH SUMH * OP PHDT RES * RTCC * AT CBT CFT DBT GT IDD IPT TELE * PVTP * CMHG CSBG PI SF * GL CO TRMA SED * SMON * CHLD * VAPN * DEC FPSY PRS SEMP CM IPC SPS ES"}},{"type":"Feature","geometry":{"type":"Point","coordinates":[-119.065041393,34.3526774200001]},"properties":{"USER_name1":"Ventura County Behavioral Health Dept","USER_name2":"Santa Paula Adult Clinic","USER_street1":"725 East Main Street","USER_city":"Santa Paula","USER_state":"CA","USER_zip":"93060","USER_phone":"805-933-8430","USER_service_code_info":"SA MH SUMH * OP * OMH * HALOP CLOZA OLANZ RISPE ANTPYCH * AT CBT CFT DBT GT IDD IPT TELE * CIT PEON PEOFF WI * LCCG * CLF MC MD OSF PI SEF SF SI SMHA SWFS * PA * TAY GL CJ CO TRMA PED PTSD SED SMI * STU * LABT * TCC * SMON SMPD * CHLD YAD ADLT SNR * AH SP * VAPN VPPD * COOT FPSY ICM PRS SH TPC VRS CM IPC SPS"}},{"type":"Feature","geometry":{"type":"Point","coordinates":[-122.735729508,38.4495579860001]},"properties":{"USER_name1":"Siyan Clinical Corporation","USER_name2":"","USER_street1":"480 Tesconi Circle","USER_city":"Santa Rosa","USER_state":"CA","USER_zip":"95401","USER_phone":"707-206-7268","USER_service_code_info":"SA MH SUMH * OP * CBHC * ARIPI OLANZ QUETI RISPE ANTPYCH * CBT DBT GT IDD IPT TMS TELE * CIT PEOFF * PVTN * MC MD MI PI SF VAF * CO SED * STU * PEER * TCC * SMON * CHLD YAD ADLT SNR * SP * VAPN * CDM DEC FPSY ICM CM SPS"}},{"type":"Feature","geometry":{"type":"Point","coordinates":[-122.752086037,38.425413244]},"properties":{"USER_name1":"Sonoma County Behavioral Health","USER_name2":"Integrated Recovery Team/FSP","USER_street1":"2235 Challenger Way","USER_city":"Santa Rosa","USER_state":"CA","USER_zip":"95407","USER_phone":"707-565-4900","USER_service_code_info":"SA MH SUMH * OP * OMH * HALOP CLOZA ANTPYCH * CBT CFT GT IDD IPT TELE AIM * LCCG * MC MD * SE CO SMI * MST * SMPD * YAD ADLT SNR * AH SP * VPPD * COOT ICM CM"}},{"type":"Feature","geometry":{"type":"Point","coordinates":[-122.663760559,38.4414046160001]},"properties":{"USER_name1":"Social Advocates for Youth","USER_name2":"","USER_street1":"2447 Summerfield Road","USER_city":"Santa Rosa","USER_state":"CA","USER_zip":"95405","USER_phone":"707-544-3299","USER_service_code_info":"MH * OP * OMH * CBT CFT GT IPT TELE * PVTN * CLF MD OSF SWFS * TAY * HS * SMPD * CHLD YAD * AH SP * VPPD * FPSY PRS VRS CM"}},{"type":"Feature","geometry":{"type":"Point","coordinates":[-122.752086037,38.425413244]},"properties":{"USER_name1":"Sonoma County Behavioral Health","USER_name2":"Older Adult Team/FSP","USER_street1":"2235 Challenger Way","USER_city":"Santa Rosa","USER_state":"CA","USER_zip":"95407","USER_phone":"707-565-4900","USER_service_code_info":"SA MH SUMH * OP * OMH * HALOP CLOZA ANTPYCH * CBT CFT GT IDD IPT TELE AIM * LCCG * MC MD * SE CO * MST * SMPD * SNR * AH SP FX * F30 * VPPD * COOT ICM CM"}},{"type":"Feature","geometry":{"type":"Point","coordinates":[-118.4588499,34.1525972000001]},"properties":{"USER_name1":"Montare at the Valley 2","USER_name2":"","USER_street1":"- - -","USER_city":"Sherman Oaks","USER_state":"CA","USER_zip":"91403","USER_phone":"888-292-0870","USER_service_code_info":"MH SUMH * RES * RTCA * ANTPYCH * AT CBT CRT CFT DBT EMDR GT IDD IPT KIT TMS TELE * CIT * PVTP * MI PI SF * GL VET CO TRMA PEFP PTSD SMI * SMPD * YAD ADLT SNR * VPPD * FPSY IMR PRS CM"}},{"type":"Feature","geometry":{"type":"Point","coordinates":[-118.4588499,34.1525972000001]},"properties":{"USER_name1":"Montare at the Valley 2","USER_name2":"","USER_street1":"- - -","USER_city":"Sherman Oaks","USER_state":"CA","USER_zip":"91403","USER_phone":"888-292-0870","USER_service_code_info":"MH SUMH * RES * RTCA * ANTPYCH * AT CBT CRT CFT DBT EMDR GT IDD IPT KIT TMS TELE * CIT * PVTP * MI PI SF * GL VET CO TRMA PEFP PTSD SMI * SMPD * YAD ADLT SNR * VPPD * FPSY IMR PRS CM"}},{"type":"Feature","geometry":{"type":"Point","coordinates":[-118.4588499,34.1525972000001]},"properties":{"USER_name1":"Montare MHRC","USER_name2":"","USER_street1":"- - -","USER_city":"Sherman Oaks","USER_state":"CA","USER_zip":"91403","USER_phone":"888-292-0870","USER_service_code_info":"MH SUMH * RES * RTCA * ANTPYCH * AT CBT CRT CFT DBT EMDR GT IDD IPT KIT TMS TELE * CIT * PVTP * MI PI SF * GL VET CO TRMA PEFP PTSD SMI * SMPD * YAD ADLT SNR * VPPD * FPSY IMR PRS CM"}},{"type":"Feature","geometry":{"type":"Point","coordinates":[-118.4588499,34.1525972000001]},"properties":{"USER_name1":"Montare on the Hill","USER_name2":"","USER_street1":"- - -","USER_city":"Sherman Oaks","USER_state":"CA","USER_zip":"91403","USER_phone":"888-292-0870","USER_service_code_info":"MH SUMH * RES * RTCA * ANTPYCH * AT CBT CRT CFT DBT EMDR GT IDD IPT KIT TMS TELE * PVTP * MI PI SF * GL VET CO TRMA PEFP PTSD SMI * SMPD * YAD ADLT SNR * VPPD * FPSY IMR PRS CM"}},{"type":"Feature","geometry":{"type":"Point","coordinates":[-118.4312257,34.1522242]},"properties":{"USER_name1":"Montare Vista","USER_name2":"","USER_street1":"- - -","USER_city":"Sherman Oaks","USER_state":"CA","USER_zip":"91423","USER_phone":"888-292-0870","USER_service_code_info":"MH SUMH * RES * RTCA * ANTPYCH * AT CBT CRT CFT DBT EMDR GT IDD IPT KIT TMS TELE * CIT * PVTP * MI PI SF * GL VET CO TRMA PEFP PTSD SMI * SMPD * YAD ADLT SNR * VPPD * FPSY IMR PRS CM"}},{"type":"Feature","geometry":{"type":"Point","coordinates":[-120.972805974,38.604177571]},"properties":{"USER_name1":"Newport Institute","USER_name2":"","USER_street1":"4670 Montaire Drive","USER_city":"Shingle Springs","USER_state":"CA","USER_zip":"95682","USER_phone":"855-272-7451","USER_service_code_info":"SA MH SUMH * OP PHDT RES * RTCA * AT CBT CFT DBT EMDR GT IPT TELE * PVTP * PI SF * TAY GL CO PED * SMON * YAD ADLT * VAPN * FPSY CM IPC ES"}},{"type":"Feature","geometry":{"type":"Point","coordinates":[-118.709511235,34.2855004050001]},"properties":{"USER_name1":"Aspire Counseling Services","USER_name2":"","USER_street1":"2775 Tapo Street","USER_city":"Simi Valley","USER_state":"CA","USER_zip":"93063","USER_phone":"888-585-7373","USER_service_code_info":"SA MH SUMH * OP PHDT * OMH * AT CBT CFT DBT GT IDD IPT TELE * PVTP * MC MI PI SF SI * TAY SE GL VET ADM MF CJ CO HV TRMA PTSD SED SMI * STU * TCC * SMPD * CHLD YAD ADLT SNR * VPPD * COOT FPSY CM SPS"}},{"type":"Feature","geometry":{"type":"Point","coordinates":[-122.846831969,38.4210129960001]},"properties":{"USER_name1":"TLC Child and Family Services","USER_name2":"","USER_street1":"1800 Gravenstein Highway North","USER_city":"Sebastopol","USER_state":"CA","USER_zip":"95473","USER_phone":"707-823-7300","USER_service_code_info":"MH * OP RES * MSMH RTCC * ARIPI LURAS OLANZ OLANZF QUETI RISPE ANTPYCH * CBT CFT DBT EMDR GT IPT TELE * PVTN * SCJJ SEF SF SWFS * TAY GL TRMA PTSD SED * HS PEER * SMON * CHLD YAD * SP * VAPN * FPSY ICM PRS SH TPC CM ES"}},{"type":"Feature","geometry":{"type":"Point","coordinates":[-120.913735365,38.6421963660001]},"properties":{"USER_name1":"Newport Academy","USER_name2":"","USER_street1":"4845 French Creek Road","USER_city":"Shingle Springs","USER_state":"CA","USER_zip":"95682","USER_phone":"877-820-6371","USER_service_code_info":"SA MH SUMH * OP PHDT RES * RTCC * AT CBT CFT DBT GT IDD IPT TELE * PVTP * CMHG CSBG PI SF * GL CO TRMA SED * SMON * CHLD * VAPN * DEC FPSY PRS SEMP CM IPC SPS ES"}},{"type":"Feature","geometry":{"type":"Point","coordinates":[-118.776934426,34.272571655]},"properties":{"USER_name1":"Ventura County Behavioral Health Dept","USER_name2":"Simi Valley Adult Clinic","USER_street1":"1227 East Los Angeles Avenue","USER_city":"Simi Valley","USER_state":"CA","USER_zip":"93065","USER_phone":"805-582-4075","USER_service_code_info":"SA MH SUMH * OP * OMH * HALOP CLOZA OLANZ RISPE ANTPYCH * AT CBT DBT GT IDD IPT TELE * CIT PEON PEOFF WI * LCCG * MC MD SF * CJ CO PED SMI * STU * LABT * TCC * SMPD * YAD ADLT SNR * AH SP FX * F25 * VPPD * COOT FPSY ICM PRS SH VRS CM IPC SPS"}},{"type":"Feature","geometry":{"type":"Point","coordinates":[-120.378149093,37.9745626420001]},"properties":{"USER_name1":"Tuolumne County Behavioral Hlth Servs","USER_name2":"","USER_street1":"105 Hospital Road","USER_city":"Sonora","USER_state":"CA","USER_zip":"95370","USER_phone":"209-533-6245","USER_service_code_info":"SA MH SUMH * OP * OMH * ANTPYCH * AT CBT CFT GT IDD IPT TELE * CIT PEON PEOFF WI * STG * CLF MD OSF SCJJ SI SMHA SWFS * TAY CJ CO TRMA PTSD SED SMI * MST * HS PEER * TCC * SMPD * CHLD YAD ADLT SNR * AH SP * VPPD * ACT COOT ICM IMR SH CM SPS"}},{"type":"Feature","geometry":{"type":"Point","coordinates":[-120.366370334,37.9849912120001]},"properties":{"USER_name1":"Tuolumne Me Wuk Indian Health Center","USER_name2":"Behavioral Health/Sonora","USER_street1":"19969 Greenley Road","USER_city":"Sonora","USER_state":"CA","USER_zip":"95370","USER_phone":"209-694-3888","USER_service_code_info":"MH SUMH * OP * OMH * ANTPYCH * CBT CFT DBT IPT TELE * TBG * FQHC * ITU MC MD PI SF SI * TAY SE GL VET ADM MF CO HV DV TRMA TBI PTSD * STU * SMON * CHLD YAD ADLT SNR * AH * VAPN * DEC FPSY SPS"}},{"type":"Feature","geometry":{"type":"Point","coordinates":[-118.172833984,34.1117249870001]},"properties":{"USER_name1":"Hillsides","USER_name2":"FRC/South Pasadena","USER_street1":"149 Pasadena Avenue","USER_city":"South Pasadena","USER_state":"CA","USER_zip":"91030","USER_phone":"323-274-3065","USER_service_code_info":"MH SUMH * OP * OMH * CBT CFT GT IDD IPT TELE * CIT PEOFF * PVTN * CLF MD PI SMHA SWFS * TAY GL MF TRMA PTSD SED SMI * STU * HS PEER * SMPD * CHLD YAD ADLT * SP * VPPD * COOT ICM LAD PRS SEMP SH CM SPS"}},{"type":"Feature","geometry":{"type":"Point","coordinates":[-121.276027691,37.959759756]},"properties":{"USER_name1":"Childrens Home of Stockton","USER_name2":"","USER_street1":"430 North Pilgrim Street","USER_city":"Stockton","USER_state":"CA","USER_zip":"95205","USER_phone":"209-466-0853 x3015","USER_service_code_info":"MH SUMH * RES * RTCC * ANTPYCH * CBT DBT GT IPT * CIT PEON * PVTN * CLF SI * PA * TAY GL CJ CO HV TRMA TBI PED PTSD SED * HS * SMON * CHLD YAD * VAPN * COOT FPSY ICM PRS SEMP SH VRS CM SPS"}},{"type":"Feature","geometry":{"type":"Point","coordinates":[-118.036787816,34.0556040380001]},"properties":{"USER_name1":"Insight Treatment Programs","USER_name2":"","USER_street1":"10942 Klingerman Street","USER_city":"South El Monte","USER_state":"CA","USER_zip":"91733","USER_phone":"888-295-9995","USER_service_code_info":"SA MH SUMH * OP PHDT * AT CBT CFT DBT GT IDD IPT TELE * CIT * PVTP * PI SF * SS * CO * STU * PEER * TCC * SMON * CHLD * VAPN"}},{"type":"Feature","geometry":{"type":"Point","coordinates":[-121.890436784,37.598092411]},"properties":{"USER_name1":"Newport Institute","USER_name2":"","USER_street1":"227 Kilkare Road","USER_city":"Sunol","USER_state":"CA","USER_zip":"94586","USER_phone":"855-272-7451","USER_service_code_info":"SA MH SUMH * OP PHDT RES * RTCA * AT CBT CFT DBT GT IDD IPT TELE * PVTP * PI SF * TAY GL CO TRMA * SMON * YAD * VAPN * DEC FPSY PRS IPC ES"}},{"type":"Feature","geometry":{"type":"Point","coordinates":[-120.662233997,40.4076569860001]},"properties":{"USER_name1":"County of Lassen","USER_name2":"Lassen County Behavioral Health","USER_street1":"555 Hospital Lane","USER_city":"Susanville","USER_state":"CA","USER_zip":"96130","USER_phone":"530-251-8108","USER_service_code_info":"SA MH SUMH * OP * OMH * HALOP ANTPYCH * CBT DBT EMDR GT IDD IPT TELE AIM * CIT WI * LCCG * CMHG CSBG MC MD OSF * CO * STU * PEER * TCC * SMON * CHLD YAD ADLT SNR * AH * VAPN * FPSY ICM CM SPS ES"}},{"type":"Feature","geometry":{"type":"Point","coordinates":[-118.53886,34.168929]},"properties":{"USER_name1":"Ascend Healthcare 6","USER_name2":"","USER_street1":"- - -","USER_city":"Tarzana","USER_state":"CA","USER_zip":"91356","USER_phone":"310-359-9403","USER_service_code_info":"SA MH * PHDT RES * RTCC * NRT ANTPYCH * AT CBT CFT DBT EMDR GT IDD IPT * PVTP * PI SF * GL MF CJ CO HV DV TRMA PED PTSD * TBS * PEER * SMON * CHLD * VAPN * ACT COOT DEC FPSY CM ES"}},{"type":"Feature","geometry":{"type":"Point","coordinates":[-118.53886,34.168929]},"properties":{"USER_name1":"Montare Oasis","USER_name2":"","USER_street1":"- - -","USER_city":"Tarzana","USER_state":"CA","USER_zip":"91356","USER_phone":"888-292-0870","USER_service_code_info":"MH SUMH * RES * RTCA * ANTPYCH * AT CBT CRT CFT DBT EMDR GT IDD IPT KIT TMS TELE * CIT * PVTP * MI PI SF * GL VET CO TRMA PEFP PTSD SMI * SMPD * YAD ADLT SNR * VPPD * FPSY IMR PRS CM"}},{"type":"Feature","geometry":{"type":"Point","coordinates":[-122.400104442,37.658801446]},"properties":{"USER_name1":"Comprehensive Psychiatric Services","USER_name2":"","USER_street1":"611 Gateway Boulevard","USER_city":"South San Francisco","USER_state":"CA","USER_zip":"94080","USER_phone":"650-301-4960 x2","USER_service_code_info":"SA MH SUMH * OP * OMH * ANTPYCH * CBT CFT IDD IPT KIT TMS TELE * PVTP * MC MI PI SF VAF * SS * STU * SMPD * CHLD YAD ADLT SNR * SP * VAPP * CDM COOT FPSY IMR IPC"}},{"type":"Feature","geometry":{"type":"Point","coordinates":[-120.818118873,38.364584431]},"properties":{"USER_name1":"Amador County Behavioral Health","USER_name2":"","USER_street1":"10877 Conductor Boulevard","USER_city":"Sutter Creek","USER_state":"CA","USER_zip":"95685","USER_phone":"209-223-6412","USER_service_code_info":"SA MH SUMH * OP * OMH * HALOP ARIPI BREXP CLOZA LURAS OLANZ OLANZF PALIP QUETI RISPE ZIPRA ANTPYCH * AT CBT CFT DBT GT IDD IPT TELE * CIT PEON PEOFF WI * LCCG * CLF CMHG CSBG FG MC MD OSF SF SMHA * PA * GL CO TRMA PTSD SED SMI * STU * HS PEER * SMPD * CHLD YAD ADLT SNR * AH SP * VPPD * FPSY ICM PRS CM SPS"}},{"type":"Feature","geometry":{"type":"Point","coordinates":[-118.539775935,34.1794829090001]},"properties":{"USER_name1":"Tarzana Treatment Centers Inc","USER_name2":"","USER_street1":"18646 Oxnard Street","USER_city":"Tarzana","USER_state":"CA","USER_zip":"91356","USER_phone":"800-996-1051","USER_service_code_info":"SA MH SUMH * HI OP PHDT RES * MSMH * CBT CFT GT IDD IPT TELE * PVTN * CLF CMHG CSBG MC MD MI OSF PI SEF SF SI SMHA SWFS * SS * TAY SE GL VET ADM MF CO HV DV TRMA PED PTSD SMI * HIVT STDT TBS HBT HCT LABT * HS PEER * SMON * YAD ADLT SNR * AH SP * VAPN * ACT AOT CDM COOT FPSY PRS VRS CM IPC SPS ES"}},{"type":"Feature","geometry":{"type":"Point","coordinates":[-118.550408799,34.1688216310001]},"properties":{"USER_name1":"Tarzana Recovery Center","USER_name2":"","USER_street1":"5371 Vanalden Avenue","USER_city":"Tarzana","USER_state":"CA","USER_zip":"91356","USER_phone":"424-644-4589","USER_service_code_info":"SA MH SUMH * HI PHDT RES * RTCA * CHLOR DROPE FLUPH HALOP LOXAP PERPH PIMOZ PROCH THIOT THIOR TRIFL ARIPI ASENA BREXP CARIP CLOZA ILOPE LURAS OLANZ OLANZF PALIP QUETI RISPE ZIPRA NRT NSC ANTPYCH * AT CBT CRT CFT DBT ECT EMDR GT IDD IPT KIT TMS TELE AIM * CIT PEON PEOFF WI * PVTP * CLF CMHG CSBG ITU MI OSF PI PCF SF VAF * SS * TAY SE GL VET ADM MF CJ CO HV DV TRMA TBI ALZ PED PEFP PTSD SMI * STU * HIVT STDT TBS MST HBT HCT LABT * HS PEER * TCC * SMOP * YAD ADLT SNR * SP * VAPP * ACT AOT CDM COOT DEC FPSY ICM IMR LAD PRS SEMP SH TPC VRS CM IPC SPS ES"}},{"type":"Feature","geometry":{"type":"Point","coordinates":[-117.1971965,33.4892062000001]},"properties":{"USER_name1":"Jackson House","USER_name2":"Temecula","USER_street1":"- - -","USER_city":"Temecula","USER_state":"CA","USER_zip":"92590","USER_phone":"951-261-8392","USER_service_code_info":"MH SUMH * RES * RTCA * CHLOR HALOP PERPH PROCH THIOT ARIPI CLOZA ILOPE LURAS OLANZ OLANZF PALIP QUETI RISPE ZIPRA NRT ANTPYCH * AT CBT CRT CFT DBT GT IPT TELE * PVTP * CLF PI SF SI SWFS VAF * TAY SE GL VET CO HV DV TRMA TBI PEFP PTSD SMI * STU * HIVT STDT TBS MST HBT HCT LABT * PEER * TCC * SMPD * YAD ADLT * VPPD * CDM COOT DEC FPSY IMR PRS CM SPS"}},{"type":"Feature","geometry":{"type":"Point","coordinates":[-118.541049985,34.179851168]},"properties":{"USER_name1":"Tarzana Treatment Centers Inc","USER_name2":"","USER_street1":"18700 Oxnard Street","USER_city":"Tarzana","USER_state":"CA","USER_zip":"91356","USER_phone":"818-996-1051","USER_service_code_info":"SA MH SUMH * OP * OMH * CBT CFT GT IDD IPT * PVTN * CLF CMHG CSBG MC MD PI SEF SF SI SMHA SWFS * SS * TAY SE GL VET ADM MF CJ CO HV DV TRMA PED PTSD SED SMI * PEER * SMPD * CHLD YAD ADLT SNR * AH SP * VAPN * AOT COOT FPSY ICM CM SPS"}},{"type":"Feature","geometry":{"type":"Point","coordinates":[-117.126269,33.5194710000001]},"properties":{"USER_name1":"Riverside University Health System","USER_name2":"Temecula Clinic","USER_street1":"- - -","USER_city":"Temecula","USER_state":"CA","USER_zip":"92591","USER_phone":"951-600-6300","USER_service_code_info":"MH SUMH * OP * OMH * CBT CFT DBT EMDR GT IPT TELE * LCCG * CMHG MD SF SMHA * SMI * STU * PEER * SMPD * YAD ADLT * AH * VPPD * ACT FPSY ICM PRS CM"}},{"type":"Feature","geometry":{"type":"Point","coordinates":[-118.445698041,34.325831986]},"properties":{"USER_name1":"LAC Olive View/UCLA Medical Ctr","USER_name2":"","USER_street1":"14445 Olive View Drive","USER_city":"Sylmar","USER_state":"CA","USER_zip":"91342","USER_phone":"747-210-4823","USER_service_code_info":"MH SUMH * HI OP * IPSY * CHLOR FLUPH HALOP LOXAP PERPH ARIPI CLOZA LURAS OLANZ PALIP QUETI RISPE ZIPRA NRT NSC ANTPYCH * AT CBT GT IDD IPT AIM * PEON WI * LCCG * CLF MC MD MI PI SF SMHA * PA SS * TAY SE CJ CO SMI * STU * HS * TCC * SMON * CHLD YAD ADLT SNR * AH SP FX * F4 F25 F43 F47 F81 * VAPN * CDM DEC FPSY PRS CM IPC SPS ES"}},{"type":"Feature","geometry":{"type":"Point","coordinates":[-117.185032813,33.488829007]},"properties":{"USER_name1":"Newport Institute","USER_name2":"","USER_street1":"43821 Shady Creek","USER_city":"Temecula","USER_state":"CA","USER_zip":"92590","USER_phone":"855-272-7451","USER_service_code_info":"SA MH SUMH * OP PHDT RES * RTCA * AT CBT CFT DBT GT IDD IPT TELE * PVTP * PI SF * TAY GL CO TRMA PTSD * SMON * YAD ADLT * VAPN * DEC FPSY PRS VRS CM IPC ES"}},{"type":"Feature","geometry":{"type":"Point","coordinates":[-118.530051503,34.1660659130001]},"properties":{"USER_name1":"West Valley Counseling Center","USER_name2":"","USER_street1":"18226 Ventura Boulevard","USER_city":"Tarzana","USER_state":"CA","USER_zip":"91356","USER_phone":"818-758-9450","USER_service_code_info":"MH * OP * OMH * CBT CRT CFT DBT GT IDD IPT * PVTP * FQHC * PI PCF SF SI SMHA * SS * SMON * CHLD YAD ADLT SNR * SP FX * F4 F25 * VAPN * FPSY"}},{"type":"Feature","geometry":{"type":"Point","coordinates":[-118.801568001,34.155822012]},"properties":{"USER_name1":"Psychological Care Institute","USER_name2":"PCI Westlake Centers","USER_street1":"31194 La Baya Drive","USER_city":"Thousand Oaks","USER_state":"CA","USER_zip":"91362","USER_phone":"747-222-7464","USER_service_code_info":"SA MH * OP * OMH * AT CBT CFT DBT GT IDD IPT TELE * PVTP * MI PI SF * TAY SE GL CO TRMA PTSD * STU * PEER * TCC * SMPD * YAD ADLT SNR * SP FX * F25 F67 * VPPD * COOT FPSY VRS CM SPS ES"}},{"type":"Feature","geometry":{"type":"Point","coordinates":[-118.87004882,34.179688727]},"properties":{"USER_name1":"Vantage Point Recovery","USER_name2":"","USER_street1":"123 Hodencamp Road","USER_city":"Thousand Oaks","USER_state":"CA","USER_zip":"91360","USER_phone":"805-777-7595","USER_service_code_info":"SA MH SUMH * OP PHDT * PH * AT CBT CFT DBT EMDR GT IDD IPT TELE * PVTP * PI SF * STU * SMPD * YAD ADLT SNR * VPPD * FPSY CM SPS"}},{"type":"Feature","geometry":{"type":"Point","coordinates":[-118.874745536,34.180692376]},"properties":{"USER_name1":"Interface Children and Family Services","USER_name2":"Thousand Oaks Location","USER_street1":"80 East Hillcrest Drive","USER_city":"Thousand Oaks","USER_state":"CA","USER_zip":"91360","USER_phone":"805-485-6114 x2","USER_service_code_info":"MH * OP * OMH * AT CBT CFT GT IDD IPT TELE * PVTN * CLF MD OSF PCF SF * TAY TRMA PTSD SED * STU * SMPD * CHLD YAD * AH SP FX * F4 F25 * VPPD * FPSY CM SPS"}},{"type":"Feature","geometry":{"type":"Point","coordinates":[-118.871811619,34.1821170060001]},"properties":{"USER_name1":"Southern California TMS Center","USER_name2":"","USER_street1":"275 East Hillcrest Drive","USER_city":"Thousand Oaks","USER_state":"CA","USER_zip":"91360","USER_phone":"866-322-7776","USER_service_code_info":"MH * OP * OMH * TMS * PVTP * CLF MC MD MI PI SF SI VAF * SMPD * CHLD YAD ADLT SNR * SP * VPPD"}},{"type":"Feature","geometry":{"type":"Point","coordinates":[-118.829457024,34.165517317]},"properties":{"USER_name1":"Westlake Village Family Services","USER_name2":"","USER_street1":"3625 East Thousand Oaks Boulevard","USER_city":"Thousand Oaks","USER_state":"CA","USER_zip":"91362","USER_phone":"818-730-2960","USER_service_code_info":"SA MH SUMH * OP * OMH * AT CBT CFT DBT GT IDD IPT TELE * PVTP * MHC * PI SF * SS * TAY SE GL VET ADM MF CJ CO HV TRMA PTSD SED SMI * PEER * SMPD * CHLD YAD ADLT SNR * VPPD * ACT COOT FPSY ICM LAD CM ES"}},{"type":"Feature","geometry":{"type":"Point","coordinates":[-118.344334847,33.866274447]},"properties":{"USER_name1":"Clear Behavioral Health","USER_name2":"","USER_street1":"18123 Prairie Avenue","USER_city":"Torrance","USER_state":"CA","USER_zip":"90504","USER_phone":"877-779-1985","USER_service_code_info":"SA MH SUMH * PHDT * PH * ARIPI BREXP CARIP CLOZA LURAS OLANZ OLANZF PALIP QUETI RISPE ZIPRA ANTPYCH * AT CBT DBT GT IDD IPT * CIT PEOFF * PVTP * PI SF SI * GL CO TRMA PEFP PTSD SMI * PEER * SMPD * YAD ADLT SNR * VAPN * COOT FPSY ICM IMR PRS VRS CM SPS ES"}},{"type":"Feature","geometry":{"type":"Point","coordinates":[-118.353724591,33.833056336]},"properties":{"USER_name1":"Center for Discovery","USER_name2":"Torrance","USER_street1":"21515 Hawthorne Boulevard","USER_city":"Torrance","USER_state":"CA","USER_zip":"90503","USER_phone":"855-818-2029","USER_service_code_info":"MH * OP PHDT * PH * AT CBT CFT DBT GT IDD IPT * PVTP * PI SF * GL TRMA PED PTSD * MST * SMPD * CHLD YAD ADLT * VPPD * DEC FPSY CM"}},{"type":"Feature","geometry":{"type":"Point","coordinates":[-118.356023328,33.824240837]},"properties":{"USER_name1":"Star View Adolescent Center","USER_name2":"","USER_street1":"4025 West 226th Street","USER_city":"Torrance","USER_state":"CA","USER_zip":"90505","USER_phone":"310-373-4556 x100","USER_service_code_info":"MH SUMH * HI RES * CHLOR HALOP ARIPI CLOZA LURAS OLANZ PALIP QUETI RISPE ZIPRA ANTPYCH * AT CBT CFT DBT GT IPT TELE AIM * CIT PEON * PVTP * CLF OSF SCJJ SMHA SWFS * TAY GL CJ CO DV TRMA PEFP PTSD SED SMI * HIVT STDT TBS MST LABT * HS PEER * SMPD * CHLD YAD * SP * VAPN * FPSY ICM PRS VRS CM SPS ES"}},{"type":"Feature","geometry":{"type":"Point","coordinates":[-118.353785443,33.832592859]},"properties":{"USER_name1":"Counseling4Kids","USER_name2":"","USER_street1":"21535 Hawthorne Boulevard","USER_city":"Torrance","USER_state":"CA","USER_zip":"90503","USER_phone":"310-817-2177","USER_service_code_info":"SA MH SUMH * OP * OMH * AT CBT CFT GT IPT TELE * PVTN * MD SI * PA * TAY CO TRMA PED PTSD SED * STU * SMPD * CHLD YAD * SP * VPPD * COOT FPSY CM SPS"}},{"type":"Feature","geometry":{"type":"Point","coordinates":[-118.350617671,33.8381896230001]},"properties":{"USER_name1":"Southern California TMS Center","USER_name2":"","USER_street1":"3655 Torrance Boulevard","USER_city":"Torrance","USER_state":"CA","USER_zip":"90503","USER_phone":"866-322-7776","USER_service_code_info":"MH * OP * OMH * TMS * PVTP * CLF MC MD MI PI SF SI VAF * SMPD * CHLD YAD ADLT SNR * SP * VPPD"}},{"type":"Feature","geometry":{"type":"Point","coordinates":[-120.19999248,39.325151083]},"properties":{"USER_name1":"Nevada County Behavioral Health","USER_name2":"Truckee Clinic","USER_street1":"10075 Levon Avenue","USER_city":"Truckee","USER_state":"CA","USER_zip":"96161","USER_phone":"530-582-7803","USER_service_code_info":"SA MH SUMH * OP * OMH * ANTPYCH * AT CBT CFT DBT GT IDD IPT AIM * CIT * LCCG * CLF MC MD MI OSF PI SCJJ SEF SF SMHA * PA SS * STU * HS * SMON * CHLD YAD ADLT SNR * AH SP * VAPN * ACT PRS SH CM SPS"}},{"type":"Feature","geometry":{"type":"Point","coordinates":[-119.345793994,36.2047203660001]},"properties":{"USER_name1":"Hope Horizon Mental Health","USER_name2":"","USER_street1":"327 South K Street","USER_city":"Tulare","USER_state":"CA","USER_zip":"93274","USER_phone":"559-688-2043","USER_service_code_info":"MH SUMH * OP * OMH * AT CBT CFT DBT EMDR GT IPT TELE * CIT PEON PEOFF WI * PVTN * CLF MD PCF SCJJ SMHA SWFS * TAY GL CJ TRMA PEFP PTSD SED * SMON * CHLD YAD ADLT * AH SP FX * F17 F36 F37 * VAPN * COOT FPSY PRS CM SPS"}},{"type":"Feature","geometry":{"type":"Point","coordinates":[-118.327849991,33.845470983]},"properties":{"USER_name1":"Star View Community Services","USER_name2":"","USER_street1":"370 South Crenshaw Boulevard","USER_city":"Torrance","USER_state":"CA","USER_zip":"90503","USER_phone":"310-787-1500","USER_service_code_info":"SA MH SUMH * OP * OMH * ARIPI ILOPE LURAS OLANZ QUETI RISPE ANTPYCH * CBT CFT GT IPT TELE * CIT PEOFF * PVTP * FQHC * MD PI SI SMHA * PA * TAY SE GL CO TRMA PTSD SED SMI * STU * SMPD * CHLD YAD ADLT * SP * VPPD * CDM COOT FPSY ICM PRS CM SPS"}},{"type":"Feature","geometry":{"type":"Point","coordinates":[-120.24045269,37.965324837]},"properties":{"USER_name1":"Tuolumne Me Wuk Indian Health Center","USER_name2":"Behavioral Health/Tuolumne","USER_street1":"18880 Cherry Valley Boulevard","USER_city":"Tuolumne","USER_state":"CA","USER_zip":"95379","USER_phone":"209-928-5400","USER_service_code_info":"SA MH SUMH * OP * NRT NSC ANTPYCH * CBT CFT DBT IPT TELE * TBG * FQHC * ITU MC MD PI SF SI * TAY SE GL VET ADM MF CO HV DV TRMA TBI PTSD * STU * MST LABT * TCC * SMON * CHLD YAD ADLT SNR * AH * VAPN * DEC FPSY IPC SPS"}},{"type":"Feature","geometry":{"type":"Point","coordinates":[-123.208568817,39.1578412550001]},"properties":{"USER_name1":"Redwood Community Services Inc","USER_name2":"Stepping Stones","USER_street1":"800 North State Street","USER_city":"Ukiah","USER_state":"CA","USER_zip":"95482","USER_phone":"707-467-2010","USER_service_code_info":"MH * OP * OMH * AT CBT CFT DBT GT IPT TELE * PVTN * MC MD SF * TAY SE TRMA PTSD SMI * HS PEER * SMPD * YAD ADLT SNR * AH SP * VPPD * ACT COOT FPSY ICM PRS SEMP VRS CM SPS"}},{"type":"Feature","geometry":{"type":"Point","coordinates":[-122.24124835,38.1307128620001]},"properties":{"USER_name1":"Crestwood Behavioral Health Inc","USER_name2":"Solano","USER_street1":"2201 Tuolumne Street","USER_city":"Vallejo","USER_state":"CA","USER_zip":"94589","USER_phone":"707-558-1777","USER_service_code_info":"MH SUMH * HI * PSY * CHLOR FLUPH HALOP CLOZA OLANZ PALIP RISPE ZIPRA ANTPYCH * AT CBT DBT GT IPT AIM * CIT * PVTP * CLF MC MD * SE CJ CO HV SMI * MST LABT * SMON * YAD ADLT SNR * VAPN * CDM COOT LAD CM SPS ES"}},{"type":"Feature","geometry":{"type":"Point","coordinates":[-122.238569074,38.1032653140001]},"properties":{"USER_name1":"Solano County Behavioral Health","USER_name2":"(SCBH)/Adult Behav Outpatient Clinic","USER_street1":"355 Tuolumne Street","USER_city":"Vallejo","USER_state":"CA","USER_zip":"94590","USER_phone":"707-553-5811","USER_service_code_info":"SA MH SUMH * OP * OMH * FLUPH HALOP LOXAP ARIPI CLOZA ILOPE LURAS OLANZ OLANZF RISPE ANTPYCH * AT CBT DBT GT IDD IPT TELE * PEOFF * LCCG * CLF CMHG CSBG MC MD OSF SF SI SMHA * PA SS * GL CO TRMA PED PTSD SMI * STU * HS PEER * SMPD * CHLD YAD * AH SP FX * F36 F81 * VAPN * COOT FPSY PRS SEMP VRS CM IPC"}},{"type":"Feature","geometry":{"type":"Point","coordinates":[-122.238569074,38.1032653140001]},"properties":{"USER_name1":"Solano County Behavioral Health","USER_name2":"(SCBH)/Childrens Clinic Services","USER_street1":"355 Tuolumne Street","USER_city":"Vallejo","USER_state":"CA","USER_zip":"94590","USER_phone":"707-553-5331","USER_service_code_info":"SA MH SUMH * OP * OMH * ARIPI OLANZ QUETI RISPE ANTPYCH * CBT CFT GT IDD IPT TELE AIM * LCCG * CLF CMHG MC MD MI OSF PI SF SI SMHA SWFS * PA SS * TAY GL CO TRMA PED PTSD SED * SMON * CHLD YAD * AH SP FX * F81 * VAPN * COOT FPSY ICM PRS VRS CM SPS"}},{"type":"Feature","geometry":{"type":"Point","coordinates":[-118.479651957,34.18890069]},"properties":{"USER_name1":"Gloria Detox and Rehab Center","USER_name2":"Dream Big MF Inc","USER_street1":"6511 Gloria Avenue","USER_city":"Van Nuys","USER_state":"CA","USER_zip":"91406","USER_phone":"855-774-0085","USER_service_code_info":"SA MH SUMH * RES * RTCA * NRT NSC * AT CBT DBT EMDR GT IPT TELE * PVTP * ITU MI PI SF * CO * STU * HIVT STDT TBS MST HBT HCT LABT * PEER * TCC * SMOP * YAD ADLT SNR * AH SP * VAPP * ACT COOT DEC LAD PRS CM IPC SPS"}},{"type":"Feature","geometry":{"type":"Point","coordinates":[-118.486512126,34.1910124680001]},"properties":{"USER_name1":"Insight Treatment Programs","USER_name2":"","USER_street1":"6627 Valjean Avenue","USER_city":"Van Nuys","USER_state":"CA","USER_zip":"91406","USER_phone":"800-599-8820","USER_service_code_info":"SA MH SUMH * OP PHDT * AT CBT CFT DBT GT IDD IPT TELE * CIT * PVTP * PI SF * SS * CO * STU * PEER * TCC * SMON * CHLD * VAPN"}},{"type":"Feature","geometry":{"type":"Point","coordinates":[-121.976676594,38.360789776]},"properties":{"USER_name1":"Solano County Mental Health","USER_name2":"(SCMH)/Childrens Mental Health","USER_street1":"1119 East Monte Vista Avenue","USER_city":"Vacaville","USER_state":"CA","USER_zip":"95688","USER_phone":"707-469-4540","USER_service_code_info":"SA MH SUMH * OP * OMH * ARIPI OLANZ QUETI RISPE ANTPYCH * CBT CFT DBT GT IDD IPT TELE AIM * LCCG * CLF CMHG MC MD MI OSF PI SF SI SMHA SWFS * PA SS * GL CO TRMA PED PTSD SED * SMON * CHLD YAD * AH SP * VAPN * COOT FPSY ICM PRS VRS CM SPS"}},{"type":"Feature","geometry":{"type":"Point","coordinates":[-118.466768972,34.1761669860001]},"properties":{"USER_name1":"Aviva Family and Childrens Services","USER_name2":"Wraparound","USER_street1":"5805 Sepulveda Boulevard","USER_city":"Van Nuys","USER_state":"CA","USER_zip":"91411","USER_phone":"818-980-3200","USER_service_code_info":"MH SUMH * OP * OMH * CBT CFT DBT GT IPT * CIT * PVTN * CMHG CSBG MD PI SF SI SMHA SWFS * PA SS * TAY GL TRMA PTSD SED SMI * SMPD * CHLD YAD * SP FX * F92 * VPPD * COOT FPSY PRS CM SPS"}},{"type":"Feature","geometry":{"type":"Point","coordinates":[-118.4845555,34.2029920000001]},"properties":{"USER_name1":"San Fernando Valley Comm MH Ctr","USER_name2":"Cornerstone RRR/Adult and Homeless FSP","USER_street1":"- - -","USER_city":"Van Nuys","USER_state":"CA","USER_zip":"91406","USER_phone":"818-901-4836","USER_service_code_info":"SA MH SUMH * OP * CMHC * HALOP LOXAP PERPH PROCH THIOR ANTPYCH * CBT CFT GT IDD IPT TELE * CIT * PVTN * MC MD * PA * TAY GL VET CJ CO TRMA PED PTSD SMI * HS PEER * SMPD * YAD ADLT SNR * SP * VPPD * ACT COOT FPSY ICM PRS SH VRS CM SPS ES"}},{"type":"Feature","geometry":{"type":"Point","coordinates":[-118.49363272,34.202959907]},"properties":{"USER_name1":"San Fernando Valley Counseling Center","USER_name2":"","USER_street1":"7247 Hayvenhurst Avenue","USER_city":"Van Nuys","USER_state":"CA","USER_zip":"91406","USER_phone":"818-341-1111","USER_service_code_info":"MH * OP * OMH * CBT CFT GT IPT TELE * PVTN * SF * SS * SMOP * CHLD YAD ADLT SNR * SP FX * F25 F35 F70 * VAPP * COOT FPSY SPS"}},{"type":"Feature","geometry":{"type":"Point","coordinates":[-119.20882741,34.25940905]},"properties":{"USER_name1":"Interface Children and Family Services","USER_name2":"Ventura","USER_street1":"1746 South Victoria Avenue","USER_city":"Ventura","USER_state":"CA","USER_zip":"93003","USER_phone":"805-485-6114 x2","USER_service_code_info":"MH * OP * OMH * AT CBT CFT GT IDD IPT TELE * PVTN * CLF MD OSF PCF SF * TAY TRMA PTSD SED * STU * SMPD * CHLD YAD * AH SP * VPPD * FPSY CM SPS"}},{"type":"Feature","geometry":{"type":"Point","coordinates":[-119.214226948,34.2665788460001]},"properties":{"USER_name1":"Ventura Counseling and Wellness Center","USER_name2":"","USER_street1":"950 County Square Drive","USER_city":"Ventura","USER_state":"CA","USER_zip":"93003","USER_phone":"850-620-8046","USER_service_code_info":"MH * OP * OMH * CBT CRT CFT DBT GT IDD IPT * PVTP * FQHC * PI PCF SF SI SMHA * SS * SMON * CHLD YAD ADLT SNR * SP * VAPN * FPSY"}},{"type":"Feature","geometry":{"type":"Point","coordinates":[-119.237472396,34.274369322]},"properties":{"USER_name1":"Ventura County Behavioral Health Dept","USER_name2":"Ventura Adult Clinic","USER_street1":"4258 Telegraph Road","USER_city":"Ventura","USER_state":"CA","USER_zip":"93003","USER_phone":"805-981-6830","USER_service_code_info":"SA MH SUMH * OP * OMH * HALOP CLOZA OLANZ RISPE ANTPYCH * AT CBT DBT GT IDD IPT TELE * CIT PEON PEOFF WI * LCCG * MC MD SF * CJ CO PED SMI * STU * LABT * TCC * SMPD * YAD ADLT SNR * AH SP * VPPD * COOT FPSY ICM PRS SH VRS CM IPC SPS"}},{"type":"Feature","geometry":{"type":"Point","coordinates":[-117.676225164,34.1073838730001]},"properties":{"USER_name1":"South Coast Community Services","USER_name2":"","USER_street1":"1425 West Foothill Avenue","USER_city":"Upland","USER_state":"CA","USER_zip":"91784","USER_phone":"877-527-7227","USER_service_code_info":"MH SUMH * OP * OMH * CHLOR HALOP TRIFL ARIPI ASENA CLOZA ILOPE LURAS OLANZ OLANZF PALIP QUETI RISPE ZIPRA ANTPYCH * CBT CFT DBT EMDR GT IPT TELE AIM * PVTP * CLF MC MD PI SF SMHA * TAY SE GL VET CO TRMA PED PTSD SED SMI * PEER * SMPD * CHLD YAD ADLT SNR * AH SP * VPPD * FPSY PRS CM SPS"}},{"type":"Feature","geometry":{"type":"Point","coordinates":[-119.253378985,34.2765188610001]},"properties":{"USER_name1":"Ventura County Medical Center","USER_name2":"Inpatient Psychiatric Hospital","USER_street1":"200 Hillmont Avenue","USER_city":"Ventura","USER_state":"CA","USER_zip":"93003","USER_phone":"805-652-6729","USER_service_code_info":"SA MH SUMH * HI OP * IPSY * CHLOR FLUPH HALOP LOXAP ARIPI CLOZA LURAS OLANZ PALIP QUETI RISPE ZIPRA NRT NSC ANTPYCH * AT CBT GT IPT TELE * CIT PEON WI * LCCG * CLF MC MI OSF PI SF SI SMHA VAF * GL VET CJ CO HV DV TRMA PED PEFP PTSD SMI * STU * HIVT STDT TBS MST HBT HCT LABT * TCC * SMON * YAD ADLT * AH SP FX * F43 F67 F81 F92 * VAPN * COOT FPSY LAD CM SPS"}},{"type":"Feature","geometry":{"type":"Point","coordinates":[-117.29826349,34.506748099]},"properties":{"USER_name1":"Valley Star","USER_name2":"Desert Hill Center Crisis Residential","USER_street1":"16552 Sunhill Drive","USER_city":"Victorville","USER_state":"CA","USER_zip":"92395","USER_phone":"760-780-4400","USER_service_code_info":"MH SUMH * PHDT RES * PH RTCA * ARIPI ILOPE LURAS OLANZ QUETI RISPE ANTPYCH * CBT DBT GT IPT * CIT PEON PEOFF * PVTP * FQHC * MD * PA * TAY SE GL CO TRMA PTSD SMI * HS * SMPD * YAD ADLT SNR * SP * VPPD * FPSY SH CM ES"}},{"type":"Feature","geometry":{"type":"Point","coordinates":[-119.287083288,36.3206769560001]},"properties":{"USER_name1":"Tulare County Hlth and Human Services","USER_name2":"Visalia Adult Integrated Clinic","USER_street1":"520 East Tulare Avenue","USER_city":"Visalia","USER_state":"CA","USER_zip":"93292","USER_phone":"559-623-0900","USER_service_code_info":"MH SUMH * OP * OMH * ARIPI ASENA BREXP CARIP CLOZA ILOPE OLANZ OLANZF PALIP QUETI RISPE ZIPRA ANTPYCH * AT CBT CFT DBT EMDR GT IDD IPT TELE AIM * CIT PEON PEOFF WI * LCCG * CLF CMHG OSF SI * CJ SMI * STU * MST LABT * HS PEER * TCC * SMPD * YAD ADLT SNR * AH SP FX * F37 F81 F92 * VPPD * ACT AOT COOT DEC FPSY IMR PRS SEMP CM SPS"}},{"type":"Feature","geometry":{"type":"Point","coordinates":[-117.198851219,33.2086592420001]},"properties":{"USER_name1":"Discovery Mood and Anxiety Program","USER_name2":"Vista","USER_street1":"2428 Catalina Avenue","USER_city":"Vista","USER_state":"CA","USER_zip":"92084","USER_phone":"877-514-4723","USER_service_code_info":"SA MH SUMH * RES * RTCC * ANTPYCH * AT CBT CRT CFT DBT GT IDD IPT * PVTP * PI SF * TAY GL VET ADM CO SED SMI * SMON * CHLD * VAPN * DEC FPSY"}},{"type":"Feature","geometry":{"type":"Point","coordinates":[-117.252348421,33.196109219]},"properties":{"USER_name1":"Tri City Medical Center","USER_name2":"Intensive OP","USER_street1":"510 West Vista Way","USER_city":"Vista","USER_state":"CA","USER_zip":"92083","USER_phone":"760-940-5050","USER_service_code_info":"MH SUMH * OP * OMH * HALOP ARIPI CLOZA OLANZ PALIP QUETI RISPE ANTPYCH * CBT CFT DBT GT IDD IPT * LCCG * MC MI PI SF VAF * SS * SE CO TRMA PTSD SMI * STU * PEER * TCC * SMPD * YAD ADLT SNR * VPPD * ACT CDM COOT DEC FPSY IMR PRS CM SPS ES"}},{"type":"Feature","geometry":{"type":"Point","coordinates":[-117.329186042,34.524804998]},"properties":{"USER_name1":"Victor Community Support Services","USER_name2":"","USER_street1":"15095 Amargosa Road","USER_city":"Victorville","USER_state":"CA","USER_zip":"92394","USER_phone":"760-245-4695","USER_service_code_info":"MH SUMH * OP * CMHC * CHLOR ANTPYCH * AT CBT GT IPT TELE * CIT PEON PEOFF * PVTN * CLF MD OSF SMHA * TAY GL TRMA SED * PEER * SMOP * CHLD * SP * VAPP * FPSY ICM CM"}},{"type":"Feature","geometry":{"type":"Point","coordinates":[-117.89237718,34.0277449390001]},"properties":{"USER_name1":"ALMA Family Services","USER_name2":"Walnut","USER_street1":"18780 Amar Road","USER_city":"Walnut","USER_state":"CA","USER_zip":"91789","USER_phone":"626-965-4463","USER_service_code_info":"MH SUMH * OP * OMH * CBT CFT GT IDD IPT TELE * PVTN * CLF MC MD SI SMHA SWFS * TAY SE TRMA PTSD SED SMI * SMON * CHLD YAD ADLT SNR * AH SP * VAPN * FPSY ICM PRS CM IPC SPS"}},{"type":"Feature","geometry":{"type":"Point","coordinates":[-122.05829898,37.9309579860001]},"properties":{"USER_name1":"Comprehensive Psychiatric Services","USER_name2":"","USER_street1":"3100 Oak Road","USER_city":"Walnut Creek","USER_state":"CA","USER_zip":"94597","USER_phone":"925-944-9711 x2","USER_service_code_info":"SA MH SUMH * OP * OMH * ANTPYCH * CBT CFT IDD IPT KIT TMS TELE * PVTP * MC MI PI SF VAF * SS * STU * SMPD * CHLD YAD ADLT SNR * SP FX * F81 * VAPP * CDM COOT FPSY IMR IPC"}},{"type":"Feature","geometry":{"type":"Point","coordinates":[-122.93039309,40.723219714]},"properties":{"USER_name1":"Trinity County Behavioral Health","USER_name2":"","USER_street1":"1450 Main Street","USER_city":"Weaverville","USER_state":"CA","USER_zip":"96093","USER_phone":"530-623-1362","USER_service_code_info":"SA MH SUMH * OP * OMH * ARIPI BREXP OLANZ PALIP QUETI RISPE ZIPRA ANTPYCH * AT CBT CFT DBT GT IDD IPT TELE * CIT PEOFF WI * LCCG * CLF CMHG CSBG MC MD OSF PI SCJJ SEF SF SI SMHA SWFS * TAY GL CO TRMA PTSD SED SMI * PEER * TCC * SMPD * CHLD YAD ADLT SNR * AH * VPPD * COOT FPSY ICM PRS CM SPS"}},{"type":"Feature","geometry":{"type":"Point","coordinates":[-117.940977969,34.069010012]},"properties":{"USER_name1":"Childrens Bureau","USER_name2":"Baldwin Park","USER_street1":"1515 West Cameron Avenue","USER_city":"West Covina","USER_state":"CA","USER_zip":"91790","USER_phone":"626-337-8811","USER_service_code_info":"MH SUMH * OP * OMH * CBT CFT GT IPT TELE * PVTN * CLF MD OSF SI SMHA SWFS * TAY GL CJ TRMA PTSD SED * SMON * CHLD YAD * AH SP * VAPN * COOT FPSY ICM PRS CM SPS"}},{"type":"Feature","geometry":{"type":"Point","coordinates":[-121.754763025,36.9145626230001]},"properties":{"USER_name1":"Encompass Community Services","USER_name2":"Youth Services","USER_street1":"241 East Lake Avenue","USER_city":"Watsonville","USER_state":"CA","USER_zip":"95076","USER_phone":"831-429-8350","USER_service_code_info":"SA MH SUMH * OP * OMH * CBT CFT DBT GT IDD IPT TELE * PVTN * CLF CSBG MC MD OSF SF * SS * TAY GL CO TRMA PTSD SED * SMON * CHLD YAD * SP * VAPN * COOT FPSY ICM PRS CM SPS"}},{"type":"Feature","geometry":{"type":"Point","coordinates":[-118.389576002,34.0820330170001]},"properties":{"USER_name1":"CAST Centers","USER_name2":"","USER_street1":"630 North Doheny Drive","USER_city":"West Hollywood","USER_state":"CA","USER_zip":"90069","USER_phone":"310-873-3935","USER_service_code_info":"SA MH SUMH * OP PHDT * PH * AT CBT CFT DBT GT IDD IPT TELE * PVTP * ITU PI SF * CO * SMON * YAD ADLT SNR * VAPN * FPSY CM"}},{"type":"Feature","geometry":{"type":"Point","coordinates":[-117.883708867,34.071320567]},"properties":{"USER_name1":"Five Acres","USER_name2":"Boys and Girls Aid Society of LA","USER_street1":"2934 East Garvey Avenue South","USER_city":"West Covina","USER_state":"CA","USER_zip":"91791","USER_phone":"626-798-6793","USER_service_code_info":"MH * OP * OMH * CBT CFT GT IPT TELE * CIT * PVTN * MD PI SMHA SWFS * TAY GL DV TRMA PTSD SED SMI * SMON * CHLD YAD * AH SP * VAPN * FPSY PRS CM SPS ES"}},{"type":"Feature","geometry":{"type":"Point","coordinates":[-118.867082046,34.1730342920001]},"properties":{"USER_name1":"Center for Discovery","USER_name2":"Thousand Oaks","USER_street1":"228 Rimrock Road","USER_city":"Westlake Village","USER_state":"CA","USER_zip":"91361","USER_phone":"866-862-3631","USER_service_code_info":"SA MH SUMH * HI RES * RTCA * CBT CFT DBT GT IPT * PVTP * CLF CMHG CSBG MI OSF PI SCJJ SEF SF SI SMHA SWFS * GL TRMA PED PTSD * MST * HS * SMPD * YAD ADLT * VAPN * DEC FPSY CM"}},{"type":"Feature","geometry":{"type":"Point","coordinates":[-118.798503912,34.1462627450001]},"properties":{"USER_name1":"Newport Academy","USER_name2":"","USER_street1":"31111 Agoura Road","USER_city":"Westlake Village","USER_state":"CA","USER_zip":"91361","USER_phone":"877-820-6371","USER_service_code_info":"SA MH SUMH * OP PHDT RES * RTCC * AT CBT CFT DBT EMDR GT IPT TELE * PVTP * PI SF * GL CO PED SED * SMON * CHLD * VAPN * FPSY CM IPC ES"}},{"type":"Feature","geometry":{"type":"Point","coordinates":[-118.057761182,33.969092571]},"properties":{"USER_name1":"Discovery Mood and Anxiety Program","USER_name2":"Whittier","USER_street1":"11911 Washington Boulevard","USER_city":"Whittier","USER_state":"CA","USER_zip":"90606","USER_phone":"877-514-4723","USER_service_code_info":"SA MH SUMH * RES * RTCC * ANTPYCH * AT CBT CRT CFT DBT GT IDD IPT * PVTP * PI SF * TAY GL VET ADM CO SED SMI * SMON * CHLD * VAPN * DEC FPSY"}},{"type":"Feature","geometry":{"type":"Point","coordinates":[-121.528376034,38.5879685630001]},"properties":{"USER_name1":"Yolo County Health and Human Services","USER_name2":"Mental Health Services","USER_street1":"500 Jefferson Boulevard","USER_city":"West Sacramento","USER_state":"CA","USER_zip":"95605","USER_phone":"916-375-6350","USER_service_code_info":"SA MH SUMH * OP * OMH * CHLOR FLUPH HALOP LOXAP PERPH PIMOZ PROCH ARIPI ASENA BREXP CARIP CLOZA ILOPE LURAS OLANZ OLANZF PALIP QUETI RISPE ZIPRA ANTPYCH * CBT GT IPT TELE * CIT PEON PEOFF * LCCG * CMHG CSBG MC MD SF SI * TAY SE CJ CO SED SMI * HS PEER * SMON * CHLD YAD ADLT SNR * AH SP FX * F36 F47 F70 * VAPN * COOT PRS SH CM SPS"}},{"type":"Feature","geometry":{"type":"Point","coordinates":[-123.353005463,39.4115056790001]},"properties":{"USER_name1":"Redwood Community Services Inc","USER_name2":"Behavioral Health Services","USER_street1":"99 South Humboldt Street","USER_city":"Willits","USER_state":"CA","USER_zip":"95490","USER_phone":"707-459-9900","USER_service_code_info":"MH SUMH * OP * OMH * AT CBT CFT DBT GT IPT TELE * PVTN * CLF MD SF SI * TAY GL SED * PEER * SMPD * CHLD YAD * AH SP * VPPD * FPSY ICM CM"}},{"type":"Feature","geometry":{"type":"Point","coordinates":[-122.195778621,39.522139467]},"properties":{"USER_name1":"Northern Valley Indian Health Inc","USER_name2":"","USER_street1":"207 North Butte Street","USER_city":"Willows","USER_state":"CA","USER_zip":"95988","USER_phone":"530-934-4641","USER_service_code_info":"SA MH SUMH * OP * OMH * ANTPYCH * AT CBT CFT DBT EMDR GT IDD IPT TELE * PVTN * FQHC * ITU MC MD PI SF SI * CO DV TRMA PTSD * STU * HIVT STDT TBS HBT HCT * TCC * SMON * CHLD YAD ADLT SNR * AH * VAPN * COOT FPSY CM IPC SPS"}},{"type":"Feature","geometry":{"type":"Point","coordinates":[-121.789871,38.674857]},"properties":{"USER_name1":"Woodland Memorial Hospital","USER_name2":"","USER_street1":"- - -","USER_city":"Woodland","USER_state":"CA","USER_zip":"95695","USER_phone":"530-662-3961 x5300","USER_service_code_info":"MH * HI * IPSY * CHLOR FLUPH HALOP ARIPI ASENA BREXP CARIP CLOZA LURAS OLANZ PALIP QUETI RISPE ZIPRA NRT NSC ANTPYCH * AT CBT GT IPT TELE * PEON WI * PVTN * MC MD MI PI SCJJ SF SI VAF * STU * MST LABT * TCC * SMON * YAD ADLT SNR * AH * VAPN * CDM COOT IMR CM SPS ES"}},{"type":"Feature","geometry":{"type":"Point","coordinates":[-118.010883461,33.943582458]},"properties":{"USER_name1":"Whole Child","USER_name2":"","USER_street1":"10155 Colima Road","USER_city":"Whittier","USER_state":"CA","USER_zip":"90603","USER_phone":"562-692-0383 x236","USER_service_code_info":"MH SUMH * OP * OMH * ANTPYCH * CBT CFT GT IPT TELE * CIT * PVTN * CLF CMHG CSBG MD OSF * TAY GL TRMA PEFP PTSD SED SMI * SMON * CHLD YAD ADLT SNR * SP * VAPN * COOT FPSY ICM PRS CM SPS"}},{"type":"Feature","geometry":{"type":"Point","coordinates":[-121.794327452,38.6749432140001]},"properties":{"USER_name1":"Stanford Sierra Youth and Families","USER_name2":"Stanford Youth Solutions","USER_street1":"520 Cottonwood Street","USER_city":"Woodland","USER_state":"CA","USER_zip":"95695","USER_phone":"916-344-0199","USER_service_code_info":"SA MH SUMH * OP * CMHC * CBT CFT GT IDD IPT TELE * CIT * PVTN * MC * TAY GL CO TRMA PED PTSD SED SMI * PEER * SMPD * CHLD YAD * AH SP * VPPD * FPSY PRS CM SPS"}},{"type":"Feature","geometry":{"type":"Point","coordinates":[-118.610104,34.1777480000001]},"properties":{"USER_name1":"Destinations for Teens","USER_name2":"Calenda","USER_street1":"- - -","USER_city":"Woodland Hills","USER_state":"CA","USER_zip":"91367","USER_phone":"818-737-2221","USER_service_code_info":"SA MH SUMH * RES * RTCC * CHLOR FLUPH HALOP LOXAP PERPH PIMOZ PROCH THIOT THIOR TRIFL ARIPI ASENA BREXP CARIP CLOZA ILOPE LURAS OLANZ OLANZF PALIP QUETI RISPE ZIPRA NRT NSC ANTPYCH * AT CBT CFT DBT GT IDD IPT TELE * PVTP * MI PI SF * GL MF CJ CO HV DV TRMA TBI PEFP PTSD SED * STU * TBS * PEER * TCC * SMON * CHLD * VAPN * ACT COOT FPSY PRS SPS ES"}},{"type":"Feature","geometry":{"type":"Point","coordinates":[-121.79533328,38.6875854290001]},"properties":{"USER_name1":"Yolo County Health and Human Services","USER_name2":"Mental Health Services","USER_street1":"137 North Cottonwood Street","USER_city":"Woodland","USER_state":"CA","USER_zip":"95695","USER_phone":"530-666-8630","USER_service_code_info":"SA MH SUMH * OP * OMH * CHLOR FLUPH HALOP LOXAP PERPH PIMOZ PROCH ARIPI ASENA BREXP CARIP CLOZA ILOPE LURAS OLANZ OLANZF PALIP QUETI RISPE ZIPRA ANTPYCH * CBT GT IPT TELE * CIT PEON PEOFF * LCCG * CMHG CSBG MC MD SF SI * TAY SE CJ CO SED SMI * HS PEER * SMON * CHLD YAD ADLT SNR * AH SP FX * F36 F47 F70 * VAPN * COOT PRS SH CM SPS"}},{"type":"Feature","geometry":{"type":"Point","coordinates":[-118.6010365,34.1788632350001]},"properties":{"USER_name1":"Center for Discovery","USER_name2":"Woodland Hills","USER_street1":"21650 Oxnard Street","USER_city":"Woodland Hills","USER_state":"CA","USER_zip":"91367","USER_phone":"855-818-2029","USER_service_code_info":"SA MH SUMH * OP PHDT * PH * ANTPYCH * AT CBT CFT DBT GT IDD IPT TELE * CIT * PVTP * PI SF * SE GL VET MF CO HV DV TRMA PED PEFP PTSD SMI * STU * MST * TCC * SMPD * CHLD YAD ADLT SNR * FX * F92 * VPPD * DEC FPSY ICM PRS VRS CM SPS"}},{"type":"Feature","geometry":{"type":"Point","coordinates":[-118.610104,34.1777480000001]},"properties":{"USER_name1":"Destinations for Teens","USER_name2":"Hatteras","USER_street1":"- - -","USER_city":"Woodland Hills","USER_state":"CA","USER_zip":"91367","USER_phone":"818-737-2221","USER_service_code_info":"SA MH SUMH * RES * RTCC * CHLOR FLUPH HALOP LOXAP PERPH PIMOZ PROCH THIOT THIOR TRIFL ARIPI ASENA BREXP CARIP CLOZA ILOPE LURAS OLANZ OLANZF PALIP QUETI RISPE ZIPRA NRT NSC ANTPYCH * AT CBT CFT DBT GT IDD IPT TELE * PVTP * MI PI SF * GL MF CJ CO HV DV TRMA TBI PEFP PTSD SED * STU * TBS * PEER * TCC * SMON * CHLD * VAPN * ACT COOT FPSY PRS SPS ES"}},{"type":"Feature","geometry":{"type":"Point","coordinates":[-118.610104,34.1777480000001]},"properties":{"USER_name1":"Destinations for Teens","USER_name2":"Ladrillo","USER_street1":"- - -","USER_city":"Woodland Hills","USER_state":"CA","USER_zip":"91367","USER_phone":"818-737-2221","USER_service_code_info":"SA MH SUMH * RES * RTCC * CHLOR FLUPH HALOP LOXAP PERPH PIMOZ PROCH THIOT THIOR TRIFL ARIPI ASENA BREXP CARIP CLOZA ILOPE LURAS OLANZ OLANZF PALIP QUETI RISPE ZIPRA NRT NSC ANTPYCH * AT CBT CFT DBT GT IDD IPT TELE * PVTP * MI PI SF * GL MF CJ CO HV DV TRMA TBI PEFP PTSD SED * STU * TBS * PEER * TCC * SMON * CHLD * VAPN * ACT COOT FPSY PRS SPS ES"}},{"type":"Feature","geometry":{"type":"Point","coordinates":[-118.610104,34.1777480000001]},"properties":{"USER_name1":"Destinations for Teens","USER_name2":"Woodland Hills","USER_street1":"- - -","USER_city":"Woodland Hills","USER_state":"CA","USER_zip":"91367","USER_phone":"818-737-2221","USER_service_code_info":"SA MH SUMH * OP PHDT * PH * CHLOR FLUPH HALOP LOXAP PERPH PIMOZ PROCH THIOT THIOR TRIFL ARIPI ASENA BREXP CARIP CLOZA ILOPE LURAS OLANZ OLANZF PALIP QUETI RISPE ZIPRA NRT NSC ANTPYCH * AT CBT CFT DBT GT IDD IPT TELE * PVTP * MI PI SF * GL MF CJ CO HV DV TRMA TBI PEFP PTSD SED * STU * PEER * TCC * SMON * CHLD * VAPN * ACT COOT FPSY PRS SPS ES"}},{"type":"Feature","geometry":{"type":"Point","coordinates":[-118.570632571,34.1553829260001]},"properties":{"USER_name1":"Hillside Recovery Center","USER_name2":"","USER_street1":"4615 Winnetka Circle","USER_city":"Woodland Hills","USER_state":"CA","USER_zip":"91364","USER_phone":"424-644-4589","USER_service_code_info":"SA MH SUMH * HI PHDT RES * RTCA * CHLOR DROPE FLUPH HALOP LOXAP PERPH PIMOZ PROCH THIOT THIOR TRIFL ARIPI ASENA BREXP CARIP CLOZA ILOPE LURAS OLANZ OLANZF PALIP QUETI RISPE ZIPRA NRT NSC ANTPYCH * AT CBT CRT CFT DBT ECT EMDR GT IDD IPT KIT TMS TELE AIM * CIT PEON PEOFF WI * PVTP * CLF CMHG CSBG ITU MI OSF PI PCF SF VAF * SS * TAY SE GL VET ADM MF CJ CO HV DV TRMA TBI ALZ PED PEFP PTSD SMI * STU * HIVT STDT TBS MST HBT HCT LABT * HS PEER * TCC * SMOP * YAD ADLT SNR * SP * VAPP * ACT AOT CDM COOT DEC FPSY ICM IMR LAD PRS SEMP SH TPC VRS CM IPC SPS ES"}},{"type":"Feature","geometry":{"type":"Point","coordinates":[-118.610104,34.1777480000001]},"properties":{"USER_name1":"Optimum Performance Institute","USER_name2":"","USER_street1":"- - -","USER_city":"Woodland Hills","USER_state":"CA","USER_zip":"91367","USER_phone":"818-610-3956","USER_service_code_info":"SA MH SUMH * OP RES * RTCA * ARIPI ASENA BREXP CARIP CLOZA ILOPE LURAS OLANZ OLANZF PALIP QUETI RISPE ZIPRA NRT ANTPYCH * AT CBT CFT DBT GT IDD IPT * PVTP * SF * TAY GL CO PED PTSD SMI * STU * PEER * TCC * SMPD * CHLD YAD ADLT * VPPD * DEC FPSY CM ES"}},{"type":"Feature","geometry":{"type":"Point","coordinates":[-118.575852569,34.1688080100001]},"properties":{"USER_name1":"Launch to Wellness","USER_name2":"","USER_street1":"20350 Ventura Boulevard","USER_city":"Woodland Hills","USER_state":"CA","USER_zip":"91364","USER_phone":"818-617-6144","USER_service_code_info":"SA MH SUMH * OP PHDT * PH * HALOP ARIPI OLANZ OLANZF PALIP QUETI RISPE NRT NSC ANTPYCH * AT CBT CRT CFT DBT GT IDD IPT TELE * CIT PEON * PVTP * ITU MI PI SF * SS * SE GL VET ADM MF CJ CO HV DV TRMA PED PEFP PTSD SMI * STU * HS PEER * TCC * SMPD * YAD ADLT SNR * VPPD * ACT CDM COOT DEC FPSY ICM IMR LAD PRS SEMP SH VRS CM IPC SPS ES"}},{"type":"Feature","geometry":{"type":"Point","coordinates":[-118.5944916,34.1827964080001]},"properties":{"USER_name1":"Stairway Resource Center","USER_name2":"","USER_street1":"21210 Erwin Street","USER_city":"Woodland Hills","USER_state":"CA","USER_zip":"91367","USER_phone":"949-307-0585","USER_service_code_info":"SA MH SUMH * OP PHDT * MSMH * HALOP ARIPI CLOZA ILOPE OLANZF RISPE ANTPYCH * AT CBT CRT CFT DBT EMDR GT IDD IPT TMS TELE * CIT * PVTP * MI PI SF * TAY SE GL VET MF CJ CO HV DV TRMA PEFP PTSD SED SMI * HIVT STDT TBS MST HBT HCT LABT * PEER * SMPD * YAD ADLT SNR * VPPD * ACT AOT COOT FPSY ICM LAD PRS SEMP CM ES"}},{"type":"Feature","geometry":{"type":"Point","coordinates":[-122.647319707,41.705043834]},"properties":{"USER_name1":"Siskiyou County HHSA","USER_name2":"Behavioral Health Division","USER_street1":"2060 Campus Drive","USER_city":"Yreka","USER_state":"CA","USER_zip":"96097","USER_phone":"530-841-4100","USER_service_code_info":"SA MH * OP * OMH * CHLOR FLUPH HALOP LOXAP ARIPI BREXP CLOZA LURAS OLANZ PALIP QUETI RISPE ZIPRA ANTPYCH * CBT GT IPT TELE AIM * CIT PEON WI * LCCG * CMHG CSBG MC MD SCJJ SF SMHA SWFS * PA SS * STU * HS PEER * SMPD * CHLD YAD ADLT SNR * AH FX * F25 F37 * VPPD * AOT COOT PRS SH CM IPC SPS"}},{"type":"Feature","geometry":{"type":"Point","coordinates":[-121.613359648,39.144765986]},"properties":{"USER_name1":"Ampla Health Yuba","USER_name2":"","USER_street1":"1000 Sutter Street","USER_city":"Yuba City","USER_state":"CA","USER_zip":"95991","USER_phone":"530-673-9420","USER_service_code_info":"SA MH SUMH * OP * OMH * ARIPI OLANZF NRT NSC ANTPYCH * CBT CFT DBT IDD IPT TELE * PVTN * FQHC * MC MD MI PI SF SI * TAY SE CO HV TRMA PTSD * STU * HIVT STDT TBS MST LABT * TCC * SMON * CHLD YAD ADLT SNR * AH * VPPD * CDM DEC FPSY CM IPC ES"}},{"type":"Feature","geometry":{"type":"Point","coordinates":[-121.64819643,39.1457427290001]},"properties":{"USER_name1":"Peach Tree Health","USER_name2":"Yuba City","USER_street1":"1275 Tharp Road","USER_city":"Yuba City","USER_state":"CA","USER_zip":"95993","USER_phone":"530-749-3242","USER_service_code_info":"SA MH * OP * OMH * NRT NSC * CBT DBT GT IDD IPT TELE AIM * PVTN * FQHC * MC MD MI PI SF SI * PA SS * TAY SE GL VET ADM MF CJ CO HV DV TRMA TBI ALZ PED PEFP PTSD * STU * HIVT STDT TBS MST HBT HCT LABT * HS * TCC * SMON * CHLD YAD ADLT SNR * AH SP FX * F37 * VAPN * CDM DEC FPSY CM IPC SPS ES"}},{"type":"Feature","geometry":{"type":"Point","coordinates":[-117.054721209,34.0343864230001]},"properties":{"USER_name1":"South Coast Community Services","USER_name2":"","USER_street1":"34324 Yucaipa Boulevard","USER_city":"Yucaipa","USER_state":"CA","USER_zip":"92399","USER_phone":"877-527-7227","USER_service_code_info":"MH SUMH * OP * OMH * CHLOR HALOP TRIFL ARIPI ASENA CLOZA ILOPE LURAS OLANZ OLANZF PALIP QUETI RISPE ZIPRA ANTPYCH * CBT CFT DBT EMDR GT IPT TELE AIM * PVTP * CLF MC MD PI SF SMHA * TAY SE GL VET CO TRMA PTSD SED SMI * PEER * SMPD * CHLD YAD ADLT SNR * AH SP * VPPD * FPSY PRS CM SPS"}},{"type":"Feature","geometry":{"type":"Point","coordinates":[-116.417380234,34.121148551]},"properties":{"USER_name1":"Valley Star Behavioral Health","USER_name2":"","USER_street1":"7281 Dumosa Avenue","USER_city":"Yucca Valley","USER_state":"CA","USER_zip":"92284","USER_phone":"760-853-4755","USER_service_code_info":"MH SUMH * OP * OMH * ARIPI ILOPE LURAS OLANZ QUETI RISPE ANTPYCH * AT CBT DBT GT IPT TELE * CIT PEOFF * PVTP * FQHC * CLF MC MD OSF SI SMHA SWFS * PA * TAY SE GL CO TRMA PTSD SED SMI * STU * SMON * CHLD YAD ADLT * AH SP * VAPN * SEMP VRS CM SPS ES"}},{"type":"Feature","geometry":{"type":"Point","coordinates":[-118.605504808,34.177098635]},"properties":{"USER_name1":"Warner Park Recovery Center","USER_name2":"","USER_street1":"5855 Topanga Canyon Boulevard","USER_city":"Woodland Hills","USER_state":"CA","USER_zip":"91367","USER_phone":"818-916-6869","USER_service_code_info":"SA MH SUMH * OP PHDT * MSMH * ARIPI BREXP CARIP CLOZA ILOPE LURAS OLANZ OLANZF PALIP QUETI RISPE ZIPRA ANTPYCH * AT CBT CFT DBT GT IDD IPT TELE * PVTP * ITU MI PI SF * SS * TAY SE GL CJ CO DV TRMA PTSD SMI * STU * HS PEER * TCC * SMPD * YAD ADLT SNR * VPPD * ACT CDM COOT DEC FPSY ICM IMR LAD PRS SEMP SH TPC VRS CM IPC SPS ES"}}]}