{"type":"FeatureCollection","features":[{"type":"Feature","properties":{"district":"1"},"geometry":{"type":"Polygon","coordinates":[[[-120.001,38.9996],[-119.5795,38.7056],[-119.5919,38.6901],[-119.5915,38.6822],[-119.5993,38.6702],[-119.6147,38.6659],[-119.6205,38.6107],[-119.6191,38.6035],[-119.6089,38.5947],[-119.5956,38.5903],[-119.5843,38.552],[-119.571,38.5417],[-119.5669,38.5253],[-119.561,38.5255],[-119.5562,38.5166],[-119.5575,38.5021],[-119.5429,38.4997],[-119.5423,38.4812],[-119.5461,38.4741],[-119.5562,38.4697],[-119.5564,38.4475],[-119.57,38.4349],[-119.5614,38.4198],[-119.563,38.409],[-119.5837,38.3969],[-119.6012,38.4054],[-119.6221,38.3939],[-119.6066,38.3672],[-119.6356,38.3539],[-119.6279,38.3481],[-119.6392,38.3269],[-119.7,38.3652],[-119.6943,38.3851],[-119.6987,38.4098],[-119.7079,38.4173],[-119.7507,38.4174],[-119.7706,38.4067],[-119.8014,38.4015],[-119.8147,38.3875],[-119.8376,38.3824],[-119.8848,38.3562],[-120.0537,38.4556],[-120.0726,38.4471],[-120.0725,38.5099],[-120.1034,38.5054],[-120.1115,38.4985],[-120.1252,38.4958],[-120.1394,38.4983],[-120.1643,38.4942],[-120.2077,38.501],[-120.2409,38.4854],[-120.2599,38.4867],[-120.2691,38.4778],[-120.2948,38.4772],[-120.3311,38.4652],[-120.3649,38.4666],[-120.3807,38.461],[-120.3881,38.4667],[-120.4232,38.4733],[-120.4614,38.4462],[-120.4954,38.4496],[-120.5301,38.4189],[-120.5376,38.4185],[-120.5408,38.4231],[-120.5716,38.4139],[-120.5743,38.4019],[-120.6087,38.3975],[-120.6171,38.3782],[-120.6101,38.3707],[-120.6186,38.3665],[-120.6197,38.3577],[-120.6283,38.3554],[-120.6318,38.34],[-120.6385,38.3408],[-120.6565,38.3309],[-120.6749,38.3307],[-120.6882,38.3189],[-120.7383,38.3078],[-120.7549,38.2883],[-120.7985,38.2856],[-120.8078,38.2887],[-120.8106,38.2816],[-120.8177,38.2836],[-120.8221,38.2755],[-120.8468,38.2643],[-120.8557,38.2483],[-120.8801,38.2406],[-120.883,38.2307],[-120.8914,38.2286],[-120.8796,38.254],[-120.8911,38.2567],[-120.9086,38.2511],[-120.9194,38.259],[-120.9185,38.2734],[-120.9116,38.2767],[-120.9136,38.2886],[-120.899,38.2965],[-120.9072,38.3229],[-120.907,38.3301],[-120.9001,38.3324],[-120.8985,38.3337],[-120.9045,38.3318],[-120.9195,38.3417],[-120.9288,38.3607],[-120.9061,38.3903],[-120.9084,38.4049],[-120.9001,38.4201],[-120.8982,38.4497],[-120.8874,38.4498],[-120.8934,38.4636],[-120.9045,38.468],[-120.9113,38.5012],[-120.9355,38.499],[-120.9357,38.4951],[-120.9558,38.5224],[-120.9404,38.5285],[-120.9365,38.5194],[-120.9268,38.515],[-120.9108,38.5206],[-120.9024,38.5312],[-120.8858,38.5248],[-120.8808,38.5295],[-120.8837,38.5365],[-120.8763,38.5433],[-120.871,38.5363],[-120.8635,38.5353],[-120.8624,38.5433],[-120.8566,38.5427],[-120.856,38.5487],[-120.8425,38.5558],[-120.8359,38.5515],[-120.8176,38.5628],[-120.7915,38.5663],[-120.7899,38.5716],[-120.7457,38.579],[-120.7357,38.5901],[-120.7039,38.6094],[-120.7016,38.6253],[-120.7286,38.6179],[-120.7368,38.6178],[-120.7398,38.6227],[-120.7354,38.6337],[-120.7426,38.6371],[-120.7424,38.6484],[-120.7273,38.6508],[-120.7265,38.6455],[-120.7153,38.6435],[-120.7016,38.6533],[-120.7127,38.6562],[-120.7188,38.6736],[-120.7377,38.6799],[-120.7635,38.6779],[-120.7601,38.6821],[-120.785,38.6943],[-120.7933,38.7035],[-120.7173,38.7184],[-120.7362,38.7233],[-120.7405,38.7318],[-120.7554,38.7358],[-120.7606,38.7461],[-120.7423,38.7414],[-120.7298,38.7445],[-120.7202,38.7573],[-120.717,38.755],[-120.7095,38.7601],[-120.7079,38.768],[-120.6978,38.7693],[-120.7197,38.7786],[-120.7366,38.7718],[-120.7423,38.7772],[-120.7542,38.7752],[-120.7593,38.7808],[-120.766,38.7772],[-120.7725,38.7834],[-120.7837,38.7819],[-120.7767,38.777],[-120.7817,38.7639],[-120.7914,38.7629],[-120.7928,38.7683],[-120.8014,38.769],[-120.8063,38.7647],[-120.8106,38.7719],[-120.8217,38.7661],[-120.8137,38.7733],[-120.8271,38.7733],[-120.8172,38.7833],[-120.8226,38.8139],[-120.8171,38.8338],[-120.8327,38.8578],[-120.8331,38.8741],[-120.8302,38.8797],[-120.8183,38.8708],[-120.8216,38.8931],[-120.8166,38.8912],[-120.8116,38.9006],[-120.8127,38.8926],[-120.798,38.897],[-120.7955,38.9217],[-120.787,38.9249],[-120.7879,38.9369],[-120.8255,38.9386],[-120.8538,38.9285],[-120.8772,38.9315],[-120.8958,38.9437],[-120.9021,38.9532],[-120.9362,38.9639],[-120.9406,38.961],[-120.9386,38.9356],[-120.9578,38.9391],[-120.9652,38.9328],[-120.992,38.9272],[-120.9996,38.9182],[-121.0362,38.9138],[-121.0411,38.9261],[-121.0337,38.9406],[-121.0103,38.9518],[-121.0026,38.9608],[-121.0178,38.9698],[-120.9921,39.0065],[-121.004,39.0152],[-121.0008,39.0236],[-121.0047,39.0411],[-121.0146,39.0475],[-121.0202,39.0461],[-121.0217,39.0392],[-121.0304,39.0372],[-121.0381,39.016],[-121.0686,39.0052],[-121.0804,39.0069],[-121.0895,39.0144],[-121.1051,39.0121],[-121.1077,39.0176],[-121.1232,39.0244],[-121.1251,39.0325],[-121.1374,39.0379],[-121.1525,39.0268],[-121.1726,39.0185],[-121.1794,39.02],[-121.1864,39.0129],[-121.1989,39.0176],[-121.2059,39.0119],[-121.2218,39.012],[-121.2333,39.0248],[-121.241,39.0214],[-121.269,39.024],[-121.2705,39.0308],[-121.2795,39.0346],[-121.2795,39.2305],[-121.2688,39.2403],[-121.2693,39.2521],[-121.2592,39.2564],[-121.2661,39.2727],[-121.2426,39.2835],[-121.2184,39.2842],[-121.2149,39.2929],[-121.2002,39.3024],[-121.2064,39.3165],[-121.1956,39.3296],[-121.1845,39.3309],[-121.178,39.3387],[-121.165,39.3386],[-121.1625,39.3326],[-121.1575,39.3325],[-121.1548,39.3486],[-121.1438,39.3497],[-121.1451,39.3558],[-121.1369,39.3681],[-121.1271,39.3726],[-121.1279,39.38],[-121.1016,39.381],[-121.0964,39.3877],[-121.0869,39.3864],[-121.084,39.3946],[-121.0631,39.391],[-121.0498,39.3955],[-121.0419,39.3882],[-121.0346,39.3955],[-121.0257,39.3894],[-121.0221,39.3916],[-121.0344,39.5145],[-121.0488,39.517],[-121.0582,39.537],[-121.0483,39.5483],[-121.0244,39.5591],[-121.0095,39.6395],[-121.0767,39.5973],[-121.0794,39.6034],[-121.0889,39.6033],[-121.089,39.6136],[-121.0977,39.6137],[-121.0976,39.6209],[-121.1163,39.621],[-121.1166,39.6281],[-121.1367,39.6282],[-121.1364,39.6568],[-121.1551,39.6568],[-121.1552,39.6639],[-121.1629,39.6638],[-121.163,39.671],[-121.1712,39.6711],[-121.1712,39.6856],[-121.1903,39.6854],[-121.1905,39.6999],[-121.2087,39.7004],[-121.2109,39.7257],[-121.2295,39.7257],[-121.2297,39.7402],[-121.2483,39.74],[-121.2507,39.754],[-121.268,39.7542],[-121.2683,39.7688],[-121.2859,39.7676],[-121.285,39.7816],[-121.2941,39.7893],[-121.3078,39.7894],[-121.3077,39.7966],[-121.317,39.7967],[-121.3185,39.8109],[-121.3323,39.8111],[-121.3323,39.8257],[-121.3508,39.8257],[-121.3511,39.8404],[-121.3605,39.8407],[-121.3612,39.8555],[-121.3802,39.8554],[-121.3802,39.8628],[-121.3985,39.8629],[-121.399,39.8713],[-121.4119,39.8714],[-121.411,39.9004],[-121.43,39.9003],[-121.43,39.9148],[-121.411,39.9151],[-121.4111,39.9294],[-121.4206,39.9295],[-121.4199,39.9586],[-121.4103,39.9585],[-121.4103,39.9873],[-121.4198,39.9876],[-121.4195,40.0158],[-121.4096,40.0157],[-121.4097,40.0306],[-121.4004,40.0305],[-121.4004,40.0521],[-121.3823,40.0518],[-121.382,40.057],[-121.3771,40.0571],[-121.3769,40.0718],[-121.3672,40.0719],[-121.3668,40.0861],[-121.3768,40.086],[-121.3765,40.1086],[-121.3861,40.1087],[-121.3859,40.1159],[-121.4049,40.1156],[-121.4045,40.1517],[-121.4419,40.1521],[-121.4462,40.1559],[-121.4429,40.1619],[-121.4451,40.1777],[-121.4361,40.1819],[-121.4441,40.1908],[-121.4344,40.1959],[-121.4074,40.1914],[-121.385,40.2103],[-121.3677,40.2127],[-121.3617,40.2256],[-121.3673,40.245],[-121.349,40.2645],[-121.3527,40.2685],[-121.3494,40.2734],[-121.3599,40.2775],[-121.3632,40.2875],[-121.3703,40.288],[-121.3768,40.298],[-121.3667,40.3011],[-121.3566,40.2975],[-121.3423,40.3098],[-121.3675,40.3229],[-121.3673,40.331],[-121.3804,40.3403],[-121.4121,40.3427],[-121.4286,40.3503],[-121.4724,40.3516],[-121.481,40.3666],[-121.4736,40.3746],[-121.4828,40.3829],[-121.4843,40.3966],[-121.4796,40.4195],[-121.4738,40.4246],[-121.4979,40.432],[-121.4944,40.4404],[-121.4976,40.4456],[-121.5651,40.4458],[-121.5931,40.4311],[-121.6141,40.4391],[-121.6463,40.4347],[-121.672,40.4504],[-121.6858,40.4531],[-121.6983,40.4483],[-121.7198,40.4486],[-121.7346,40.4356],[-121.7763,40.4376],[-121.7877,40.4437],[-121.8067,40.445],[-121.8341,40.4373],[-121.8571,40.4419],[-121.8798,40.4361],[-121.9007,40.421],[-121.9148,40.426],[-121.941,40.4153],[-122.01,40.4268],[-122.0148,40.421],[-122.0219,40.4241],[-122.031,40.4174],[-122.0522,40.4204],[-122.0912,40.4106],[-122.0916,40.4143],[-122.0968,40.4099],[-122.0991,40.4148],[-122.1113,40.4054],[-122.129,40.4038],[-122.1294,40.3988],[-122.1829,40.3925],[-122.1885,40.3875],[-122.1781,40.3838],[-122.1731,40.3791],[-122.1873,40.3814],[-122.1936,40.3923],[-122.1995,40.3778],[-122.2272,40.3893],[-122.2355,40.3854],[-122.2518,40.3872],[-122.257,40.3794],[-122.2809,40.3758],[-122.2941,40.3805],[-122.3104,40.3711],[-122.321,40.3749],[-122.3422,40.3709],[-122.3958,40.3721],[-122.4126,40.3745],[-122.4179,40.3797],[-122.444,40.3733],[-122.4529,40.3785],[-122.4629,40.3756],[-122.4705,40.3839],[-122.5002,40.3825],[-122.505,40.3894],[-122.5138,40.3884],[-122.5246,40.3945],[-122.522,40.3878],[-122.5322,40.3798],[-122.541,40.3824],[-122.5417,40.3765],[-122.5506,40.3784],[-122.564,40.3656],[-122.5813,40.3673],[-122.5859,40.3593],[-122.597,40.3572],[-122.6102,40.3464],[-122.6252,40.3475],[-122.6219,40.3404],[-122.6506,40.3284],[-122.6737,40.3304],[-122.6773,40.3363],[-122.7097,40.3482],[-122.7317,40.347],[-122.7302,40.3583],[-122.7488,40.3657],[-122.7525,40.3605],[-122.7587,40.3633],[-122.7881,40.3553],[-122.8059,40.3559],[-122.8538,40.3429],[-122.8727,40.3489],[-122.884,40.3422],[-122.9036,40.3162],[-122.9071,40.3178],[-122.919,40.3066],[-122.9296,40.3075],[-122.9344,40.3132],[-122.9498,40.308],[-122.9769,40.3152],[-123.0138,40.3031],[-123.0252,40.3037],[-123.0567,40.2854],[-123.0654,40.287],[-123.0689,40.3083],[-123.0618,40.3134],[-123.0688,40.3322],[-123.064,40.3375],[-123.0655,40.3451],[-123.0569,40.3493],[-123.044,40.347],[-123.0393,40.3627],[-123.0183,40.3724],[-123.0164,40.3856],[-122.9966,40.3964],[-122.9987,40.4181],[-122.9749,40.4196],[-122.961,40.426],[-122.9542,40.4215],[-122.9386,40.4289],[-122.9378,40.4369],[-122.9279,40.4471],[-122.9177,40.4498],[-122.9012,40.4456],[-122.8837,40.4748],[-122.8765,40.4804],[-122.851,40.4859],[-122.8465,40.4935],[-122.8521,40.501],[-122.846,40.5052],[-122.7933,40.5145],[-122.7936,40.5234],[-122.7822,40.5319],[-122.7852,40.5409],[-122.7675,40.5552],[-122.7439,40.5538],[-122.7413,40.5641],[-122.7231,40.5752],[-122.6988,40.5693],[-122.6931,40.5753],[-122.701,40.5877],[-122.7061,40.6102],[-122.7109,40.6132],[-122.7097,40.6312],[-122.7362,40.6363],[-122.727,40.6505],[-122.7336,40.6624],[-122.7412,40.6654],[-122.7426,40.6788],[-122.7523,40.6896],[-122.7439,40.695],[-122.73,40.6922],[-122.7224,40.6955],[-122.7066,40.7253],[-122.7199,40.7394],[-122.7174,40.7472],[-122.7063,40.7496],[-122.7005,40.7589],[-122.6705,40.7728],[-122.6581,40.7875],[-122.6614,40.8005],[-122.6553,40.8082],[-122.6661,40.8259],[-122.6554,40.8416],[-122.6397,40.845],[-122.6344,40.8613],[-122.6264,40.8671],[-122.6255,40.8792],[-122.6099,40.8846],[-122.6,40.9003],[-122.6128,40.9213],[-122.6032,40.9406],[-122.6074,40.9578],[-122.6031,40.9594],[-122.5985,40.9759],[-122.5914,40.9767],[-122.5892,40.9854],[-122.5692,40.985],[-122.5545,41.0036],[-122.5379,41.0024],[-122.5278,41.0144],[-122.5289,41.0365],[-122.5232,41.0592],[-122.5276,41.0642],[-122.538,41.065],[-122.5398,41.0726],[-122.5134,41.0882],[-122.4933,41.086],[-122.4681,41.0968],[-122.4572,41.0966],[-122.4519,41.1082],[-122.446,41.1334],[-122.4506,41.1469],[-122.446,41.1592],[-122.476,41.1765],[-122.4977,41.1786],[-122.495,41.1924],[-122.5226,41.2135],[-122.5123,41.2265],[-122.5175,41.2398],[-122.5083,41.2453],[-122.514,41.2552],[-122.5133,41.2837],[-122.4992,41.2921],[-122.5019,41.3091],[-122.4788,41.3201],[-122.5026,41.3329],[-122.5039,41.343],[-122.5358,41.3415],[-122.5427,41.3502],[-122.5405,41.3532],[-122.5517,41.3617],[-122.5727,41.368],[-122.5858,41.3576],[-122.587,41.3497],[-122.581,41.3377],[-122.5891,41.3268],[-122.5989,41.3245],[-122.6275,41.332],[-122.6421,41.3266],[-122.6477,41.3223],[-122.6456,41.3047],[-122.6516,41.2996],[-122.6529,41.2897],[-122.6635,41.2916],[-122.6773,41.285],[-122.6791,41.279],[-122.6874,41.2813],[-122.712,41.2748],[-122.7246,41.2611],[-122.7253,41.2475],[-122.7583,41.2408],[-122.777,41.2308],[-122.7812,41.2182],[-122.8021,41.2031],[-122.8114,41.2025],[-122.8252,41.21],[-122.844,41.2002],[-122.8859,41.2051],[-122.9069,41.1959],[-122.9154,41.1872],[-122.9249,41.1867],[-122.9292,41.1787],[-122.9384,41.1781],[-122.9513,41.1856],[-122.9614,41.1815],[-122.9517,41.1503],[-122.9654,41.1383],[-122.9599,41.124],[-122.9743,41.1096],[-122.9691,41.1034],[-122.971,41.0902],[-122.9661,41.0809],[-122.9532,41.0743],[-122.9421,41.0701],[-122.9233,41.072],[-122.9092,41.0412],[-122.8974,41.0292],[-122.9024,41.0238],[-122.9031,41.0116],[-122.9145,41.0069],[-122.9175,40.994],[-122.9417,40.9926],[-122.952,41.0064],[-122.9801,41.0143],[-123.0371,41.0042],[-123.0476,41.0247],[-123.046,41.0335],[-123.0552,41.0467],[-123.0801,41.0576],[-123.0964,41.0594],[-123.1059,41.0658],[-123.1091,41.0754],[-123.1883,41.0776],[-123.2032,41.0718],[-123.2452,41.078],[-123.2734,41.1229],[-123.284,41.1235],[-123.2951,41.1407],[-123.325,41.1416],[-123.3296,41.1517],[-123.3533,41.1631],[-123.3812,41.1513],[-123.3841,41.1577],[-123.3927,41.1612],[-123.3935,41.1707],[-123.404,41.1745],[-123.4171,41.197],[-123.4348,41.2125],[-123.4344,41.2229],[-123.4549,41.2357],[-123.4422,41.2514],[-123.4438,41.2732],[-123.4628,41.2842],[-123.4555,41.2928],[-123.4569,41.3003],[-123.4635,41.3177],[-123.4787,41.3297],[-123.4825,41.3537],[-123.4741,41.3662],[-123.481,41.372],[-123.5012,41.3826],[-123.6614,41.3821],[-123.6555,41.3884],[-123.656,41.3953],[-123.6417,41.4002],[-123.6389,41.4074],[-123.6486,41.4208],[-123.622,41.4326],[-123.6124,41.449],[-123.6159,41.453],[-123.6116,41.4616],[-123.6266,41.4668],[-123.6378,41.4824],[-123.6345,41.4861],[-123.6461,41.5124],[-123.6426,41.5227],[-123.6481,41.535],[-123.67,41.5441],[-123.6826,41.5431],[-123.6939,41.5519],[-123.6815,41.5718],[-123.6891,41.5821],[-123.6814,41.5867],[-123.6823,41.5949],[-123.6976,41.5909],[-123.6989,41.5957],[-123.7157,41.5913],[-123.7191,41.5953],[-123.7161,41.6066],[-123.6975,41.6267],[-123.6967,41.6339],[-123.6805,41.634],[-123.6885,41.6527],[-123.6853,41.6601],[-123.6896,41.6694],[-123.6629,41.6935],[-123.6701,41.7017],[-123.6602,41.7141],[-123.6661,41.7322],[-123.6783,41.7385],[-123.6884,41.7812],[-123.6746,41.7856],[-123.6721,41.796],[-123.69,41.8032],[-123.6944,41.8157],[-123.7031,41.8198],[-123.7037,41.8295],[-123.6829,41.8371],[-123.6708,41.8354],[-123.6714,41.845],[-123.6615,41.8565],[-123.6495,41.8603],[-123.6514,41.8729],[-123.6465,41.8767],[-123.6523,41.8789],[-123.6422,41.8897],[-123.6245,41.8884],[-123.6171,41.8818],[-123.6063,41.8808],[-123.5936,41.9063],[-123.578,41.903],[-123.5595,41.906],[-123.5536,41.9147],[-123.5544,41.9301],[-123.5333,41.9552],[-123.5409,41.9853],[-123.5199,41.9952],[-123.5179,42.0008],[-123.347,41.9993],[-123.1457,42.0088],[-123.044,42.0031],[-122.3781,42.0095],[-120.9901,41.9931],[-119.9992,41.9949],[-119.9957,40.3758],[-120.0065,39.2729],[-120.001,38.9996]]]}},{"type":"Feature","properties":{"district":"10"},"geometry":{"type":"Polygon","coordinates":[[[-121.3863,38.5431],[-121.371,38.5388],[-121.3699,38.5192],[-121.3628,38.5182],[-121.3628,38.514],[-121.37,38.5139],[-121.3723,38.4962],[-121.2702,38.4962],[-121.2702,38.4892],[-121.2754,38.4856],[-121.2608,38.4851],[-121.2607,38.4723],[-121.2565,38.4723],[-121.2831,38.4466],[-121.2811,38.4409],[-121.2764,38.4423],[-121.2809,38.4382],[-121.2701,38.429],[-121.2805,38.4298],[-121.2862,38.4211],[-121.2977,38.4289],[-121.3033,38.4132],[-121.3145,38.4187],[-121.3543,38.3815],[-121.3468,38.3614],[-121.3585,38.3728],[-121.4176,38.3723],[-121.4174,38.3795],[-121.4453,38.3793],[-121.4453,38.3721],[-121.4501,38.372],[-121.4546,38.4088],[-121.4652,38.4044],[-121.4628,38.4019],[-121.4725,38.3921],[-121.481,38.3942],[-121.4943,38.4586],[-121.5019,38.4557],[-121.5089,38.4728],[-121.5427,38.4765],[-121.5589,38.4979],[-121.5521,38.5137],[-121.5253,38.519],[-121.5305,38.5303],[-121.5126,38.5417],[-121.5219,38.5232],[-121.4787,38.5213],[-121.4776,38.5177],[-121.4697,38.5176],[-121.4773,38.5182],[-121.4718,38.5249],[-121.4665,38.5225],[-121.4734,38.5368],[-121.4742,38.5568],[-121.4647,38.5472],[-121.4231,38.5468],[-121.4132,38.5396],[-121.3863,38.5431]]]}},{"type":"Feature","properties":{"district":"11"},"geometry":{"type":"MultiPolygon","coordinates":[[[[-122.405,38.1555],[-122.2985,38.1552],[-122.2836,38.141],[-122.2842,38.122],[-122.2798,38.1134],[-122.247,38.0759],[-122.252,38.0706],[-122.2563,38.073],[-122.2704,38.0676],[-122.2718,38.0756],[-122.3116,38.1133],[-122.3535,38.1359],[-122.405,38.1555]]],[[[-121.8806,38.538],[-121.8573,38.5381],[-121.8326,38.5298],[-121.7858,38.5231],[-121.7717,38.5323],[-121.7651,38.5259],[-121.7386,38.5377],[-121.712,38.538],[-121.6947,38.5271],[-121.6937,38.3137],[-121.5933,38.3131],[-121.6052,38.2961],[-121.6007,38.2784],[-121.604,38.2701],[-121.6003,38.2578],[-121.6021,38.2216],[-121.6135,38.1976],[-121.6629,38.1819],[-121.6856,38.1597],[-121.5804,38.1261],[-121.5774,38.13],[-121.5755,38.1295],[-121.5841,38.1202],[-121.5835,38.1135],[-121.5643,38.1029],[-121.5672,38.0973],[-121.58,38.0944],[-121.5729,38.0737],[-121.5822,38.0684],[-121.5851,38.0403],[-121.5799,38.0321],[-121.5802,38.0413],[-121.573,38.0422],[-121.5714,38.0304],[-121.5647,38.0302],[-121.5576,38.017],[-121.5721,38.0184],[-121.5672,38.012],[-121.5785,38.0103],[-121.5787,38.0043],[-121.5689,38.0022],[-121.579,37.9986],[-121.5761,37.9949],[-121.5825,37.9839],[-121.5724,37.9791],[-121.5802,37.9764],[-121.5652,37.9599],[-121.5752,37.9551],[-121.5635,37.9548],[-121.5674,37.944],[-121.5576,37.9465],[-121.5636,37.9434],[-121.5564,37.9233],[-121.5651,37.9192],[-121.5633,37.9106],[-121.5728,37.9043],[-121.5662,37.8988],[-121.5691,37.8913],[-121.6231,37.8893],[-121.6231,37.8819],[-121.615,37.8819],[-121.6171,37.8674],[-121.6137,37.8674],[-121.6127,37.846],[-121.625,37.8452],[-121.6296,37.8556],[-121.6596,37.8674],[-121.6632,37.8784],[-121.678,37.8836],[-121.6781,37.8965],[-121.6648,37.8965],[-121.6843,37.9182],[-121.678,37.9183],[-121.6779,37.9328],[-121.6832,37.9327],[-121.6842,37.9404],[-121.6823,37.9629],[-121.6946,37.9616],[-121.6914,37.9679],[-121.6961,37.968],[-121.7003,37.9588],[-121.7053,37.9587],[-121.7043,37.9688],[-121.7302,37.9688],[-121.7564,37.9921],[-121.7508,38.0091],[-121.7517,38.0243],[-121.7832,38.0185],[-121.817,38.0215],[-121.8321,38.0311],[-121.8468,38.06],[-121.8622,38.0661],[-121.8748,38.0507],[-121.9068,38.045],[-121.9354,38.0488],[-121.9775,38.0668],[-122.0284,38.0592],[-122.0611,38.0621],[-122.124,38.0357],[-122.16,38.0334],[-122.1764,38.048],[-122.1717,38.0563],[-122.188,38.0709],[-122.1942,38.0599],[-122.2054,38.0675],[-122.2255,38.065],[-122.2412,38.0722],[-122.2481,38.0885],[-122.2763,38.1181],[-122.2685,38.1453],[-122.2907,38.1532],[-122.1954,38.155],[-122.199,38.1593],[-122.1945,38.1647],[-122.2151,38.1797],[-122.2156,38.1884],[-122.2095,38.1899],[-122.205,38.1985],[-122.2057,38.2082],[-122.195,38.2123],[-122.1934,38.2212],[-122.2018,38.2403],[-122.2125,38.2487],[-122.2111,38.2522],[-122.1952,38.2507],[-122.1933,38.2564],[-122.213,38.2591],[-122.2165,38.266],[-122.2123,38.2728],[-122.1884,38.2716],[-122.2035,38.2929],[-122.1992,38.3015],[-122.206,38.3157],[-122.0648,38.3159],[-122.0682,38.3184],[-122.0614,38.3296],[-122.0698,38.3428],[-122.0734,38.3609],[-122.1264,38.4289],[-122.1236,38.4476],[-122.1049,38.4908],[-122.1033,38.5134],[-122.0574,38.5174],[-122.0356,38.4961],[-122.0134,38.4887],[-121.9411,38.5333],[-121.909,38.5296],[-121.8806,38.538]]]]}},{"type":"Feature","properties":{"district":"12"},"geometry":{"type":"MultiPolygon","coordinates":[[[[-122.4225,37.8671],[-122.4187,37.8525],[-122.4409,37.8551],[-122.4463,37.861],[-122.4307,37.8721],[-122.4225,37.8671]]],[[[-122.6585,38.4651],[-122.5596,38.4275],[-122.5416,38.4425],[-122.5105,38.4353],[-122.5002,38.4372],[-122.4966,38.4465],[-122.5052,38.4561],[-122.483,38.4527],[-122.48,38.443],[-122.4976,38.4245],[-122.4706,38.4049],[-122.4659,38.3904],[-122.4479,38.3793],[-122.4578,38.368],[-122.4497,38.361],[-122.4571,38.3458],[-122.485,38.3395],[-122.4904,38.3327],[-122.4936,38.3383],[-122.5067,38.3387],[-122.5109,38.3473],[-122.5158,38.348],[-122.4947,38.3045],[-122.503,38.3018],[-122.503,38.2908],[-122.4954,38.292],[-122.4924,38.287],[-122.4778,38.2944],[-122.4748,38.2828],[-122.4654,38.2809],[-122.4661,38.2764],[-122.4123,38.2697],[-122.3935,38.2535],[-122.3775,38.2501],[-122.3746,38.2445],[-122.3668,38.247],[-122.3599,38.2305],[-122.3593,38.21],[-122.3504,38.2013],[-122.3496,38.194],[-122.3506,38.1924],[-122.3608,38.1962],[-122.3579,38.1826],[-122.369,38.1819],[-122.3676,38.1588],[-122.4071,38.1591],[-122.4045,38.1478],[-122.4081,38.1396],[-122.4396,38.1178],[-122.4512,38.1165],[-122.4534,38.1202],[-122.4909,38.1121],[-122.5024,38.1148],[-122.4939,38.1193],[-122.4952,38.1217],[-122.5029,38.1152],[-122.5078,38.1206],[-122.5097,38.1174],[-122.4892,38.1053],[-122.491,38.0945],[-122.4836,38.072],[-122.4948,38.0502],[-122.4921,38.0483],[-122.5002,38.0333],[-122.4982,38.0219],[-122.5027,38.0166],[-122.4624,38.0033],[-122.4473,37.9852],[-122.4568,37.9788],[-122.4676,37.9845],[-122.4771,37.9729],[-122.4817,37.9748],[-122.4774,37.9716],[-122.4966,37.9709],[-122.5087,37.9676],[-122.495,37.9697],[-122.4861,37.9471],[-122.4762,37.9423],[-122.4887,37.9369],[-122.5101,37.946],[-122.5075,37.9428],[-122.5138,37.9435],[-122.5143,37.9429],[-122.5053,37.942],[-122.4975,37.9226],[-122.475,37.9172],[-122.4786,37.9156],[-122.4723,37.9083],[-122.4768,37.9059],[-122.4579,37.8941],[-122.4494,37.8944],[-122.4388,37.8803],[-122.45,37.8721],[-122.4628,37.8723],[-122.4579,37.8621],[-122.4692,37.8687],[-122.4724,37.8832],[-122.487,37.8944],[-122.4994,37.8942],[-122.5004,37.8977],[-122.5042,37.8943],[-122.4967,37.8772],[-122.5095,37.8825],[-122.5102,37.8876],[-122.5173,37.886],[-122.5179,37.8921],[-122.5199,37.8897],[-122.5249,37.8964],[-122.5206,37.8838],[-122.49,37.8627],[-122.4763,37.8594],[-122.4791,37.8474],[-122.4714,37.8355],[-122.478,37.833],[-122.4781,37.8254],[-122.4912,37.8266],[-122.5007,37.8199],[-122.5229,37.8249],[-122.5293,37.8153],[-122.5373,37.8303],[-122.5492,37.8343],[-122.5615,37.8518],[-122.5884,37.8615],[-122.6024,37.8756],[-122.6274,37.8809],[-122.6271,37.8861],[-122.6484,37.9016],[-122.6822,37.9064],[-122.7026,37.8938],[-122.7265,37.9032],[-122.7369,37.9258],[-122.7833,37.9483],[-122.7933,37.9717],[-122.8214,37.9967],[-122.8712,38.0219],[-122.8946,38.0275],[-122.926,38.0288],[-122.9305,38.0313],[-122.8881,38.0282],[-122.8917,38.034],[-122.9083,38.0338],[-122.9044,38.0418],[-122.9093,38.0515],[-122.9145,38.0335],[-122.9182,38.0371],[-122.921,38.033],[-122.9319,38.0356],[-122.9376,38.0463],[-122.9343,38.0537],[-122.9168,38.0686],[-122.9231,38.0748],[-122.9272,38.0639],[-122.9333,38.0647],[-122.932,38.0815],[-122.9356,38.0845],[-122.9287,38.0911],[-122.9354,38.0889],[-122.9443,38.0608],[-122.9545,38.062],[-122.9532,38.0714],[-122.9574,38.0775],[-122.9584,38.0616],[-122.9509,38.058],[-122.9494,38.0489],[-122.9644,38.0561],[-122.9361,38.0339],[-122.9664,38.0244],[-122.9833,38.0056],[-122.9833,37.9979],[-122.9645,37.9901],[-123.0241,37.9949],[-123.013,38.0014],[-122.9959,38.034],[-122.9609,38.113],[-122.9488,38.1542],[-122.9536,38.1757],[-122.9683,38.1827],[-122.9668,38.1996],[-122.9806,38.2143],[-122.9817,38.2231],[-122.9952,38.241],[-122.9462,38.2016],[-122.9501,38.1938],[-122.9319,38.1878],[-122.8936,38.1328],[-122.8349,38.0829],[-122.8373,38.089],[-122.8274,38.0827],[-122.8257,38.0885],[-122.8425,38.1073],[-122.8502,38.106],[-122.8522,38.1144],[-122.8648,38.1193],[-122.8631,38.1272],[-122.873,38.1402],[-122.8875,38.1488],[-122.9011,38.1656],[-122.9259,38.2065],[-122.9228,38.2213],[-122.9337,38.2117],[-122.9454,38.2204],[-122.9528,38.2144],[-122.9545,38.2329],[-122.9722,38.232],[-122.9671,38.2503],[-122.9712,38.2593],[-123.0027,38.2957],[-122.9936,38.3001],[-122.995,38.306],[-122.9701,38.3101],[-122.9652,38.3171],[-122.947,38.3112],[-122.9343,38.314],[-122.9354,38.3096],[-122.9256,38.3127],[-122.9216,38.3086],[-122.9165,38.3128],[-122.921,38.3168],[-122.9111,38.3212],[-122.9067,38.3199],[-122.9093,38.3143],[-122.8987,38.3175],[-122.8795,38.3134],[-122.8829,38.328],[-122.8876,38.328],[-122.891,38.35],[-122.8882,38.3571],[-122.8792,38.357],[-122.8793,38.3641],[-122.8518,38.3689],[-122.8423,38.3641],[-122.8049,38.3682],[-122.7813,38.3652],[-122.8122,38.3845],[-122.8141,38.388],[-122.8063,38.392],[-122.8174,38.393],[-122.8159,38.4036],[-122.7679,38.4281],[-122.7234,38.4335],[-122.712,38.431],[-122.6645,38.4421],[-122.6745,38.4588],[-122.6585,38.4651]]]]}},{"type":"Feature","properties":{"district":"13"},"geometry":{"type":"Polygon","coordinates":[[[-121.329,37.5948],[-121.4719,37.4818],[-121.4693,37.4897],[-121.4821,37.5014],[-121.496,37.5049],[-121.5015,37.525],[-121.5406,37.5298],[-121.5567,37.5427],[-121.5571,37.8158],[-121.552,37.83],[-121.5382,37.8374],[-121.5341,37.8495],[-121.54,37.8488],[-121.5407,37.8576],[-121.5475,37.8552],[-121.5525,37.8611],[-121.5603,37.8586],[-121.562,37.8531],[-121.5705,37.8576],[-121.569,37.8606],[-121.5794,37.8602],[-121.5734,37.8658],[-121.5793,37.8706],[-121.5759,37.8883],[-121.5659,37.8977],[-121.5728,37.9043],[-121.5633,37.9106],[-121.5651,37.9192],[-121.5564,37.9236],[-121.5636,37.9434],[-121.5576,37.9465],[-121.5674,37.944],[-121.5635,37.9548],[-121.5752,37.9551],[-121.5652,37.9599],[-121.5802,37.9764],[-121.5724,37.9791],[-121.5825,37.9839],[-121.5761,37.9949],[-121.579,37.9986],[-121.569,38.0014],[-121.5799,38.0064],[-121.5779,38.0108],[-121.5672,38.012],[-121.5726,38.018],[-121.5575,38.0166],[-121.5647,38.0302],[-121.5714,38.0304],[-121.573,38.0422],[-121.5802,38.0413],[-121.5788,38.0326],[-121.5844,38.036],[-121.5822,38.0684],[-121.5729,38.0742],[-121.5606,38.0709],[-121.5562,38.0607],[-121.5116,38.0531],[-121.4881,38.0383],[-121.4598,38.056],[-121.4489,38.0525],[-121.4447,38.0442],[-121.4188,38.0442],[-121.4178,38.0588],[-121.3722,38.0581],[-121.3699,38.0507],[-121.3607,38.0504],[-121.3611,38.058],[-121.3106,38.0578],[-121.3228,38.0363],[-121.3004,38.0354],[-121.3011,38.0428],[-121.2953,38.0442],[-121.2949,38.0372],[-121.2785,38.0372],[-121.2771,38.0576],[-121.2594,38.0576],[-121.2575,38.0033],[-121.2798,37.9945],[-121.2499,37.982],[-121.2369,37.9491],[-121.2291,37.9508],[-121.2334,37.9485],[-121.2259,37.9427],[-121.2314,37.9413],[-121.2213,37.9438],[-121.2187,37.9375],[-121.2231,37.9363],[-121.2142,37.931],[-121.2328,37.9314],[-121.226,37.9133],[-121.1979,37.9159],[-121.1999,37.9212],[-121.1824,37.9121],[-121.1915,37.9121],[-121.193,37.9017],[-121.2206,37.9052],[-121.2208,37.9004],[-121.2226,37.9043],[-121.2195,37.8721],[-121.2384,37.8771],[-121.2416,37.8675],[-121.2536,37.8737],[-121.2556,37.8829],[-121.2662,37.8809],[-121.2644,37.8556],[-121.2815,37.8585],[-121.279,37.8821],[-121.3021,37.879],[-121.3033,37.8972],[-121.327,37.8972],[-121.3324,37.8748],[-121.3176,37.8601],[-121.324,37.8478],[-121.3101,37.8262],[-121.3207,37.8209],[-121.3151,37.8183],[-121.3199,37.8157],[-121.3177,37.8125],[-121.3321,37.8082],[-121.3331,37.8184],[-121.3397,37.8222],[-121.3421,37.8173],[-121.348,37.8218],[-121.3539,37.8169],[-121.3763,37.8223],[-121.384,37.8117],[-121.4142,37.8033],[-121.3982,37.8033],[-121.3986,37.7654],[-121.3877,37.7653],[-121.3892,37.7546],[-121.385,37.7546],[-121.385,37.7499],[-121.3801,37.7517],[-121.38,37.7398],[-121.3618,37.7459],[-121.3711,37.7397],[-121.3617,37.7398],[-121.3617,37.73],[-121.3438,37.7425],[-121.343,37.5998],[-121.3387,37.5935],[-121.329,37.5948]]]}},{"type":"Feature","properties":{"district":"14"},"geometry":{"type":"MultiPolygon","coordinates":[[[[-122.358,37.8998],[-122.3514,37.8939],[-122.3684,37.9009],[-122.358,37.8998]]],[[[-122.2253,38.0562],[-122.2248,38.0562],[-122.2248,38.0561],[-122.2253,38.0562]]],[[[-122.2267,38.0569],[-122.2261,38.0565],[-122.2268,38.0566],[-122.2267,38.0569]]],[[[-122.2443,38.0584],[-122.2269,38.0569],[-122.2401,38.0533],[-122.2315,38.0497],[-122.2381,38.0452],[-122.2341,38.0443],[-122.2342,38.0216],[-122.2474,38.0204],[-122.2537,38.0142],[-122.2333,38.0024],[-122.2298,38.0104],[-122.2097,38.0076],[-122.2096,37.9962],[-122.2311,37.9964],[-122.2282,37.9926],[-122.235,37.9844],[-122.2345,37.974],[-122.2432,37.9711],[-122.2468,37.964],[-122.2376,37.9582],[-122.256,37.9489],[-122.2537,37.9457],[-122.2711,37.9398],[-122.2555,37.9215],[-122.2451,37.9212],[-122.2274,37.9059],[-122.2069,37.8961],[-122.2253,37.8903],[-122.2174,37.8795],[-122.2218,37.8796],[-122.2164,37.8691],[-122.2214,37.8655],[-122.2129,37.8576],[-122.207,37.8659],[-122.1942,37.8658],[-122.1914,37.8627],[-122.195,37.8567],[-122.1886,37.8504],[-122.1705,37.8469],[-122.1838,37.8401],[-122.1796,37.8358],[-122.1845,37.8359],[-122.1859,37.8312],[-122.1773,37.8309],[-122.1574,37.818],[-122.1669,37.8134],[-122.1864,37.8236],[-122.186,37.8183],[-122.1932,37.8137],[-122.2008,37.814],[-122.2068,37.8221],[-122.2151,37.8122],[-122.2435,37.8187],[-122.2567,37.8275],[-122.2523,37.8345],[-122.2642,37.8379],[-122.2661,37.852],[-122.2694,37.8467],[-122.2819,37.8469],[-122.2836,37.8506],[-122.3012,37.8474],[-122.3068,37.8657],[-122.3165,37.8587],[-122.3179,37.8661],[-122.3118,37.8651],[-122.3222,37.8711],[-122.3078,37.8708],[-122.3165,37.8896],[-122.3091,37.8926],[-122.313,37.8973],[-122.3121,37.8974],[-122.3022,37.8985],[-122.3168,37.8995],[-122.3224,37.8954],[-122.3275,37.9014],[-122.3181,37.904],[-122.3381,37.9131],[-122.337,37.909],[-122.352,37.9079],[-122.3476,37.9142],[-122.3606,37.9095],[-122.3669,37.9246],[-122.3681,37.9208],[-122.3769,37.9237],[-122.3661,37.9177],[-122.3636,37.9053],[-122.3815,37.9117],[-122.3931,37.9081],[-122.3867,37.9205],[-122.3987,37.9298],[-122.4007,37.9276],[-122.4089,37.923],[-122.4082,37.9219],[-122.4099,37.9224],[-122.4091,37.9208],[-122.4141,37.9262],[-122.4102,37.9228],[-122.4004,37.9295],[-122.4139,37.9364],[-122.4126,37.9437],[-122.4224,37.9471],[-122.4185,37.9514],[-122.4295,37.9618],[-122.4278,37.9656],[-122.4136,37.9632],[-122.4113,37.9565],[-122.3986,37.9528],[-122.3953,37.9555],[-122.3991,37.9583],[-122.3845,37.9677],[-122.3836,37.9765],[-122.3722,37.9748],[-122.3633,37.9848],[-122.3603,37.9916],[-122.3664,37.9994],[-122.3674,38.0124],[-122.335,38.0021],[-122.3167,38.0127],[-122.3007,38.011],[-122.2903,38.0236],[-122.2827,38.0235],[-122.2742,38.0394],[-122.2655,38.0407],[-122.2615,38.0523],[-122.2645,38.0568],[-122.2553,38.0519],[-122.2443,38.0584]]],[[[-122.2748,37.9039],[-122.2788,37.9007],[-122.2711,37.9058],[-122.2748,37.9039]]],[[[-122.2671,37.9045],[-122.2675,37.9044],[-122.268,37.904],[-122.2682,37.904],[-122.268,37.904],[-122.2674,37.9044],[-122.2671,37.9045]]],[[[-122.2702,37.9044],[-122.27,37.9044],[-122.2702,37.9044],[-122.2702,37.9044]]],[[[-122.2642,37.9038],[-122.2643,37.9038],[-122.2641,37.9038],[-122.2642,37.9038]]],[[[-122.287,37.8984],[-122.2802,37.9007],[-122.2837,37.9],[-122.287,37.8984]]],[[[-122.2601,37.8999],[-122.2606,37.8997],[-122.2605,37.8997],[-122.2601,37.8999],[-122.2599,37.8999],[-122.2601,37.8999]]],[[[-122.257,37.8999],[-122.258,37.8991],[-122.2584,37.899],[-122.258,37.8991],[-122.257,37.8999]]],[[[-122.2884,37.8976],[-122.2885,37.8976],[-122.2896,37.8975],[-122.2884,37.8976]]],[[[-122.3002,37.898],[-122.2978,37.8986],[-122.2974,37.8989],[-122.3002,37.898]]],[[[-122.301,37.898],[-122.3005,37.898],[-122.301,37.898],[-122.301,37.898]]],[[[-122.2966,37.8989],[-122.2967,37.8988],[-122.2965,37.8989],[-122.2966,37.8989]]],[[[-122.2935,37.8986],[-122.2939,37.8984],[-122.2934,37.8986],[-122.2935,37.8986]]],[[[-122.255,37.8963],[-122.255,37.8963],[-122.2549,37.8963],[-122.255,37.8963]]],[[[-122.2539,37.8962],[-122.2542,37.8962],[-122.2538,37.8962],[-122.2539,37.8962]]],[[[-122.2513,37.8939],[-122.2519,37.8935],[-122.2518,37.8935],[-122.2513,37.8939]]],[[[-122.2497,37.8928],[-122.2498,37.8928],[-122.2497,37.8928],[-122.2497,37.8928]]],[[[-122.2399,37.8829],[-122.2418,37.882],[-122.2399,37.8829],[-122.2387,37.8833],[-122.2399,37.8829]]],[[[-122.2061,37.8516],[-122.2061,37.8516],[-122.2061,37.8516],[-122.2061,37.8516]]],[[[-122.1874,37.8379],[-122.1879,37.8378],[-122.1887,37.8377],[-122.1879,37.8378],[-122.1874,37.8379]]]]}},{"type":"Feature","properties":{"district":"15"},"geometry":{"type":"Polygon","coordinates":[[[-121.5699,37.8909],[-121.5759,37.8883],[-121.5793,37.8706],[-121.5734,37.8658],[-121.5787,37.858],[-121.569,37.8606],[-121.5705,37.8576],[-121.562,37.8531],[-121.5603,37.8586],[-121.5528,37.8612],[-121.5475,37.8552],[-121.5407,37.8576],[-121.54,37.8488],[-121.5341,37.8495],[-121.5382,37.8374],[-121.552,37.83],[-121.5543,37.8177],[-121.8006,37.7581],[-121.8115,37.7664],[-121.8104,37.7716],[-121.7988,37.7684],[-121.805,37.7898],[-121.7926,37.809],[-121.7977,37.8144],[-121.8049,37.8123],[-121.8146,37.8245],[-121.8231,37.8274],[-121.8231,37.8391],[-121.8322,37.839],[-121.8321,37.8531],[-121.8232,37.8529],[-121.823,37.8602],[-121.814,37.8603],[-121.8146,37.8676],[-121.805,37.8701],[-121.8147,37.8868],[-121.8052,37.8907],[-121.8052,37.8963],[-121.8317,37.8958],[-121.8322,37.9182],[-121.8237,37.9181],[-121.8239,37.9296],[-121.8272,37.9331],[-121.8324,37.9305],[-121.8367,37.9433],[-121.8414,37.9431],[-121.8424,37.9375],[-121.8665,37.9383],[-121.8681,37.9442],[-121.8735,37.9382],[-121.9055,37.939],[-121.9056,37.9463],[-121.9145,37.9464],[-121.9136,37.9198],[-121.919,37.9235],[-121.9327,37.9218],[-121.9327,37.9267],[-121.9386,37.9267],[-121.9381,37.934],[-121.957,37.9341],[-121.9577,37.9376],[-121.9604,37.9269],[-121.9806,37.927],[-121.9806,37.9239],[-121.9853,37.9343],[-122.002,37.9463],[-122.0263,37.9315],[-122.0338,37.932],[-122.0359,37.9394],[-122.0467,37.9338],[-122.052,37.9395],[-122.0596,37.9386],[-122.055,37.9325],[-122.0735,37.9333],[-122.0735,37.9263],[-122.0862,37.9261],[-122.0918,37.9173],[-122.1,37.9174],[-122.0963,37.9252],[-122.1039,37.925],[-122.1038,37.9302],[-122.0958,37.9338],[-122.1012,37.9394],[-122.118,37.9298],[-122.1213,37.9094],[-122.1366,37.9095],[-122.1417,37.916],[-122.1532,37.9125],[-122.1957,37.9216],[-122.2037,37.9091],[-122.2141,37.9039],[-122.2071,37.9017],[-122.2107,37.8996],[-122.227,37.9056],[-122.2458,37.9216],[-122.2555,37.9215],[-122.2711,37.9398],[-122.2537,37.9457],[-122.256,37.9489],[-122.2376,37.9582],[-122.2468,37.964],[-122.2432,37.9711],[-122.2345,37.974],[-122.235,37.9844],[-122.2282,37.9926],[-122.2311,37.9964],[-122.2096,37.9962],[-122.2097,38.0076],[-122.2298,38.0104],[-122.2333,38.0024],[-122.2537,38.0142],[-122.2474,38.0204],[-122.2342,38.0216],[-122.2341,38.0443],[-122.2381,38.0452],[-122.2315,38.0497],[-122.2401,38.0533],[-122.2357,38.0525],[-122.2343,38.0571],[-122.1904,38.0524],[-122.1786,38.044],[-122.1764,38.048],[-122.1646,38.0347],[-122.1431,38.0318],[-122.0611,38.0621],[-122.0284,38.0592],[-121.9775,38.0668],[-121.9354,38.0488],[-121.9068,38.045],[-121.8748,38.0507],[-121.8622,38.0661],[-121.8468,38.06],[-121.8321,38.0311],[-121.817,38.0215],[-121.7832,38.0185],[-121.7517,38.0243],[-121.7508,38.0091],[-121.7564,37.9921],[-121.7302,37.9688],[-121.7043,37.9688],[-121.7053,37.9587],[-121.7003,37.9588],[-121.6961,37.968],[-121.6914,37.9679],[-121.6946,37.9616],[-121.6823,37.9629],[-121.6842,37.9404],[-121.6832,37.9327],[-121.6779,37.9328],[-121.678,37.9183],[-121.6843,37.9182],[-121.6648,37.8965],[-121.6781,37.8965],[-121.6781,37.8837],[-121.6632,37.8784],[-121.6596,37.8674],[-121.6296,37.8556],[-121.625,37.8452],[-121.6125,37.8462],[-121.6137,37.8674],[-121.6171,37.8674],[-121.615,37.8819],[-121.6231,37.8819],[-121.6231,37.8893],[-121.5699,37.8909]]]}},{"type":"Feature","properties":{"district":"16"},"geometry":{"type":"Polygon","coordinates":[[[-121.557,37.8165],[-121.5567,37.5427],[-121.5406,37.5298],[-121.5015,37.525],[-121.496,37.5049],[-121.4821,37.5014],[-121.4693,37.4897],[-121.4719,37.4818],[-121.8653,37.4846],[-121.8701,37.4807],[-121.8808,37.5079],[-121.8801,37.5214],[-121.8649,37.5172],[-121.8658,37.5204],[-121.8591,37.5207],[-121.8587,37.5269],[-121.8503,37.5273],[-121.8651,37.5771],[-121.8353,37.5995],[-121.8211,37.5995],[-121.8138,37.61],[-121.8187,37.614],[-121.8101,37.6199],[-121.8114,37.6236],[-121.8811,37.6235],[-121.8883,37.6436],[-121.9107,37.67],[-121.8986,37.6768],[-121.9037,37.6807],[-121.9035,37.6974],[-121.9102,37.706],[-121.9105,37.7304],[-121.9601,37.7185],[-121.9713,37.7296],[-122.0013,37.7037],[-122.0212,37.7015],[-122.0201,37.708],[-122.0022,37.7245],[-122.0235,37.7382],[-122.0325,37.7335],[-122.0321,37.7391],[-122.0326,37.7391],[-122.0369,37.7241],[-122.047,37.7262],[-122.047,37.7211],[-122.0538,37.7152],[-122.0543,37.7151],[-122.0513,37.7315],[-122.0593,37.7527],[-122.0656,37.7202],[-122.0753,37.7207],[-122.0811,37.7334],[-122.0745,37.7392],[-122.0746,37.7461],[-122.0941,37.7643],[-122.0895,37.7721],[-122.097,37.7824],[-122.093,37.7884],[-122.0989,37.7843],[-122.1101,37.7889],[-122.1155,37.7829],[-122.1212,37.7919],[-122.1137,37.8027],[-122.1407,37.8047],[-122.1688,37.8263],[-122.1859,37.8312],[-122.1845,37.8359],[-122.1812,37.8339],[-122.1796,37.8358],[-122.1838,37.8401],[-122.1705,37.8469],[-122.1886,37.8504],[-122.195,37.8567],[-122.1914,37.8627],[-122.1952,37.8662],[-122.2073,37.8657],[-122.2129,37.8576],[-122.2214,37.8655],[-122.2164,37.8691],[-122.2218,37.8796],[-122.2174,37.8795],[-122.2253,37.8903],[-122.2069,37.8961],[-122.2159,37.9003],[-122.2073,37.9012],[-122.2141,37.9039],[-122.2037,37.9091],[-122.1957,37.9216],[-122.1532,37.9125],[-122.1417,37.916],[-122.1366,37.9095],[-122.1213,37.9094],[-122.118,37.9298],[-122.1012,37.9394],[-122.0958,37.9338],[-122.1038,37.9302],[-122.1039,37.925],[-122.0963,37.9252],[-122.1,37.9174],[-122.0918,37.9173],[-122.0862,37.9261],[-122.0735,37.9263],[-122.0735,37.9333],[-122.055,37.9325],[-122.0596,37.9386],[-122.052,37.9395],[-122.0467,37.9338],[-122.0359,37.9394],[-122.0338,37.932],[-122.0263,37.9315],[-122.002,37.9463],[-121.9853,37.9343],[-121.9806,37.9239],[-121.9806,37.927],[-121.9604,37.9269],[-121.9577,37.9376],[-121.957,37.9341],[-121.9381,37.934],[-121.9386,37.9267],[-121.9327,37.9267],[-121.9327,37.9218],[-121.919,37.9235],[-121.9136,37.9198],[-121.9145,37.9464],[-121.9056,37.9463],[-121.9055,37.939],[-121.8735,37.9382],[-121.8681,37.9442],[-121.8665,37.9383],[-121.8424,37.9375],[-121.8414,37.9431],[-121.8367,37.9433],[-121.8324,37.9305],[-121.8272,37.9331],[-121.8239,37.9296],[-121.8237,37.9181],[-121.8322,37.9182],[-121.8317,37.8958],[-121.8052,37.8963],[-121.8052,37.8907],[-121.8147,37.8868],[-121.805,37.8701],[-121.8146,37.8676],[-121.814,37.8603],[-121.823,37.8602],[-121.8232,37.8529],[-121.8321,37.8531],[-121.8324,37.8458],[-121.8322,37.839],[-121.8231,37.8391],[-121.8231,37.8274],[-121.8146,37.8245],[-121.8049,37.8123],[-121.7977,37.8144],[-121.7926,37.809],[-121.805,37.7898],[-121.7988,37.7684],[-121.8104,37.7716],[-121.8115,37.7664],[-121.8014,37.7583],[-121.557,37.8165]]]}},{"type":"Feature","properties":{"district":"17"},"geometry":{"type":"MultiPolygon","coordinates":[[[[-122.3314,37.7814],[-122.3277,37.7808],[-122.3316,37.7814],[-122.3314,37.7814]]],[[[-122.3315,37.7869],[-122.3321,37.7837],[-122.3323,37.7881],[-122.3315,37.7869]]],[[[-122.419,37.8117],[-122.4027,37.8082],[-122.3857,37.7909],[-122.3846,37.7786],[-122.3904,37.7773],[-122.3993,37.7704],[-122.3902,37.7767],[-122.3821,37.7747],[-122.3867,37.7732],[-122.383,37.7668],[-122.3869,37.7635],[-122.38,37.7624],[-122.3842,37.7546],[-122.3801,37.753],[-122.3833,37.7483],[-122.3928,37.7476],[-122.3765,37.7475],[-122.3709,37.74],[-122.376,37.7386],[-122.3751,37.7338],[-122.3575,37.7298],[-122.3616,37.7254],[-122.3577,37.7247],[-122.3656,37.7251],[-122.3598,37.7217],[-122.3638,37.722],[-122.3605,37.7143],[-122.374,37.7184],[-122.3764,37.7257],[-122.3808,37.7213],[-122.3855,37.7236],[-122.376,37.7158],[-122.3806,37.7101],[-122.3755,37.7096],[-122.4544,37.7082],[-122.4455,37.7119],[-122.4281,37.732],[-122.4493,37.735],[-122.4565,37.724],[-122.472,37.7311],[-122.4666,37.7528],[-122.4565,37.7515],[-122.4358,37.7691],[-122.4428,37.783],[-122.4346,37.7842],[-122.4364,37.7931],[-122.4215,37.7857],[-122.4235,37.7957],[-122.4152,37.7968],[-122.419,37.8117]]],[[[-122.3733,37.8324],[-122.3618,37.8215],[-122.3711,37.816],[-122.3677,37.8124],[-122.3586,37.8145],[-122.3624,37.8072],[-122.3728,37.8111],[-122.3794,37.8268],[-122.3733,37.8324]]],[[[-122.4199,37.8604],[-122.4197,37.8609],[-122.4195,37.8609],[-122.4199,37.8604]]],[[[-122.4188,37.8622],[-122.4187,37.8621],[-122.4188,37.862],[-122.4188,37.8622]]],[[[-122.4204,37.8634],[-122.4201,37.8632],[-122.4204,37.8632],[-122.4204,37.8634]]]]}},{"type":"Feature","properties":{"district":"18"},"geometry":{"type":"MultiPolygon","coordinates":[[[[-122.2493,37.7843],[-122.2477,37.7791],[-122.2546,37.7853],[-122.2493,37.7843]]],[[[-122.2982,37.7909],[-122.2772,37.7918],[-122.2687,37.7835],[-122.2615,37.7829],[-122.2614,37.7783],[-122.2599,37.7826],[-122.2568,37.7775],[-122.2548,37.7804],[-122.2303,37.7682],[-122.2253,37.7638],[-122.2251,37.7552],[-122.2365,37.749],[-122.2754,37.7634],[-122.2806,37.7705],[-122.2914,37.769],[-122.332,37.7818],[-122.3321,37.7979],[-122.2982,37.7909]]],[[[-122.2661,37.8519],[-122.2642,37.8379],[-122.2523,37.8345],[-122.2567,37.8275],[-122.2435,37.8187],[-122.2151,37.8122],[-122.2068,37.8221],[-122.2008,37.814],[-122.1932,37.8137],[-122.186,37.8183],[-122.1885,37.8196],[-122.1864,37.8236],[-122.1669,37.8134],[-122.1574,37.818],[-122.1407,37.8047],[-122.1137,37.8027],[-122.1212,37.7919],[-122.1155,37.7829],[-122.1101,37.7889],[-122.0989,37.7843],[-122.093,37.7883],[-122.097,37.7824],[-122.0895,37.7721],[-122.0941,37.7643],[-122.0746,37.7461],[-122.0745,37.7392],[-122.0811,37.7335],[-122.0798,37.7248],[-122.0957,37.7303],[-122.1066,37.7225],[-122.12,37.732],[-122.1244,37.7286],[-122.1306,37.7337],[-122.139,37.7309],[-122.1461,37.7428],[-122.1716,37.735],[-122.1698,37.7322],[-122.1743,37.7311],[-122.1703,37.7277],[-122.1755,37.7253],[-122.1981,37.7262],[-122.189,37.7179],[-122.2097,37.7111],[-122.2133,37.6987],[-122.2456,37.72],[-122.2516,37.7247],[-122.2447,37.7253],[-122.2588,37.7433],[-122.2501,37.748],[-122.2219,37.7461],[-122.2082,37.7305],[-122.2177,37.7487],[-122.2083,37.742],[-122.2139,37.749],[-122.2076,37.7526],[-122.2141,37.7515],[-122.2169,37.7592],[-122.213,37.7604],[-122.2141,37.757],[-122.2125,37.7611],[-122.2223,37.7585],[-122.2243,37.7646],[-122.2403,37.7749],[-122.248,37.7865],[-122.259,37.7861],[-122.2598,37.7899],[-122.2822,37.7965],[-122.3057,37.7942],[-122.3272,37.7984],[-122.3319,37.8005],[-122.3272,37.8013],[-122.3251,37.8069],[-122.3283,37.8077],[-122.3414,37.8047],[-122.3328,37.8107],[-122.3224,37.8104],[-122.3084,37.8211],[-122.3291,37.8218],[-122.3142,37.8294],[-122.2953,37.8294],[-122.2994,37.8366],[-122.3112,37.8368],[-122.2982,37.8403],[-122.3029,37.8465],[-122.2836,37.8506],[-122.2819,37.8469],[-122.2692,37.8467],[-122.2661,37.8519]]],[[[-122.169,37.801],[-122.1705,37.8047],[-122.1705,37.8027],[-122.17,37.8017],[-122.169,37.801]]],[[[-122.1684,37.8009],[-122.1686,37.8004],[-122.1684,37.7991],[-122.1684,37.8009]]],[[[-122.1619,37.8001],[-122.1619,37.8001],[-122.1613,37.8001],[-122.1619,37.8001]]],[[[-122.1781,37.804],[-122.177,37.8047],[-122.1781,37.804],[-122.1781,37.804]]],[[[-122.1582,37.7973],[-122.1582,37.7973],[-122.1581,37.7974],[-122.1582,37.7973]]],[[[-122.134,37.7785],[-122.1345,37.7781],[-122.134,37.7785],[-122.134,37.7785]]],[[[-122.1157,37.7488],[-122.1158,37.7487],[-122.1155,37.7489],[-122.1157,37.7488]]]]}},{"type":"Feature","properties":{"district":"19"},"geometry":{"type":"MultiPolygon","coordinates":[[[[-122.4658,37.8057],[-122.4326,37.8056],[-122.4223,37.8103],[-122.4169,37.8052],[-122.4152,37.7968],[-122.4235,37.7957],[-122.4215,37.7857],[-122.4322,37.7891],[-122.4331,37.7936],[-122.4364,37.7931],[-122.4346,37.7842],[-122.4428,37.783],[-122.4358,37.7691],[-122.4565,37.7515],[-122.4666,37.7528],[-122.4696,37.7489],[-122.472,37.7311],[-122.4565,37.724],[-122.4493,37.735],[-122.4281,37.732],[-122.4455,37.7119],[-122.4544,37.7082],[-122.4053,37.7083],[-122.4134,37.6978],[-122.421,37.6992],[-122.4265,37.693],[-122.4081,37.6848],[-122.408,37.6755],[-122.3966,37.6756],[-122.4079,37.6748],[-122.4067,37.667],[-122.4151,37.6729],[-122.4238,37.6721],[-122.4372,37.6524],[-122.4341,37.6463],[-122.4492,37.6454],[-122.4399,37.6367],[-122.4539,37.6318],[-122.4685,37.6437],[-122.4816,37.6661],[-122.4879,37.6609],[-122.4961,37.666],[-122.5145,37.7808],[-122.5053,37.7883],[-122.4858,37.7906],[-122.4781,37.8108],[-122.4658,37.8057]]],[[[-122.5286,37.8154],[-122.5286,37.8154],[-122.5287,37.8154],[-122.5286,37.8154]]]]}},{"type":"Feature","properties":{"district":"2"},"geometry":{"type":"MultiPolygon","coordinates":[[[[-124.2231,40.6854],[-124.227,40.6898],[-124.2247,40.6967],[-124.2233,40.69],[-124.2201,40.6878],[-124.2231,40.6854]]],[[[-124.1485,40.8117],[-124.153,40.8117],[-124.1482,40.8123],[-124.1485,40.8117]]],[[[-124.158,40.8126],[-124.1584,40.8084],[-124.1666,40.8081],[-124.158,40.8126]]],[[[-124.1726,40.8168],[-124.1564,40.8165],[-124.1784,40.8076],[-124.1726,40.8168]]],[[[-123.624,41.9998],[-123.5179,42.0008],[-123.5199,41.9952],[-123.5409,41.9853],[-123.5333,41.9552],[-123.5544,41.9301],[-123.5536,41.9147],[-123.5595,41.906],[-123.578,41.903],[-123.5936,41.9063],[-123.6063,41.8808],[-123.6171,41.8818],[-123.6245,41.8884],[-123.6422,41.8897],[-123.6523,41.8789],[-123.6465,41.8767],[-123.6514,41.8729],[-123.6495,41.8603],[-123.6615,41.8565],[-123.6714,41.845],[-123.6708,41.8354],[-123.6829,41.8371],[-123.7037,41.8295],[-123.7031,41.8198],[-123.6944,41.8157],[-123.69,41.8032],[-123.6721,41.796],[-123.6746,41.7856],[-123.6884,41.7812],[-123.6783,41.7385],[-123.6661,41.7322],[-123.6602,41.7141],[-123.6701,41.7017],[-123.6629,41.6935],[-123.6896,41.6694],[-123.6853,41.6601],[-123.6885,41.6527],[-123.6805,41.634],[-123.6967,41.6339],[-123.7192,41.5956],[-123.7157,41.5913],[-123.6989,41.5957],[-123.6976,41.5909],[-123.6823,41.5949],[-123.6814,41.5867],[-123.6891,41.5821],[-123.6815,41.5718],[-123.6939,41.5519],[-123.6826,41.5431],[-123.67,41.5441],[-123.6481,41.535],[-123.6426,41.5227],[-123.6461,41.5124],[-123.6345,41.4861],[-123.6378,41.4824],[-123.6266,41.4668],[-123.6116,41.4616],[-123.6159,41.453],[-123.6124,41.449],[-123.622,41.4326],[-123.6486,41.4208],[-123.6389,41.4074],[-123.6417,41.4002],[-123.656,41.3953],[-123.6555,41.3884],[-123.6614,41.3821],[-123.5012,41.3826],[-123.4755,41.3675],[-123.4825,41.3537],[-123.4787,41.3297],[-123.4596,41.3102],[-123.4555,41.2928],[-123.4633,41.2863],[-123.4619,41.2826],[-123.4438,41.2732],[-123.4422,41.2514],[-123.4553,41.2365],[-123.4344,41.2229],[-123.4348,41.2125],[-123.4171,41.197],[-123.404,41.1745],[-123.3935,41.1707],[-123.3927,41.1612],[-123.3841,41.1577],[-123.3812,41.1513],[-123.3533,41.1631],[-123.3296,41.1517],[-123.325,41.1416],[-123.2951,41.1407],[-123.284,41.1235],[-123.2734,41.1229],[-123.2584,41.0936],[-123.2395,41.0758],[-123.2032,41.0718],[-123.1883,41.0776],[-123.1091,41.0754],[-123.1059,41.0658],[-123.0964,41.0594],[-123.0801,41.0576],[-123.0552,41.0467],[-123.046,41.0335],[-123.0476,41.0247],[-123.0368,41.0041],[-122.9801,41.0143],[-122.952,41.0064],[-122.9417,40.9926],[-122.9175,40.994],[-122.9145,41.0069],[-122.9031,41.0116],[-122.9024,41.0238],[-122.8974,41.0292],[-122.9092,41.0412],[-122.9233,41.072],[-122.9421,41.0701],[-122.9532,41.0743],[-122.9661,41.0809],[-122.971,41.0902],[-122.9691,41.1034],[-122.9743,41.1096],[-122.9599,41.124],[-122.9654,41.1383],[-122.9517,41.1503],[-122.9614,41.1815],[-122.9513,41.1856],[-122.9384,41.1781],[-122.9292,41.1787],[-122.9249,41.1867],[-122.9154,41.1872],[-122.9069,41.1959],[-122.8859,41.2051],[-122.844,41.2002],[-122.8252,41.21],[-122.8114,41.2025],[-122.8021,41.2031],[-122.7812,41.2182],[-122.777,41.2308],[-122.7583,41.2408],[-122.7253,41.2475],[-122.7246,41.2611],[-122.712,41.2748],[-122.6874,41.2813],[-122.6791,41.279],[-122.6773,41.285],[-122.6635,41.2916],[-122.6529,41.2897],[-122.6516,41.2996],[-122.6456,41.3047],[-122.6477,41.3223],[-122.6421,41.3266],[-122.6275,41.332],[-122.5989,41.3245],[-122.5891,41.3268],[-122.581,41.3377],[-122.587,41.3497],[-122.5853,41.359],[-122.5714,41.3681],[-122.5517,41.3617],[-122.5405,41.3532],[-122.5427,41.3502],[-122.5358,41.3415],[-122.5039,41.343],[-122.5026,41.3329],[-122.4788,41.3201],[-122.5019,41.3091],[-122.4992,41.2921],[-122.5133,41.2837],[-122.514,41.2552],[-122.5083,41.2453],[-122.5175,41.2398],[-122.5123,41.2265],[-122.5226,41.2135],[-122.495,41.1924],[-122.4977,41.1786],[-122.476,41.1765],[-122.4455,41.1579],[-122.4506,41.1469],[-122.446,41.1334],[-122.4486,41.1182],[-122.4572,41.0966],[-122.4681,41.0968],[-122.4933,41.086],[-122.5134,41.0882],[-122.5398,41.0726],[-122.538,41.065],[-122.5276,41.0642],[-122.5232,41.0592],[-122.5289,41.0365],[-122.5278,41.0144],[-122.5379,41.0024],[-122.5545,41.0036],[-122.5692,40.985],[-122.5892,40.9854],[-122.5914,40.9767],[-122.5985,40.9759],[-122.6031,40.9594],[-122.6074,40.9578],[-122.6032,40.9406],[-122.6128,40.9213],[-122.6,40.9003],[-122.6099,40.8846],[-122.6255,40.8792],[-122.6264,40.8671],[-122.6344,40.8613],[-122.6397,40.845],[-122.6554,40.8416],[-122.6661,40.8259],[-122.6553,40.8082],[-122.6614,40.8005],[-122.6581,40.7875],[-122.6705,40.7728],[-122.7005,40.7589],[-122.7063,40.7496],[-122.7174,40.7472],[-122.7199,40.7394],[-122.7066,40.7253],[-122.7224,40.6955],[-122.73,40.6922],[-122.7439,40.695],[-122.7523,40.6896],[-122.7426,40.6788],[-122.7412,40.6654],[-122.7336,40.6624],[-122.727,40.6505],[-122.7362,40.6363],[-122.7097,40.6312],[-122.7109,40.6132],[-122.7061,40.6102],[-122.701,40.5877],[-122.6931,40.5753],[-122.6988,40.5693],[-122.7231,40.5752],[-122.7413,40.5641],[-122.7439,40.5538],[-122.7675,40.5552],[-122.7852,40.5409],[-122.7822,40.5319],[-122.7936,40.5234],[-122.7933,40.5145],[-122.846,40.5052],[-122.8521,40.501],[-122.8465,40.4935],[-122.851,40.4859],[-122.8765,40.4804],[-122.8837,40.4748],[-122.9012,40.4456],[-122.9177,40.4498],[-122.9279,40.4471],[-122.9378,40.4369],[-122.9386,40.4289],[-122.9542,40.4215],[-122.961,40.426],[-122.9749,40.4196],[-122.9987,40.4181],[-122.9969,40.3959],[-123.0164,40.3856],[-123.0223,40.3682],[-123.0393,40.3627],[-123.044,40.347],[-123.0569,40.3493],[-123.0655,40.3451],[-123.064,40.3375],[-123.0688,40.3322],[-123.0627,40.3221],[-123.0618,40.3134],[-123.0689,40.3083],[-123.0613,40.2778],[-123.0371,40.2614],[-123.0186,40.2628],[-122.9857,40.2488],[-122.9751,40.2326],[-122.98,40.2147],[-122.9701,40.1863],[-122.984,40.172],[-122.9846,40.1534],[-122.9896,40.1451],[-122.9686,40.139],[-122.9737,40.13],[-122.9611,40.1],[-122.9615,40.0898],[-122.9674,40.0887],[-122.9732,40.0776],[-122.9684,40.0688],[-122.9528,40.0597],[-122.9489,40.0498],[-122.9542,40.0454],[-122.9498,40.031],[-122.9564,40.0199],[-122.9495,40.0121],[-122.9519,39.9988],[-122.9388,39.9913],[-122.9352,39.9772],[-122.9255,39.9689],[-122.9268,39.9451],[-122.9098,39.9364],[-122.9206,39.9289],[-122.9205,39.9165],[-122.9506,39.907],[-122.9474,39.8924],[-122.9533,39.8728],[-122.9505,39.8685],[-122.9602,39.8452],[-122.9467,39.8335],[-122.944,39.8031],[-122.9377,39.7982],[-122.9384,39.7481],[-122.9125,39.7482],[-122.9129,39.7087],[-122.8927,39.7089],[-122.8904,39.6229],[-122.8845,39.6108],[-122.8903,39.529],[-122.9367,39.5307],[-122.9367,39.5164],[-123.0252,39.5187],[-123.025,39.5112],[-123.0445,39.5112],[-123.0444,39.5036],[-123.0632,39.5035],[-123.063,39.4525],[-123.0731,39.4527],[-123.0701,39.4365],[-123.0749,39.4366],[-123.0751,39.4077],[-123.0563,39.4076],[-123.0571,39.3787],[-123.0475,39.3786],[-123.0486,39.3641],[-123.0379,39.3639],[-123.0377,39.3362],[-123.0287,39.3366],[-123.0287,39.3218],[-123.0197,39.3218],[-123.0196,39.278],[-123.0045,39.2782],[-123.0036,39.2574],[-122.9945,39.2568],[-122.9949,39.2359],[-123.0127,39.2362],[-123.0125,39.221],[-123.0208,39.2207],[-123.0243,39.2071],[-123.0341,39.1997],[-123.0348,39.1924],[-123.0401,39.1925],[-123.0458,39.1735],[-123.0778,39.1738],[-123.0781,39.1387],[-123.0875,39.1384],[-123.085,39.0953],[-123.0942,39.0953],[-123.093,39.072],[-123.0837,39.0718],[-123.0838,39.0645],[-123.0651,39.0644],[-123.0652,39.05],[-123.0561,39.0499],[-123.0562,39.0211],[-123.047,39.0209],[-123.0468,39.0138],[-123.0375,39.0137],[-123.0373,39.0065],[-123.028,39.0065],[-123.028,38.9966],[-123.0186,38.9966],[-123.0186,38.993],[-122.9867,38.9973],[-122.9867,38.983],[-122.9774,38.9829],[-122.9777,38.9467],[-122.9683,38.9465],[-122.9699,38.9327],[-122.9602,38.9325],[-122.9619,38.9255],[-122.9491,38.9254],[-122.9489,38.9002],[-122.9114,38.9015],[-122.9114,38.8952],[-122.8939,38.8955],[-122.8946,38.8808],[-122.8757,38.8808],[-122.8761,38.873],[-122.8578,38.8733],[-122.8585,38.8659],[-122.84,38.866],[-122.8401,38.858],[-122.8214,38.8579],[-122.8216,38.8501],[-122.8121,38.8384],[-122.7958,38.8388],[-122.7914,38.8304],[-122.7478,38.8033],[-122.7482,38.7878],[-122.7227,38.763],[-122.7242,38.7566],[-122.7093,38.749],[-122.7104,38.7321],[-122.7007,38.7286],[-122.6955,38.7131],[-122.6742,38.7064],[-122.6469,38.7066],[-122.6371,38.6937],[-122.6395,38.6891],[-122.6255,38.6744],[-122.6276,38.6681],[-122.6237,38.6643],[-122.6242,38.6498],[-122.6341,38.6369],[-122.6283,38.623],[-122.6464,38.5986],[-122.6305,38.579],[-122.6318,38.5694],[-122.6228,38.5678],[-122.6209,38.5603],[-122.5877,38.5526],[-122.574,38.5404],[-122.5667,38.5255],[-122.5537,38.526],[-122.5439,38.52],[-122.5424,38.5132],[-122.5488,38.5116],[-122.5355,38.5017],[-122.5447,38.4957],[-122.5296,38.4696],[-122.5163,38.4709],[-122.5058,38.4645],[-122.5095,38.4579],[-122.4967,38.4548],[-122.506,38.4557],[-122.4966,38.4465],[-122.5003,38.4372],[-122.5105,38.4353],[-122.5416,38.4425],[-122.5596,38.4275],[-122.6429,38.4623],[-122.6596,38.4651],[-122.6745,38.4588],[-122.6628,38.4431],[-122.6767,38.4377],[-122.769,38.4278],[-122.8182,38.4008],[-122.8165,38.392],[-122.8063,38.392],[-122.8141,38.388],[-122.8122,38.3845],[-122.7813,38.3652],[-122.8049,38.3682],[-122.8423,38.3641],[-122.8518,38.3689],[-122.8793,38.3641],[-122.8792,38.357],[-122.8882,38.3571],[-122.8876,38.328],[-122.8829,38.328],[-122.8795,38.3134],[-122.8987,38.3175],[-122.9093,38.3143],[-122.9067,38.3199],[-122.9113,38.3212],[-122.921,38.3168],[-122.9165,38.3128],[-122.9223,38.3086],[-122.9256,38.3127],[-122.9354,38.3096],[-122.9343,38.314],[-122.947,38.3112],[-122.9652,38.3171],[-122.9701,38.3101],[-122.9948,38.3062],[-122.9936,38.3001],[-123.0027,38.2957],[-123.03,38.3122],[-123.0468,38.3127],[-123.054,38.3059],[-123.0507,38.3146],[-123.0369,38.3166],[-123.0406,38.326],[-123.0578,38.3362],[-123.0546,38.3195],[-123.0611,38.3118],[-123.052,38.3022],[-123.0615,38.2997],[-123.069,38.3165],[-123.0782,38.3231],[-123.073,38.3241],[-123.0686,38.3344],[-123.0683,38.3599],[-123.0856,38.3905],[-123.0966,38.3939],[-123.1018,38.4132],[-123.122,38.4302],[-123.1238,38.4402],[-123.1283,38.4395],[-123.129,38.4508],[-123.1528,38.4609],[-123.1646,38.4737],[-123.1926,38.4897],[-123.2315,38.5025],[-123.2356,38.5093],[-123.255,38.512],[-123.2549,38.516],[-123.2691,38.5251],[-123.2682,38.5297],[-123.2785,38.5312],[-123.2795,38.5361],[-123.3044,38.5479],[-123.3036,38.5552],[-123.3339,38.5658],[-123.3401,38.5722],[-123.3355,38.5825],[-123.3496,38.5968],[-123.3596,38.5973],[-123.3718,38.6063],[-123.3665,38.6127],[-123.3899,38.6298],[-123.3873,38.6319],[-123.4086,38.6548],[-123.4057,38.6567],[-123.4196,38.6746],[-123.4353,38.6815],[-123.4333,38.6891],[-123.4412,38.6992],[-123.4929,38.7363],[-123.5117,38.7406],[-123.5251,38.7496],[-123.5335,38.7684],[-123.5301,38.7645],[-123.5215,38.7585],[-123.5196,38.7581],[-123.5161,38.7676],[-123.5096,38.7673],[-123.5076,38.7731],[-123.5101,38.7678],[-123.5168,38.7679],[-123.5209,38.7589],[-123.5493,38.7819],[-123.5618,38.7847],[-123.5608,38.7902],[-123.5742,38.8],[-123.6024,38.8075],[-123.5983,38.8107],[-123.6053,38.8228],[-123.6474,38.8455],[-123.6598,38.8725],[-123.6813,38.8826],[-123.6881,38.8936],[-123.7115,38.9104],[-123.7111,38.9156],[-123.7278,38.9189],[-123.7299,38.9296],[-123.7263,38.9364],[-123.7423,38.9562],[-123.7332,38.9546],[-123.7251,38.9597],[-123.7006,38.9967],[-123.6904,39.0229],[-123.6897,39.0341],[-123.695,39.0373],[-123.6912,39.0508],[-123.7059,39.0801],[-123.7031,39.0825],[-123.7102,39.0977],[-123.7079,39.1039],[-123.7146,39.1085],[-123.7131,39.1146],[-123.7215,39.1253],[-123.7202,39.1348],[-123.7365,39.1396],[-123.7379,39.1627],[-123.7536,39.176],[-123.761,39.1919],[-123.7511,39.1978],[-123.7391,39.1921],[-123.7521,39.1988],[-123.7639,39.1914],[-123.7718,39.195],[-123.7698,39.202],[-123.7768,39.2138],[-123.7661,39.215],[-123.7778,39.2244],[-123.7697,39.2279],[-123.7801,39.2334],[-123.7765,39.2368],[-123.7835,39.2527],[-123.7883,39.2537],[-123.7916,39.2733],[-123.7996,39.2715],[-123.8039,39.2791],[-123.8031,39.2917],[-123.7949,39.2919],[-123.7937,39.3015],[-123.7855,39.2998],[-123.7807,39.3032],[-123.764,39.2998],[-123.754,39.3005],[-123.7526,39.2935],[-123.75,39.2931],[-123.7474,39.2949],[-123.7522,39.2942],[-123.7534,39.3007],[-123.7716,39.3035],[-123.8101,39.3036],[-123.8113,39.3096],[-123.8023,39.3127],[-123.8007,39.3193],[-123.8087,39.3244],[-123.8045,39.3247],[-123.805,39.3288],[-123.8115,39.3276],[-123.818,39.3343],[-123.8166,39.3392],[-123.8277,39.3484],[-123.821,39.3537],[-123.8253,39.3608],[-123.8169,39.3617],[-123.8263,39.3687],[-123.8176,39.3767],[-123.8223,39.38],[-123.8177,39.3874],[-123.8205,39.3917],[-123.8165,39.3923],[-123.8222,39.4065],[-123.8132,39.4172],[-123.8194,39.4241],[-123.8099,39.4272],[-123.8063,39.4262],[-123.8057,39.4242],[-123.8049,39.4234],[-123.8017,39.4226],[-123.7937,39.4315],[-123.8041,39.4237],[-123.8051,39.4273],[-123.8105,39.4279],[-123.8102,39.4304],[-123.8162,39.4306],[-123.8205,39.4393],[-123.8127,39.442],[-123.8169,39.4449],[-123.8099,39.4585],[-123.8067,39.4541],[-123.8035,39.4547],[-123.8104,39.4615],[-123.8021,39.4833],[-123.8055,39.4894],[-123.7956,39.4922],[-123.7837,39.5103],[-123.7666,39.5593],[-123.7887,39.5997],[-123.7823,39.6215],[-123.7872,39.6268],[-123.7851,39.6513],[-123.7928,39.6671],[-123.7947,39.6895],[-123.8082,39.7107],[-123.8306,39.7234],[-123.8285,39.7344],[-123.835,39.7385],[-123.832,39.7437],[-123.8394,39.7572],[-123.8382,39.7864],[-123.8498,39.8284],[-123.9045,39.8598],[-123.93,39.9097],[-123.9549,39.9224],[-123.98,39.9625],[-124.0359,40.0133],[-124.0564,40.0243],[-124.0733,40.0227],[-124.0807,40.0299],[-124.0807,40.0661],[-124.1106,40.1038],[-124.1879,40.1305],[-124.2153,40.1614],[-124.2903,40.2036],[-124.3209,40.2266],[-124.3277,40.2374],[-124.361,40.2574],[-124.3636,40.2762],[-124.3487,40.3194],[-124.3627,40.3435],[-124.3687,40.3841],[-124.3915,40.407],[-124.4096,40.4381],[-124.3838,40.4934],[-124.3873,40.5104],[-124.3662,40.5429],[-124.3303,40.6151],[-124.235,40.7562],[-124.2259,40.7484],[-124.2268,40.7443],[-124.2326,40.7457],[-124.2409,40.7378],[-124.2669,40.701],[-124.2324,40.6905],[-124.224,40.6845],[-124.2245,40.6801],[-124.2232,40.6782],[-124.2188,40.6764],[-124.2155,40.6773],[-124.2156,40.6755],[-124.2128,40.6748],[-124.2166,40.6793],[-124.224,40.6799],[-124.219,40.6871],[-124.2231,40.6996],[-124.2028,40.6986],[-124.2174,40.7037],[-124.2112,40.7071],[-124.2232,40.7235],[-124.2148,40.7364],[-124.222,40.7403],[-124.2055,40.7437],[-124.198,40.7523],[-124.2021,40.7718],[-124.1979,40.7706],[-124.2001,40.7662],[-124.1947,40.7564],[-124.1977,40.766],[-124.1944,40.7789],[-124.1828,40.8004],[-124.149,40.8103],[-124.1352,40.8018],[-124.1079,40.7992],[-124.1072,40.8003],[-124.1099,40.8051],[-124.1139,40.8072],[-124.1079,40.7998],[-124.135,40.8038],[-124.1456,40.811],[-124.1233,40.8062],[-124.088,40.8241],[-124.083,40.8322],[-124.0829,40.8465],[-124.0913,40.8489],[-124.0912,40.855],[-124.099,40.8556],[-124.0984,40.8589],[-124.1173,40.8525],[-124.1338,40.864],[-124.153,40.8683],[-124.1499,40.8586],[-124.1581,40.8582],[-124.1581,40.8511],[-124.1711,40.8343],[-124.1707,40.8257],[-124.1855,40.8134],[-124.1998,40.7822],[-124.2117,40.7747],[-124.2222,40.7596],[-124.2337,40.7652],[-124.192,40.8193],[-124.1583,40.8761],[-124.136,40.9288],[-124.1181,40.9893],[-124.1117,41.0278],[-124.1296,41.0516],[-124.142,41.0571],[-124.1483,41.0561],[-124.1501,41.051],[-124.1535,41.0536],[-124.1488,41.0616],[-124.1594,41.0694],[-124.1553,41.0775],[-124.1594,41.0859],[-124.1544,41.0874],[-124.1644,41.1013],[-124.1589,41.1219],[-124.1653,41.1298],[-124.1606,41.1332],[-124.1619,41.1412],[-124.1478,41.1412],[-124.1401,41.15],[-124.1072,41.2286],[-124.1089,41.2366],[-124.0735,41.3688],[-124.0631,41.4396],[-124.0661,41.4703],[-124.0846,41.5243],[-124.0816,41.5475],[-124.0923,41.5532],[-124.0988,41.5638],[-124.102,41.5794],[-124.0974,41.5853],[-124.1048,41.5944],[-124.101,41.6025],[-124.1158,41.6151],[-124.1199,41.6396],[-124.1356,41.6573],[-124.1474,41.718],[-124.1604,41.7364],[-124.1713,41.7435],[-124.1778,41.7457],[-124.1854,41.7393],[-124.1811,41.7448],[-124.1937,41.7498],[-124.1995,41.7432],[-124.2163,41.7508],[-124.2417,41.7719],[-124.2544,41.7707],[-124.2485,41.7735],[-124.256,41.783],[-124.245,41.7923],[-124.2307,41.8187],[-124.2084,41.8882],[-124.2034,41.941],[-124.2102,41.9507],[-124.2049,41.9834],[-124.2116,41.9985],[-123.6572,41.9951],[-123.624,41.9998]]]]}},{"type":"Feature","properties":{"district":"20"},"geometry":{"type":"Polygon","coordinates":[[[-121.8811,37.6235],[-121.8887,37.6219],[-121.8899,37.6257],[-121.9013,37.6204],[-121.9095,37.6262],[-121.9148,37.6339],[-121.9147,37.6503],[-121.9484,37.6509],[-121.9276,37.6287],[-121.9275,37.6056],[-121.9327,37.6056],[-121.9329,37.5917],[-121.9396,37.5988],[-121.95,37.5981],[-121.9577,37.5895],[-121.9784,37.6067],[-122.0169,37.5747],[-122.0374,37.5875],[-122.0504,37.5835],[-122.0567,37.5926],[-122.0643,37.5868],[-122.0602,37.574],[-122.0701,37.5635],[-122.0808,37.5614],[-122.0838,37.5652],[-122.079,37.5664],[-122.0837,37.5684],[-122.0901,37.5644],[-122.0952,37.5667],[-122.0945,37.5619],[-122.0996,37.5649],[-122.11,37.5605],[-122.1101,37.5656],[-122.1221,37.5693],[-122.1332,37.5623],[-122.1463,37.584],[-122.1452,37.6021],[-122.1626,37.6702],[-122.1839,37.6906],[-122.1891,37.6895],[-122.1926,37.6924],[-122.1876,37.6911],[-122.1863,37.6952],[-122.1931,37.695],[-122.1888,37.6979],[-122.1949,37.6949],[-122.1893,37.7002],[-122.1923,37.7088],[-122.1907,37.7039],[-122.1978,37.703],[-122.2012,37.7103],[-122.1938,37.714],[-122.2097,37.7111],[-122.189,37.7179],[-122.1981,37.7262],[-122.1755,37.7253],[-122.1703,37.7277],[-122.1743,37.7311],[-122.1698,37.7322],[-122.1716,37.735],[-122.1461,37.7428],[-122.139,37.7309],[-122.1306,37.7337],[-122.1245,37.7286],[-122.12,37.732],[-122.1066,37.7225],[-122.1011,37.7291],[-122.0884,37.7302],[-122.0753,37.7207],[-122.0656,37.7202],[-122.0593,37.7527],[-122.0513,37.7315],[-122.0543,37.7151],[-122.047,37.7262],[-122.0369,37.7241],[-122.0326,37.7391],[-122.0325,37.7335],[-122.0235,37.7382],[-122.0022,37.7245],[-122.0201,37.708],[-122.0212,37.7015],[-122.0013,37.7037],[-121.9713,37.7296],[-121.9601,37.7185],[-121.9105,37.7304],[-121.9102,37.706],[-121.9035,37.6974],[-121.9037,37.6807],[-121.8986,37.6768],[-121.9107,37.67],[-121.8883,37.6436],[-121.8811,37.6235]],[[-122.1577,37.6695],[-122.1579,37.6697],[-122.1579,37.6697],[-122.1577,37.6695]],[[-122.1503,37.6864],[-122.1504,37.689],[-122.1504,37.689],[-122.1503,37.6864]],[[-122.1595,37.6885],[-122.1594,37.6885],[-122.1594,37.6902],[-122.1598,37.691],[-122.1595,37.6885]],[[-122.162,37.6902],[-122.1624,37.6902],[-122.1624,37.6902],[-122.162,37.6902]],[[-122.1613,37.691],[-122.1613,37.691],[-122.1616,37.691],[-122.1613,37.691]],[[-122.1531,37.6894],[-122.1525,37.6889],[-122.1523,37.6889],[-122.1531,37.6894]],[[-122.1576,37.6886],[-122.1578,37.6886],[-122.1578,37.6886],[-122.1576,37.6886]],[[-122.1476,37.688],[-122.1469,37.6878],[-122.148,37.6883],[-122.1476,37.688]],[[-122.1428,37.6915],[-122.1423,37.6915],[-122.143,37.6915],[-122.1428,37.6915]],[[-122.142,37.6915],[-122.142,37.6915],[-122.1422,37.6915],[-122.142,37.6915]],[[-122.1406,37.6915],[-122.1407,37.6916],[-122.1407,37.6916],[-122.1406,37.6915]],[[-122.1301,37.6992],[-122.1301,37.6992],[-122.13,37.7004],[-122.1301,37.6992]],[[-122.1299,37.702],[-122.1298,37.7003],[-122.1299,37.702],[-122.1299,37.702]],[[-122.1358,37.7017],[-122.1358,37.7017],[-122.1358,37.7019],[-122.1378,37.7019],[-122.1358,37.7017]],[[-122.1379,37.7017],[-122.1411,37.7018],[-122.1416,37.7018],[-122.1379,37.7017]],[[-122.1315,37.7018],[-122.1327,37.7018],[-122.1318,37.7018],[-122.1315,37.7018]],[[-122.1315,37.702],[-122.13,37.702],[-122.1315,37.702],[-122.1315,37.702]],[[-122.1226,37.6986],[-122.1229,37.6986],[-122.1225,37.6986],[-122.1226,37.6986]],[[-122.1244,37.6985],[-122.1243,37.6983],[-122.1243,37.6985],[-122.1244,37.6985]],[[-122.1253,37.6983],[-122.1281,37.6982],[-122.1281,37.6982],[-122.1253,37.6983]],[[-122.1284,37.6982],[-122.1284,37.6982],[-122.1284,37.6982],[-122.1284,37.6982]],[[-122.1304,37.7153],[-122.1303,37.7153],[-122.1306,37.7153],[-122.1304,37.7153]],[[-122.1301,37.7153],[-122.1302,37.7153],[-122.1301,37.7153],[-122.1301,37.7153]]]}},{"type":"Feature","properties":{"district":"21"},"geometry":{"type":"Polygon","coordinates":[[[-122.3927,37.7083],[-122.3876,37.6791],[-122.3802,37.6778],[-122.3802,37.6697],[-122.3954,37.6649],[-122.3743,37.6643],[-122.3798,37.661],[-122.3745,37.656],[-122.3798,37.6485],[-122.392,37.6481],[-122.3974,37.6417],[-122.3919,37.6385],[-122.391,37.6447],[-122.3914,37.6386],[-122.3859,37.6392],[-122.373,37.6279],[-122.3654,37.6285],[-122.3681,37.6215],[-122.3549,37.6155],[-122.3584,37.6099],[-122.3718,37.6148],[-122.3783,37.6053],[-122.3605,37.5925],[-122.3437,37.5926],[-122.3465,37.589],[-122.3382,37.5925],[-122.3384,37.5881],[-122.3575,37.5884],[-122.3382,37.5871],[-122.3378,37.5926],[-122.3346,37.5876],[-122.3153,37.5913],[-122.3168,37.5843],[-122.3056,37.5748],[-122.297,37.5751],[-122.2958,37.5706],[-122.2865,37.5757],[-122.2748,37.5698],[-122.261,37.5721],[-122.249,37.5639],[-122.2442,37.5523],[-122.2307,37.5497],[-122.2163,37.5382],[-122.1968,37.5369],[-122.1967,37.5236],[-122.1844,37.5172],[-122.1812,37.5201],[-122.1777,37.5104],[-122.168,37.5045],[-122.1579,37.5005],[-122.1394,37.5078],[-122.1327,37.5053],[-122.1276,37.4997],[-122.122,37.4728],[-122.1154,37.4661],[-122.1239,37.4611],[-122.1221,37.4536],[-122.1388,37.4548],[-122.1807,37.4833],[-122.1916,37.4685],[-122.1998,37.4702],[-122.2061,37.4652],[-122.2137,37.4707],[-122.2209,37.4586],[-122.2261,37.4595],[-122.231,37.4483],[-122.247,37.4555],[-122.2573,37.4472],[-122.2639,37.4481],[-122.268,37.4564],[-122.2743,37.4562],[-122.2794,37.4603],[-122.2771,37.4627],[-122.2911,37.4695],[-122.2801,37.4755],[-122.291,37.4847],[-122.2905,37.4901],[-122.3289,37.5009],[-122.3455,37.5112],[-122.382,37.5589],[-122.4458,37.622],[-122.451,37.6175],[-122.4628,37.6193],[-122.4726,37.6318],[-122.4697,37.6378],[-122.464,37.6388],[-122.4539,37.6318],[-122.4439,37.6345],[-122.4399,37.6367],[-122.4492,37.6454],[-122.4341,37.6463],[-122.4372,37.6524],[-122.4238,37.6721],[-122.4151,37.6729],[-122.4067,37.667],[-122.4079,37.6748],[-122.3966,37.6747],[-122.408,37.6755],[-122.4081,37.6848],[-122.4262,37.6952],[-122.4134,37.6978],[-122.4053,37.7083],[-122.3927,37.7083]]]}},{"type":"Feature","properties":{"district":"22"},"geometry":{"type":"Polygon","coordinates":[[[-120.3877,37.6334],[-120.3188,37.5208],[-120.3165,37.5053],[-120.2991,37.4888],[-120.3002,37.4843],[-120.284,37.4629],[-120.3116,37.4556],[-120.3702,37.4223],[-120.4495,37.4011],[-120.4553,37.415],[-120.4689,37.406],[-120.4698,37.4136],[-120.4826,37.4184],[-120.4872,37.404],[-120.5214,37.4039],[-120.5214,37.4184],[-120.576,37.4184],[-120.5762,37.4039],[-120.6313,37.4039],[-120.631,37.4184],[-120.6265,37.4184],[-120.6264,37.4228],[-120.6385,37.4255],[-120.6391,37.4292],[-120.6334,37.4292],[-120.6417,37.4321],[-120.6648,37.4246],[-120.6738,37.427],[-120.6761,37.4337],[-120.7015,37.4338],[-120.7018,37.4265],[-120.7554,37.4266],[-120.7586,37.4339],[-120.7677,37.434],[-120.7675,37.4412],[-120.7766,37.4413],[-120.7763,37.4486],[-120.7887,37.4486],[-120.7893,37.4413],[-120.7948,37.4413],[-120.796,37.3968],[-120.8044,37.3941],[-120.8084,37.3834],[-120.8231,37.3816],[-120.8235,37.3568],[-120.8142,37.3568],[-120.8144,37.3419],[-120.8327,37.342],[-120.833,37.313],[-120.8197,37.3129],[-120.8226,37.3057],[-120.8513,37.3059],[-120.8513,37.2954],[-120.8718,37.2852],[-120.8808,37.2976],[-120.8967,37.2965],[-120.9071,37.2882],[-120.924,37.2857],[-120.9247,37.2924],[-120.939,37.2984],[-120.958,37.2728],[-120.9551,37.2681],[-120.96,37.27],[-120.9623,37.2669],[-120.9609,37.2491],[-120.9852,37.253],[-120.9851,37.2492],[-120.9944,37.2492],[-120.9943,37.2384],[-121.0086,37.2382],[-121.0128,37.2458],[-121.0125,37.2384],[-121.0309,37.2385],[-121.0309,37.2425],[-121.0491,37.2385],[-121.0492,37.2459],[-121.0675,37.246],[-121.0674,37.2622],[-121.2268,37.1348],[-121.2371,37.1572],[-121.2621,37.1593],[-121.2811,37.1836],[-121.2986,37.166],[-121.3129,37.1702],[-121.3284,37.166],[-121.3487,37.1811],[-121.361,37.1843],[-121.3843,37.1662],[-121.3836,37.1515],[-121.399,37.1501],[-121.4134,37.1723],[-121.4088,37.1825],[-121.4218,37.2213],[-121.4418,37.2311],[-121.4558,37.2494],[-121.454,37.2772],[-121.4581,37.2841],[-121.4436,37.2966],[-121.4368,37.292],[-121.4235,37.2953],[-121.4058,37.311],[-121.412,37.3244],[-121.4092,37.3306],[-121.4208,37.3447],[-121.4237,37.3588],[-121.4091,37.3807],[-121.4126,37.3894],[-121.4241,37.3936],[-121.4361,37.3961],[-121.4482,37.3917],[-121.4567,37.3955],[-121.4564,37.4067],[-121.4726,37.4233],[-121.4619,37.4388],[-121.4629,37.4515],[-121.4843,37.466],[-121.4868,37.4757],[-121.4745,37.4793],[-121.2695,37.6416],[-121.2694,37.6383],[-121.2223,37.6418],[-121.2098,37.6377],[-121.0491,37.6386],[-121.0445,37.6412],[-121.0446,37.6459],[-121.0491,37.6458],[-121.0495,37.6628],[-121.0361,37.6678],[-121.0616,37.6892],[-121.0682,37.689],[-121.0744,37.7],[-121.0545,37.7036],[-121.0559,37.7117],[-121.0434,37.7118],[-121.0432,37.7041],[-121.0129,37.7038],[-121.0001,37.6964],[-120.9763,37.7015],[-120.9399,37.6999],[-120.9399,37.6944],[-120.9299,37.6945],[-120.9298,37.689],[-120.9216,37.689],[-120.9216,37.6925],[-120.917,37.6818],[-120.9076,37.6818],[-120.9072,37.6672],[-120.8983,37.6663],[-120.9028,37.6637],[-120.9028,37.6529],[-120.8936,37.653],[-120.8931,37.6312],[-120.9005,37.628],[-120.8978,37.6198],[-120.8848,37.6093],[-120.8882,37.6093],[-120.8882,37.5948],[-120.8776,37.5948],[-120.8699,37.5876],[-120.8654,37.5911],[-120.86,37.5884],[-120.8603,37.5943],[-120.8564,37.5947],[-120.7436,37.5947],[-120.7124,37.5511],[-120.5991,37.5511],[-120.3877,37.6334]]]}},{"type":"Feature","properties":{"district":"23"},"geometry":{"type":"MultiPolygon","coordinates":[[[[-122.0937,37.4545],[-122.0981,37.455],[-122.0999,37.4575],[-122.0964,37.4583],[-122.0937,37.4545]]],[[[-122.4956,37.6655],[-122.4952,37.6648],[-122.4958,37.6656],[-122.4956,37.6655]]],[[[-122.4847,37.6665],[-122.4641,37.6388],[-122.4727,37.6321],[-122.4628,37.6193],[-122.451,37.6175],[-122.4458,37.622],[-122.382,37.5589],[-122.3455,37.5112],[-122.3289,37.5009],[-122.2905,37.4901],[-122.291,37.4847],[-122.2801,37.4755],[-122.2911,37.4695],[-122.2771,37.4627],[-122.2794,37.4603],[-122.2743,37.4562],[-122.268,37.4564],[-122.2639,37.4481],[-122.2573,37.4472],[-122.247,37.4555],[-122.231,37.4483],[-122.2261,37.4595],[-122.2209,37.4586],[-122.2137,37.4707],[-122.2061,37.4652],[-122.1998,37.4702],[-122.1916,37.4685],[-122.1807,37.4833],[-122.1388,37.4548],[-122.1224,37.4534],[-122.1239,37.4611],[-122.1154,37.4661],[-122.1016,37.4632],[-122.1045,37.4558],[-122.1055,37.4587],[-122.1082,37.4596],[-122.112,37.4571],[-122.1121,37.4558],[-122.1064,37.4589],[-122.1089,37.4543],[-122.1076,37.4519],[-122.1013,37.4566],[-122.0964,37.4539],[-122.0921,37.4528],[-122.0901,37.4495],[-122.0903,37.4469],[-122.0899,37.4474],[-122.0899,37.4459],[-122.0888,37.4442],[-122.0909,37.4528],[-122.078,37.4482],[-122.0675,37.4503],[-122.0599,37.446],[-122.0598,37.4268],[-122.0349,37.4263],[-122.0373,37.4019],[-122.0502,37.4048],[-122.045,37.3998],[-122.0473,37.3866],[-122.0569,37.3855],[-122.0633,37.3667],[-122.0621,37.3381],[-122.0676,37.3375],[-122.0638,37.3341],[-122.0682,37.3355],[-122.0697,37.3297],[-122.082,37.332],[-122.0905,37.3396],[-122.0828,37.3311],[-122.0894,37.3267],[-122.0781,37.3232],[-122.0962,37.3009],[-122.0684,37.3003],[-122.0686,37.2792],[-122.0582,37.2791],[-122.0582,37.2827],[-122.064,37.2827],[-122.0641,37.2901],[-122.0596,37.2901],[-122.058,37.2974],[-122.0506,37.2974],[-122.0499,37.2926],[-122.0323,37.294],[-122.0343,37.3123],[-121.9777,37.3081],[-121.9801,37.3029],[-121.9699,37.301],[-121.9454,37.3015],[-121.944,37.307],[-121.9381,37.3024],[-121.9374,37.2942],[-121.9317,37.298],[-121.9317,37.2944],[-121.9181,37.2944],[-121.9225,37.2826],[-121.9342,37.2824],[-121.9338,37.2747],[-121.9414,37.2726],[-121.9515,37.2544],[-121.9626,37.2641],[-121.992,37.2629],[-121.9953,37.2466],[-122.0052,37.2405],[-122.0044,37.2291],[-122.0311,37.224],[-122.0309,37.2135],[-122.0584,37.2171],[-122.064,37.2101],[-122.0788,37.223],[-122.0898,37.2233],[-122.1042,37.2343],[-122.1217,37.2586],[-122.1317,37.2609],[-122.1506,37.2759],[-122.1523,37.2861],[-122.1528,37.2154],[-122.2426,37.2151],[-122.2427,37.19],[-122.3177,37.1869],[-122.3118,37.1475],[-122.2894,37.1135],[-122.2931,37.1071],[-122.3112,37.1179],[-122.3294,37.1124],[-122.3376,37.1177],[-122.3378,37.1359],[-122.3458,37.1455],[-122.3603,37.1493],[-122.3671,37.1731],[-122.3854,37.1831],[-122.3948,37.1814],[-122.398,37.1921],[-122.4055,37.1971],[-122.4072,37.2195],[-122.4191,37.2415],[-122.4128,37.2671],[-122.407,37.2598],[-122.402,37.2588],[-122.4044,37.2565],[-122.4045,37.2556],[-122.402,37.2539],[-122.4011,37.2535],[-122.4004,37.2534],[-122.4019,37.2591],[-122.4068,37.2611],[-122.4046,37.2644],[-122.4116,37.2674],[-122.3999,37.3566],[-122.4083,37.364],[-122.4093,37.3748],[-122.4233,37.3925],[-122.4278,37.4096],[-122.4437,37.4359],[-122.4521,37.4805],[-122.4724,37.5005],[-122.48,37.4963],[-122.4859,37.4946],[-122.4729,37.5007],[-122.4774,37.5023],[-122.4959,37.4993],[-122.4934,37.4928],[-122.4879,37.494],[-122.4938,37.4923],[-122.4993,37.4953],[-122.4996,37.5013],[-122.5178,37.524],[-122.5195,37.5373],[-122.5137,37.5522],[-122.5207,37.594],[-122.5014,37.5996],[-122.4968,37.6121],[-122.4948,37.6644],[-122.4879,37.6609],[-122.4847,37.6665]]]]}},{"type":"Feature","properties":{"district":"24"},"geometry":{"type":"MultiPolygon","coordinates":[[[[-121.9674,37.4676],[-121.9747,37.4615],[-121.9918,37.465],[-121.9852,37.4652],[-121.978,37.4698],[-121.9674,37.4676]]],[[[-121.9484,37.6509],[-121.9147,37.6503],[-121.9148,37.6339],[-121.9013,37.6204],[-121.8899,37.6257],[-121.8887,37.6219],[-121.8114,37.6236],[-121.81,37.6201],[-121.8187,37.614],[-121.8138,37.61],[-121.8211,37.5995],[-121.8353,37.5995],[-121.8651,37.5771],[-121.8503,37.5273],[-121.8587,37.5269],[-121.8591,37.5207],[-121.8658,37.5204],[-121.8649,37.5172],[-121.8801,37.5214],[-121.8808,37.5079],[-121.8701,37.4807],[-121.8558,37.4845],[-121.8521,37.4805],[-121.8353,37.4388],[-121.8237,37.4396],[-121.8171,37.434],[-121.7918,37.4286],[-121.7796,37.4174],[-121.7806,37.4124],[-121.7902,37.4138],[-121.7819,37.4047],[-121.7864,37.4042],[-121.7838,37.3915],[-121.7927,37.4006],[-121.8004,37.3915],[-121.806,37.3949],[-121.8037,37.3903],[-121.8153,37.3905],[-121.8192,37.379],[-121.8274,37.3806],[-121.8661,37.3542],[-121.8773,37.3612],[-121.9027,37.3643],[-121.918,37.3735],[-121.9458,37.3736],[-121.9477,37.378],[-121.9357,37.3849],[-121.9407,37.3957],[-121.9289,37.3998],[-121.9243,37.3971],[-121.9177,37.4031],[-121.9311,37.4199],[-121.9252,37.424],[-121.9285,37.4305],[-121.9232,37.4428],[-121.9276,37.4569],[-121.9329,37.4555],[-121.9315,37.4609],[-121.9449,37.4692],[-121.949,37.4615],[-121.9675,37.4632],[-121.9582,37.4708],[-121.9793,37.4709],[-121.9869,37.4659],[-121.9997,37.47],[-122.0504,37.4667],[-122.0563,37.4907],[-122.0353,37.4899],[-122.0332,37.4828],[-122.0282,37.4773],[-122.0251,37.4768],[-122.0243,37.4827],[-122.0278,37.4779],[-122.0344,37.4913],[-122.0383,37.4938],[-122.0536,37.4929],[-122.0803,37.502],[-122.0791,37.5099],[-122.1059,37.5],[-122.1114,37.5105],[-122.1122,37.5299],[-122.1296,37.5642],[-122.1324,37.5622],[-122.1272,37.5681],[-122.1221,37.5693],[-122.1101,37.5656],[-122.11,37.5605],[-122.0996,37.5649],[-122.0945,37.5619],[-122.0952,37.5667],[-122.0901,37.5644],[-122.0837,37.5684],[-122.079,37.5664],[-122.0838,37.5652],[-122.0808,37.5614],[-122.0701,37.5635],[-122.0602,37.574],[-122.0643,37.5868],[-122.0567,37.5926],[-122.0504,37.5835],[-122.0374,37.5875],[-122.0169,37.5747],[-121.9784,37.6067],[-121.9577,37.5895],[-121.95,37.5981],[-121.9396,37.5988],[-121.9331,37.5916],[-121.9327,37.6056],[-121.9275,37.6056],[-121.9276,37.6287],[-121.9484,37.6509]]]]}},{"type":"Feature","properties":{"district":"25"},"geometry":{"type":"Polygon","coordinates":[[[-121.4727,37.4822],[-121.4868,37.4757],[-121.4843,37.466],[-121.4629,37.4515],[-121.4619,37.4388],[-121.4726,37.4233],[-121.4564,37.4067],[-121.4567,37.3955],[-121.4482,37.3917],[-121.4361,37.3961],[-121.4241,37.3936],[-121.4126,37.3894],[-121.4091,37.3807],[-121.4237,37.3588],[-121.4208,37.3447],[-121.4092,37.3306],[-121.412,37.3244],[-121.4058,37.311],[-121.4235,37.2953],[-121.4368,37.292],[-121.4436,37.2966],[-121.4581,37.2841],[-121.454,37.2772],[-121.4558,37.2494],[-121.4418,37.2311],[-121.4218,37.2213],[-121.4088,37.1825],[-121.4134,37.1723],[-121.399,37.1501],[-121.3836,37.1515],[-121.3843,37.1662],[-121.3596,37.1845],[-121.3284,37.166],[-121.3129,37.1702],[-121.2986,37.166],[-121.2811,37.1836],[-121.2621,37.1593],[-121.2366,37.1567],[-121.2323,37.1399],[-121.2174,37.123],[-121.2305,37.1048],[-121.2305,37.0969],[-121.2455,37.0892],[-121.2096,37.0682],[-121.2082,37.0613],[-121.2126,37.0551],[-121.2245,37.0562],[-121.2245,37.0397],[-121.2406,37.0318],[-121.2487,37.0337],[-121.2333,37.0118],[-121.2382,37.0093],[-121.2331,36.9994],[-121.2415,36.9974],[-121.2466,36.9852],[-121.2321,36.9689],[-121.2154,36.9613],[-121.3835,36.9606],[-121.383,36.9692],[-121.4004,36.9611],[-121.4014,36.973],[-121.4263,36.981],[-121.4322,36.9725],[-121.4492,36.9889],[-121.4753,36.9841],[-121.4947,37.0165],[-121.511,37.006],[-121.5165,37.0097],[-121.5299,37.0311],[-121.5375,37.0336],[-121.5561,37.0676],[-121.5473,37.0739],[-121.5555,37.0834],[-121.5634,37.0807],[-121.5752,37.0973],[-121.5817,37.0951],[-121.5888,37.108],[-121.5833,37.1118],[-121.6003,37.133],[-121.5833,37.1375],[-121.5852,37.1527],[-121.5972,37.1485],[-121.6202,37.1671],[-121.6297,37.1658],[-121.6307,37.1617],[-121.6489,37.1697],[-121.6547,37.1586],[-121.6652,37.1516],[-121.6708,37.1565],[-121.6633,37.1624],[-121.6861,37.1853],[-121.7475,37.2295],[-121.7701,37.2416],[-121.7911,37.2395],[-121.7914,37.2355],[-121.8038,37.2394],[-121.8041,37.243],[-121.8261,37.2424],[-121.8307,37.2442],[-121.8311,37.266],[-121.841,37.266],[-121.8453,37.275],[-121.8768,37.2757],[-121.8815,37.2821],[-121.8689,37.2861],[-121.8832,37.3101],[-121.8738,37.3165],[-121.8776,37.32],[-121.8856,37.3148],[-121.8925,37.3239],[-121.9025,37.3189],[-121.9002,37.3321],[-121.9503,37.3299],[-121.9502,37.3381],[-121.9321,37.338],[-121.9318,37.3574],[-121.9417,37.3707],[-121.9361,37.3659],[-121.9384,37.3727],[-121.933,37.3749],[-121.918,37.3735],[-121.901,37.3638],[-121.8766,37.361],[-121.8661,37.3542],[-121.8274,37.3806],[-121.8192,37.379],[-121.8153,37.3905],[-121.8037,37.3903],[-121.806,37.3949],[-121.8004,37.3915],[-121.7927,37.4006],[-121.7838,37.3915],[-121.7864,37.4042],[-121.7819,37.4047],[-121.7902,37.4138],[-121.7806,37.4124],[-121.7796,37.4174],[-121.7918,37.4286],[-121.8171,37.434],[-121.8237,37.4396],[-121.8353,37.4388],[-121.8558,37.4845],[-121.4727,37.4822]]]}},{"type":"Feature","properties":{"district":"26"},"geometry":{"type":"Polygon","coordinates":[[[-121.9352,37.3722],[-121.9384,37.3727],[-121.9361,37.3659],[-121.9417,37.3707],[-121.9416,37.3665],[-121.9318,37.3574],[-121.9321,37.338],[-121.9502,37.3381],[-121.9503,37.3299],[-121.9002,37.3321],[-121.9017,37.3093],[-121.9097,37.3017],[-121.9087,37.2949],[-121.9317,37.2944],[-121.9317,37.298],[-121.9374,37.2942],[-121.9381,37.3024],[-121.944,37.307],[-121.9454,37.3015],[-121.9699,37.301],[-121.9801,37.3029],[-121.9777,37.3081],[-122.0343,37.3123],[-122.0323,37.294],[-122.0499,37.2926],[-122.0506,37.2974],[-122.058,37.2974],[-122.0596,37.2901],[-122.0641,37.2901],[-122.0593,37.2785],[-122.0686,37.2792],[-122.0684,37.3003],[-122.0962,37.3009],[-122.0781,37.3232],[-122.0894,37.3267],[-122.0828,37.3311],[-122.0905,37.3396],[-122.082,37.332],[-122.0697,37.3297],[-122.0682,37.3355],[-122.0638,37.3341],[-122.0676,37.3375],[-122.0621,37.3381],[-122.0633,37.3667],[-122.0569,37.3855],[-122.0475,37.3865],[-122.045,37.3945],[-122.0502,37.4048],[-122.0373,37.4019],[-122.0349,37.4263],[-122.0598,37.4268],[-122.0599,37.446],[-122.0365,37.4514],[-122.0394,37.4547],[-122.0301,37.4612],[-121.9955,37.4641],[-121.9648,37.4603],[-121.9675,37.4581],[-121.9657,37.453],[-121.9633,37.4603],[-121.9667,37.4616],[-121.9622,37.4622],[-121.946,37.453],[-121.9592,37.4635],[-121.9481,37.4618],[-121.9455,37.4692],[-121.9315,37.4609],[-121.9329,37.4555],[-121.9276,37.4569],[-121.9232,37.4428],[-121.9285,37.4305],[-121.9252,37.424],[-121.9311,37.4199],[-121.9177,37.4031],[-121.9243,37.3971],[-121.9289,37.3998],[-121.9407,37.3957],[-121.9357,37.3849],[-121.9477,37.378],[-121.9458,37.3736],[-121.9427,37.3734],[-121.9352,37.3722]]]}},{"type":"Feature","properties":{"district":"27"},"geometry":{"type":"Polygon","coordinates":[[[-120.284,37.4629],[-120.275,37.4436],[-120.2844,37.4317],[-120.2834,37.4244],[-120.247,37.3802],[-120.2035,37.3133],[-120.1877,37.3011],[-120.1827,37.2914],[-120.1866,37.2803],[-120.1785,37.2624],[-120.1438,37.2392],[-120.0901,37.2215],[-120.0622,37.198],[-120.0521,37.1831],[-120.1151,37.1657],[-120.1646,37.1627],[-120.1741,37.1659],[-120.1876,37.1603],[-120.223,37.164],[-120.2439,37.157],[-120.2899,37.1526],[-120.3038,37.1411],[-120.311,37.1411],[-120.3109,37.12],[-120.28,37.1223],[-120.2422,37.1362],[-120.2202,37.1378],[-120.2205,37.1133],[-120.2298,37.1098],[-120.2204,37.1025],[-120.2022,37.1055],[-120.2022,37.0909],[-120.1652,37.0905],[-120.165,37.0984],[-120.1615,37.0983],[-120.1645,37.1104],[-120.1472,37.11],[-120.1472,37.0857],[-120.1659,37.0837],[-120.166,37.0546],[-120.1723,37.0546],[-120.1102,37.0038],[-120.1075,37.0233],[-120.0789,37.0254],[-120.0744,37.0212],[-120.074,37.04],[-120.0563,37.0397],[-120.0554,36.9868],[-120.0415,36.9868],[-120.0416,36.9817],[-120.0362,36.9817],[-120.042,36.9742],[-120.0334,36.979],[-120.0377,36.9598],[-120.0331,36.9598],[-120.033,36.9526],[-120.0195,36.9526],[-120.0195,36.9599],[-120.0133,36.9597],[-120.0037,36.938],[-120.0103,36.938],[-120.0149,36.9319],[-120.0324,36.9354],[-120.022,36.9236],[-120.0275,36.9295],[-120.0334,36.9237],[-120.0466,36.9238],[-120.0466,36.9166],[-120.056,36.9166],[-120.0561,36.8229],[-120.0423,36.8155],[-120.0278,36.8145],[-120.0137,36.8281],[-119.9924,36.829],[-119.9903,36.8378],[-119.9847,36.8408],[-119.9706,36.8329],[-119.9435,36.834],[-119.9346,36.838],[-119.9291,36.8479],[-119.9146,36.845],[-119.906,36.8501],[-119.8967,36.8441],[-119.9023,36.8435],[-119.9016,36.8369],[-119.8895,36.837],[-119.8885,36.8216],[-119.8705,36.8224],[-119.8647,36.8299],[-119.8416,36.8227],[-119.8444,36.7814],[-119.8341,36.7719],[-119.8489,36.7791],[-119.9163,36.7789],[-119.9164,36.7426],[-119.9343,36.7425],[-119.9344,36.6771],[-119.9075,36.6773],[-119.9073,36.6622],[-119.8624,36.663],[-119.8627,36.634],[-119.8446,36.6341],[-119.8449,36.5761],[-119.8269,36.5762],[-119.8269,36.5327],[-119.8453,36.5327],[-119.8456,36.4891],[-119.9994,36.4883],[-120.0106,36.481],[-120.0177,36.4674],[-120.0313,36.459],[-120.0313,36.4299],[-120.0133,36.4299],[-120.0133,36.4152],[-119.9773,36.4155],[-119.9773,36.4009],[-119.9592,36.401],[-119.9589,36.1814],[-120.3187,35.9069],[-120.3323,35.9155],[-120.3367,35.9236],[-120.336,35.9372],[-120.3565,35.9481],[-120.3625,35.9594],[-120.3604,35.9644],[-120.394,35.9679],[-120.4086,35.976],[-120.4351,35.9698],[-120.4497,35.9884],[-120.4774,36.0008],[-120.4793,36.0107],[-120.5176,36.0275],[-120.52,36.0209],[-120.5298,36.0243],[-120.527,36.0357],[-120.5404,36.0367],[-120.5454,36.0461],[-120.5667,36.0529],[-120.5879,36.0666],[-120.5961,36.0782],[-120.5898,36.0896],[-120.5994,36.1009],[-120.608,36.1027],[-120.6143,36.0951],[-120.6336,36.1033],[-120.6419,36.1013],[-120.6488,36.108],[-120.6454,36.1162],[-120.6532,36.1188],[-120.6557,36.1318],[-120.6676,36.1381],[-120.6647,36.1473],[-120.672,36.1643],[-120.6643,36.1657],[-120.6631,36.1712],[-120.6499,36.168],[-120.652,36.1741],[-120.6447,36.1792],[-120.6392,36.1965],[-120.6269,36.2032],[-120.6517,36.2307],[-120.6798,36.2467],[-120.6815,36.252],[-120.673,36.2577],[-120.6804,36.2671],[-120.6726,36.2805],[-120.6829,36.2868],[-120.6828,36.2943],[-120.6588,36.3162],[-120.6179,36.3188],[-120.5966,36.3285],[-120.5972,36.4882],[-120.6037,36.4882],[-120.9337,36.7519],[-121.1415,36.8367],[-121.1526,36.8654],[-121.1636,36.8692],[-121.1691,36.885],[-121.1843,36.8964],[-121.1843,36.909],[-121.1983,36.9143],[-121.2217,36.9104],[-121.2242,36.9199],[-121.2343,36.9262],[-121.2292,36.941],[-121.2117,36.9574],[-121.2321,36.9689],[-121.2459,36.983],[-121.2447,36.9935],[-121.2331,36.9994],[-121.2382,37.0093],[-121.2333,37.0118],[-121.2487,37.0337],[-121.2406,37.0318],[-121.2245,37.0397],[-121.2245,37.0562],[-121.2126,37.0551],[-121.2082,37.0613],[-121.2096,37.0682],[-121.2455,37.0892],[-121.2305,37.0969],[-121.2305,37.1048],[-121.2174,37.123],[-121.2268,37.1348],[-121.0674,37.2622],[-121.0675,37.246],[-121.0492,37.2459],[-121.0491,37.2385],[-121.0309,37.2425],[-121.0309,37.2385],[-121.0125,37.2384],[-121.0128,37.2458],[-121.0086,37.2382],[-120.9943,37.2384],[-120.9944,37.2492],[-120.9851,37.2492],[-120.9852,37.253],[-120.9609,37.2491],[-120.9623,37.2669],[-120.9551,37.2681],[-120.958,37.2728],[-120.939,37.2984],[-120.9247,37.2924],[-120.924,37.2857],[-120.9071,37.2882],[-120.8967,37.2965],[-120.8808,37.2976],[-120.8718,37.2852],[-120.8513,37.2954],[-120.8513,37.3059],[-120.8226,37.3057],[-120.8197,37.3129],[-120.833,37.313],[-120.8327,37.342],[-120.8144,37.3419],[-120.8142,37.3568],[-120.8235,37.3568],[-120.8231,37.3816],[-120.8084,37.3834],[-120.8044,37.3941],[-120.796,37.3968],[-120.7948,37.4413],[-120.7893,37.4413],[-120.7887,37.4486],[-120.7763,37.4486],[-120.7766,37.4413],[-120.7675,37.4412],[-120.7677,37.434],[-120.7586,37.4339],[-120.7554,37.4266],[-120.7018,37.4265],[-120.7015,37.4338],[-120.6761,37.4337],[-120.6738,37.427],[-120.6648,37.4246],[-120.6417,37.4321],[-120.6334,37.4292],[-120.6391,37.4292],[-120.6385,37.4255],[-120.6264,37.4228],[-120.6265,37.4184],[-120.631,37.4184],[-120.6313,37.4039],[-120.5762,37.4039],[-120.576,37.4184],[-120.5214,37.4184],[-120.5214,37.4039],[-120.4872,37.404],[-120.4826,37.4184],[-120.4698,37.4136],[-120.4689,37.406],[-120.4553,37.415],[-120.4495,37.4011],[-120.3702,37.4223],[-120.3116,37.4556],[-120.284,37.4629]]]}},{"type":"Feature","properties":{"district":"28"},"geometry":{"type":"Polygon","coordinates":[[[-121.5888,37.108],[-121.5954,37.1199],[-121.6288,37.1083],[-121.6165,37.0953],[-121.6304,37.0887],[-121.6169,37.0702],[-121.6284,37.0662],[-121.6245,37.0617],[-121.6333,37.0553],[-121.6462,37.0589],[-121.6499,37.0527],[-121.6306,37.0418],[-121.6335,37.0259],[-121.6374,37.0271],[-121.6394,37.0213],[-121.6308,37.0136],[-121.6638,37.0095],[-121.6684,37.0027],[-121.683,37.003],[-121.6959,36.9884],[-121.7147,36.9941],[-121.7146,36.9973],[-121.7397,36.9891],[-121.7353,36.9926],[-121.7399,37.0016],[-121.7588,37.0193],[-121.7771,37.0268],[-121.7919,37.0145],[-121.8013,36.9972],[-121.8047,37.0076],[-121.822,37.0168],[-121.8182,37.0165],[-121.8274,37.0224],[-121.8301,37.0336],[-121.8441,37.0413],[-121.8364,37.054],[-121.8414,37.0656],[-121.8653,37.0771],[-121.8754,37.0601],[-121.887,37.0594],[-121.8817,37.0521],[-121.8958,37.0422],[-121.894,37.0305],[-121.904,37.0212],[-121.9003,37.0194],[-121.9024,37.0034],[-121.911,37.0031],[-121.9156,36.9938],[-121.9214,36.991],[-121.9281,37.0151],[-121.9349,37.0102],[-121.9635,37.0121],[-121.9697,37.0064],[-121.9734,37.0133],[-121.9849,37.0028],[-121.9874,36.9899],[-122.0018,36.9682],[-122.0015,36.9603],[-122.013,36.9645],[-122.0226,36.9623],[-122.0177,36.9589],[-122.0174,36.9568],[-122.0234,36.9622],[-122.0262,36.9503],[-122.0417,36.9525],[-122.0657,36.948],[-122.1346,36.9668],[-122.1406,36.9749],[-122.1532,36.9762],[-122.1623,36.9877],[-122.223,37.0251],[-122.2308,37.0402],[-122.2537,37.06],[-122.2758,37.0923],[-122.2931,37.1071],[-122.2894,37.1135],[-122.3118,37.1475],[-122.3177,37.1869],[-122.2427,37.19],[-122.2426,37.2151],[-122.1528,37.2154],[-122.1523,37.2861],[-122.1506,37.2759],[-122.1317,37.2609],[-122.1217,37.2586],[-122.1042,37.2343],[-122.0898,37.2233],[-122.079,37.2231],[-122.0655,37.2103],[-122.0584,37.2171],[-122.0309,37.2135],[-122.0311,37.224],[-122.0044,37.2291],[-122.0052,37.2405],[-121.9953,37.2466],[-121.992,37.2629],[-121.9626,37.2641],[-121.9515,37.2544],[-121.9414,37.2726],[-121.9338,37.2747],[-121.9342,37.2824],[-121.9236,37.2814],[-121.9182,37.2946],[-121.9087,37.2949],[-121.9097,37.3017],[-121.9017,37.3093],[-121.9025,37.3189],[-121.8925,37.3239],[-121.8882,37.3152],[-121.8776,37.32],[-121.8738,37.3165],[-121.8832,37.3101],[-121.8689,37.2861],[-121.8815,37.2821],[-121.8768,37.2757],[-121.8453,37.275],[-121.841,37.266],[-121.8311,37.266],[-121.8307,37.2442],[-121.8261,37.2424],[-121.8041,37.243],[-121.8038,37.2394],[-121.7914,37.2355],[-121.7911,37.2395],[-121.7701,37.2416],[-121.7475,37.2295],[-121.6861,37.1853],[-121.6633,37.1624],[-121.6708,37.1565],[-121.6652,37.1516],[-121.6547,37.1586],[-121.6489,37.1697],[-121.6307,37.1617],[-121.6297,37.1658],[-121.6202,37.1671],[-121.5972,37.1485],[-121.5852,37.1527],[-121.5833,37.1375],[-121.6003,37.133],[-121.5833,37.1118],[-121.5888,37.108]]]}},{"type":"Feature","properties":{"district":"29"},"geometry":{"type":"Polygon","coordinates":[[[-121.5954,37.1199],[-121.5817,37.0951],[-121.5752,37.0973],[-121.5634,37.0807],[-121.5555,37.0834],[-121.5473,37.0739],[-121.5561,37.0676],[-121.5375,37.0336],[-121.5299,37.0311],[-121.5165,37.0097],[-121.511,37.006],[-121.4947,37.0165],[-121.4753,36.9841],[-121.4492,36.9889],[-121.4322,36.9725],[-121.4263,36.981],[-121.4014,36.973],[-121.4004,36.9611],[-121.383,36.9692],[-121.3835,36.9606],[-121.2145,36.9613],[-121.2118,36.9571],[-121.2292,36.941],[-121.2343,36.9262],[-121.2242,36.9199],[-121.2217,36.9104],[-121.1983,36.9143],[-121.1843,36.909],[-121.1843,36.8964],[-121.1691,36.885],[-121.1636,36.8692],[-121.1526,36.8654],[-121.1415,36.8367],[-120.9337,36.7519],[-120.6037,36.4882],[-120.5972,36.4882],[-120.5966,36.3285],[-120.6179,36.3188],[-120.6588,36.3162],[-120.6828,36.2943],[-120.6829,36.2868],[-120.6726,36.2805],[-120.6804,36.2671],[-120.673,36.2577],[-120.6815,36.252],[-120.6798,36.2467],[-120.6517,36.2307],[-120.6269,36.2032],[-120.6392,36.1965],[-120.6447,36.1792],[-120.652,36.1741],[-120.6499,36.168],[-120.6631,36.1712],[-120.6643,36.1657],[-120.672,36.1643],[-120.6647,36.1473],[-120.6676,36.1381],[-120.6557,36.1318],[-120.6532,36.1188],[-120.6454,36.1162],[-120.6488,36.108],[-120.6419,36.1013],[-120.6336,36.1033],[-120.6143,36.0951],[-120.608,36.1027],[-120.5981,36.0997],[-120.5944,36.0921],[-120.6092,36.0801],[-120.6054,36.0615],[-120.6122,36.0557],[-120.6278,36.0604],[-120.6338,36.056],[-120.6495,36.0657],[-120.6509,36.0733],[-120.6731,36.0865],[-120.6751,36.0818],[-120.6573,36.0644],[-120.6672,36.0483],[-120.6625,36.035],[-120.6786,36.0238],[-120.687,36.0292],[-120.6985,36.0196],[-120.7078,36.0192],[-120.7153,36.0246],[-120.7914,35.9864],[-120.819,35.9655],[-120.8331,35.9655],[-120.8331,35.9614],[-120.8539,35.9532],[-120.873,35.95],[-120.8672,35.9285],[-120.8602,35.9221],[-120.8689,35.9266],[-120.8759,35.947],[-120.8746,35.943],[-120.8865,35.947],[-120.8864,35.9514],[-120.9191,35.9512],[-120.9034,35.9579],[-120.9177,35.9588],[-120.9357,35.9753],[-120.9437,35.974],[-120.9484,35.963],[-120.9574,35.9595],[-120.9597,35.948],[-120.9702,35.9553],[-120.9633,35.9647],[-120.9753,35.966],[-120.9887,35.975],[-120.9962,35.9703],[-120.9866,35.9844],[-121.0055,35.9822],[-121.004,35.9876],[-121.0183,35.9878],[-121.028,36.0012],[-121.0401,36.008],[-121.0474,36.0232],[-121.0854,36.0236],[-121.0885,36.0331],[-121.1004,36.0369],[-121.1004,36.0459],[-121.1093,36.0459],[-121.1094,36.0534],[-121.1183,36.0535],[-121.1229,36.0642],[-121.1369,36.0719],[-121.1412,36.0719],[-121.1411,36.0677],[-121.1689,36.0677],[-121.1709,36.075],[-121.1657,36.0813],[-121.1734,36.0851],[-121.1646,36.0985],[-121.1808,36.11],[-121.1925,36.1089],[-121.2086,36.126],[-121.2261,36.126],[-121.2264,36.1371],[-121.2309,36.1344],[-121.244,36.1414],[-121.2469,36.147],[-121.234,36.1546],[-121.2319,36.1635],[-121.2414,36.1614],[-121.2371,36.1711],[-121.24,36.1765],[-121.256,36.1764],[-121.2523,36.1831],[-121.2628,36.1963],[-121.2633,36.2328],[-121.2831,36.2327],[-121.3022,36.2803],[-121.3223,36.2801],[-121.3309,36.3144],[-121.3391,36.3144],[-121.3332,36.3245],[-121.3159,36.3322],[-121.319,36.343],[-121.3374,36.3357],[-121.3379,36.3413],[-121.3586,36.3354],[-121.3685,36.3469],[-121.4122,36.3548],[-121.4218,36.3604],[-121.4284,36.3722],[-121.4411,36.3687],[-121.4447,36.3796],[-121.4662,36.3939],[-121.4675,36.4008],[-121.5017,36.4099],[-121.4968,36.4133],[-121.5006,36.4137],[-121.4992,36.4308],[-121.5128,36.4307],[-121.5127,36.438],[-121.5217,36.438],[-121.521,36.4598],[-121.5299,36.4597],[-121.5303,36.4747],[-121.5451,36.4748],[-121.5483,36.4873],[-121.5624,36.4959],[-121.5622,36.5036],[-121.5714,36.5036],[-121.5824,36.521],[-121.6146,36.5301],[-121.6188,36.5368],[-121.639,36.5462],[-121.6532,36.5473],[-121.6531,36.5618],[-121.6621,36.562],[-121.6621,36.5769],[-121.6723,36.577],[-121.6824,36.5987],[-121.6929,36.6015],[-121.7075,36.6147],[-121.6986,36.6339],[-121.7074,36.6421],[-121.7256,36.6467],[-121.7253,36.6526],[-121.7406,36.6592],[-121.7503,36.6753],[-121.7351,36.6787],[-121.7346,36.7254],[-121.7312,36.7284],[-121.7419,36.7516],[-121.7502,36.7534],[-121.7668,36.7721],[-121.7595,36.7765],[-121.7468,36.7675],[-121.7547,36.7942],[-121.745,36.8133],[-121.7446,36.8271],[-121.7385,36.8324],[-121.7424,36.8432],[-121.7547,36.8539],[-121.7401,36.8599],[-121.7501,36.8785],[-121.7477,36.8954],[-121.7544,36.903],[-121.7694,36.8851],[-121.7845,36.8859],[-121.7932,36.88],[-121.8047,36.8878],[-121.7988,36.8945],[-121.8053,36.8981],[-121.8061,36.9043],[-121.7999,36.9261],[-121.8378,36.9401],[-121.8733,36.9703],[-121.8597,36.9865],[-121.8327,36.9872],[-121.8162,36.9944],[-121.8071,36.9887],[-121.8044,36.9932],[-121.8097,37.0079],[-121.8071,37.0097],[-121.8014,36.9972],[-121.7979,36.9978],[-121.7936,37.0125],[-121.7789,37.0268],[-121.7542,37.0155],[-121.7397,37.0013],[-121.7353,36.9926],[-121.7392,36.9905],[-121.7397,36.9891],[-121.7146,36.9973],[-121.7147,36.9941],[-121.6959,36.9884],[-121.683,37.003],[-121.6684,37.0027],[-121.6645,37.0092],[-121.656,37.0116],[-121.6331,37.0114],[-121.6309,37.0152],[-121.6394,37.0213],[-121.6374,37.0271],[-121.6335,37.0259],[-121.6306,37.0418],[-121.6499,37.0527],[-121.6462,37.0589],[-121.6333,37.0553],[-121.6245,37.0617],[-121.6284,37.0662],[-121.6169,37.0702],[-121.6304,37.0887],[-121.6165,37.0953],[-121.6288,37.1083],[-121.5954,37.1199]]]}},{"type":"Feature","properties":{"district":"3"},"geometry":{"type":"Polygon","coordinates":[[[-121.2174,39.0125],[-121.2121,38.9927],[-121.2199,38.9883],[-121.2182,38.9767],[-121.2286,38.9698],[-121.2284,38.9416],[-121.2098,38.9414],[-121.2093,38.9342],[-121.1959,38.9343],[-121.1956,38.927],[-121.1858,38.923],[-121.1897,38.9118],[-121.1814,38.9029],[-121.1805,38.8913],[-121.2461,38.8865],[-121.2519,38.9008],[-121.2651,38.9011],[-121.2725,38.9085],[-121.3031,38.9035],[-121.3177,38.9118],[-121.3401,38.9119],[-121.3446,38.9265],[-121.3584,38.9265],[-121.3584,38.8973],[-121.3345,38.8973],[-121.3307,38.8863],[-121.3214,38.8863],[-121.3219,38.8737],[-121.3305,38.873],[-121.3307,38.8645],[-121.3493,38.8681],[-121.3494,38.8517],[-121.3355,38.8584],[-121.3355,38.8536],[-121.305,38.8571],[-121.3082,38.8054],[-121.3188,38.8061],[-121.3205,38.81],[-121.377,38.8098],[-121.3771,38.8244],[-121.3957,38.8243],[-121.3954,38.8171],[-121.4186,38.8172],[-121.4247,38.8119],[-121.4262,38.8243],[-121.4325,38.8243],[-121.4326,38.8106],[-121.4416,38.8126],[-121.442,38.8062],[-121.4466,38.8061],[-121.4467,38.8025],[-121.4003,38.8025],[-121.4032,38.7517],[-121.3649,38.7518],[-121.3646,38.7288],[-121.6029,38.7358],[-121.5934,38.754],[-121.5932,38.7643],[-121.6049,38.7794],[-121.6246,38.7854],[-121.631,38.7829],[-121.628,38.779],[-121.6344,38.7679],[-121.6462,38.7741],[-121.639,38.7672],[-121.6541,38.7645],[-121.6632,38.7692],[-121.6585,38.755],[-121.668,38.7545],[-121.6737,38.7431],[-121.6774,38.7501],[-121.67,38.7593],[-121.6926,38.7677],[-121.6865,38.7754],[-121.6934,38.7898],[-121.6907,38.7956],[-121.7013,38.803],[-121.7234,38.8038],[-121.7234,38.8256],[-121.731,38.8358],[-121.7232,38.8513],[-121.7296,38.8584],[-121.7448,38.8642],[-121.7486,38.8713],[-121.7593,38.8684],[-121.7584,38.8624],[-121.7653,38.8642],[-121.7839,38.8565],[-121.7858,38.8632],[-121.8024,38.8646],[-121.8152,38.8771],[-121.8167,38.8845],[-121.8068,38.8903],[-121.804,38.9017],[-121.7936,38.9007],[-121.7911,38.9045],[-121.8122,38.9088],[-121.8153,38.9112],[-121.8059,38.9108],[-121.8048,38.9145],[-121.8289,38.9185],[-121.8373,38.9261],[-121.8301,38.9384],[-121.8406,38.9548],[-121.8321,38.9605],[-121.8333,38.9702],[-121.8214,38.9747],[-121.8195,38.9883],[-121.8021,38.9898],[-121.7953,38.9961],[-121.8265,39.0112],[-121.821,39.0203],[-121.8229,39.0294],[-121.8307,39.0327],[-121.8296,39.038],[-121.8396,39.0469],[-121.8386,39.0641],[-121.8494,39.0714],[-121.8698,39.0669],[-121.8891,39.0724],[-121.8946,39.079],[-121.8898,39.0812],[-121.8953,39.0868],[-121.8944,39.0961],[-121.9058,39.1031],[-121.9055,39.1148],[-121.9131,39.1143],[-121.9111,39.1232],[-121.9214,39.1222],[-121.939,39.1354],[-121.9378,39.144],[-121.9206,39.1413],[-121.9172,39.1473],[-121.9342,39.161],[-121.9455,39.1798],[-121.9346,39.1899],[-121.9366,39.1947],[-121.9283,39.1987],[-121.9361,39.221],[-121.9415,39.2217],[-121.9401,39.2287],[-121.9483,39.2409],[-121.9468,39.2498],[-121.9369,39.268],[-121.921,39.2811],[-121.9169,39.2957],[-121.9077,39.3023],[-121.9046,39.3259],[-121.8944,39.3411],[-121.8991,39.3573],[-121.8936,39.3586],[-121.8839,39.3739],[-121.89,39.3839],[-122.0097,39.3839],[-122.0037,39.3978],[-122.0089,39.4136],[-122.1256,39.4146],[-122.1362,39.4145],[-122.136,39.3855],[-122.7391,39.3833],[-122.7418,39.4352],[-122.7326,39.4508],[-122.7317,39.4792],[-122.7366,39.5085],[-122.7357,39.5807],[-122.8854,39.5801],[-122.8927,39.7089],[-122.9129,39.7087],[-122.9125,39.7482],[-122.9384,39.7481],[-122.9377,39.7982],[-122.944,39.8031],[-122.9467,39.8335],[-122.9602,39.8452],[-122.9505,39.8685],[-122.9533,39.8728],[-122.9474,39.8924],[-122.9506,39.907],[-122.9205,39.9165],[-122.9206,39.9289],[-122.9098,39.9364],[-122.9268,39.9451],[-122.9255,39.9689],[-122.9352,39.9772],[-122.9388,39.9913],[-122.9519,39.9988],[-122.9495,40.0121],[-122.9564,40.0199],[-122.9498,40.031],[-122.9542,40.0454],[-122.9489,40.0498],[-122.9528,40.0597],[-122.9684,40.0688],[-122.9732,40.0776],[-122.9674,40.0887],[-122.9615,40.0898],[-122.9611,40.1],[-122.9737,40.13],[-122.9686,40.139],[-122.9896,40.1451],[-122.9846,40.1534],[-122.984,40.172],[-122.9701,40.1863],[-122.98,40.2147],[-122.9751,40.2326],[-122.9857,40.2488],[-123.0186,40.2628],[-123.0315,40.2648],[-123.0366,40.2613],[-123.0509,40.2676],[-123.0654,40.287],[-123.0567,40.2854],[-123.0252,40.3037],[-123.0138,40.3031],[-122.9769,40.3152],[-122.9498,40.308],[-122.9344,40.3132],[-122.9296,40.3075],[-122.919,40.3066],[-122.9071,40.3178],[-122.9036,40.3162],[-122.884,40.3422],[-122.8727,40.3489],[-122.8538,40.3429],[-122.8059,40.3559],[-122.7881,40.3553],[-122.7587,40.3633],[-122.7525,40.3605],[-122.7488,40.3657],[-122.7302,40.3583],[-122.7317,40.347],[-122.7097,40.3482],[-122.6773,40.3363],[-122.6737,40.3304],[-122.6506,40.3284],[-122.6219,40.3404],[-122.6252,40.3475],[-122.6102,40.3464],[-122.597,40.3572],[-122.5859,40.3593],[-122.5813,40.3673],[-122.564,40.3656],[-122.5506,40.3784],[-122.5417,40.3765],[-122.541,40.3824],[-122.5322,40.3798],[-122.522,40.3878],[-122.5246,40.3945],[-122.5138,40.3884],[-122.505,40.3894],[-122.5002,40.3825],[-122.4705,40.3839],[-122.4629,40.3756],[-122.4529,40.3785],[-122.444,40.3733],[-122.4179,40.3797],[-122.4126,40.3745],[-122.3958,40.3721],[-122.3422,40.3709],[-122.321,40.3749],[-122.3104,40.3711],[-122.2941,40.3805],[-122.2809,40.3758],[-122.257,40.3794],[-122.2518,40.3872],[-122.2355,40.3854],[-122.2272,40.3893],[-122.1994,40.3778],[-122.1936,40.3923],[-122.1873,40.3814],[-122.1731,40.3791],[-122.1885,40.3875],[-122.1829,40.3925],[-122.1294,40.3988],[-122.129,40.4038],[-122.1113,40.4054],[-122.0991,40.4148],[-122.0968,40.4099],[-122.0916,40.4143],[-122.0912,40.4106],[-122.0522,40.4204],[-122.031,40.4174],[-122.0219,40.4241],[-122.0148,40.421],[-122.01,40.4268],[-121.941,40.4153],[-121.9148,40.426],[-121.901,40.4209],[-121.8796,40.4362],[-121.8514,40.4426],[-121.8341,40.4373],[-121.8067,40.445],[-121.7877,40.4437],[-121.7763,40.4376],[-121.7346,40.4356],[-121.7198,40.4486],[-121.6983,40.4483],[-121.6858,40.4531],[-121.672,40.4504],[-121.6463,40.4347],[-121.6141,40.4391],[-121.5931,40.4311],[-121.5651,40.4458],[-121.4976,40.4456],[-121.4944,40.4404],[-121.4979,40.432],[-121.4738,40.4246],[-121.4796,40.4195],[-121.4843,40.3966],[-121.4828,40.3829],[-121.4736,40.3746],[-121.481,40.3666],[-121.4724,40.3516],[-121.4286,40.3503],[-121.4121,40.3427],[-121.3804,40.3403],[-121.3673,40.331],[-121.3675,40.3229],[-121.3423,40.3098],[-121.3566,40.2975],[-121.3667,40.3011],[-121.3768,40.298],[-121.3703,40.288],[-121.3632,40.2875],[-121.3599,40.2775],[-121.3494,40.2734],[-121.3527,40.2685],[-121.349,40.2645],[-121.3673,40.245],[-121.3617,40.2256],[-121.3677,40.2127],[-121.385,40.2103],[-121.4074,40.1914],[-121.4344,40.1959],[-121.4441,40.1908],[-121.4361,40.1819],[-121.4451,40.1777],[-121.4429,40.1619],[-121.4462,40.1559],[-121.4419,40.1521],[-121.4045,40.1517],[-121.4049,40.1156],[-121.3859,40.1159],[-121.3861,40.1087],[-121.3765,40.1086],[-121.3768,40.086],[-121.3668,40.0861],[-121.3672,40.0719],[-121.3769,40.0718],[-121.3771,40.0571],[-121.382,40.057],[-121.3823,40.0518],[-121.4004,40.0521],[-121.4004,40.0305],[-121.4097,40.0306],[-121.4096,40.0157],[-121.4195,40.0158],[-121.4198,39.9876],[-121.4103,39.9873],[-121.4103,39.9585],[-121.4199,39.9586],[-121.4206,39.9295],[-121.4111,39.9294],[-121.411,39.9151],[-121.43,39.9148],[-121.43,39.9003],[-121.411,39.9004],[-121.4119,39.8714],[-121.399,39.8713],[-121.3985,39.8629],[-121.3802,39.8628],[-121.3802,39.8554],[-121.3612,39.8555],[-121.3605,39.8407],[-121.3511,39.8404],[-121.3508,39.8257],[-121.3323,39.8257],[-121.3323,39.8111],[-121.3185,39.8109],[-121.317,39.7967],[-121.3077,39.7966],[-121.3078,39.7894],[-121.2941,39.7893],[-121.285,39.7816],[-121.2859,39.7676],[-121.2683,39.7688],[-121.268,39.7542],[-121.2507,39.754],[-121.2483,39.74],[-121.2297,39.7402],[-121.2295,39.7257],[-121.2109,39.7257],[-121.2087,39.7004],[-121.1905,39.6999],[-121.1903,39.6854],[-121.1712,39.6856],[-121.1712,39.6711],[-121.163,39.671],[-121.1629,39.6638],[-121.1552,39.6639],[-121.1551,39.6568],[-121.1364,39.6568],[-121.1367,39.6282],[-121.1166,39.6281],[-121.1163,39.621],[-121.0976,39.6209],[-121.0977,39.6137],[-121.089,39.6136],[-121.0889,39.6033],[-121.0794,39.6034],[-121.0767,39.5973],[-121.0095,39.6395],[-121.0244,39.5591],[-121.0483,39.5483],[-121.0582,39.537],[-121.0488,39.517],[-121.0344,39.5145],[-121.0221,39.3916],[-121.0257,39.3894],[-121.0346,39.3955],[-121.0419,39.3882],[-121.0498,39.3955],[-121.0631,39.391],[-121.084,39.3946],[-121.0869,39.3864],[-121.0964,39.3877],[-121.1016,39.381],[-121.1279,39.38],[-121.1271,39.3726],[-121.1369,39.3681],[-121.1451,39.3558],[-121.1438,39.3497],[-121.1548,39.3486],[-121.1575,39.3325],[-121.1625,39.3326],[-121.165,39.3386],[-121.178,39.3387],[-121.1845,39.3309],[-121.1956,39.3296],[-121.2064,39.3165],[-121.2002,39.3024],[-121.2149,39.2929],[-121.2184,39.2842],[-121.2426,39.2835],[-121.2669,39.2716],[-121.2592,39.2564],[-121.2693,39.2521],[-121.2688,39.2403],[-121.2795,39.2305],[-121.2795,39.0346],[-121.2705,39.0308],[-121.269,39.024],[-121.241,39.0214],[-121.2333,39.0248],[-121.222,39.0121],[-121.2174,39.0125]]]}},{"type":"Feature","properties":{"district":"30"},"geometry":{"type":"Polygon","coordinates":[[[-121.8097,37.0079],[-121.8044,36.9932],[-121.8071,36.9887],[-121.8162,36.9944],[-121.8327,36.9872],[-121.8597,36.9865],[-121.8733,36.9703],[-121.8378,36.9401],[-121.7999,36.9261],[-121.8061,36.9043],[-121.8053,36.8981],[-121.7988,36.8945],[-121.8047,36.8878],[-121.7932,36.88],[-121.7845,36.8859],[-121.7694,36.8851],[-121.7544,36.903],[-121.7477,36.8954],[-121.7501,36.8785],[-121.7401,36.8599],[-121.7547,36.8539],[-121.7424,36.8432],[-121.7385,36.8324],[-121.7446,36.8271],[-121.745,36.8133],[-121.7547,36.7942],[-121.7468,36.7675],[-121.7595,36.7765],[-121.7668,36.7721],[-121.7502,36.7534],[-121.7419,36.7516],[-121.7312,36.7284],[-121.7346,36.7254],[-121.7351,36.6787],[-121.7503,36.6753],[-121.7406,36.6592],[-121.6986,36.6339],[-121.7075,36.6147],[-121.6929,36.6015],[-121.6824,36.5987],[-121.6723,36.577],[-121.6621,36.5769],[-121.6621,36.562],[-121.6531,36.5618],[-121.6532,36.5473],[-121.6267,36.541],[-121.6133,36.533],[-121.6146,36.5301],[-121.5873,36.5244],[-121.5714,36.5036],[-121.5622,36.5036],[-121.5624,36.4959],[-121.5483,36.4873],[-121.5451,36.4748],[-121.5303,36.4747],[-121.5299,36.4597],[-121.521,36.4598],[-121.5217,36.438],[-121.5127,36.438],[-121.5128,36.4307],[-121.4992,36.4308],[-121.5006,36.4137],[-121.4968,36.4133],[-121.5016,36.4098],[-121.4675,36.4008],[-121.4662,36.3939],[-121.4447,36.3796],[-121.4411,36.3687],[-121.4284,36.3722],[-121.4218,36.3604],[-121.4122,36.3548],[-121.3685,36.3469],[-121.3685,36.3432],[-121.3598,36.3413],[-121.3609,36.336],[-121.3379,36.3413],[-121.3374,36.3357],[-121.319,36.343],[-121.3159,36.3322],[-121.3332,36.3245],[-121.3391,36.3144],[-121.3309,36.3144],[-121.3223,36.2801],[-121.3022,36.2803],[-121.2831,36.2327],[-121.2633,36.2328],[-121.2628,36.1963],[-121.2523,36.1831],[-121.256,36.1764],[-121.24,36.1765],[-121.2371,36.1711],[-121.2414,36.1614],[-121.2319,36.1635],[-121.234,36.1546],[-121.2469,36.147],[-121.244,36.1414],[-121.2309,36.1344],[-121.2264,36.1371],[-121.2261,36.126],[-121.2086,36.126],[-121.1925,36.1089],[-121.1808,36.11],[-121.1626,36.0963],[-121.1732,36.0864],[-121.1657,36.0813],[-121.1709,36.075],[-121.1689,36.0677],[-121.1411,36.0677],[-121.1412,36.0719],[-121.1276,36.0684],[-121.1228,36.057],[-121.1094,36.0534],[-121.1093,36.0459],[-121.1004,36.0459],[-121.1004,36.0369],[-121.0885,36.0331],[-121.0854,36.0236],[-121.0474,36.0232],[-121.0401,36.008],[-121.028,36.0012],[-121.0183,35.9878],[-121.004,35.9876],[-121.0055,35.9822],[-120.9866,35.9844],[-120.9962,35.9703],[-120.9887,35.975],[-120.9753,35.966],[-120.9633,35.9647],[-120.9684,35.9526],[-120.9597,35.948],[-120.9574,35.9595],[-120.9484,35.963],[-120.9437,35.974],[-120.9357,35.9753],[-120.9177,35.9588],[-120.9034,35.9579],[-120.9191,35.9512],[-120.8864,35.9514],[-120.8865,35.947],[-120.8746,35.943],[-120.8759,35.947],[-120.8644,35.9221],[-120.8602,35.9221],[-120.8672,35.9285],[-120.873,35.95],[-120.8539,35.9532],[-120.8331,35.9614],[-120.8331,35.9655],[-120.819,35.9655],[-120.7914,35.9864],[-120.7153,36.0246],[-120.7078,36.0192],[-120.6985,36.0196],[-120.687,36.0292],[-120.6786,36.0238],[-120.6625,36.035],[-120.6672,36.0483],[-120.6573,36.0644],[-120.6751,36.0818],[-120.6731,36.0865],[-120.6509,36.0733],[-120.6495,36.0657],[-120.6363,36.0571],[-120.6271,36.0604],[-120.6133,36.0555],[-120.6045,36.0627],[-120.6092,36.0801],[-120.5944,36.0921],[-120.5981,36.0988],[-120.5898,36.0896],[-120.5961,36.0782],[-120.5879,36.0666],[-120.5667,36.0529],[-120.5454,36.0461],[-120.5404,36.0367],[-120.527,36.0357],[-120.5298,36.0243],[-120.52,36.0209],[-120.5176,36.0275],[-120.4793,36.0107],[-120.4774,36.0008],[-120.4497,35.9884],[-120.4351,35.9698],[-120.4086,35.976],[-120.394,35.9679],[-120.3604,35.9644],[-120.3625,35.9594],[-120.3565,35.9481],[-120.336,35.9372],[-120.3367,35.9236],[-120.3229,35.9078],[-120.2769,35.9065],[-120.2489,35.8838],[-120.2403,35.8659],[-120.2563,35.8554],[-120.2593,35.8451],[-120.2445,35.824],[-120.2199,35.8189],[-120.2158,35.7901],[-120.1944,35.7894],[-120.194,35.6144],[-120.0862,35.6144],[-120.0868,35.5264],[-120.0688,35.5266],[-120.069,35.5129],[-120.051,35.5131],[-120.0509,35.4983],[-120.033,35.4983],[-120.0329,35.4835],[-120.0143,35.4834],[-120.0151,35.4688],[-119.9975,35.4687],[-119.9932,35.4395],[-119.8801,35.4391],[-119.8804,35.3511],[-119.8092,35.3509],[-119.8094,35.2637],[-119.6666,35.2626],[-119.6673,35.175],[-119.5538,35.1801],[-119.5618,35.0878],[-119.4904,35.0917],[-119.4906,35.0767],[-119.4726,35.0767],[-119.4725,34.9012],[-119.5358,34.8976],[-119.5799,34.9228],[-119.6131,34.9495],[-119.6443,34.9536],[-119.6732,34.9735],[-119.7006,34.9767],[-119.7186,34.9715],[-119.727,34.9761],[-119.7456,34.9737],[-119.7804,34.9907],[-119.7893,34.9887],[-119.801,34.9989],[-119.8308,35.0058],[-119.8442,35.0155],[-119.8545,35.0322],[-119.8897,35.0406],[-119.902,35.0358],[-119.9284,35.0598],[-119.9427,35.0544],[-119.9801,35.0576],[-119.9797,35.0619],[-119.9926,35.0629],[-120.002,35.0732],[-120.0136,35.0756],[-120.0141,35.0815],[-120.0233,35.0803],[-120.0396,35.0892],[-120.0441,35.086],[-120.0673,35.0968],[-120.0724,35.1047],[-120.085,35.1076],[-120.0793,35.1127],[-120.0821,35.1147],[-120.0933,35.1142],[-120.0979,35.1095],[-120.1022,35.1134],[-120.1096,35.1035],[-120.1169,35.1067],[-120.1276,35.0909],[-120.1301,35.0961],[-120.1432,35.0957],[-120.1429,35.0822],[-120.149,35.0845],[-120.1746,35.0702],[-120.1729,35.0643],[-120.1802,35.0616],[-120.1849,35.0491],[-120.1805,35.038],[-120.1864,35.0366],[-120.1884,35.0304],[-120.2033,35.0287],[-120.2099,35.0206],[-120.2407,35.0224],[-120.25,35.0301],[-120.2575,35.0176],[-120.2614,35.0266],[-120.2737,35.0208],[-120.2786,35.0116],[-120.2902,35.0154],[-120.3099,35.0092],[-120.3238,35.0173],[-120.3346,35.0063],[-120.3339,34.9956],[-120.3263,34.9857],[-120.316,34.984],[-120.3156,34.9749],[-120.302,34.9634],[-120.304,34.9565],[-120.2952,34.9485],[-120.2922,34.9319],[-120.3003,34.9155],[-120.2995,34.9071],[-120.312,34.9038],[-120.3359,34.9311],[-120.436,34.9871],[-120.4839,34.992],[-120.4675,34.9946],[-120.4476,35.008],[-120.4606,35.015],[-120.4564,35.0148],[-120.468,35.0259],[-120.4621,35.0296],[-120.4671,35.0347],[-120.4606,35.0395],[-120.4759,35.0606],[-120.4866,35.0527],[-120.5105,35.071],[-120.5132,35.0785],[-120.5231,35.0776],[-120.5179,35.0737],[-120.5165,35.0719],[-120.5416,35.0912],[-120.5624,35.0937],[-120.5674,35.0835],[-120.5783,35.0914],[-120.5848,35.0827],[-120.5912,35.0854],[-120.5917,35.0907],[-120.6007,35.0907],[-120.6006,35.0953],[-120.6289,35.0999],[-120.6433,35.1381],[-120.6518,35.1346],[-120.6436,35.1386],[-120.6499,35.1466],[-120.6625,35.1534],[-120.6751,35.1531],[-120.7057,35.1739],[-120.7251,35.1743],[-120.738,35.1795],[-120.7303,35.1822],[-120.7343,35.1834],[-120.7553,35.1744],[-120.754,35.1594],[-120.7605,35.1597],[-120.7788,35.1681],[-120.7861,35.1777],[-120.857,35.206],[-120.8595,35.2158],[-120.8738,35.2222],[-120.8747,35.2277],[-120.8977,35.2473],[-120.8997,35.2551],[-120.8937,35.2634],[-120.8952,35.273],[-120.8887,35.2738],[-120.8723,35.3114],[-120.8619,35.3549],[-120.8703,35.3692],[-120.8643,35.3735],[-120.8672,35.3973],[-120.888,35.4343],[-120.9067,35.4488],[-120.9455,35.4466],[-120.9681,35.4599],[-120.9925,35.4638],[-121.005,35.461],[-121.0243,35.4835],[-121.0373,35.4894],[-121.0486,35.5048],[-121.0599,35.5097],[-121.1016,35.5488],[-121.126,35.5931],[-121.1426,35.6041],[-121.1667,35.6354],[-121.1889,35.6431],[-121.1953,35.6407],[-121.1946,35.6343],[-121.221,35.6517],[-121.2422,35.6517],[-121.2715,35.6668],[-121.2866,35.6646],[-121.2898,35.6894],[-121.308,35.7097],[-121.3166,35.7132],[-121.313,35.7173],[-121.3185,35.7281],[-121.3158,35.7525],[-121.3276,35.7597],[-121.3249,35.7693],[-121.3319,35.7825],[-121.3905,35.8257],[-121.4131,35.8553],[-121.4396,35.867],[-121.4649,35.8885],[-121.4632,35.9038],[-121.4747,35.92],[-121.4687,35.9267],[-121.4767,35.9309],[-121.4862,35.9703],[-121.5031,36.0003],[-121.5319,36.0144],[-121.5735,36.0236],[-121.5914,36.0493],[-121.5928,36.0651],[-121.6068,36.0721],[-121.6191,36.0865],[-121.6296,36.1145],[-121.6758,36.1635],[-121.6985,36.1748],[-121.7166,36.1947],[-121.7809,36.2278],[-121.7971,36.2342],[-121.8141,36.2344],[-121.8378,36.2491],[-121.8371,36.2564],[-121.852,36.2778],[-121.8634,36.281],[-121.8865,36.3021],[-121.9027,36.3061],[-121.8951,36.3159],[-121.8929,36.3404],[-121.9073,36.3566],[-121.9027,36.3639],[-121.908,36.3743],[-121.9018,36.3816],[-121.9032,36.3936],[-121.9147,36.4031],[-121.9147,36.4259],[-121.9295,36.4472],[-121.9258,36.4598],[-121.9371,36.472],[-121.9417,36.4891],[-121.9463,36.4904],[-121.937,36.498],[-121.938,36.505],[-121.9545,36.5186],[-121.9529,36.5243],[-121.9394,36.5189],[-121.9368,36.5237],[-121.9277,36.5236],[-121.9283,36.5362],[-121.9261,36.5364],[-121.9242,36.5356],[-121.9228,36.5353],[-121.922,36.5354],[-121.9251,36.5366],[-121.9218,36.54],[-121.9283,36.5364],[-121.9329,36.5402],[-121.9294,36.5481],[-121.9337,36.561],[-121.9497,36.5676],[-121.9552,36.5619],[-121.971,36.5699],[-121.9787,36.5815],[-121.9664,36.5847],[-121.9588,36.6097],[-121.9515,36.6092],[-121.9432,36.6161],[-121.9348,36.6374],[-121.924,36.6345],[-121.9139,36.6232],[-121.9038,36.6218],[-121.8861,36.6013],[-121.8665,36.6065],[-121.8423,36.6301],[-121.8145,36.6829],[-121.8071,36.7142],[-121.8056,36.7507],[-121.7883,36.8045],[-121.81,36.8508],[-121.8623,36.9316],[-121.8947,36.9618],[-121.9333,36.9784],[-121.9532,36.9724],[-121.9728,36.9542],[-122.0006,36.9618],[-122.0018,36.9682],[-121.9874,36.9899],[-121.9849,37.0028],[-121.9734,37.0133],[-121.9697,37.0064],[-121.9635,37.0121],[-121.9349,37.0102],[-121.9281,37.0151],[-121.9214,36.991],[-121.911,37.0031],[-121.9031,37.0025],[-121.9003,37.0194],[-121.904,37.0212],[-121.894,37.0305],[-121.8958,37.0422],[-121.8834,37.0492],[-121.887,37.0594],[-121.8754,37.0601],[-121.8684,37.0765],[-121.8414,37.0656],[-121.8364,37.054],[-121.8441,37.0413],[-121.8301,37.0336],[-121.8274,37.0224],[-121.8097,37.0079]]]}},{"type":"Feature","properties":{"district":"31"},"geometry":{"type":"Polygon","coordinates":[[[-119.3044,36.7094],[-119.3051,36.5737],[-119.4129,36.5752],[-119.413,36.6186],[-119.4309,36.6186],[-119.4309,36.6258],[-119.4488,36.626],[-119.4488,36.6187],[-119.4787,36.6108],[-119.4842,36.6188],[-119.4932,36.6213],[-119.5209,36.6193],[-119.5161,36.6119],[-119.5209,36.612],[-119.5212,36.5902],[-119.5301,36.5903],[-119.5299,36.6048],[-119.5479,36.6038],[-119.5479,36.5981],[-119.5749,36.5959],[-119.5659,36.6051],[-119.6106,36.6053],[-119.6106,36.5916],[-119.5951,36.5908],[-119.5996,36.5849],[-119.5971,36.5796],[-119.6019,36.5786],[-119.6018,36.5715],[-119.5929,36.5727],[-119.5929,36.5652],[-119.6018,36.5652],[-119.6018,36.5616],[-119.5952,36.5616],[-119.5951,36.5543],[-119.599,36.5543],[-119.5754,36.5259],[-119.5685,36.5236],[-119.5754,36.518],[-119.5752,36.5107],[-119.5616,36.5107],[-119.5615,36.5034],[-119.5569,36.5021],[-119.6667,36.4188],[-119.6716,36.4311],[-119.6936,36.4245],[-119.7057,36.427],[-119.714,36.4189],[-119.7463,36.4168],[-119.7531,36.4019],[-119.9773,36.4009],[-119.9773,36.4155],[-120.0133,36.4152],[-120.0133,36.4299],[-120.0313,36.4299],[-120.0313,36.459],[-120.0177,36.4674],[-120.0106,36.481],[-119.9998,36.4882],[-119.8456,36.4891],[-119.8453,36.5327],[-119.8269,36.5327],[-119.8268,36.5402],[-119.8269,36.5762],[-119.8449,36.5761],[-119.8446,36.6341],[-119.8627,36.634],[-119.8624,36.663],[-119.9073,36.6622],[-119.9075,36.6773],[-119.9344,36.6771],[-119.9344,36.7352],[-119.9343,36.7425],[-119.9164,36.7426],[-119.9163,36.7789],[-119.8489,36.7791],[-119.8341,36.7719],[-119.8444,36.7814],[-119.8444,36.8083],[-119.8174,36.8083],[-119.8175,36.793],[-119.8047,36.7849],[-119.7995,36.7958],[-119.7917,36.7946],[-119.7927,36.8085],[-119.7734,36.8104],[-119.7744,36.823],[-119.7541,36.8231],[-119.7542,36.8086],[-119.7318,36.8085],[-119.7317,36.7868],[-119.7363,36.7855],[-119.7363,36.7795],[-119.7317,36.7793],[-119.7337,36.7626],[-119.7004,36.7607],[-119.7003,36.7932],[-119.6865,36.7942],[-119.6731,36.7939],[-119.6731,36.7612],[-119.664,36.7612],[-119.664,36.7575],[-119.6324,36.7575],[-119.6293,36.7614],[-119.6182,36.7586],[-119.6101,36.7648],[-119.5561,36.7646],[-119.5562,36.743],[-119.5428,36.743],[-119.543,36.7357],[-119.5293,36.7358],[-119.534,36.7212],[-119.511,36.7251],[-119.5111,36.699],[-119.5015,36.6992],[-119.492,36.7058],[-119.4693,36.706],[-119.4574,36.7058],[-119.4574,36.6985],[-119.4128,36.6982],[-119.4125,36.7117],[-119.3947,36.709],[-119.3947,36.7053],[-119.3402,36.7045],[-119.3403,36.7151],[-119.2977,36.7234],[-119.2867,36.7304],[-119.2862,36.7134],[-119.295,36.715],[-119.3044,36.7094]]]}},{"type":"Feature","properties":{"district":"32"},"geometry":{"type":"Polygon","coordinates":[[[-117.6343,35.7973],[-117.6343,35.7098],[-117.6521,35.7099],[-117.6522,35.6808],[-117.6165,35.6807],[-117.6165,35.6516],[-117.6344,35.6516],[-117.63,35.4575],[-117.6516,35.4576],[-117.6552,35.4627],[-117.6725,35.4663],[-117.6883,35.458],[-117.7035,35.4675],[-117.7274,35.4737],[-117.7396,35.4648],[-117.7516,35.4738],[-117.7498,35.4797],[-117.7621,35.4768],[-117.7627,35.4713],[-117.7681,35.4739],[-117.7677,35.4575],[-117.7746,35.4636],[-117.8264,35.4714],[-117.8445,35.4689],[-117.8628,35.4557],[-117.8817,35.4503],[-117.8944,35.4554],[-117.9003,35.4515],[-117.9127,35.458],[-117.9398,35.4404],[-117.961,35.4482],[-117.966,35.4557],[-117.9783,35.4465],[-117.9976,35.4437],[-117.9995,35.4475],[-118.0121,35.427],[-118.0259,35.4193],[-118.0232,35.396],[-118.0284,35.3768],[-118.0435,35.3587],[-118.0379,35.3463],[-118.0469,35.3078],[-118.0559,35.2916],[-118.0643,35.2865],[-118.0783,35.2561],[-118.0877,35.2491],[-118.0872,35.2184],[-118.1458,35.1644],[-118.1831,35.1187],[-118.2033,35.0829],[-118.2166,35.0702],[-118.2212,35.0681],[-118.2212,35.0798],[-118.2251,35.0829],[-118.2572,35.0801],[-118.2567,35.0532],[-118.2434,35.0539],[-118.2431,35.0451],[-118.2532,35.0328],[-118.2612,35.0041],[-118.3148,34.97],[-118.3458,34.9359],[-118.4096,34.9093],[-118.4545,34.9004],[-118.447,34.8848],[-118.4898,34.8562],[-118.5164,34.8578],[-118.5374,34.8497],[-118.5536,34.8495],[-118.5612,34.8412],[-118.5877,34.8341],[-118.5876,34.8183],[-118.854,34.8178],[-118.8543,34.803],[-118.8767,34.8032],[-118.8841,34.8108],[-118.8804,34.8178],[-118.8946,34.818],[-118.8804,34.7887],[-118.978,34.7898],[-118.9779,34.8117],[-119.2425,34.8143],[-119.2426,34.8576],[-119.2773,34.8573],[-119.2764,34.8725],[-119.3819,34.874],[-119.3837,34.9008],[-119.4725,34.9014],[-119.4726,35.0767],[-119.4906,35.0767],[-119.4904,35.0917],[-119.5618,35.0878],[-119.5538,35.1801],[-119.6673,35.175],[-119.6666,35.2626],[-119.8094,35.2637],[-119.8092,35.3454],[-119.7922,35.3371],[-119.7911,35.3498],[-119.7844,35.3537],[-119.7908,35.3643],[-119.7585,35.383],[-119.5632,35.3829],[-119.554,35.3902],[-119.5462,35.3902],[-119.5613,35.3778],[-119.5452,35.3679],[-119.5136,35.3828],[-119.4675,35.3839],[-119.4675,35.3692],[-119.3991,35.3693],[-119.3947,35.3621],[-119.3412,35.3621],[-119.3412,35.3766],[-119.3055,35.3692],[-119.3051,35.3877],[-119.3233,35.3878],[-119.3232,35.3985],[-119.3053,35.3984],[-119.3051,35.4419],[-119.054,35.4413],[-119.0557,35.4544],[-119.0521,35.4523],[-119.0473,35.4594],[-119.0262,35.4633],[-119.0269,35.4592],[-119.0193,35.4564],[-119.0166,35.4414],[-119.0052,35.4413],[-119.0012,35.436],[-119.0123,35.4268],[-119.0128,35.4194],[-119.0044,35.42],[-119.0076,35.4123],[-118.9987,35.4122],[-118.9986,35.406],[-119.0054,35.4018],[-119.0029,35.3975],[-119.0187,35.3962],[-119.0192,35.3872],[-119.0039,35.3792],[-119.0029,35.3684],[-119.0407,35.3685],[-119.0583,35.3631],[-119.0609,35.3382],[-119.0745,35.3347],[-119.0744,35.3107],[-119.0922,35.3108],[-119.0922,35.2961],[-119.0745,35.296],[-119.0744,35.2816],[-119.0505,35.2815],[-119.0526,35.267],[-119.0434,35.2669],[-119.0434,35.2562],[-119.039,35.2598],[-119.0205,35.2571],[-119.0212,35.262],[-119.0031,35.2596],[-119.0037,35.1701],[-118.9962,35.1466],[-118.9771,35.1541],[-118.977,35.1792],[-118.9684,35.1797],[-118.9676,35.194],[-118.9499,35.194],[-118.95,35.2087],[-118.9322,35.2087],[-118.9335,35.1939],[-118.8781,35.1943],[-118.8781,35.1654],[-118.8421,35.1655],[-118.8237,35.1656],[-118.824,35.191],[-118.8152,35.1912],[-118.8151,35.1803],[-118.8059,35.1805],[-118.8063,35.2092],[-118.7526,35.2094],[-118.7527,35.2924],[-118.7686,35.2993],[-118.8027,35.3279],[-118.8432,35.3382],[-118.8439,35.3744],[-118.862,35.362],[-118.8964,35.3617],[-118.8964,35.3836],[-118.9135,35.3803],[-118.9265,35.3856],[-118.9378,35.3796],[-118.9381,35.3833],[-118.9497,35.3832],[-118.9498,35.3962],[-118.9132,35.3969],[-118.9142,35.4126],[-118.924,35.4198],[-118.942,35.4242],[-118.9485,35.4212],[-118.9463,35.4314],[-118.9499,35.432],[-118.9551,35.426],[-118.9591,35.4258],[-118.9499,35.4324],[-118.9497,35.4413],[-118.9578,35.4415],[-118.9594,35.586],[-118.9715,35.5926],[-118.968,35.5975],[-118.9716,35.6116],[-118.9859,35.6168],[-118.988,35.626],[-118.9626,35.6321],[-118.9656,35.6362],[-118.9598,35.6444],[-118.9671,35.6423],[-118.9767,35.6507],[-119.0094,35.6557],[-119.0095,35.6631],[-119.0272,35.6633],[-119.0216,35.6579],[-119.0307,35.6506],[-119.039,35.6538],[-119.0449,35.6565],[-119.051,35.6895],[-119.0666,35.6894],[-119.0625,35.7015],[-119.0648,35.7192],[-119.0527,35.7508],[-119.0534,35.7908],[-118.9807,35.7907],[-118.9969,35.798],[-118.9929,35.7979],[-118.9906,35.8092],[-118.9847,35.8092],[-118.9818,35.8207],[-118.9897,35.8211],[-118.9945,35.8272],[-118.9623,35.8379],[-118.9812,35.8447],[-119.0001,35.8593],[-119.0002,35.9134],[-118.9755,35.917],[-118.9755,35.9274],[-118.9653,35.9273],[-118.9652,35.9205],[-118.9478,35.9205],[-118.9478,35.9445],[-118.961,35.9659],[-118.9823,35.9872],[-118.9822,36.0078],[-118.9733,36.0077],[-118.9732,36.022],[-118.9822,36.0223],[-118.9822,36.0296],[-118.9909,36.0332],[-118.9777,36.0332],[-118.9776,36.0439],[-118.966,36.0479],[-118.9506,36.0442],[-118.9372,36.0509],[-118.9446,36.0506],[-118.9493,36.0587],[-118.9629,36.0613],[-118.9683,36.066],[-118.9662,36.0714],[-118.9775,36.0733],[-118.9774,36.0803],[-119.0087,36.0852],[-119.0088,36.1038],[-119.0019,36.1095],[-119.0269,36.1094],[-119.0271,36.1133],[-119.0181,36.1164],[-119.0179,36.1236],[-119.0449,36.1236],[-119.0449,36.1309],[-119.036,36.1309],[-119.036,36.1347],[-119.0449,36.1347],[-119.0464,36.1999],[-119.0568,36.2035],[-119.0645,36.2244],[-119.0772,36.2337],[-119.1006,36.2332],[-119.1006,36.2241],[-119.1185,36.2244],[-119.1177,36.1962],[-119.1716,36.1963],[-119.172,36.2108],[-119.3033,36.2111],[-119.3033,36.2261],[-119.3129,36.226],[-119.313,36.2477],[-119.3222,36.2476],[-119.3224,36.2404],[-119.3458,36.2403],[-119.3494,36.2452],[-119.3564,36.245],[-119.3544,36.233],[-119.3695,36.2257],[-119.3846,36.2256],[-119.3843,36.2034],[-119.4212,36.2035],[-119.4214,36.3274],[-119.4095,36.329],[-119.4214,36.339],[-119.4371,36.3382],[-119.4394,36.3567],[-119.4282,36.3555],[-119.4296,36.3636],[-119.4036,36.3598],[-119.4035,36.342],[-119.3946,36.342],[-119.3947,36.3709],[-119.3321,36.371],[-119.3322,36.3741],[-119.3088,36.3708],[-119.2971,36.3645],[-119.297,36.3564],[-119.3223,36.3564],[-119.3228,36.3525],[-119.3143,36.3532],[-119.3143,36.3493],[-119.3232,36.3492],[-119.3231,36.3419],[-119.3143,36.3419],[-119.3142,36.3357],[-119.3052,36.3335],[-119.2879,36.3338],[-119.2875,36.3418],[-119.2459,36.3422],[-119.227,36.349],[-119.2261,36.3492],[-119.225,36.3493],[-119.2205,36.3491],[-119.2431,36.3429],[-119.243,36.3346],[-119.2339,36.3345],[-119.2339,36.3272],[-119.2248,36.3272],[-119.2251,36.2832],[-119.2188,36.2831],[-119.2211,36.2797],[-119.2172,36.2768],[-119.2166,36.2834],[-119.2073,36.2833],[-119.2033,36.2975],[-119.1943,36.2975],[-119.1982,36.3122],[-119.1711,36.312],[-119.1704,36.3265],[-119.1149,36.3258],[-119.1163,36.3585],[-119.1001,36.3584],[-119.0996,36.3712],[-119.0823,36.3803],[-119.0408,36.3885],[-119.029,36.4004],[-119.0411,36.4065],[-119.0627,36.4066],[-119.063,36.4137],[-119.0721,36.4137],[-119.072,36.4174],[-119.0809,36.4173],[-119.0809,36.4227],[-119.0868,36.4228],[-119.0851,36.4282],[-119.0982,36.4246],[-119.1167,36.4427],[-119.1168,36.45],[-119.1348,36.45],[-119.1347,36.4572],[-119.1436,36.4627],[-119.1466,36.4723],[-119.2054,36.4718],[-119.2051,36.4858],[-119.2148,36.4859],[-119.2149,36.4943],[-119.2332,36.4991],[-119.2466,36.5128],[-119.234,36.5314],[-119.2263,36.533],[-119.2149,36.5451],[-119.2408,36.5601],[-119.2641,36.5871],[-119.305,36.5882],[-119.3046,36.6606],[-118.9848,36.6572],[-118.9825,36.7417],[-118.555,36.7391],[-118.5555,36.7448],[-118.3606,36.7448],[-118.3513,36.741],[-118.339,36.7278],[-118.3347,36.7053],[-118.3661,36.6904],[-118.352,36.6829],[-118.3475,36.6723],[-118.3312,36.6694],[-118.3295,36.6654],[-118.3382,36.6554],[-118.3188,36.6389],[-118.3213,36.6274],[-118.3028,36.619],[-118.2939,36.6051],[-118.2816,36.6045],[-118.2746,36.5973],[-118.278,36.5923],[-118.289,36.5907],[-118.288,36.5837],[-118.2941,36.5774],[-118.2898,36.5732],[-118.292,36.5622],[-118.252,36.5421],[-118.2509,36.5256],[-118.2467,36.5214],[-118.2388,36.5236],[-118.2414,36.5],[-118.235,36.4937],[-118.2499,36.4824],[-118.237,36.477],[-118.2326,36.4663],[-118.2159,36.4567],[-118.2096,36.4421],[-118.2148,36.435],[-118.2098,36.4303],[-118.1749,36.4265],[-118.1568,36.4326],[-118.1388,36.4189],[-118.1403,36.4035],[-118.1629,36.3894],[-118.141,36.3716],[-118.1305,36.3703],[-118.1242,36.3519],[-118.1003,36.3461],[-118.0976,36.3311],[-118.1125,36.322],[-118.1118,36.3083],[-118.1216,36.3068],[-118.1201,36.3022],[-118.127,36.3002],[-118.1276,36.2804],[-118.1174,36.2712],[-118.1194,36.2556],[-118.1052,36.2336],[-118.1092,36.2255],[-118.1056,36.2134],[-118.0907,36.1973],[-118.0737,36.1894],[-118.07,36.1786],[-118.0593,36.1701],[-118.0626,36.1622],[-118.0597,36.1508],[-118.0735,36.1403],[-118.0646,36.1104],[-118.0683,36.1085],[-118.0673,36.0934],[-118.0631,36.0892],[-118.058,36.0919],[-118.0516,36.0835],[-118.0517,36.0595],[-118.0427,36.0485],[-118.0463,36.0422],[-118.0395,36.0342],[-118.0414,36.0298],[-118.0371,36.0291],[-118.0336,36.0089],[-118.0121,35.9983],[-118.0036,35.9837],[-118.0045,35.9772],[-118.0146,35.9729],[-118.0168,35.9546],[-118.0111,35.9546],[-118.0069,35.9465],[-117.992,35.9438],[-117.9833,35.9266],[-117.9903,35.9141],[-117.9821,35.8947],[-117.9891,35.8813],[-117.9808,35.8675],[-117.9967,35.8695],[-118.0074,35.8582],[-118.0029,35.8413],[-118.0062,35.829],[-117.9986,35.823],[-118.0077,35.8171],[-118.0081,35.7889],[-117.923,35.7867],[-117.9244,35.7984],[-117.6343,35.7973]]]}},{"type":"Feature","properties":{"district":"33"},"geometry":{"type":"Polygon","coordinates":[[[-119.305,36.5882],[-119.2641,36.5871],[-119.2408,36.5601],[-119.2149,36.5451],[-119.2263,36.533],[-119.234,36.5314],[-119.2466,36.5128],[-119.2332,36.4991],[-119.2149,36.4943],[-119.2148,36.4859],[-119.2051,36.4858],[-119.2054,36.4718],[-119.1466,36.4723],[-119.1436,36.4627],[-119.1347,36.4572],[-119.1348,36.45],[-119.1168,36.45],[-119.1167,36.4427],[-119.0982,36.4246],[-119.0851,36.4282],[-119.0868,36.4228],[-119.0809,36.4227],[-119.0809,36.4173],[-119.072,36.4174],[-119.0721,36.4137],[-119.063,36.4137],[-119.0627,36.4066],[-119.0411,36.4065],[-119.029,36.4004],[-119.0408,36.3885],[-119.0823,36.3803],[-119.0996,36.3712],[-119.1001,36.3584],[-119.1163,36.3585],[-119.1149,36.3258],[-119.1704,36.3265],[-119.1711,36.312],[-119.1982,36.3122],[-119.1943,36.2975],[-119.2033,36.2975],[-119.2073,36.2833],[-119.2166,36.2834],[-119.2172,36.2768],[-119.2211,36.2797],[-119.2188,36.2831],[-119.2251,36.2832],[-119.2248,36.3272],[-119.2339,36.3272],[-119.2339,36.3345],[-119.243,36.3346],[-119.2431,36.3429],[-119.2205,36.3491],[-119.2459,36.3422],[-119.2875,36.3418],[-119.2879,36.3338],[-119.3052,36.3335],[-119.3142,36.3357],[-119.3143,36.3419],[-119.3231,36.3419],[-119.3232,36.3492],[-119.3143,36.3493],[-119.3143,36.3532],[-119.3228,36.3525],[-119.3223,36.3564],[-119.297,36.3564],[-119.2971,36.3645],[-119.3088,36.3708],[-119.3322,36.3741],[-119.3321,36.371],[-119.3947,36.3709],[-119.3946,36.342],[-119.4035,36.342],[-119.4036,36.3598],[-119.4296,36.3636],[-119.4282,36.3555],[-119.4394,36.3567],[-119.4371,36.3382],[-119.4214,36.339],[-119.4095,36.329],[-119.4214,36.3274],[-119.4212,36.2035],[-119.3843,36.2034],[-119.3846,36.2256],[-119.3695,36.2257],[-119.3544,36.233],[-119.3564,36.245],[-119.3494,36.2452],[-119.3458,36.2403],[-119.3224,36.2404],[-119.3222,36.2476],[-119.313,36.2477],[-119.3129,36.226],[-119.3033,36.2261],[-119.3033,36.2111],[-119.172,36.2108],[-119.1716,36.1963],[-119.1177,36.1962],[-119.1185,36.2244],[-119.1006,36.2241],[-119.1006,36.2332],[-119.0772,36.2337],[-119.0654,36.2253],[-119.0568,36.2035],[-119.0464,36.1999],[-119.0449,36.1347],[-119.036,36.1347],[-119.036,36.1309],[-119.0449,36.1309],[-119.0449,36.1236],[-119.0179,36.1236],[-119.0181,36.1164],[-119.0271,36.1133],[-119.0269,36.1094],[-119.0019,36.1095],[-119.0088,36.1038],[-119.0087,36.0852],[-118.9774,36.0803],[-118.9775,36.0733],[-118.9662,36.0714],[-118.9683,36.066],[-118.9629,36.0613],[-118.9493,36.0587],[-118.9446,36.0506],[-118.9372,36.0509],[-118.9506,36.0442],[-118.966,36.0479],[-118.9776,36.0439],[-118.9777,36.0332],[-118.9909,36.0332],[-118.9822,36.0296],[-118.9822,36.0223],[-118.9732,36.022],[-118.9733,36.0077],[-118.9822,36.0078],[-118.982,35.9864],[-118.9613,35.9663],[-118.9478,35.9445],[-118.9478,35.9205],[-118.9652,35.9205],[-118.9653,35.9273],[-118.9755,35.9274],[-118.9755,35.917],[-119.0002,35.9134],[-119.0001,35.8593],[-118.9812,35.8447],[-118.9623,35.8379],[-118.9945,35.8272],[-118.9897,35.8211],[-118.9818,35.8207],[-118.9847,35.8092],[-118.9906,35.8092],[-118.9929,35.7979],[-118.9969,35.798],[-118.9807,35.7907],[-120.214,35.7893],[-120.2199,35.8189],[-120.2445,35.824],[-120.2593,35.8451],[-120.2563,35.8554],[-120.2403,35.8659],[-120.2452,35.8731],[-120.2433,35.8777],[-120.2769,35.9065],[-120.3151,35.9072],[-119.9589,36.1814],[-119.9592,36.401],[-119.7531,36.4019],[-119.7463,36.4168],[-119.714,36.4189],[-119.7057,36.427],[-119.6936,36.4245],[-119.6716,36.4311],[-119.6664,36.4189],[-119.5569,36.5021],[-119.5615,36.5034],[-119.5616,36.5107],[-119.5752,36.5107],[-119.5754,36.518],[-119.5685,36.5236],[-119.5754,36.5259],[-119.599,36.5543],[-119.5951,36.5543],[-119.5952,36.5616],[-119.6018,36.5616],[-119.6018,36.5652],[-119.5929,36.5652],[-119.5929,36.5727],[-119.6018,36.5715],[-119.6019,36.5786],[-119.5971,36.5796],[-119.5996,36.5849],[-119.5951,36.5908],[-119.6106,36.5916],[-119.6106,36.6053],[-119.5659,36.6051],[-119.5749,36.5959],[-119.5479,36.5981],[-119.5479,36.6038],[-119.5299,36.6048],[-119.5301,36.5903],[-119.5212,36.5902],[-119.5209,36.612],[-119.5161,36.6119],[-119.5209,36.6193],[-119.4932,36.6213],[-119.4842,36.6188],[-119.4787,36.6108],[-119.4488,36.6187],[-119.4488,36.626],[-119.4309,36.6258],[-119.4309,36.6186],[-119.413,36.6186],[-119.4129,36.5752],[-119.3051,36.5737],[-119.305,36.5882]]]}},{"type":"Feature","properties":{"district":"34"},"geometry":{"type":"Polygon","coordinates":[[[-115.6484,35.8092],[-114.9482,35.2552],[-114.9573,35.0502],[-114.9778,35.0427],[-114.9844,34.9187],[-115.0632,34.9196],[-115.0589,34.8599],[-115.051,34.83],[-115.0267,34.8294],[-114.9663,34.8434],[-114.9893,34.8372],[-115.0109,34.7392],[-114.9879,34.7511],[-115.0018,34.6914],[-115.0226,34.6931],[-115.0299,34.6831],[-115.136,34.6803],[-115.1803,34.6692],[-115.1679,34.6554],[-115.1634,34.624],[-115.1559,34.6252],[-115.1392,34.6116],[-115.1246,34.6125],[-115.1248,34.6049],[-115.1179,34.6002],[-115.1182,34.591],[-115.1599,34.5443],[-115.1137,34.5438],[-115.0847,34.5287],[-115.067,34.505],[-115.0537,34.4931],[-115.0475,34.4947],[-115.0485,34.4906],[-115.0573,34.4889],[-115.0884,34.418],[-115.0668,34.4116],[-115.1018,34.2598],[-115.1289,34.2792],[-115.1328,34.2795],[-115.1561,34.2768],[-115.1659,34.277],[-115.166,34.2766],[-115.1496,34.276],[-115.1507,34.2656],[-115.1058,34.2427],[-115.122,34.1579],[-115.1171,34.1464],[-115.1339,34.1335],[-115.1401,34.1336],[-115.1372,34.13],[-115.1458,34.1209],[-115.1262,34.1076],[-115.1245,34.0991],[-115.1136,34.0871],[-115.1361,34.0797],[-115.3161,34.0778],[-115.3162,34.0341],[-116.0465,34.0343],[-116.038,34.0373],[-116.0332,34.0507],[-116.0267,34.0533],[-116.0244,34.0676],[-116.0365,34.0748],[-116.0367,34.107],[-116.0544,34.1072],[-116.0544,34.1211],[-116.2558,34.1206],[-116.2558,34.1387],[-116.2646,34.1388],[-116.2645,34.1716],[-116.3215,34.1713],[-116.335,34.1674],[-116.335,34.1638],[-116.4203,34.1662],[-116.4226,34.1935],[-116.4409,34.1948],[-116.4619,34.1881],[-116.4973,34.2019],[-116.511,34.1985],[-116.5117,34.2054],[-116.6129,34.2068],[-116.647,34.2068],[-116.6476,34.1781],[-116.6829,34.1771],[-116.6824,34.1487],[-116.6993,34.1485],[-116.6991,34.1343],[-116.7179,34.1341],[-116.7179,34.1222],[-116.9071,34.1205],[-116.9099,34.0997],[-116.9222,34.0895],[-117.0139,34.1044],[-117.0328,34.0957],[-117.0524,34.0771],[-117.0524,34.0806],[-117.0686,34.077],[-117.0602,34.0842],[-117.0689,34.0913],[-117.0861,34.0913],[-117.0861,34.0986],[-117.0948,34.0985],[-117.0995,34.1094],[-117.1258,34.1097],[-117.1259,34.1167],[-117.1324,34.1135],[-117.1608,34.1211],[-117.1956,34.1212],[-117.1829,34.1058],[-117.1824,34.099],[-117.1999,34.099],[-117.1994,34.1026],[-117.2088,34.1026],[-117.2044,34.1076],[-117.2044,34.1262],[-117.2131,34.1271],[-117.2152,34.1317],[-117.2001,34.1272],[-117.1956,34.1321],[-117.2022,34.1321],[-117.2022,34.1358],[-117.1806,34.1324],[-117.1825,34.1357],[-117.1726,34.1367],[-117.1651,34.146],[-117.1737,34.1428],[-117.1736,34.1499],[-117.2,34.1465],[-117.1998,34.1574],[-117.2088,34.1573],[-117.2088,34.1643],[-117.2268,34.1648],[-117.2262,34.1935],[-117.2698,34.1901],[-117.279,34.208],[-117.2875,34.2114],[-117.2876,34.201],[-117.2831,34.2011],[-117.2788,34.191],[-117.2963,34.1908],[-117.2973,34.1839],[-117.3097,34.1892],[-117.3049,34.2008],[-117.3252,34.1943],[-117.3316,34.2009],[-117.3267,34.2187],[-117.3217,34.2216],[-117.3351,34.2224],[-117.3344,34.2301],[-117.3482,34.2265],[-117.3483,34.2229],[-117.3354,34.2191],[-117.3357,34.2084],[-117.3482,34.2084],[-117.357,34.2156],[-117.3726,34.2134],[-117.3794,34.2237],[-117.3882,34.2203],[-117.3864,34.2293],[-117.3953,34.2286],[-117.3999,34.2207],[-117.4093,34.2248],[-117.4491,34.254],[-117.4532,34.2929],[-117.4809,34.3195],[-117.4797,34.3375],[-117.4441,34.3458],[-117.4343,34.3629],[-117.4334,34.3398],[-117.4256,34.3398],[-117.4244,34.3287],[-117.417,34.3296],[-117.4125,34.34],[-117.3726,34.3624],[-117.3726,34.3688],[-117.355,34.3687],[-117.3552,34.3977],[-117.3106,34.398],[-117.3099,34.4071],[-117.305,34.4064],[-117.2962,34.4469],[-117.2792,34.469],[-117.3122,34.4707],[-117.3125,34.4999],[-117.3038,34.5],[-117.3033,34.5236],[-117.2874,34.5335],[-117.3024,34.5629],[-117.3108,34.567],[-117.3476,34.5647],[-117.3475,34.5571],[-117.3741,34.5573],[-117.3743,34.5722],[-117.3985,34.572],[-117.4008,34.6012],[-117.3899,34.6012],[-117.392,34.6453],[-117.3592,34.6452],[-117.3615,34.6598],[-117.4008,34.6599],[-117.4032,34.6747],[-117.4158,34.6762],[-117.4179,34.6708],[-117.4188,34.6768],[-117.4448,34.6751],[-117.4942,34.8212],[-118.1556,34.8207],[-118.1394,34.7187],[-118.1661,34.7187],[-118.1656,34.6458],[-118.128,34.6459],[-118.121,34.6018],[-118.1424,34.6018],[-118.134,34.5931],[-118.1305,34.5462],[-118.1144,34.5324],[-118.1109,34.5215],[-118.1144,34.5058],[-118.0825,34.538],[-118.0707,34.5287],[-118.0559,34.5276],[-118.0305,34.5147],[-118.0301,34.4992],[-117.9922,34.4993],[-117.9915,34.4702],[-117.9759,34.4702],[-117.973,34.4385],[-117.9763,34.4309],[-117.9711,34.4303],[-117.9677,34.4035],[-117.9774,34.388],[-117.9744,34.3805],[-118.0587,34.3832],[-118.1462,34.3775],[-118.1912,34.3815],[-118.2492,34.3792],[-118.2618,34.3825],[-118.2612,34.3832],[-118.2608,34.3839],[-118.2605,34.3856],[-118.2607,34.3861],[-118.2664,34.379],[-118.3248,34.3792],[-118.3257,34.4375],[-118.3357,34.4376],[-118.33,34.467],[-118.3433,34.4611],[-118.3432,34.4674],[-118.379,34.4673],[-118.3775,34.4812],[-118.4404,34.4813],[-118.4401,34.4959],[-118.458,34.4959],[-118.4604,34.4923],[-118.4661,34.4959],[-118.4662,34.4883],[-118.4749,34.4889],[-118.4752,34.4812],[-118.5025,34.4824],[-118.4939,34.4888],[-118.4938,34.4961],[-118.5113,34.4963],[-118.5114,34.489],[-118.5201,34.4889],[-118.5202,34.4817],[-118.5422,34.4835],[-118.5379,34.5039],[-118.5885,34.5037],[-118.589,34.5255],[-118.5821,34.525],[-118.5873,34.5321],[-118.5721,34.5373],[-118.5819,34.5399],[-118.5736,34.5473],[-118.5761,34.5524],[-118.5725,34.5532],[-118.5695,34.5512],[-118.5666,34.5513],[-118.5715,34.5542],[-118.5771,34.5538],[-118.5637,34.5645],[-118.5734,34.5623],[-118.5804,34.5517],[-118.5849,34.5529],[-118.5806,34.5489],[-118.5847,34.5436],[-118.5939,34.5567],[-118.6183,34.544],[-118.6156,34.5585],[-118.6246,34.5492],[-118.6266,34.5599],[-118.62,34.5667],[-118.6269,34.5672],[-118.6241,34.5722],[-118.6317,34.5698],[-118.6326,34.575],[-118.6448,34.5777],[-118.6562,34.5879],[-118.6624,34.5725],[-118.6574,34.5593],[-118.659,34.5552],[-118.6627,34.5598],[-118.6677,34.5396],[-118.6775,34.5398],[-118.6819,34.5452],[-118.7053,34.5187],[-118.7385,34.4991],[-118.8946,34.818],[-118.8804,34.8178],[-118.8841,34.8108],[-118.8767,34.8032],[-118.8543,34.803],[-118.854,34.8178],[-118.5876,34.8183],[-118.5877,34.8341],[-118.5612,34.8412],[-118.5536,34.8495],[-118.5374,34.8497],[-118.5164,34.8578],[-118.4898,34.8562],[-118.447,34.8848],[-118.4545,34.9004],[-118.4096,34.9093],[-118.3421,34.9383],[-118.3148,34.97],[-118.2593,35.0061],[-118.2533,35.0327],[-118.2431,35.0451],[-118.2434,35.0539],[-118.2567,35.0532],[-118.2572,35.0801],[-118.2251,35.0829],[-118.2212,35.0798],[-118.2212,35.0681],[-118.2166,35.0702],[-118.2033,35.0829],[-118.1831,35.1187],[-118.1458,35.1644],[-118.0872,35.2184],[-118.0877,35.2491],[-118.0783,35.2561],[-118.0643,35.2865],[-118.0559,35.2916],[-118.0469,35.3078],[-118.0379,35.3463],[-118.0435,35.3587],[-118.0284,35.3768],[-118.0232,35.396],[-118.0259,35.4193],[-118.0121,35.427],[-117.9995,35.4475],[-117.9976,35.4437],[-117.9783,35.4465],[-117.966,35.4557],[-117.961,35.4482],[-117.9398,35.4404],[-117.9127,35.458],[-117.9003,35.4515],[-117.8944,35.4554],[-117.8817,35.4503],[-117.8628,35.4557],[-117.8445,35.4689],[-117.8264,35.4714],[-117.7746,35.4636],[-117.7722,35.4606],[-117.7693,35.4581],[-117.7677,35.4575],[-117.7681,35.4739],[-117.7627,35.4713],[-117.7621,35.4768],[-117.7498,35.4797],[-117.7516,35.4738],[-117.7396,35.4648],[-117.7274,35.4737],[-117.7035,35.4675],[-117.6883,35.458],[-117.6725,35.4663],[-117.6552,35.4627],[-117.6516,35.4576],[-117.63,35.4575],[-117.6344,35.6516],[-117.6165,35.6516],[-117.6165,35.6807],[-117.6522,35.6808],[-117.6521,35.7099],[-117.6343,35.7098],[-117.6343,35.7973],[-115.7359,35.7936],[-115.7358,35.8091],[-115.6484,35.8092]]]}},{"type":"Feature","properties":{"district":"35"},"geometry":{"type":"Polygon","coordinates":[[[-119.0534,35.7908],[-119.0527,35.7508],[-119.0648,35.7192],[-119.0625,35.7015],[-119.0666,35.6894],[-119.051,35.6895],[-119.0449,35.6565],[-119.039,35.6538],[-119.0307,35.6506],[-119.0216,35.6579],[-119.0272,35.6633],[-119.0095,35.6631],[-119.0094,35.6557],[-118.9767,35.6507],[-118.9671,35.6423],[-118.9598,35.6444],[-118.9656,35.6362],[-118.9626,35.6321],[-118.988,35.626],[-118.9859,35.6168],[-118.9716,35.6116],[-118.968,35.5975],[-118.9715,35.5926],[-118.9594,35.586],[-118.9578,35.4415],[-118.9497,35.4413],[-118.9499,35.4324],[-118.9591,35.4258],[-118.9463,35.4314],[-118.9485,35.4212],[-118.942,35.4242],[-118.924,35.4198],[-118.9142,35.4126],[-118.9132,35.3969],[-118.9498,35.3962],[-118.9497,35.3832],[-118.9381,35.3833],[-118.9378,35.3796],[-118.9265,35.3856],[-118.9135,35.3803],[-118.8964,35.3836],[-118.8964,35.3617],[-118.862,35.362],[-118.8439,35.3744],[-118.8432,35.3382],[-118.8027,35.3279],[-118.7686,35.2993],[-118.7527,35.2924],[-118.7526,35.2094],[-118.8063,35.2092],[-118.8059,35.1805],[-118.8151,35.1803],[-118.8152,35.1912],[-118.824,35.191],[-118.8237,35.1656],[-118.8781,35.1654],[-118.8781,35.1943],[-118.9335,35.1939],[-118.9322,35.2087],[-118.95,35.2087],[-118.9499,35.194],[-118.9676,35.194],[-118.9684,35.1797],[-118.977,35.1792],[-118.9771,35.1541],[-118.9962,35.1466],[-119.0037,35.1701],[-119.0031,35.2596],[-119.0212,35.262],[-119.0205,35.2571],[-119.039,35.2598],[-119.0434,35.2562],[-119.0434,35.2669],[-119.0526,35.267],[-119.0505,35.2815],[-119.0744,35.2816],[-119.0745,35.296],[-119.0922,35.2961],[-119.0922,35.3108],[-119.0744,35.3107],[-119.0745,35.3347],[-119.0609,35.3382],[-119.0583,35.3631],[-119.0407,35.3685],[-119.0029,35.3684],[-119.0039,35.3792],[-119.0192,35.3872],[-119.0187,35.3962],[-119.0029,35.3975],[-119.0054,35.4018],[-118.9986,35.406],[-118.9987,35.4122],[-119.0076,35.4123],[-119.0044,35.42],[-119.0128,35.4194],[-119.0123,35.4268],[-119.0012,35.436],[-119.0052,35.4413],[-119.0166,35.4414],[-119.0193,35.4564],[-119.0269,35.4592],[-119.0262,35.4633],[-119.0473,35.4594],[-119.0521,35.4523],[-119.0557,35.4544],[-119.054,35.4413],[-119.3051,35.4419],[-119.3053,35.3984],[-119.3232,35.3985],[-119.3233,35.3878],[-119.3051,35.3877],[-119.3055,35.3692],[-119.3412,35.3766],[-119.3412,35.3621],[-119.3947,35.3621],[-119.3991,35.3693],[-119.4675,35.3692],[-119.4675,35.3839],[-119.5136,35.3828],[-119.5452,35.3679],[-119.5613,35.3778],[-119.5462,35.3902],[-119.554,35.3902],[-119.5632,35.3829],[-119.7585,35.383],[-119.7908,35.3643],[-119.7844,35.3537],[-119.7911,35.3498],[-119.7922,35.3371],[-119.8088,35.345],[-119.8092,35.3509],[-119.8804,35.3511],[-119.8801,35.4391],[-119.9932,35.4395],[-119.9975,35.4687],[-120.0151,35.4688],[-120.0143,35.4834],[-120.0329,35.4835],[-120.033,35.4983],[-120.0509,35.4983],[-120.051,35.5131],[-120.069,35.5129],[-120.0688,35.5266],[-120.0868,35.5264],[-120.0862,35.6144],[-120.194,35.6144],[-120.1944,35.7894],[-119.0534,35.7908]]]}},{"type":"Feature","properties":{"district":"36"},"geometry":{"type":"Polygon","coordinates":[[[-116.1062,32.6185],[-116.1033,33.0747],[-116.0811,33.0748],[-116.0852,33.4259],[-116.8838,33.427],[-116.8877,33.4346],[-116.8787,33.4405],[-116.9035,33.4466],[-116.9045,33.4512],[-116.8966,33.4501],[-116.8986,33.4561],[-116.9145,33.4639],[-116.9126,33.4834],[-116.8968,33.503],[-116.8973,33.5103],[-116.946,33.5175],[-116.9481,33.5654],[-116.9719,33.5765],[-116.9794,33.5747],[-116.9821,33.562],[-117.0123,33.5368],[-117.0442,33.5446],[-117.0313,33.5558],[-117.0321,33.5688],[-117.0769,33.5717],[-117.0831,33.5751],[-117.0837,33.5835],[-117.0946,33.5712],[-117.1209,33.5725],[-117.1302,33.5646],[-117.1365,33.5689],[-117.1323,33.5834],[-117.1185,33.598],[-117.1368,33.5981],[-117.1368,33.6342],[-117.1233,33.6343],[-117.1233,33.627],[-117.1189,33.6271],[-117.1191,33.6416],[-117.1369,33.6415],[-117.1366,33.6996],[-117.1196,33.6996],[-117.1198,33.7143],[-117.0936,33.7146],[-117.0937,33.7181],[-117.0731,33.7219],[-117.071,33.7348],[-117.0605,33.7438],[-116.9456,33.7477],[-116.9481,33.7441],[-116.9576,33.7463],[-116.9558,33.7349],[-116.9629,33.7295],[-116.9607,33.7236],[-116.9672,33.7228],[-116.967,33.7148],[-116.935,33.7116],[-116.9237,33.7156],[-116.9222,33.7306],[-116.8933,33.7298],[-116.8933,33.7348],[-116.8758,33.7295],[-116.8415,33.7288],[-116.848,33.7409],[-116.8156,33.7359],[-116.8001,33.7212],[-116.7718,33.7092],[-116.7564,33.7077],[-116.7715,33.702],[-116.7578,33.6967],[-116.7331,33.7054],[-116.7181,33.701],[-116.7041,33.6872],[-116.67,33.6676],[-116.6457,33.6375],[-116.624,33.6603],[-116.6172,33.6874],[-116.5125,33.6853],[-116.5121,33.6559],[-116.495,33.656],[-116.4949,33.627],[-116.4776,33.6267],[-116.4774,33.6127],[-116.4606,33.6128],[-116.4605,33.6272],[-116.4427,33.6265],[-116.4353,33.6367],[-116.4227,33.6361],[-116.4117,33.6215],[-116.4043,33.625],[-116.3992,33.642],[-116.3733,33.6421],[-116.373,33.6702],[-116.3215,33.6707],[-116.3215,33.6126],[-116.2681,33.6127],[-116.268,33.5981],[-116.285,33.5981],[-116.285,33.584],[-116.2503,33.5837],[-116.2503,33.5983],[-116.2334,33.5982],[-116.2247,33.6202],[-116.2334,33.6192],[-116.2339,33.671],[-116.2513,33.671],[-116.2513,33.6854],[-116.2687,33.6854],[-116.2716,33.7028],[-116.2644,33.7147],[-116.2775,33.7147],[-116.2775,33.7219],[-116.2688,33.722],[-116.2684,33.7438],[-116.2652,33.7443],[-116.3018,33.7595],[-116.3013,33.8103],[-116.3268,33.8166],[-116.3068,33.8357],[-116.3104,33.8439],[-116.3529,33.8458],[-116.3533,33.8595],[-116.3866,33.8598],[-116.3856,33.8776],[-116.3735,33.8798],[-116.3784,33.8892],[-116.3884,33.8966],[-116.3972,33.8969],[-116.3972,33.9039],[-116.4065,33.9038],[-116.4062,33.9125],[-116.4118,33.9181],[-116.4232,33.9181],[-116.423,33.9323],[-116.4062,33.9321],[-116.4064,33.9469],[-116.3188,33.915],[-116.277,33.894],[-116.2749,33.8988],[-116.2666,33.8893],[-116.2563,33.8913],[-116.1458,33.8341],[-116.0648,33.7684],[-115.9959,33.6924],[-115.9797,33.6846],[-115.961,33.6861],[-115.9641,33.6796],[-115.8838,33.6657],[-115.8704,33.6706],[-115.829,33.6714],[-115.8022,33.6655],[-115.8022,33.6604],[-115.7235,33.6602],[-115.5793,33.6743],[-115.4522,33.7023],[-115.4514,33.7224],[-115.4208,33.7287],[-115.4157,33.7564],[-115.3966,33.7674],[-115.3966,33.7726],[-115.3232,33.7778],[-115.2559,33.8383],[-115.2329,34.0358],[-115.193,34.0635],[-115.1136,34.0871],[-115.1245,34.0991],[-115.1262,34.1076],[-115.1458,34.1209],[-115.1372,34.13],[-115.1401,34.1336],[-115.1339,34.1335],[-115.1171,34.1464],[-115.122,34.1579],[-115.1058,34.2427],[-115.1507,34.2656],[-115.1496,34.276],[-115.166,34.2766],[-115.1289,34.2792],[-115.1018,34.2598],[-115.0668,34.4116],[-115.0884,34.418],[-115.0573,34.4889],[-115.0485,34.4906],[-115.0475,34.4947],[-115.0537,34.4931],[-115.067,34.505],[-115.0847,34.5287],[-115.1137,34.5438],[-115.1599,34.5443],[-115.1182,34.591],[-115.1179,34.6002],[-115.1248,34.6049],[-115.1246,34.6125],[-115.1392,34.6116],[-115.1559,34.6252],[-115.1634,34.624],[-115.1679,34.6554],[-115.1803,34.6692],[-115.136,34.6803],[-115.0299,34.6831],[-115.0226,34.6931],[-115.0018,34.6914],[-114.9879,34.7511],[-115.0109,34.7392],[-114.9893,34.8372],[-114.9673,34.8424],[-114.9663,34.8434],[-115.0267,34.8294],[-115.051,34.83],[-115.0589,34.8599],[-115.0632,34.9196],[-114.9844,34.9187],[-114.9778,35.0427],[-114.9573,35.0502],[-114.9482,35.2552],[-114.6335,35.0019],[-114.6291,34.9861],[-114.6352,34.9652],[-114.6298,34.943],[-114.6309,34.9073],[-114.6367,34.8891],[-114.6344,34.8729],[-114.624,34.8597],[-114.5869,34.8357],[-114.571,34.7943],[-114.5527,34.7669],[-114.5166,34.7368],[-114.492,34.7257],[-114.4875,34.7166],[-114.4705,34.7114],[-114.4653,34.6912],[-114.4505,34.6668],[-114.458,34.6571],[-114.4415,34.6425],[-114.4388,34.6215],[-114.4242,34.6105],[-114.4253,34.6008],[-114.4368,34.5961],[-114.4052,34.5696],[-114.3808,34.5297],[-114.3781,34.5073],[-114.3867,34.4579],[-114.3737,34.4469],[-114.3354,34.45],[-114.3261,34.4373],[-114.2948,34.4214],[-114.2887,34.4066],[-114.2643,34.4013],[-114.2261,34.3659],[-114.1995,34.3614],[-114.1769,34.3493],[-114.1572,34.3179],[-114.1383,34.3032],[-114.1315,34.2604],[-114.1647,34.2597],[-114.1661,34.25],[-114.1746,34.2473],[-114.1781,34.24],[-114.2252,34.2036],[-114.2297,34.1869],[-114.257,34.1728],[-114.287,34.1707],[-114.3216,34.1381],[-114.3505,34.1341],[-114.3665,34.1186],[-114.3906,34.1101],[-114.4117,34.11],[-114.4205,34.1035],[-114.4342,34.0874],[-114.4394,34.0538],[-114.435,34.0378],[-114.4406,34.0193],[-114.4548,34.011],[-114.4659,34.011],[-114.4673,34.0052],[-114.4592,34.0],[-114.4593,33.9947],[-114.4679,33.9929],[-114.4999,33.9618],[-114.5215,33.9559],[-114.5287,33.9478],[-114.5358,33.9275],[-114.5092,33.9072],[-114.5124,33.8984],[-114.5258,33.8994],[-114.5044,33.8769],[-114.503,33.868],[-114.5147,33.8586],[-114.5299,33.8576],[-114.52,33.8254],[-114.5281,33.815],[-114.5049,33.7605],[-114.5124,33.7342],[-114.4966,33.7192],[-114.4942,33.7079],[-114.4965,33.6969],[-114.524,33.6859],[-114.5315,33.6751],[-114.5303,33.6668],[-114.5141,33.6602],[-114.5332,33.6517],[-114.5238,33.6347],[-114.5312,33.6239],[-114.5219,33.6125],[-114.5406,33.5914],[-114.5368,33.571],[-114.5242,33.5531],[-114.5589,33.5318],[-114.561,33.5167],[-114.5695,33.5092],[-114.5924,33.4987],[-114.6229,33.4566],[-114.6275,33.4323],[-114.6352,33.4227],[-114.6528,33.4129],[-114.6737,33.4192],[-114.688,33.4179],[-114.7018,33.4084],[-114.7255,33.4041],[-114.7073,33.3825],[-114.698,33.3524],[-114.7079,33.3233],[-114.7312,33.3024],[-114.7217,33.287],[-114.6805,33.2736],[-114.6721,33.2585],[-114.6896,33.2464],[-114.6736,33.2231],[-114.6788,33.2035],[-114.6754,33.1855],[-114.68,33.1591],[-114.7037,33.1138],[-114.7065,33.0882],[-114.689,33.084],[-114.687,33.071],[-114.6743,33.0572],[-114.6737,33.0419],[-114.6623,33.0327],[-114.646,33.0489],[-114.6188,33.0272],[-114.5898,33.0262],[-114.5717,33.0366],[-114.5236,33.031],[-114.5114,33.0235],[-114.4998,33.0039],[-114.4929,32.9718],[-114.4754,32.9752],[-114.4684,32.9707],[-114.4685,32.9539],[-114.4809,32.9363],[-114.4767,32.9236],[-114.4629,32.9079],[-114.469,32.8452],[-114.4941,32.8233],[-114.5103,32.8165],[-114.5296,32.7955],[-114.5324,32.7769],[-114.5269,32.7571],[-114.5391,32.757],[-114.5392,32.7498],[-114.5645,32.7496],[-114.5645,32.7423],[-114.5817,32.7423],[-114.5818,32.735],[-114.6151,32.7345],[-114.6157,32.7285],[-114.6882,32.7375],[-114.7016,32.7456],[-114.7195,32.7187],[-116.1062,32.6185]]]}},{"type":"Feature","properties":{"district":"37"},"geometry":{"type":"MultiPolygon","coordinates":[[[[-120.6321,35.1096],[-120.6321,35.1096],[-120.6322,35.11],[-120.6321,35.1096]]],[[[-120.0795,35.113],[-120.085,35.1076],[-120.0724,35.1047],[-120.0673,35.0968],[-120.0441,35.086],[-120.0396,35.0892],[-120.0233,35.0803],[-120.0141,35.0815],[-120.0136,35.0756],[-120.002,35.0732],[-119.9926,35.0629],[-119.9797,35.0619],[-119.9801,35.0576],[-119.9427,35.0544],[-119.9284,35.0598],[-119.902,35.0358],[-119.8897,35.0406],[-119.8545,35.0322],[-119.8442,35.0155],[-119.8308,35.0058],[-119.801,34.9989],[-119.7893,34.9887],[-119.7804,34.9907],[-119.7456,34.9737],[-119.727,34.9761],[-119.7186,34.9715],[-119.7006,34.9767],[-119.6732,34.9735],[-119.6443,34.9536],[-119.6131,34.9495],[-119.5799,34.9228],[-119.5358,34.8976],[-119.4437,34.9012],[-119.4404,34.4418],[-119.4447,34.4295],[-119.4532,34.4289],[-119.4546,34.4217],[-119.4457,34.4043],[-119.4776,34.3797],[-119.4767,34.3732],[-119.4902,34.3825],[-119.537,34.3955],[-119.5595,34.4134],[-119.5767,34.4122],[-119.6169,34.421],[-119.6389,34.4157],[-119.6719,34.4161],[-119.6882,34.4125],[-119.6859,34.4111],[-119.6847,34.4083],[-119.6888,34.4116],[-119.6939,34.4045],[-119.6869,34.4081],[-119.6866,34.4046],[-119.7091,34.3954],[-119.7294,34.3959],[-119.7948,34.4176],[-119.8358,34.4158],[-119.8443,34.4041],[-119.8626,34.409],[-119.878,34.407],[-119.9252,34.4339],[-119.9564,34.4353],[-120.0081,34.4604],[-120.0236,34.4577],[-120.0388,34.4634],[-120.0886,34.4602],[-120.1349,34.473],[-120.2782,34.4667],[-120.2951,34.4706],[-120.3414,34.4588],[-120.4081,34.4546],[-120.4233,34.4496],[-120.442,34.4515],[-120.4534,34.442],[-120.463,34.4485],[-120.4718,34.448],[-120.478,34.4778],[-120.4964,34.4949],[-120.5025,34.5116],[-120.5142,34.5249],[-120.5813,34.557],[-120.6234,34.5537],[-120.6399,34.5634],[-120.6383,34.572],[-120.6506,34.5773],[-120.645,34.5801],[-120.646,34.5875],[-120.64,34.5957],[-120.6433,34.6035],[-120.6251,34.6345],[-120.6036,34.6919],[-120.593,34.6915],[-120.5824,34.6857],[-120.5797,34.6857],[-120.5854,34.6888],[-120.5813,34.6909],[-120.6031,34.6932],[-120.6017,34.7097],[-120.6164,34.7335],[-120.6263,34.7381],[-120.6313,34.753],[-120.6374,34.7559],[-120.6168,34.8141],[-120.6103,34.8582],[-120.6163,34.8667],[-120.6393,34.8804],[-120.647,34.901],[-120.6716,34.9029],[-120.6644,34.9203],[-120.6668,34.9303],[-120.6357,35.0208],[-120.6299,35.0615],[-120.6309,35.1012],[-120.6006,35.0953],[-120.6007,35.0907],[-120.5917,35.0907],[-120.5912,35.0854],[-120.5848,35.0827],[-120.5783,35.0914],[-120.5674,35.0835],[-120.5624,35.0937],[-120.5416,35.0912],[-120.5165,35.0719],[-120.5231,35.0776],[-120.5132,35.0785],[-120.5105,35.071],[-120.4866,35.0527],[-120.4759,35.0606],[-120.4606,35.0395],[-120.4671,35.0347],[-120.4621,35.0296],[-120.468,35.0259],[-120.4564,35.0148],[-120.4606,35.015],[-120.4476,35.008],[-120.4675,34.9946],[-120.4839,34.992],[-120.436,34.9871],[-120.3359,34.9311],[-120.3115,34.9038],[-120.2995,34.9071],[-120.3003,34.9155],[-120.2922,34.9319],[-120.2952,34.9485],[-120.304,34.9565],[-120.302,34.9634],[-120.3156,34.9749],[-120.316,34.984],[-120.3263,34.9857],[-120.3339,34.9956],[-120.3346,35.0063],[-120.3238,35.0173],[-120.3099,35.0092],[-120.2902,35.0154],[-120.2786,35.0116],[-120.2737,35.0208],[-120.2614,35.0266],[-120.2575,35.0176],[-120.25,35.0301],[-120.2407,35.0224],[-120.2099,35.0206],[-120.2033,35.0287],[-120.1884,35.0304],[-120.1864,35.0366],[-120.1805,35.038],[-120.1849,35.0491],[-120.1802,35.0616],[-120.1729,35.0643],[-120.1746,35.0702],[-120.149,35.0845],[-120.1429,35.0822],[-120.1432,35.0957],[-120.1301,35.0961],[-120.128,35.0908],[-120.1169,35.1067],[-120.1099,35.1034],[-120.1022,35.1134],[-120.0979,35.1095],[-120.0933,35.1142],[-120.0795,35.113]]],[[[-120.6379,35.1276],[-120.6374,35.1269],[-120.6379,35.1275],[-120.6379,35.1276]]],[[[-120.6386,35.129],[-120.6382,35.1282],[-120.6386,35.129],[-120.6386,35.129]]]]}},{"type":"Feature","properties":{"district":"38"},"geometry":{"type":"Polygon","coordinates":[[[-118.8804,34.7887],[-118.6706,34.3607],[-118.6918,34.3634],[-118.7119,34.3542],[-118.7246,34.3586],[-118.728,34.3651],[-118.7629,34.3727],[-118.7678,34.3692],[-118.7673,34.3572],[-118.7615,34.3515],[-118.7964,34.3515],[-118.7964,34.3353],[-118.8092,34.3402],[-118.8214,34.3373],[-118.8178,34.34],[-118.821,34.3439],[-118.8342,34.3453],[-118.8137,34.3604],[-118.8623,34.3573],[-118.8729,34.3529],[-118.874,34.344],[-118.8817,34.344],[-118.8876,34.3498],[-118.8912,34.341],[-118.901,34.3395],[-118.9054,34.3152],[-118.9097,34.3152],[-118.9097,34.3065],[-118.9205,34.2958],[-118.9205,34.2896],[-118.9101,34.2898],[-118.9099,34.2816],[-118.9345,34.2721],[-118.9794,34.2645],[-119.0067,34.2469],[-119.0342,34.2169],[-119.12,34.2218],[-119.1112,34.2095],[-119.1068,34.1849],[-119.0964,34.1704],[-119.0986,34.1332],[-119.08,34.1097],[-119.0809,34.101],[-119.062,34.0863],[-119.0902,34.0987],[-119.0853,34.0987],[-119.0784,34.0951],[-119.0771,34.0953],[-119.0723,34.0928],[-119.0713,34.093],[-119.0927,34.1051],[-119.0905,34.1125],[-119.0888,34.113],[-119.0844,34.1121],[-119.0829,34.1125],[-119.0886,34.1132],[-119.0912,34.1129],[-119.0987,34.1019],[-119.1039,34.1023],[-119.0905,34.1006],[-119.0912,34.0987],[-119.0894,34.0976],[-119.0982,34.0993],[-119.1098,34.0946],[-119.1286,34.0995],[-119.1886,34.139],[-119.21,34.1433],[-119.2086,34.148],[-119.2012,34.1488],[-119.2093,34.1535],[-119.2163,34.1456],[-119.2513,34.2024],[-119.2652,34.233],[-119.261,34.2361],[-119.2668,34.2374],[-119.2721,34.2576],[-119.2822,34.2702],[-119.2909,34.2749],[-119.313,34.2757],[-119.3375,34.2906],[-119.3681,34.3183],[-119.3758,34.3211],[-119.3893,34.3175],[-119.4311,34.3553],[-119.4428,34.3553],[-119.461,34.3741],[-119.4767,34.3732],[-119.4782,34.3765],[-119.4687,34.3884],[-119.447,34.402],[-119.4454,34.4089],[-119.4546,34.4217],[-119.4532,34.4289],[-119.4447,34.4295],[-119.4404,34.4418],[-119.4437,34.9012],[-119.3837,34.9008],[-119.3819,34.874],[-119.2764,34.8725],[-119.2773,34.8573],[-119.2426,34.8576],[-119.2425,34.8143],[-118.9779,34.8117],[-118.978,34.7898],[-118.8804,34.7887]]]}},{"type":"Feature","properties":{"district":"39"},"geometry":{"type":"Polygon","coordinates":[[[-117.3552,34.3977],[-117.3553,34.407],[-117.3619,34.4123],[-117.3716,34.4049],[-117.3597,34.4049],[-117.3596,34.3977],[-117.3639,34.3977],[-117.3639,34.4031],[-117.3815,34.4049],[-117.3816,34.4122],[-117.3882,34.4122],[-117.3882,34.4049],[-117.3963,34.4062],[-117.3718,34.4376],[-117.3861,34.4356],[-117.4171,34.4512],[-117.4172,34.4558],[-117.4085,34.4558],[-117.4084,34.463],[-117.4346,34.4632],[-117.4348,34.4776],[-117.4687,34.4777],[-117.4687,34.485],[-117.451,34.4848],[-117.451,34.5065],[-117.616,34.5063],[-117.6356,34.4991],[-117.6599,34.499],[-117.6552,34.3972],[-117.6586,34.3971],[-117.6585,34.4043],[-117.6759,34.4044],[-117.6761,34.4261],[-117.8888,34.4265],[-117.8913,34.4212],[-117.8966,34.4264],[-117.9217,34.4261],[-117.9232,34.4316],[-117.9391,34.4318],[-117.9393,34.4391],[-117.9757,34.4388],[-117.9759,34.4702],[-117.9915,34.4702],[-117.9917,34.4988],[-118.0301,34.4992],[-118.0305,34.5147],[-118.0559,34.5276],[-118.0707,34.5287],[-118.0825,34.538],[-118.1144,34.5058],[-118.1109,34.5215],[-118.1144,34.5324],[-118.1305,34.5462],[-118.134,34.5931],[-118.1424,34.6018],[-118.121,34.6018],[-118.128,34.6459],[-118.1656,34.6458],[-118.1661,34.7187],[-118.1394,34.7187],[-118.1556,34.8207],[-117.4942,34.8212],[-117.4448,34.6751],[-117.4188,34.6768],[-117.4179,34.6708],[-117.4158,34.6762],[-117.4032,34.6747],[-117.4008,34.6599],[-117.3615,34.6598],[-117.3592,34.6452],[-117.392,34.6453],[-117.3899,34.6012],[-117.4008,34.6012],[-117.3985,34.572],[-117.3743,34.5722],[-117.3741,34.5573],[-117.3475,34.5571],[-117.3476,34.5647],[-117.3081,34.5662],[-117.3007,34.561],[-117.2874,34.5335],[-117.3033,34.5236],[-117.3038,34.5],[-117.3125,34.4999],[-117.3122,34.4707],[-117.2792,34.4693],[-117.2963,34.4467],[-117.305,34.4064],[-117.3099,34.4071],[-117.3106,34.398],[-117.3552,34.3977]]]}},{"type":"Feature","properties":{"district":"4"},"geometry":{"type":"MultiPolygon","coordinates":[[[[-122.302,38.2204],[-122.2985,38.2189],[-122.3094,38.2191],[-122.3028,38.2261],[-122.302,38.2204]]],[[[-122.8854,39.5801],[-122.7357,39.5807],[-122.7366,39.5085],[-122.7317,39.4792],[-122.7326,39.4508],[-122.7418,39.4352],[-122.7391,39.3833],[-122.136,39.3855],[-122.1362,39.4145],[-122.1256,39.4146],[-122.0089,39.4136],[-122.0037,39.3978],[-122.0097,39.3839],[-121.889,39.3831],[-121.8839,39.3739],[-121.8936,39.3586],[-121.8991,39.3573],[-121.8944,39.3411],[-121.9046,39.3259],[-121.9077,39.3023],[-121.9169,39.2957],[-121.921,39.2811],[-121.9369,39.268],[-121.9468,39.2498],[-121.9483,39.2409],[-121.9401,39.2287],[-121.9415,39.2217],[-121.9361,39.221],[-121.9283,39.1987],[-121.9366,39.1947],[-121.9346,39.1899],[-121.9455,39.1798],[-121.9342,39.161],[-121.9172,39.1473],[-121.9206,39.1413],[-121.9378,39.144],[-121.939,39.1354],[-121.9214,39.1222],[-121.9111,39.1232],[-121.9131,39.1143],[-121.9055,39.1148],[-121.9058,39.1031],[-121.8944,39.0961],[-121.8953,39.0868],[-121.8898,39.0812],[-121.8946,39.079],[-121.8891,39.0724],[-121.8698,39.0669],[-121.8494,39.0714],[-121.8386,39.0641],[-121.8396,39.0469],[-121.8296,39.038],[-121.8307,39.0327],[-121.8229,39.0294],[-121.821,39.0203],[-121.8265,39.0112],[-121.7954,38.9964],[-121.8021,38.9898],[-121.8195,38.9883],[-121.8214,38.9747],[-121.8333,38.9702],[-121.8321,38.9605],[-121.8406,38.9548],[-121.8301,38.9384],[-121.8373,38.9261],[-121.8289,38.9185],[-121.8048,38.9145],[-121.8059,38.9108],[-121.8153,38.9112],[-121.8122,38.9088],[-121.7911,38.9045],[-121.7936,38.9007],[-121.804,38.9017],[-121.8068,38.8903],[-121.8167,38.8845],[-121.8148,38.8766],[-121.8017,38.8643],[-121.7858,38.8632],[-121.7839,38.8565],[-121.7653,38.8642],[-121.7584,38.8624],[-121.7593,38.8684],[-121.7486,38.8713],[-121.7448,38.8642],[-121.7296,38.8584],[-121.7232,38.8513],[-121.731,38.8358],[-121.7234,38.8256],[-121.7234,38.8038],[-121.7013,38.803],[-121.6907,38.7956],[-121.6934,38.7898],[-121.6865,38.7754],[-121.6926,38.7677],[-121.67,38.7593],[-121.6772,38.7509],[-121.6738,38.7431],[-121.668,38.7545],[-121.6585,38.755],[-121.6632,38.7692],[-121.6541,38.7645],[-121.639,38.7672],[-121.6462,38.7741],[-121.6344,38.7679],[-121.627,38.7851],[-121.6049,38.7794],[-121.5939,38.7657],[-121.5934,38.754],[-121.6026,38.7369],[-121.6055,38.7189],[-121.6325,38.695],[-121.6311,38.679],[-121.5941,38.6441],[-121.5872,38.6427],[-121.5761,38.6486],[-121.5669,38.6451],[-121.5583,38.6082],[-121.5499,38.5994],[-121.5277,38.6046],[-121.5158,38.6027],[-121.5087,38.5968],[-121.5063,38.5863],[-121.521,38.5662],[-121.5113,38.5463],[-121.5136,38.5402],[-121.5305,38.5303],[-121.5244,38.5201],[-121.5518,38.5139],[-121.559,38.4996],[-121.5427,38.4765],[-121.511,38.4735],[-121.5042,38.4666],[-121.5039,38.4396],[-121.5326,38.4315],[-121.5133,38.3988],[-121.5148,38.3872],[-121.5243,38.379],[-121.5217,38.3601],[-121.5372,38.3476],[-121.5594,38.3426],[-121.5752,38.3272],[-121.584,38.3317],[-121.5933,38.3131],[-121.6937,38.3137],[-121.6947,38.5271],[-121.712,38.538],[-121.7386,38.5377],[-121.7651,38.5259],[-121.7717,38.5323],[-121.7858,38.5231],[-121.8601,38.5385],[-121.8845,38.539],[-121.909,38.5296],[-121.9411,38.5333],[-122.0136,38.4887],[-122.0356,38.4961],[-122.0574,38.5174],[-122.1033,38.5134],[-122.1049,38.4908],[-122.1236,38.4476],[-122.1264,38.4289],[-122.0734,38.3609],[-122.0614,38.3274],[-122.0682,38.3184],[-122.0648,38.3159],[-122.206,38.3157],[-122.1992,38.3015],[-122.2035,38.2929],[-122.1884,38.2716],[-122.2123,38.2728],[-122.2165,38.266],[-122.213,38.2591],[-122.1933,38.2564],[-122.1952,38.2507],[-122.2111,38.2522],[-122.2125,38.2487],[-122.2018,38.2403],[-122.1934,38.2212],[-122.195,38.2123],[-122.2057,38.2082],[-122.205,38.1985],[-122.2095,38.1899],[-122.2156,38.1884],[-122.2151,38.1797],[-122.1945,38.1647],[-122.199,38.1593],[-122.1954,38.155],[-122.2904,38.1552],[-122.2834,38.1695],[-122.2842,38.1787],[-122.2952,38.1848],[-122.3078,38.183],[-122.3137,38.1973],[-122.3051,38.2083],[-122.3088,38.2182],[-122.2984,38.2181],[-122.297,38.2197],[-122.3009,38.2264],[-122.288,38.2325],[-122.284,38.2463],[-122.2854,38.2537],[-122.2891,38.233],[-122.3063,38.2261],[-122.3106,38.2205],[-122.3068,38.2062],[-122.3143,38.1982],[-122.3178,38.186],[-122.3248,38.1859],[-122.3086,38.1742],[-122.298,38.1729],[-122.2985,38.1552],[-122.405,38.1555],[-122.4061,38.1594],[-122.3968,38.1615],[-122.3676,38.1588],[-122.3687,38.1827],[-122.3579,38.1826],[-122.3603,38.1971],[-122.3496,38.194],[-122.3507,38.2018],[-122.3593,38.21],[-122.3599,38.2305],[-122.3668,38.247],[-122.3746,38.2445],[-122.3775,38.2501],[-122.3935,38.2535],[-122.4123,38.2697],[-122.4661,38.2764],[-122.4654,38.2809],[-122.4748,38.2828],[-122.4778,38.2944],[-122.4924,38.287],[-122.4954,38.292],[-122.503,38.2908],[-122.503,38.3018],[-122.4947,38.3045],[-122.5158,38.348],[-122.5067,38.3387],[-122.4936,38.3383],[-122.4904,38.3327],[-122.485,38.3395],[-122.4684,38.3405],[-122.4617,38.3471],[-122.4571,38.3458],[-122.4497,38.361],[-122.4578,38.368],[-122.4479,38.3793],[-122.4659,38.3904],[-122.4706,38.4049],[-122.4976,38.4245],[-122.48,38.443],[-122.483,38.4527],[-122.5092,38.4577],[-122.5058,38.4645],[-122.5163,38.4709],[-122.5296,38.4696],[-122.5447,38.4957],[-122.5355,38.5017],[-122.5488,38.5116],[-122.5424,38.5132],[-122.5439,38.52],[-122.5537,38.526],[-122.5667,38.5255],[-122.574,38.5404],[-122.5877,38.5526],[-122.6209,38.5603],[-122.6228,38.5678],[-122.6318,38.5694],[-122.6305,38.579],[-122.6464,38.5986],[-122.6283,38.623],[-122.6341,38.6369],[-122.6242,38.6498],[-122.6255,38.6744],[-122.6395,38.6891],[-122.6371,38.6937],[-122.6475,38.7069],[-122.6742,38.7064],[-122.6955,38.7131],[-122.7007,38.7286],[-122.7104,38.7321],[-122.7093,38.749],[-122.7242,38.7566],[-122.7227,38.763],[-122.7482,38.7878],[-122.7478,38.8033],[-122.7914,38.8304],[-122.7958,38.8388],[-122.8121,38.8384],[-122.8216,38.8501],[-122.8214,38.8579],[-122.8401,38.858],[-122.84,38.866],[-122.8585,38.8659],[-122.8578,38.8733],[-122.8761,38.873],[-122.8757,38.8808],[-122.8946,38.8808],[-122.8939,38.8955],[-122.9114,38.8952],[-122.9114,38.9015],[-122.9489,38.9002],[-122.9491,38.9254],[-122.9619,38.9255],[-122.9602,38.9325],[-122.9699,38.9327],[-122.9683,38.9465],[-122.9777,38.9467],[-122.9774,38.9829],[-122.9867,38.983],[-122.9867,38.9973],[-123.0186,38.993],[-123.0186,38.9966],[-123.028,38.9966],[-123.028,39.0065],[-123.0373,39.0065],[-123.0375,39.0137],[-123.0468,39.0138],[-123.047,39.0209],[-123.0562,39.0211],[-123.0561,39.0499],[-123.0652,39.05],[-123.0651,39.0644],[-123.0838,39.0645],[-123.0837,39.0718],[-123.093,39.072],[-123.0942,39.0953],[-123.085,39.0953],[-123.0875,39.1384],[-123.0781,39.1387],[-123.0778,39.1738],[-123.0458,39.1735],[-123.0401,39.1925],[-123.0348,39.1924],[-123.0341,39.1997],[-123.0243,39.2071],[-123.0208,39.2207],[-123.0125,39.221],[-123.0127,39.2362],[-122.9949,39.2359],[-122.9945,39.2568],[-123.0036,39.2574],[-123.0045,39.2782],[-123.0196,39.278],[-123.0197,39.3218],[-123.0287,39.3218],[-123.0287,39.3366],[-123.0377,39.3362],[-123.0379,39.3639],[-123.0486,39.3641],[-123.0475,39.3786],[-123.0571,39.3787],[-123.0563,39.4076],[-123.0751,39.4077],[-123.0749,39.4366],[-123.0701,39.4365],[-123.0731,39.4527],[-123.063,39.4525],[-123.0632,39.5035],[-123.0444,39.5036],[-123.0445,39.5112],[-123.025,39.5112],[-123.0252,39.5187],[-122.9367,39.5164],[-122.9367,39.5307],[-122.8903,39.529],[-122.8854,39.5801]]]]}},{"type":"Feature","properties":{"district":"40"},"geometry":{"type":"Polygon","coordinates":[[[-118.1897,34.3807],[-118.1881,34.2936],[-118.1971,34.2835],[-118.214,34.2798],[-118.2263,34.2892],[-118.2329,34.2888],[-118.2383,34.2806],[-118.2867,34.2783],[-118.2863,34.2927],[-118.2994,34.2933],[-118.2995,34.2861],[-118.3269,34.2861],[-118.3268,34.2824],[-118.3517,34.2825],[-118.3547,34.2789],[-118.3674,34.2804],[-118.3699,34.2861],[-118.3858,34.2848],[-118.3869,34.2915],[-118.3824,34.2933],[-118.3874,34.2988],[-118.3936,34.2988],[-118.4013,34.288],[-118.4075,34.2872],[-118.4104,34.292],[-118.4012,34.2971],[-118.4055,34.3079],[-118.3963,34.3181],[-118.4049,34.3221],[-118.4052,34.3298],[-118.4136,34.3299],[-118.4159,34.3245],[-118.4208,34.3256],[-118.419,34.3299],[-118.4927,34.3306],[-118.5038,34.3373],[-118.5084,34.3339],[-118.5039,34.3263],[-118.4677,34.2909],[-118.4722,34.2501],[-118.4674,34.25],[-118.4675,34.2319],[-118.473,34.2319],[-118.4731,34.2214],[-118.5099,34.2211],[-118.5099,34.2084],[-118.5186,34.2084],[-118.5186,34.221],[-118.5623,34.2203],[-118.5623,34.2282],[-118.5711,34.2282],[-118.5711,34.2318],[-118.6325,34.242],[-118.6368,34.2918],[-118.742,34.5058],[-118.7385,34.4991],[-118.7053,34.5187],[-118.6819,34.5452],[-118.6775,34.5398],[-118.6677,34.5396],[-118.6627,34.5598],[-118.659,34.5552],[-118.6574,34.5593],[-118.6624,34.5725],[-118.6562,34.5879],[-118.6448,34.5777],[-118.6326,34.575],[-118.6317,34.5698],[-118.6241,34.5722],[-118.6269,34.5672],[-118.62,34.5667],[-118.6266,34.5599],[-118.6246,34.5492],[-118.6156,34.5585],[-118.6183,34.544],[-118.5939,34.5567],[-118.5847,34.5436],[-118.5806,34.5489],[-118.5849,34.5529],[-118.5804,34.5517],[-118.5734,34.5623],[-118.5667,34.5647],[-118.5637,34.5645],[-118.5771,34.5538],[-118.5715,34.5542],[-118.5666,34.5513],[-118.5761,34.5524],[-118.5736,34.5473],[-118.5819,34.5399],[-118.5721,34.5373],[-118.5873,34.5321],[-118.5821,34.525],[-118.589,34.5255],[-118.5885,34.5037],[-118.5379,34.5039],[-118.5422,34.4835],[-118.5202,34.4817],[-118.5201,34.4889],[-118.5114,34.489],[-118.5113,34.4963],[-118.4938,34.4961],[-118.4939,34.4888],[-118.5025,34.4824],[-118.4752,34.4812],[-118.4749,34.4889],[-118.4662,34.4883],[-118.4661,34.4959],[-118.4604,34.4923],[-118.458,34.4959],[-118.4401,34.4959],[-118.4404,34.4813],[-118.3775,34.4812],[-118.379,34.4673],[-118.3432,34.4674],[-118.3433,34.4611],[-118.33,34.467],[-118.3357,34.4376],[-118.3257,34.4375],[-118.3248,34.3792],[-118.2664,34.379],[-118.2607,34.3861],[-118.2618,34.3825],[-118.2492,34.3792],[-118.1897,34.3807]]]}},{"type":"Feature","properties":{"district":"41"},"geometry":{"type":"Polygon","coordinates":[[[-117.3553,34.407],[-117.355,34.3687],[-117.3726,34.3688],[-117.3726,34.3624],[-117.4125,34.34],[-117.416,34.3299],[-117.4244,34.3287],[-117.4256,34.3398],[-117.4334,34.3398],[-117.4343,34.3629],[-117.4435,34.3462],[-117.4761,34.3397],[-117.4817,34.3345],[-117.479,34.3161],[-117.4532,34.2929],[-117.4514,34.2753],[-117.4559,34.2685],[-117.4713,34.2634],[-117.4765,34.2379],[-117.4458,34.1986],[-117.4383,34.1845],[-117.441,34.1785],[-117.4536,34.1713],[-117.4535,34.1773],[-117.4839,34.1722],[-117.484,34.1793],[-117.4882,34.1794],[-117.4882,34.1666],[-117.5409,34.165],[-117.5412,34.1383],[-117.5367,34.1405],[-117.5367,34.1366],[-117.6162,34.135],[-117.6159,34.1149],[-117.6111,34.1067],[-117.6996,34.1068],[-117.7112,34.0795],[-117.728,34.0795],[-117.728,34.0904],[-117.7324,34.0903],[-117.7324,34.0987],[-117.7368,34.0989],[-117.7368,34.1108],[-117.7412,34.1081],[-117.75,34.1126],[-117.7506,34.1085],[-117.7562,34.1104],[-117.7561,34.09],[-117.7621,34.0928],[-117.7644,34.0897],[-117.77,34.0957],[-117.7768,34.0862],[-117.7868,34.0883],[-117.7807,34.0776],[-117.8073,34.065],[-117.8268,34.0642],[-117.8475,34.0723],[-117.8419,34.0809],[-117.8534,34.0827],[-117.8535,34.0862],[-117.8406,34.0958],[-117.842,34.1012],[-117.8377,34.0975],[-117.8377,34.1139],[-117.8255,34.1139],[-117.8202,34.1176],[-117.8203,34.1269],[-117.8118,34.1254],[-117.8115,34.1578],[-117.8028,34.1578],[-117.8027,34.1651],[-117.7939,34.1652],[-117.7943,34.1797],[-117.8447,34.1794],[-117.8466,34.1722],[-117.8379,34.1722],[-117.8376,34.1615],[-117.8257,34.1616],[-117.8366,34.1559],[-117.839,34.1628],[-117.8463,34.1578],[-117.8511,34.1794],[-117.8646,34.1792],[-117.8641,34.1721],[-117.8816,34.1721],[-117.8857,34.1602],[-117.8988,34.1685],[-117.9596,34.1652],[-117.9596,34.152],[-117.9513,34.1507],[-117.9513,34.1437],[-117.9666,34.1437],[-117.9673,34.1478],[-117.969,34.1437],[-117.9863,34.1396],[-117.9877,34.1295],[-117.995,34.1304],[-118.0037,34.1245],[-118.0039,34.1304],[-118.02,34.1302],[-118.0214,34.1736],[-118.0164,34.1767],[-118.0302,34.1794],[-118.0297,34.1669],[-118.0385,34.1669],[-118.0384,34.1573],[-118.068,34.1568],[-118.0678,34.1503],[-118.0866,34.1452],[-118.079,34.1423],[-118.0837,34.1405],[-118.086,34.1314],[-118.0945,34.1369],[-118.114,34.1369],[-118.1138,34.1329],[-118.1312,34.1297],[-118.1276,34.118],[-118.1306,34.1173],[-118.149,34.1257],[-118.1703,34.1269],[-118.177,34.1231],[-118.1861,34.1337],[-118.1804,34.141],[-118.1905,34.1703],[-118.1889,34.1786],[-118.2081,34.1876],[-118.2167,34.1978],[-118.215,34.2064],[-118.2221,34.2062],[-118.222,34.2129],[-118.2319,34.2182],[-118.2216,34.2516],[-118.2388,34.2522],[-118.2388,34.2806],[-118.2329,34.2888],[-118.2263,34.2892],[-118.214,34.2798],[-118.1971,34.2835],[-118.1881,34.2936],[-118.1897,34.3807],[-118.1462,34.3775],[-118.0587,34.3832],[-117.9744,34.3805],[-117.9774,34.388],[-117.9677,34.4035],[-117.9711,34.4303],[-117.9763,34.4309],[-117.9727,34.4397],[-117.9393,34.4391],[-117.9391,34.4318],[-117.9232,34.4316],[-117.9217,34.4261],[-117.8966,34.4264],[-117.8913,34.4212],[-117.8888,34.4265],[-117.6761,34.4261],[-117.6759,34.4044],[-117.6585,34.4043],[-117.6586,34.3971],[-117.6552,34.3972],[-117.6601,34.4986],[-117.6354,34.4991],[-117.617,34.5062],[-117.451,34.5065],[-117.451,34.4848],[-117.4687,34.485],[-117.4687,34.4777],[-117.4348,34.4776],[-117.4346,34.4632],[-117.4084,34.463],[-117.4085,34.4558],[-117.4172,34.4558],[-117.4171,34.4512],[-117.3861,34.4356],[-117.3718,34.4376],[-117.3963,34.4062],[-117.3882,34.4049],[-117.3882,34.4122],[-117.3816,34.4122],[-117.3815,34.4049],[-117.3639,34.4031],[-117.3639,34.3977],[-117.3596,34.3977],[-117.3597,34.4049],[-117.3716,34.4049],[-117.3619,34.4123],[-117.3553,34.407]]]}},{"type":"Feature","properties":{"district":"42"},"geometry":{"type":"Polygon","coordinates":[[[-118.6706,34.3607],[-118.6368,34.2918],[-118.6325,34.2404],[-118.6677,34.2403],[-118.6697,34.2202],[-118.6758,34.2242],[-118.6876,34.2164],[-118.7154,34.2163],[-118.7049,34.204],[-118.7032,34.1947],[-118.668,34.1992],[-118.6682,34.1768],[-118.6586,34.1768],[-118.6586,34.1694],[-118.6455,34.1657],[-118.629,34.1473],[-118.615,34.1493],[-118.5572,34.1266],[-118.5348,34.1317],[-118.5039,34.1277],[-118.4906,34.1312],[-118.4805,34.1299],[-118.479,34.1229],[-118.471,34.13],[-118.4555,34.1329],[-118.4213,34.1299],[-118.42,34.0946],[-118.4271,34.0906],[-118.4228,34.08],[-118.4341,34.0827],[-118.4456,34.0737],[-118.4555,34.0759],[-118.4544,34.0656],[-118.4456,34.0553],[-118.4484,34.0494],[-118.4592,34.0508],[-118.471,34.0413],[-118.4773,34.0467],[-118.4838,34.0414],[-118.4945,34.0506],[-118.5167,34.0257],[-118.5431,34.0385],[-118.5692,34.0416],[-118.6096,34.0364],[-118.6711,34.0386],[-118.6829,34.0306],[-118.7449,34.0321],[-118.7563,34.0256],[-118.785,34.0211],[-118.7943,34.0074],[-118.8074,34.0001],[-118.8507,34.0329],[-118.928,34.0458],[-118.9376,34.0429],[-118.9936,34.0651],[-119.0073,34.0661],[-119.0375,34.0831],[-119.0612,34.0854],[-119.0809,34.101],[-119.08,34.1097],[-119.0986,34.1332],[-119.0964,34.1704],[-119.1068,34.1849],[-119.1112,34.2095],[-119.12,34.2218],[-119.0342,34.2169],[-119.0067,34.2469],[-118.9794,34.2645],[-118.9345,34.2721],[-118.9099,34.2816],[-118.9101,34.2898],[-118.9205,34.2896],[-118.9205,34.2958],[-118.9097,34.3065],[-118.9097,34.3152],[-118.9054,34.3152],[-118.901,34.3395],[-118.8912,34.341],[-118.8876,34.3498],[-118.8817,34.344],[-118.874,34.344],[-118.8729,34.3529],[-118.8623,34.3573],[-118.8137,34.3604],[-118.8342,34.3453],[-118.821,34.3439],[-118.8178,34.34],[-118.8201,34.3398],[-118.8214,34.3373],[-118.8092,34.3402],[-118.7964,34.3353],[-118.7964,34.3515],[-118.7615,34.3515],[-118.7673,34.3572],[-118.7678,34.3692],[-118.7629,34.3727],[-118.728,34.3651],[-118.7246,34.3586],[-118.7119,34.3542],[-118.6918,34.3634],[-118.6706,34.3607]]]}},{"type":"Feature","properties":{"district":"43"},"geometry":{"type":"Polygon","coordinates":[[[-118.3699,34.2861],[-118.373,34.2739],[-118.3891,34.277],[-118.3891,34.273],[-118.4004,34.2714],[-118.4019,34.2647],[-118.396,34.2587],[-118.3729,34.2543],[-118.3666,34.2442],[-118.3665,34.2299],[-118.343,34.2066],[-118.363,34.2068],[-118.3623,34.2012],[-118.3703,34.2012],[-118.3703,34.1964],[-118.3612,34.1947],[-118.3616,34.186],[-118.4019,34.1903],[-118.3878,34.1722],[-118.44,34.1721],[-118.44,34.1939],[-118.4313,34.1939],[-118.4267,34.2073],[-118.4731,34.2165],[-118.473,34.2319],[-118.4675,34.2319],[-118.4674,34.25],[-118.4722,34.2501],[-118.4676,34.2907],[-118.5084,34.3339],[-118.5038,34.3373],[-118.4927,34.3306],[-118.419,34.3299],[-118.4208,34.3256],[-118.4159,34.3245],[-118.4136,34.3299],[-118.4052,34.3298],[-118.4049,34.3221],[-118.3963,34.3181],[-118.4055,34.3079],[-118.4012,34.2971],[-118.4091,34.2937],[-118.4094,34.289],[-118.4013,34.288],[-118.3968,34.297],[-118.3874,34.2988],[-118.3824,34.2933],[-118.3869,34.2915],[-118.3858,34.2848],[-118.3699,34.2861]]]}},{"type":"Feature","properties":{"district":"44"},"geometry":{"type":"Polygon","coordinates":[[[-118.2388,34.2806],[-118.2388,34.2522],[-118.2216,34.2516],[-118.2319,34.2182],[-118.222,34.2129],[-118.2221,34.2062],[-118.215,34.2064],[-118.2167,34.1978],[-118.2081,34.1876],[-118.1889,34.1786],[-118.1905,34.1703],[-118.1818,34.1491],[-118.1982,34.1516],[-118.2088,34.1465],[-118.2278,34.1472],[-118.2421,34.1559],[-118.2448,34.1518],[-118.2711,34.1522],[-118.3087,34.1614],[-118.3129,34.154],[-118.3221,34.1557],[-118.3457,34.1424],[-118.3617,34.1434],[-118.3632,34.1371],[-118.3741,34.1347],[-118.3713,34.1268],[-118.3758,34.1219],[-118.3891,34.1233],[-118.3973,34.1191],[-118.4075,34.1294],[-118.4155,34.1264],[-118.4301,34.1321],[-118.4555,34.1329],[-118.4758,34.1263],[-118.4682,34.1521],[-118.4696,34.1793],[-118.44,34.1794],[-118.44,34.1721],[-118.3878,34.1722],[-118.4019,34.1903],[-118.3616,34.186],[-118.3612,34.1947],[-118.3703,34.1964],[-118.3703,34.2012],[-118.3623,34.2012],[-118.363,34.2068],[-118.343,34.2066],[-118.3665,34.2299],[-118.3666,34.2442],[-118.3729,34.2543],[-118.396,34.2587],[-118.4019,34.2647],[-118.3977,34.2733],[-118.3891,34.273],[-118.3891,34.277],[-118.373,34.2739],[-118.3695,34.2835],[-118.3517,34.2788],[-118.3517,34.2825],[-118.3268,34.2824],[-118.3269,34.2861],[-118.2995,34.2861],[-118.2994,34.2933],[-118.2863,34.2927],[-118.2867,34.2783],[-118.2388,34.2806]]]}},{"type":"Feature","properties":{"district":"45"},"geometry":{"type":"Polygon","coordinates":[[[-117.2088,34.1026],[-117.1345,34.0991],[-117.1346,34.0918],[-117.1125,34.0914],[-117.1125,34.086],[-117.0994,34.0768],[-117.0994,34.0714],[-117.1217,34.0699],[-117.1214,34.0483],[-117.1388,34.0448],[-117.1388,34.0333],[-117.1563,34.0406],[-117.1628,34.0541],[-117.1763,34.061],[-117.2044,34.0667],[-117.2437,34.0667],[-117.2437,34.0853],[-117.2595,34.0831],[-117.2727,34.0714],[-117.2953,34.0673],[-117.3049,34.0713],[-117.304,34.077],[-117.3184,34.0885],[-117.3183,34.0943],[-117.3334,34.0961],[-117.3441,34.0849],[-117.366,34.0832],[-117.3659,34.0673],[-117.3897,34.0684],[-117.391,34.0796],[-117.3965,34.0786],[-117.3943,34.085],[-117.4052,34.085],[-117.4054,34.1213],[-117.5137,34.1214],[-117.4383,34.1845],[-117.4762,34.2371],[-117.4713,34.2634],[-117.4559,34.2685],[-117.4517,34.2782],[-117.4476,34.2523],[-117.3999,34.2207],[-117.3953,34.2286],[-117.3864,34.2293],[-117.3882,34.2203],[-117.3794,34.2237],[-117.3726,34.2134],[-117.357,34.2156],[-117.3482,34.2084],[-117.3357,34.2084],[-117.3354,34.2191],[-117.3483,34.2229],[-117.3482,34.2265],[-117.3344,34.2301],[-117.3351,34.2224],[-117.3217,34.2216],[-117.3267,34.2187],[-117.3316,34.2009],[-117.3223,34.1942],[-117.3136,34.2009],[-117.3049,34.2008],[-117.3097,34.1892],[-117.2973,34.1839],[-117.2963,34.1908],[-117.2788,34.191],[-117.2831,34.2011],[-117.2876,34.201],[-117.2875,34.2114],[-117.279,34.208],[-117.2698,34.1901],[-117.2262,34.1935],[-117.2268,34.1648],[-117.2088,34.1643],[-117.2088,34.1573],[-117.1998,34.1574],[-117.2,34.1465],[-117.1736,34.1499],[-117.1737,34.1428],[-117.1651,34.146],[-117.1726,34.1367],[-117.1825,34.1357],[-117.1806,34.1324],[-117.2022,34.1358],[-117.2022,34.1321],[-117.1956,34.1321],[-117.2001,34.1272],[-117.2152,34.1317],[-117.2131,34.1271],[-117.2044,34.1262],[-117.2044,34.1076],[-117.2088,34.1026]]]}},{"type":"Feature","properties":{"district":"46"},"geometry":{"type":"Polygon","coordinates":[[[-118.4731,34.2214],[-118.4731,34.2165],[-118.4267,34.2073],[-118.4267,34.2012],[-118.4313,34.2012],[-118.4313,34.1939],[-118.44,34.1939],[-118.44,34.1794],[-118.4696,34.1793],[-118.4682,34.1518],[-118.479,34.1229],[-118.4805,34.1299],[-118.4906,34.1312],[-118.5039,34.1277],[-118.5348,34.1317],[-118.557,34.1265],[-118.615,34.1493],[-118.629,34.1473],[-118.6455,34.1657],[-118.6586,34.1694],[-118.6586,34.1768],[-118.6682,34.1768],[-118.668,34.1992],[-118.7032,34.1947],[-118.7049,34.204],[-118.7154,34.2163],[-118.6876,34.2164],[-118.6758,34.2242],[-118.6697,34.2202],[-118.6677,34.2403],[-118.6213,34.2427],[-118.6181,34.2373],[-118.5711,34.2318],[-118.5711,34.2282],[-118.5623,34.2282],[-118.5623,34.2203],[-118.5186,34.221],[-118.5186,34.2084],[-118.5099,34.2084],[-118.5099,34.2211],[-118.4731,34.2214]]]}},{"type":"Feature","properties":{"district":"47"},"geometry":{"type":"Polygon","coordinates":[[[-115.1361,34.0797],[-115.193,34.0635],[-115.233,34.0354],[-115.2558,33.8385],[-115.2847,33.8094],[-115.3232,33.7778],[-115.3966,33.7726],[-115.3966,33.7674],[-115.4157,33.7564],[-115.4208,33.7287],[-115.4514,33.7224],[-115.4522,33.7023],[-115.5822,33.6738],[-115.722,33.6603],[-115.8022,33.6604],[-115.8022,33.6655],[-115.829,33.6714],[-115.8704,33.6706],[-115.883,33.6656],[-115.9641,33.6796],[-115.961,33.6861],[-115.9797,33.6846],[-115.9981,33.6937],[-116.0648,33.7684],[-116.1458,33.8341],[-116.2563,33.8913],[-116.2666,33.8893],[-116.2749,33.8988],[-116.277,33.894],[-116.3188,33.915],[-116.4064,33.9469],[-116.4062,33.9321],[-116.423,33.9323],[-116.4232,33.9181],[-116.4118,33.9181],[-116.4062,33.9125],[-116.4065,33.9038],[-116.3972,33.9039],[-116.3972,33.8969],[-116.3884,33.8966],[-116.3784,33.8892],[-116.3735,33.8798],[-116.3856,33.8776],[-116.3866,33.8598],[-116.3533,33.8595],[-116.3529,33.8458],[-116.3104,33.8439],[-116.3068,33.8357],[-116.3268,33.8166],[-116.3013,33.8103],[-116.3018,33.7595],[-116.2652,33.7443],[-116.2684,33.7438],[-116.2688,33.722],[-116.2775,33.7219],[-116.2775,33.7147],[-116.2644,33.7147],[-116.2716,33.7028],[-116.2687,33.6854],[-116.2513,33.6854],[-116.2513,33.671],[-116.2339,33.671],[-116.2334,33.6192],[-116.2247,33.6202],[-116.2334,33.5982],[-116.2503,33.5983],[-116.2503,33.5837],[-116.285,33.584],[-116.285,33.5981],[-116.268,33.5981],[-116.2681,33.6127],[-116.3215,33.6126],[-116.3215,33.6707],[-116.373,33.6702],[-116.3733,33.6421],[-116.3992,33.642],[-116.4043,33.625],[-116.4117,33.6215],[-116.4227,33.6361],[-116.4353,33.6367],[-116.4427,33.6265],[-116.4605,33.6272],[-116.4606,33.6128],[-116.4774,33.6127],[-116.4776,33.6267],[-116.4949,33.627],[-116.495,33.656],[-116.5121,33.6559],[-116.5125,33.6853],[-116.6172,33.6874],[-116.624,33.6603],[-116.6457,33.6375],[-116.67,33.6676],[-116.7041,33.6872],[-116.717,33.7004],[-116.7304,33.7057],[-116.7622,33.6982],[-116.7714,33.7023],[-116.7562,33.7075],[-116.7718,33.7092],[-116.8001,33.7212],[-116.8156,33.7359],[-116.848,33.7409],[-116.8415,33.7288],[-116.8758,33.7295],[-116.8933,33.7348],[-116.8933,33.7298],[-116.9191,33.7299],[-116.9195,33.7478],[-116.9087,33.7478],[-116.9102,33.7551],[-116.9149,33.755],[-116.9151,33.7604],[-116.9107,33.7605],[-116.9326,33.7804],[-116.9283,33.7801],[-116.9257,33.7873],[-116.9327,33.7869],[-116.9417,33.805],[-116.9547,33.813],[-116.946,33.8133],[-116.946,33.8166],[-116.9547,33.8166],[-116.9547,33.8238],[-116.9725,33.8238],[-116.9725,33.831],[-116.9637,33.831],[-116.9629,33.8454],[-116.9984,33.8493],[-116.9994,33.8692],[-116.9862,33.8748],[-116.9813,33.8895],[-116.9579,33.8894],[-116.958,33.9037],[-116.9641,33.9034],[-116.9641,33.9095],[-116.9728,33.9133],[-116.9728,33.9187],[-116.9902,33.9152],[-116.9902,33.9225],[-116.9947,33.9224],[-116.999,33.918],[-116.9988,33.9264],[-117.0079,33.9262],[-117.009,33.9333],[-117.0211,33.9298],[-117.0234,33.9335],[-117.0231,33.926],[-117.0341,33.9251],[-117.0342,33.9435],[-117.0521,33.9474],[-117.0876,33.9744],[-117.1252,33.9806],[-117.1211,33.979],[-117.1218,33.9525],[-117.139,33.9455],[-117.139,33.9502],[-117.1477,33.9538],[-117.1476,33.9613],[-117.1585,33.9613],[-117.165,33.9682],[-117.1652,33.9612],[-117.2179,33.9613],[-117.2179,33.9683],[-117.2265,33.967],[-117.2253,33.9823],[-117.2615,33.9829],[-117.2621,33.9878],[-117.2666,33.9858],[-117.2689,33.9899],[-117.2865,33.9899],[-117.288,34.0016],[-117.2875,34.0191],[-117.2399,34.0187],[-117.24,34.028],[-117.2301,34.0256],[-117.2305,34.0375],[-117.2085,34.0312],[-117.2065,34.0359],[-117.2013,34.0337],[-117.191,34.0394],[-117.1915,34.0311],[-117.1873,34.0308],[-117.1658,34.0446],[-117.1388,34.0333],[-117.1388,34.0448],[-117.1214,34.0483],[-117.1217,34.0699],[-117.0994,34.0714],[-117.0994,34.0768],[-117.1125,34.086],[-117.1125,34.0914],[-117.1346,34.0918],[-117.1345,34.0991],[-117.1824,34.099],[-117.1829,34.1058],[-117.1956,34.1212],[-117.1608,34.1211],[-117.1324,34.1135],[-117.1259,34.1167],[-117.1258,34.1097],[-117.0995,34.1094],[-117.0948,34.0985],[-117.0861,34.0986],[-117.0861,34.0913],[-117.0689,34.0913],[-117.0602,34.0842],[-117.0686,34.077],[-117.0606,34.077],[-117.0604,34.0806],[-117.0488,34.0784],[-117.0328,34.0957],[-117.0139,34.1044],[-116.9234,34.0892],[-116.9099,34.0997],[-116.9071,34.1205],[-116.7179,34.1222],[-116.7179,34.1341],[-116.6991,34.1343],[-116.6993,34.1485],[-116.6824,34.1487],[-116.6829,34.1771],[-116.6476,34.1781],[-116.647,34.2068],[-116.5117,34.2054],[-116.511,34.1985],[-116.4973,34.2019],[-116.4619,34.1881],[-116.4409,34.1948],[-116.4226,34.1935],[-116.4203,34.1662],[-116.335,34.1638],[-116.335,34.1674],[-116.3215,34.1713],[-116.2645,34.1716],[-116.2646,34.1388],[-116.2558,34.1387],[-116.2558,34.1206],[-116.0544,34.1211],[-116.0544,34.1072],[-116.0367,34.107],[-116.0365,34.0748],[-116.0244,34.0676],[-116.0267,34.0533],[-116.0332,34.0507],[-116.038,34.0373],[-116.0465,34.0343],[-115.3162,34.0341],[-115.3161,34.0778],[-115.1361,34.0797]]]}},{"type":"Feature","properties":{"district":"48"},"geometry":{"type":"Polygon","coordinates":[[[-117.827,34.0642],[-117.838,34.0579],[-117.8495,34.0617],[-117.855,34.0591],[-117.8525,34.0535],[-117.8619,34.0531],[-117.867,34.0466],[-117.8889,34.0435],[-117.8896,34.0296],[-117.8954,34.0265],[-117.8825,34.0128],[-117.8679,34.0157],[-117.8739,34.0116],[-117.8728,34.0026],[-117.9149,34.0073],[-117.9234,34.0122],[-117.9176,34.0247],[-117.9354,34.028],[-117.9346,34.0362],[-117.9477,34.042],[-117.9441,34.0532],[-117.9519,34.048],[-117.9496,34.0422],[-117.9586,34.0337],[-117.9681,34.0407],[-117.9631,34.0453],[-117.9754,34.0574],[-117.9855,34.0466],[-117.9905,34.05],[-117.9824,34.0627],[-117.9992,34.059],[-118.0011,34.0548],[-118.0077,34.058],[-117.9997,34.0857],[-117.9922,34.0951],[-118.0074,34.1056],[-118.0156,34.1029],[-118.016,34.1137],[-118.0121,34.1203],[-118.0086,34.1191],[-118.0061,34.1304],[-118.0039,34.1245],[-117.995,34.1304],[-117.9877,34.1295],[-117.9863,34.1396],[-117.9798,34.1432],[-117.969,34.1437],[-117.9673,34.1478],[-117.9666,34.1437],[-117.9513,34.1437],[-117.9513,34.1507],[-117.9596,34.152],[-117.9596,34.1652],[-117.8988,34.1685],[-117.8857,34.1602],[-117.8816,34.1721],[-117.8641,34.1721],[-117.8646,34.1792],[-117.8511,34.1794],[-117.8463,34.1578],[-117.839,34.1628],[-117.8366,34.1559],[-117.8257,34.1616],[-117.8376,34.1615],[-117.8379,34.1722],[-117.8466,34.1722],[-117.8447,34.1794],[-117.7943,34.1797],[-117.7939,34.1652],[-117.8027,34.1651],[-117.8028,34.1578],[-117.8115,34.1578],[-117.8118,34.1254],[-117.8203,34.1269],[-117.8202,34.1176],[-117.8255,34.1139],[-117.8377,34.1139],[-117.8377,34.0975],[-117.842,34.1012],[-117.8406,34.0958],[-117.8535,34.0862],[-117.8534,34.0827],[-117.8419,34.0809],[-117.8475,34.0723],[-117.827,34.0642]]]}},{"type":"Feature","properties":{"district":"49"},"geometry":{"type":"Polygon","coordinates":[[[-118.0067,34.1293],[-118.0086,34.1191],[-118.0121,34.1203],[-118.016,34.1137],[-118.0156,34.1029],[-118.0074,34.1056],[-117.9922,34.0951],[-117.9996,34.0859],[-118.0053,34.0643],[-118.0729,34.0721],[-118.0675,34.0628],[-118.0753,34.0409],[-118.0711,34.0298],[-118.0945,34.046],[-118.1065,34.0404],[-118.0931,34.0356],[-118.1077,34.027],[-118.1151,34.0337],[-118.1517,34.034],[-118.1573,34.0363],[-118.1572,34.0443],[-118.1696,34.0442],[-118.1693,34.0623],[-118.1653,34.0623],[-118.1618,34.071],[-118.1607,34.0934],[-118.1553,34.0986],[-118.178,34.0986],[-118.178,34.1103],[-118.1681,34.1239],[-118.149,34.1257],[-118.1306,34.1173],[-118.1276,34.118],[-118.1312,34.1297],[-118.1138,34.1329],[-118.114,34.1369],[-118.0945,34.1369],[-118.086,34.1314],[-118.0837,34.1405],[-118.079,34.1423],[-118.0866,34.1452],[-118.0678,34.1503],[-118.068,34.1568],[-118.0384,34.1573],[-118.0385,34.1669],[-118.0297,34.1669],[-118.0302,34.1794],[-118.0164,34.1767],[-118.0214,34.1736],[-118.02,34.1302],[-118.0067,34.1293]]]}},{"type":"Feature","properties":{"district":"5"},"geometry":{"type":"Polygon","coordinates":[[[-120.9404,38.5285],[-120.9946,38.5136],[-121.0057,38.5195],[-121.0116,38.5124],[-121.0275,38.5083],[-121.1191,38.7179],[-121.1338,38.7054],[-121.1425,38.7121],[-121.3925,38.7286],[-121.3646,38.7288],[-121.3649,38.7518],[-121.4032,38.7517],[-121.4002,38.8025],[-121.4467,38.8025],[-121.442,38.8124],[-121.4326,38.8106],[-121.4325,38.8243],[-121.4262,38.8243],[-121.4247,38.8119],[-121.4186,38.8172],[-121.3954,38.8171],[-121.3957,38.8243],[-121.3771,38.8244],[-121.377,38.8098],[-121.3205,38.81],[-121.3119,38.8047],[-121.3072,38.8101],[-121.305,38.8572],[-121.3355,38.8536],[-121.3355,38.8584],[-121.3494,38.8517],[-121.3493,38.8681],[-121.3307,38.8645],[-121.3305,38.873],[-121.3219,38.8737],[-121.3214,38.8863],[-121.3307,38.8863],[-121.3345,38.8973],[-121.3584,38.8973],[-121.3584,38.9265],[-121.3446,38.9265],[-121.3401,38.9119],[-121.3177,38.9118],[-121.3031,38.9035],[-121.2725,38.9085],[-121.2651,38.9011],[-121.2519,38.9008],[-121.2461,38.8865],[-121.1805,38.8913],[-121.1814,38.9029],[-121.1897,38.9118],[-121.1858,38.923],[-121.1956,38.927],[-121.1959,38.9343],[-121.2093,38.9342],[-121.2098,38.9414],[-121.2284,38.9416],[-121.2286,38.9698],[-121.2182,38.9767],[-121.2199,38.9883],[-121.2121,38.9927],[-121.2174,39.0125],[-121.2059,39.0119],[-121.1989,39.0176],[-121.1874,39.0125],[-121.1794,39.02],[-121.1726,39.0185],[-121.1525,39.0268],[-121.138,39.0379],[-121.1251,39.0325],[-121.1232,39.0244],[-121.1077,39.0176],[-121.1051,39.0121],[-121.0895,39.0144],[-121.0804,39.0069],[-121.0686,39.0052],[-121.0381,39.016],[-121.0304,39.0372],[-121.0217,39.0392],[-121.0202,39.0461],[-121.0146,39.0475],[-121.0047,39.0411],[-121.0008,39.0236],[-121.004,39.0152],[-120.9921,39.0065],[-121.0178,38.9698],[-121.0026,38.9608],[-121.0103,38.9518],[-121.0337,38.9406],[-121.0411,38.9261],[-121.0362,38.9138],[-120.9996,38.9182],[-120.992,38.9272],[-120.9652,38.9328],[-120.9578,38.9391],[-120.9386,38.9356],[-120.9406,38.961],[-120.9362,38.9639],[-120.9021,38.9532],[-120.8958,38.9437],[-120.8772,38.9315],[-120.8538,38.9285],[-120.8255,38.9386],[-120.7879,38.9369],[-120.787,38.9249],[-120.7955,38.9217],[-120.798,38.897],[-120.8127,38.8926],[-120.8132,38.8948],[-120.8111,38.8991],[-120.8116,38.9006],[-120.8166,38.8912],[-120.8216,38.8931],[-120.8215,38.8787],[-120.8182,38.8747],[-120.8183,38.8708],[-120.8302,38.8797],[-120.8331,38.8741],[-120.8327,38.8578],[-120.8171,38.8338],[-120.8226,38.8139],[-120.8172,38.7833],[-120.8271,38.7734],[-120.8137,38.7733],[-120.8217,38.7661],[-120.8106,38.7719],[-120.8063,38.7647],[-120.7937,38.7686],[-120.7914,38.7629],[-120.7813,38.7642],[-120.7767,38.7765],[-120.7812,38.7829],[-120.7725,38.7834],[-120.7654,38.7771],[-120.7593,38.7808],[-120.753,38.7747],[-120.7423,38.7772],[-120.7366,38.7718],[-120.7204,38.7786],[-120.7082,38.7718],[-120.6997,38.773],[-120.6978,38.7691],[-120.7079,38.768],[-120.7095,38.7601],[-120.717,38.755],[-120.7202,38.7573],[-120.7298,38.7445],[-120.7423,38.7414],[-120.7606,38.7461],[-120.7554,38.7358],[-120.7405,38.7318],[-120.7362,38.7233],[-120.7218,38.7207],[-120.7173,38.7184],[-120.7933,38.7035],[-120.785,38.6943],[-120.7601,38.6821],[-120.7635,38.6779],[-120.7377,38.6799],[-120.7188,38.6736],[-120.7127,38.6562],[-120.7016,38.6533],[-120.7153,38.6435],[-120.7265,38.6455],[-120.7273,38.6508],[-120.7424,38.6484],[-120.7426,38.6371],[-120.7354,38.6337],[-120.7398,38.6227],[-120.7368,38.6178],[-120.7286,38.6179],[-120.7016,38.6253],[-120.7035,38.6101],[-120.7457,38.579],[-120.7899,38.5716],[-120.7915,38.5663],[-120.8176,38.5628],[-120.8359,38.5515],[-120.8425,38.5558],[-120.856,38.5487],[-120.8566,38.5427],[-120.8624,38.5433],[-120.8635,38.5353],[-120.871,38.5363],[-120.8763,38.5433],[-120.8837,38.5365],[-120.8808,38.5295],[-120.8858,38.5248],[-120.9024,38.5312],[-120.9108,38.5206],[-120.9268,38.515],[-120.9365,38.5194],[-120.9404,38.5285]]]}},{"type":"Feature","properties":{"district":"50"},"geometry":{"type":"Polygon","coordinates":[[[-117.4536,34.1713],[-117.5137,34.1214],[-117.4054,34.1213],[-117.4052,34.085],[-117.3943,34.085],[-117.3965,34.0786],[-117.391,34.0796],[-117.3897,34.0684],[-117.3659,34.0673],[-117.366,34.0832],[-117.3441,34.0849],[-117.3334,34.0961],[-117.3254,34.0953],[-117.3254,34.0922],[-117.3183,34.0943],[-117.3184,34.0885],[-117.3093,34.085],[-117.304,34.077],[-117.3069,34.0741],[-117.3005,34.0687],[-117.2727,34.0714],[-117.2595,34.0831],[-117.2437,34.0853],[-117.2437,34.0667],[-117.2044,34.0667],[-117.1764,34.061],[-117.1634,34.0546],[-117.1555,34.0414],[-117.1658,34.0446],[-117.1878,34.0307],[-117.1915,34.0311],[-117.191,34.0394],[-117.2013,34.0337],[-117.2065,34.0359],[-117.2085,34.0312],[-117.2305,34.0375],[-117.2301,34.0256],[-117.24,34.028],[-117.2399,34.0187],[-117.2752,34.0186],[-117.296,34.0194],[-117.2961,34.0298],[-117.2919,34.0297],[-117.2909,34.0365],[-117.2994,34.0448],[-117.3261,34.0395],[-117.331,34.0441],[-117.3375,34.0339],[-117.3282,34.0378],[-117.3303,34.0321],[-117.3267,34.0319],[-117.3362,34.0194],[-117.3754,34.0194],[-117.3753,34.0339],[-117.5243,34.0335],[-117.5241,34.0677],[-117.603,34.0684],[-117.6286,34.0808],[-117.6285,34.1066],[-117.6111,34.1067],[-117.6159,34.1149],[-117.6162,34.135],[-117.5367,34.1366],[-117.5367,34.1405],[-117.5412,34.1383],[-117.5409,34.165],[-117.4882,34.1666],[-117.4882,34.1794],[-117.484,34.1793],[-117.4839,34.1722],[-117.4535,34.1773],[-117.4536,34.1713]]]}},{"type":"Feature","properties":{"district":"51"},"geometry":{"type":"Polygon","coordinates":[[[-118.2783,34.1532],[-118.2654,34.1137],[-118.2742,34.1199],[-118.3075,34.1134],[-118.3093,34.1054],[-118.2918,34.1077],[-118.2917,34.0909],[-118.3064,34.0908],[-118.2985,34.0836],[-118.3092,34.0835],[-118.3153,34.0617],[-118.323,34.0547],[-118.3459,34.0572],[-118.344,34.0649],[-118.3614,34.0649],[-118.3614,34.0761],[-118.3907,34.0765],[-118.3907,34.0721],[-118.3758,34.0701],[-118.3723,34.0622],[-118.3835,34.0629],[-118.3837,34.0571],[-118.4059,34.0571],[-118.4061,34.0528],[-118.4144,34.0643],[-118.4214,34.0595],[-118.4055,34.0438],[-118.3995,34.0441],[-118.4032,34.0296],[-118.4527,34.0276],[-118.4435,34.0166],[-118.4831,33.9957],[-118.5167,34.0257],[-118.4945,34.0506],[-118.4838,34.0414],[-118.4773,34.0467],[-118.471,34.0413],[-118.4592,34.0508],[-118.4484,34.0494],[-118.4456,34.0553],[-118.4544,34.0656],[-118.4555,34.0759],[-118.4456,34.0737],[-118.4341,34.0827],[-118.4228,34.08],[-118.4271,34.0906],[-118.42,34.0945],[-118.4231,34.1147],[-118.4196,34.1277],[-118.4075,34.1294],[-118.3972,34.119],[-118.3891,34.1233],[-118.3759,34.1219],[-118.3713,34.1268],[-118.3741,34.1347],[-118.3632,34.1371],[-118.3617,34.1434],[-118.3457,34.1424],[-118.3221,34.1557],[-118.3129,34.154],[-118.3097,34.1613],[-118.2783,34.1532]]]}},{"type":"Feature","properties":{"district":"52"},"geometry":{"type":"Polygon","coordinates":[[[-118.1838,34.1491],[-118.1804,34.141],[-118.1861,34.1337],[-118.177,34.1231],[-118.1658,34.1256],[-118.178,34.1103],[-118.178,34.0986],[-118.1553,34.0987],[-118.1607,34.0934],[-118.1618,34.071],[-118.1653,34.0623],[-118.1693,34.0623],[-118.1696,34.0442],[-118.1572,34.0443],[-118.1573,34.0363],[-118.1442,34.0335],[-118.1434,34.0239],[-118.1267,34.0131],[-118.1276,34.0081],[-118.1476,34.0098],[-118.1463,34.0181],[-118.1537,34.0196],[-118.1587,34.0107],[-118.1759,34.0183],[-118.1759,34.0115],[-118.1922,34.0166],[-118.1927,34.0638],[-118.2153,34.0635],[-118.2127,34.0865],[-118.2242,34.0819],[-118.237,34.0687],[-118.2453,34.0712],[-118.2542,34.0592],[-118.2612,34.0696],[-118.2917,34.0802],[-118.2918,34.1077],[-118.3093,34.1054],[-118.3075,34.1134],[-118.2925,34.1177],[-118.2742,34.1199],[-118.2679,34.1127],[-118.2654,34.1137],[-118.2783,34.1532],[-118.2448,34.1518],[-118.2421,34.1559],[-118.2278,34.1472],[-118.2088,34.1465],[-118.1982,34.1516],[-118.1838,34.1491]]]}},{"type":"Feature","properties":{"district":"53"},"geometry":{"type":"Polygon","coordinates":[[[-117.6285,34.1066],[-117.6286,34.0808],[-117.6112,34.0705],[-117.5241,34.0677],[-117.5243,34.0335],[-117.5583,34.0335],[-117.5584,33.9884],[-117.6104,33.9716],[-117.6109,33.9601],[-117.6503,33.9534],[-117.6505,33.9686],[-117.6802,33.9682],[-117.6888,33.9764],[-117.6889,33.9828],[-117.6976,33.9828],[-117.698,34.0117],[-117.734,34.0115],[-117.746,34.0201],[-117.7676,34.0235],[-117.7677,34.0194],[-117.7852,34.0261],[-117.7852,34.0324],[-117.8016,34.0429],[-117.8107,34.0293],[-117.8183,34.0344],[-117.8277,34.0306],[-117.8246,34.0376],[-117.8287,34.0376],[-117.8282,34.0436],[-117.833,34.042],[-117.8359,34.0537],[-117.825,34.0604],[-117.827,34.0642],[-117.8087,34.0646],[-117.7813,34.0771],[-117.781,34.0837],[-117.7868,34.0883],[-117.7768,34.0862],[-117.77,34.0957],[-117.7644,34.0897],[-117.7621,34.0928],[-117.7561,34.09],[-117.7562,34.1104],[-117.7506,34.1085],[-117.75,34.1126],[-117.7412,34.1081],[-117.7368,34.1108],[-117.7368,34.0989],[-117.7324,34.0987],[-117.7324,34.0903],[-117.728,34.0904],[-117.728,34.0795],[-117.7112,34.0795],[-117.6996,34.1068],[-117.6285,34.1066]]]}},{"type":"Feature","properties":{"district":"54"},"geometry":{"type":"Polygon","coordinates":[[[-118.1442,34.0335],[-118.1151,34.0337],[-118.1077,34.027],[-118.0931,34.0356],[-118.1065,34.0404],[-118.0945,34.046],[-118.073,34.0306],[-118.0929,34.0137],[-118.0974,34.0013],[-118.1143,33.9889],[-118.1213,33.973],[-118.1294,33.971],[-118.1671,33.9794],[-118.1703,33.9882],[-118.1521,33.9922],[-118.1701,33.9996],[-118.1778,33.997],[-118.1737,33.9863],[-118.1842,33.9942],[-118.2034,33.9967],[-118.204,33.9831],[-118.2126,33.9841],[-118.2128,33.9897],[-118.2236,33.9916],[-118.2236,33.9964],[-118.2297,33.9957],[-118.2303,33.9892],[-118.2379,33.9893],[-118.2381,34.0433],[-118.2454,34.0479],[-118.2588,34.0528],[-118.2739,34.0381],[-118.2867,34.0368],[-118.309,34.037],[-118.309,34.0472],[-118.3267,34.0478],[-118.3153,34.0617],[-118.3092,34.0835],[-118.2985,34.0836],[-118.3064,34.0908],[-118.2917,34.0909],[-118.2917,34.0802],[-118.2612,34.0696],[-118.2542,34.0592],[-118.2453,34.0712],[-118.237,34.0687],[-118.2242,34.0819],[-118.2127,34.0865],[-118.2153,34.0635],[-118.1927,34.0638],[-118.1922,34.0166],[-118.1759,34.0115],[-118.1759,34.0183],[-118.1587,34.0107],[-118.1537,34.0196],[-118.1463,34.0181],[-118.1476,34.0098],[-118.1276,34.0081],[-118.1267,34.0131],[-118.1434,34.0239],[-118.1442,34.0335]]]}},{"type":"Feature","properties":{"district":"55"},"geometry":{"type":"Polygon","coordinates":[[[-118.323,34.0547],[-118.3267,34.0478],[-118.309,34.0472],[-118.309,34.037],[-118.3003,34.0369],[-118.3002,33.9951],[-118.3352,33.989],[-118.3352,33.9818],[-118.3758,33.983],[-118.3718,33.9773],[-118.3805,33.9764],[-118.4031,33.9839],[-118.4303,33.9721],[-118.4478,33.9904],[-118.445,33.9946],[-118.456,34.01],[-118.4435,34.0166],[-118.4527,34.0276],[-118.4032,34.0296],[-118.3995,34.0441],[-118.4055,34.0438],[-118.4214,34.0595],[-118.4144,34.0643],[-118.4061,34.0528],[-118.4059,34.0571],[-118.3837,34.0571],[-118.3835,34.0629],[-118.3723,34.0622],[-118.3758,34.0701],[-118.3907,34.0721],[-118.3907,34.0765],[-118.3614,34.0761],[-118.3614,34.0649],[-118.344,34.0649],[-118.3459,34.0572],[-118.323,34.0547]]]}},{"type":"Feature","properties":{"district":"56"},"geometry":{"type":"Polygon","coordinates":[[[-118.0053,34.0643],[-118.0077,34.058],[-118.0011,34.0548],[-117.9992,34.059],[-117.9824,34.0627],[-117.9905,34.05],[-117.9855,34.0466],[-117.9754,34.0574],[-117.9631,34.0453],[-117.9681,34.0407],[-117.9586,34.0337],[-117.9496,34.0422],[-117.9519,34.048],[-117.9441,34.0532],[-117.9477,34.042],[-117.9346,34.0362],[-117.9354,34.028],[-117.9176,34.0247],[-117.9234,34.0122],[-117.8791,34.0017],[-117.8728,34.0026],[-117.8739,34.0116],[-117.8679,34.0157],[-117.8825,34.0128],[-117.8946,34.0249],[-117.8896,34.0296],[-117.8889,34.0435],[-117.867,34.0466],[-117.8619,34.0531],[-117.8525,34.0535],[-117.855,34.0591],[-117.847,34.0625],[-117.8458,34.0579],[-117.8261,34.0624],[-117.8359,34.0537],[-117.833,34.042],[-117.8282,34.0436],[-117.8287,34.0376],[-117.8246,34.0376],[-117.828,34.0308],[-117.8183,34.0344],[-117.8107,34.0293],[-117.8016,34.0429],[-117.7852,34.0324],[-117.7852,34.0261],[-117.7677,34.0194],[-117.7675,34.0047],[-117.785,34.0049],[-117.8026,33.9756],[-117.8025,33.9683],[-117.7937,33.9681],[-117.7936,33.9538],[-117.7833,33.9463],[-117.9765,33.9461],[-117.9765,33.928],[-117.99,33.9319],[-118.0009,33.9293],[-118.0034,33.9383],[-118.0359,33.9535],[-118.0496,33.9533],[-118.0473,33.9556],[-118.0558,33.9615],[-118.0549,33.9682],[-118.0749,33.9746],[-118.0737,33.9701],[-118.0662,33.9698],[-118.0664,33.9647],[-118.0706,33.9648],[-118.0683,33.9616],[-118.0888,33.9669],[-118.0868,33.9599],[-118.0932,33.9503],[-118.1228,33.9744],[-118.1098,33.9938],[-118.0974,34.0013],[-118.0929,34.0137],[-118.0711,34.0298],[-118.0753,34.0409],[-118.0675,34.0628],[-118.0729,34.0721],[-118.0053,34.0643]]]}},{"type":"Feature","properties":{"district":"57"},"geometry":{"type":"Polygon","coordinates":[[[-118.2381,34.0433],[-118.239,33.9772],[-118.2302,33.9747],[-118.2286,33.9483],[-118.234,33.9482],[-118.234,33.9533],[-118.2489,33.9534],[-118.2492,33.9433],[-118.2541,33.9433],[-118.2538,33.928],[-118.2811,33.9289],[-118.2809,33.96],[-118.3178,33.96],[-118.3171,33.995],[-118.3002,33.9951],[-118.3003,34.0369],[-118.2739,34.0381],[-118.2588,34.0528],[-118.2381,34.0433]]]}},{"type":"Feature","properties":{"district":"58"},"geometry":{"type":"Polygon","coordinates":[[[-117.2875,34.0191],[-117.2877,33.9974],[-117.3094,33.9975],[-117.305,34.0047],[-117.3267,34.01],[-117.3341,34.0066],[-117.3339,34.0133],[-117.3445,34.0123],[-117.356,33.9946],[-117.3426,33.983],[-117.3485,33.983],[-117.3466,33.9492],[-117.3561,33.9442],[-117.3704,33.9465],[-117.3753,33.9381],[-117.3893,33.93],[-117.3835,33.9226],[-117.3836,33.8868],[-117.4541,33.8885],[-117.4608,33.8847],[-117.465,33.8898],[-117.476,33.8817],[-117.4812,33.8868],[-117.4942,33.8867],[-117.4967,33.8777],[-117.5027,33.8767],[-117.5014,33.8726],[-117.4933,33.8726],[-117.4933,33.8674],[-117.4859,33.8673],[-117.4915,33.864],[-117.4831,33.852],[-117.4846,33.8364],[-117.502,33.8323],[-117.5021,33.8244],[-117.5191,33.8294],[-117.5281,33.8293],[-117.5243,33.8238],[-117.5368,33.8238],[-117.5365,33.8303],[-117.5305,33.8322],[-117.5322,33.8357],[-117.5364,33.8318],[-117.5319,33.8431],[-117.5424,33.8658],[-117.5614,33.855],[-117.6021,33.8593],[-117.6076,33.8608],[-117.6102,33.869],[-117.6127,33.865],[-117.6208,33.8813],[-117.6296,33.8834],[-117.5939,33.8818],[-117.5897,33.8966],[-117.5783,33.8925],[-117.5712,33.9017],[-117.5666,33.8937],[-117.5584,33.895],[-117.5569,33.902],[-117.5508,33.8962],[-117.5399,33.8974],[-117.5262,33.9079],[-117.5236,33.9021],[-117.5149,33.9023],[-117.5121,33.9149],[-117.5174,33.93],[-117.5117,33.9412],[-117.5238,33.9459],[-117.5232,33.9625],[-117.5254,33.9586],[-117.5422,33.9567],[-117.5492,33.9496],[-117.5537,33.95],[-117.5496,33.9572],[-117.5583,33.955],[-117.5582,33.9609],[-117.5931,33.9608],[-117.5933,33.9776],[-117.5584,33.9884],[-117.5583,34.0335],[-117.3753,34.0339],[-117.3754,34.0194],[-117.3362,34.0194],[-117.3267,34.0319],[-117.3303,34.0321],[-117.3282,34.0378],[-117.3375,34.0339],[-117.331,34.0441],[-117.3261,34.0395],[-117.3049,34.0452],[-117.2909,34.0365],[-117.2919,34.0297],[-117.2961,34.0298],[-117.296,34.0194],[-117.2875,34.0191]]]}},{"type":"Feature","properties":{"district":"59"},"geometry":{"type":"Polygon","coordinates":[[[-117.6109,33.9601],[-117.611,33.9251],[-117.6554,33.9251],[-117.6549,33.8888],[-117.6767,33.8887],[-117.6688,33.8806],[-117.6751,33.8687],[-117.6743,33.858],[-117.6621,33.8575],[-117.6073,33.7972],[-117.621,33.7974],[-117.6232,33.8009],[-117.6246,33.8014],[-117.6251,33.7626],[-117.6615,33.7643],[-117.6591,33.7681],[-117.6672,33.7822],[-117.6765,33.78],[-117.6785,33.7739],[-117.6842,33.7735],[-117.6782,33.755],[-117.6719,33.7494],[-117.6775,33.748],[-117.6996,33.7579],[-117.705,33.7392],[-117.7308,33.7543],[-117.7357,33.7508],[-117.7415,33.7539],[-117.7416,33.7607],[-117.7523,33.7674],[-117.7517,33.7737],[-117.7642,33.7735],[-117.7811,33.7486],[-117.8024,33.7352],[-117.8036,33.7454],[-117.8096,33.7508],[-117.8059,33.7544],[-117.812,33.75],[-117.8143,33.7553],[-117.8143,33.7487],[-117.8185,33.7486],[-117.8224,33.7523],[-117.8202,33.7671],[-117.8298,33.7672],[-117.8356,33.835],[-117.831,33.8421],[-117.8364,33.8471],[-117.8673,33.8428],[-117.8671,33.8464],[-117.8851,33.8535],[-117.879,33.874],[-117.8804,33.8891],[-117.8902,33.888],[-117.8966,33.8815],[-117.9127,33.8813],[-117.9161,33.8858],[-117.9244,33.8812],[-117.9243,33.8755],[-117.9331,33.8738],[-117.9577,33.8767],[-117.9484,33.8851],[-117.9576,33.9065],[-117.9417,33.9086],[-117.9418,33.9137],[-117.9303,33.9112],[-117.9331,33.9246],[-117.9201,33.9246],[-117.9287,33.9319],[-117.92,33.9319],[-117.9196,33.9476],[-117.7833,33.9463],[-117.7936,33.9538],[-117.7937,33.9681],[-117.8025,33.9683],[-117.8026,33.9756],[-117.785,34.0049],[-117.7675,34.0047],[-117.7677,34.0235],[-117.746,34.0201],[-117.734,34.0115],[-117.698,34.0117],[-117.6976,33.9828],[-117.6889,33.9828],[-117.6888,33.9764],[-117.6802,33.9682],[-117.6505,33.9686],[-117.6503,33.9534],[-117.6109,33.9601]]]}},{"type":"Feature","properties":{"district":"6"},"geometry":{"type":"Polygon","coordinates":[[[-121.5218,38.7364],[-121.3088,38.7228],[-121.3312,38.7024],[-121.4013,38.7045],[-121.4014,38.6905],[-121.406,38.6906],[-121.4036,38.6723],[-121.4176,38.6744],[-121.415,38.6583],[-121.4199,38.66],[-121.4235,38.6517],[-121.4107,38.6471],[-121.4106,38.6399],[-121.4053,38.6386],[-121.3277,38.6491],[-121.3287,38.6135],[-121.3553,38.6101],[-121.3553,38.5904],[-121.3462,38.5778],[-121.3292,38.5804],[-121.3274,38.577],[-121.3424,38.5633],[-121.3795,38.5589],[-121.3751,38.5531],[-121.3789,38.5471],[-121.3909,38.5444],[-121.3907,38.5397],[-121.4132,38.5396],[-121.4231,38.5468],[-121.4647,38.5472],[-121.4742,38.5568],[-121.4734,38.5368],[-121.4665,38.5225],[-121.4718,38.5249],[-121.4773,38.5182],[-121.4697,38.5176],[-121.4776,38.5177],[-121.4787,38.5213],[-121.5219,38.5232],[-121.5109,38.5408],[-121.521,38.5662],[-121.5083,38.5805],[-121.5087,38.5968],[-121.5277,38.6046],[-121.5499,38.5994],[-121.5583,38.6082],[-121.5669,38.6451],[-121.5761,38.6486],[-121.5872,38.6427],[-121.5941,38.6441],[-121.6287,38.6754],[-121.6338,38.6862],[-121.6312,38.6967],[-121.6058,38.7183],[-121.6029,38.7358],[-121.5218,38.7364]]]}},{"type":"Feature","properties":{"district":"60"},"geometry":{"type":"Polygon","coordinates":[[[-117.2877,33.9979],[-117.2865,33.9899],[-117.2689,33.9899],[-117.2666,33.9858],[-117.2621,33.9878],[-117.2615,33.9829],[-117.2253,33.9823],[-117.2265,33.967],[-117.2179,33.9683],[-117.2179,33.9613],[-117.1652,33.9612],[-117.165,33.9682],[-117.1585,33.9613],[-117.1476,33.9613],[-117.1477,33.9538],[-117.139,33.9502],[-117.139,33.9455],[-117.1218,33.9525],[-117.1211,33.979],[-117.1252,33.9806],[-117.0882,33.9745],[-117.0521,33.9474],[-117.0342,33.9435],[-117.0341,33.9251],[-117.0231,33.926],[-117.0234,33.9335],[-117.0211,33.9298],[-117.009,33.9333],[-117.0079,33.9262],[-116.9988,33.9264],[-116.999,33.918],[-116.9947,33.9224],[-116.9902,33.9225],[-116.9902,33.9152],[-116.9728,33.9187],[-116.9728,33.9133],[-116.9641,33.9095],[-116.9641,33.9034],[-116.958,33.9037],[-116.9579,33.8894],[-116.9813,33.8895],[-116.9862,33.8748],[-116.9994,33.8692],[-116.9984,33.8493],[-116.9629,33.8454],[-116.9637,33.831],[-116.9725,33.831],[-116.9725,33.8238],[-116.9547,33.8238],[-116.9547,33.8166],[-116.946,33.8166],[-116.946,33.8133],[-116.9547,33.813],[-116.9417,33.805],[-116.9327,33.7869],[-116.9257,33.7873],[-116.9283,33.7801],[-116.9326,33.7804],[-116.9107,33.7605],[-116.9151,33.7604],[-116.9149,33.755],[-116.9102,33.7551],[-116.9087,33.7478],[-116.9195,33.7478],[-116.9195,33.7309],[-116.9238,33.7296],[-116.926,33.7124],[-116.967,33.7148],[-116.9672,33.7228],[-116.9607,33.7236],[-116.9629,33.7295],[-116.9558,33.7349],[-116.9576,33.7463],[-116.9481,33.7441],[-116.9456,33.7477],[-117.0607,33.7438],[-117.071,33.7348],[-117.0731,33.7219],[-117.0808,33.7218],[-117.0808,33.7286],[-117.0895,33.729],[-117.0895,33.7388],[-117.1162,33.7318],[-117.1365,33.7359],[-117.1365,33.7577],[-117.1847,33.7577],[-117.1892,33.7503],[-117.1805,33.7466],[-117.1848,33.7357],[-117.1932,33.7358],[-117.1933,33.743],[-117.2235,33.743],[-117.2233,33.7141],[-117.2369,33.7142],[-117.2306,33.7179],[-117.2355,33.7233],[-117.2407,33.7214],[-117.2407,33.7142],[-117.258,33.7143],[-117.2583,33.7356],[-117.2624,33.7356],[-117.2626,33.7428],[-117.3011,33.7424],[-117.3014,33.7722],[-117.3066,33.7721],[-117.3068,33.7814],[-117.296,33.7887],[-117.302,33.7998],[-117.3128,33.8003],[-117.3128,33.815],[-117.3224,33.8152],[-117.3225,33.8227],[-117.3135,33.8228],[-117.3139,33.8297],[-117.3311,33.8359],[-117.3313,33.8582],[-117.3227,33.8583],[-117.3196,33.8657],[-117.2611,33.8662],[-117.292,33.943],[-117.3137,33.9607],[-117.3094,33.9834],[-117.3052,33.9851],[-117.3094,33.9937],[-117.3316,33.9962],[-117.3311,33.9847],[-117.3426,33.983],[-117.356,33.9946],[-117.3445,34.0123],[-117.3352,34.0133],[-117.3341,34.0066],[-117.3267,34.01],[-117.305,34.0047],[-117.3094,33.9975],[-117.2877,33.9979]]]}},{"type":"Feature","properties":{"district":"61"},"geometry":{"type":"Polygon","coordinates":[[[-118.3176,33.9891],[-118.3178,33.96],[-118.2809,33.96],[-118.2811,33.9289],[-118.2915,33.9289],[-118.2917,33.9019],[-118.3265,33.9019],[-118.3438,33.8934],[-118.3438,33.8772],[-118.3613,33.8729],[-118.3613,33.8947],[-118.3787,33.8947],[-118.3786,33.9154],[-118.3743,33.9172],[-118.3787,33.9309],[-118.4288,33.931],[-118.4222,33.9163],[-118.4297,33.9163],[-118.4563,33.9611],[-118.4618,33.9627],[-118.4611,33.9698],[-118.4831,33.9957],[-118.456,34.01],[-118.445,33.9946],[-118.4478,33.9904],[-118.4303,33.9721],[-118.4034,33.9839],[-118.3804,33.9764],[-118.3718,33.9773],[-118.3758,33.983],[-118.3352,33.9818],[-118.3352,33.989],[-118.3176,33.9891]]]}},{"type":"Feature","properties":{"district":"62"},"geometry":{"type":"Polygon","coordinates":[[[-118.1842,33.9942],[-118.1701,33.9801],[-118.2026,33.9826],[-118.2062,33.9763],[-118.1853,33.9556],[-118.1777,33.9577],[-118.1563,33.951],[-118.166,33.9386],[-118.1617,33.9285],[-118.1704,33.9236],[-118.1492,33.9137],[-118.1535,33.9074],[-118.1431,33.9025],[-118.1424,33.9105],[-118.1094,33.9098],[-118.1083,33.8584],[-118.1031,33.8584],[-118.0992,33.8459],[-118.0864,33.846],[-118.0864,33.8496],[-118.082,33.846],[-118.0589,33.8462],[-118.0612,33.8333],[-118.0688,33.8324],[-118.0677,33.838],[-118.0789,33.8387],[-118.0818,33.8313],[-118.125,33.8324],[-118.1249,33.8471],[-118.1427,33.8467],[-118.1427,33.8324],[-118.15,33.8324],[-118.156,33.8251],[-118.164,33.8276],[-118.1674,33.8201],[-118.1643,33.8471],[-118.1677,33.8543],[-118.1555,33.8544],[-118.157,33.8602],[-118.1466,33.8603],[-118.1513,33.882],[-118.1881,33.8854],[-118.1869,33.8925],[-118.1824,33.8891],[-118.18,33.8927],[-118.1882,33.8947],[-118.1868,33.9071],[-118.2169,33.9123],[-118.22,33.923],[-118.2288,33.9227],[-118.2303,33.929],[-118.2256,33.9294],[-118.2302,33.9747],[-118.239,33.9772],[-118.239,33.9894],[-118.2303,33.9892],[-118.2297,33.9957],[-118.2151,33.9916],[-118.2126,33.9841],[-118.204,33.9831],[-118.2043,33.9967],[-118.1842,33.9942]]]}},{"type":"Feature","properties":{"district":"63"},"geometry":{"type":"Polygon","coordinates":[[[-117.0808,33.7286],[-117.0806,33.7181],[-117.0937,33.7181],[-117.0936,33.7146],[-117.1198,33.7143],[-117.1196,33.6996],[-117.1366,33.6996],[-117.1369,33.6415],[-117.1191,33.6416],[-117.1189,33.6271],[-117.1233,33.627],[-117.1233,33.6343],[-117.1455,33.6342],[-117.1455,33.6415],[-117.154,33.6415],[-117.1541,33.6342],[-117.1657,33.6342],[-117.1665,33.6415],[-117.17,33.6416],[-117.1711,33.627],[-117.2234,33.627],[-117.2234,33.656],[-117.2403,33.6559],[-117.2404,33.6487],[-117.2535,33.6486],[-117.2539,33.656],[-117.2878,33.6561],[-117.2964,33.6525],[-117.2906,33.6332],[-117.3057,33.6165],[-117.328,33.6125],[-117.3275,33.626],[-117.3633,33.6265],[-117.3631,33.6391],[-117.3904,33.6396],[-117.4016,33.6505],[-117.41,33.6486],[-117.4074,33.656],[-117.4158,33.6536],[-117.413,33.659],[-117.4746,33.7038],[-117.534,33.7104],[-117.5365,33.7577],[-117.5801,33.768],[-117.6621,33.8575],[-117.6743,33.858],[-117.6751,33.8687],[-117.6688,33.8806],[-117.6767,33.8887],[-117.6549,33.8888],[-117.6554,33.9251],[-117.611,33.9251],[-117.6104,33.9716],[-117.5933,33.9776],[-117.5931,33.9608],[-117.5582,33.9609],[-117.5583,33.955],[-117.5496,33.9572],[-117.5537,33.95],[-117.5232,33.9625],[-117.5238,33.9459],[-117.5117,33.9412],[-117.5174,33.93],[-117.5121,33.9149],[-117.5149,33.9023],[-117.5236,33.9021],[-117.5262,33.9079],[-117.5399,33.8974],[-117.5508,33.8962],[-117.5569,33.902],[-117.5584,33.895],[-117.5666,33.8937],[-117.5712,33.9017],[-117.5783,33.8925],[-117.5897,33.8966],[-117.5939,33.8818],[-117.6296,33.8834],[-117.6208,33.8813],[-117.6127,33.865],[-117.6102,33.869],[-117.6076,33.8608],[-117.6021,33.8593],[-117.5614,33.855],[-117.5424,33.8658],[-117.5319,33.8431],[-117.5364,33.8318],[-117.5322,33.8357],[-117.5305,33.8322],[-117.5365,33.8303],[-117.5368,33.8238],[-117.5243,33.8238],[-117.5281,33.8293],[-117.5191,33.8294],[-117.5021,33.8244],[-117.502,33.8323],[-117.4846,33.8364],[-117.4831,33.852],[-117.4915,33.864],[-117.4859,33.8673],[-117.4933,33.8674],[-117.4933,33.8726],[-117.5014,33.8726],[-117.5027,33.8767],[-117.4967,33.8777],[-117.4942,33.8867],[-117.4812,33.8868],[-117.476,33.8817],[-117.465,33.8898],[-117.4608,33.8847],[-117.4541,33.8885],[-117.3836,33.8868],[-117.3835,33.9226],[-117.3893,33.93],[-117.3753,33.9381],[-117.3704,33.9465],[-117.3561,33.9442],[-117.3469,33.9488],[-117.3485,33.983],[-117.3327,33.983],[-117.3316,33.9962],[-117.3094,33.9937],[-117.3052,33.9851],[-117.3094,33.9834],[-117.3137,33.9607],[-117.292,33.943],[-117.2611,33.8662],[-117.3196,33.8657],[-117.3227,33.8583],[-117.3313,33.8582],[-117.3311,33.8359],[-117.3139,33.8297],[-117.3135,33.8228],[-117.3225,33.8227],[-117.3224,33.8152],[-117.3128,33.815],[-117.3128,33.8003],[-117.302,33.7998],[-117.296,33.7887],[-117.3068,33.7814],[-117.3066,33.7721],[-117.3014,33.7722],[-117.3011,33.7424],[-117.2626,33.7428],[-117.2624,33.7356],[-117.2583,33.7356],[-117.258,33.7143],[-117.2407,33.7142],[-117.2407,33.7214],[-117.2355,33.7233],[-117.2306,33.7179],[-117.2369,33.7142],[-117.2233,33.7141],[-117.2235,33.743],[-117.1933,33.743],[-117.1932,33.7358],[-117.1848,33.7357],[-117.1805,33.7466],[-117.1892,33.7503],[-117.1847,33.7577],[-117.1365,33.7577],[-117.1365,33.7359],[-117.1162,33.7318],[-117.0895,33.7388],[-117.0895,33.729],[-117.0808,33.7286]]]}},{"type":"Feature","properties":{"district":"64"},"geometry":{"type":"Polygon","coordinates":[[[-118.1213,33.973],[-118.0932,33.9503],[-118.0868,33.9599],[-118.0888,33.9669],[-118.0683,33.9616],[-118.0706,33.9648],[-118.0664,33.9647],[-118.0662,33.9698],[-118.0737,33.9701],[-118.0735,33.975],[-118.0549,33.9682],[-118.0558,33.9615],[-118.0457,33.9506],[-118.0456,33.9553],[-118.0364,33.9537],[-118.0034,33.9383],[-118.0009,33.9293],[-117.99,33.9319],[-117.9765,33.928],[-117.9765,33.9461],[-117.92,33.9461],[-117.92,33.9319],[-117.9287,33.9319],[-117.9201,33.9246],[-117.9331,33.9246],[-117.9303,33.9112],[-117.9418,33.9137],[-117.9417,33.9086],[-117.9497,33.9065],[-117.9854,33.9028],[-117.9853,33.8955],[-117.9941,33.8955],[-117.9941,33.8882],[-118.0029,33.8882],[-118.0028,33.8809],[-118.0114,33.8809],[-118.0114,33.8734],[-118.0288,33.8733],[-118.0289,33.8826],[-118.0384,33.8878],[-118.0685,33.8876],[-118.0727,33.8804],[-118.0955,33.8785],[-118.0955,33.8874],[-118.1082,33.8869],[-118.1094,33.9098],[-118.1424,33.9105],[-118.1427,33.9025],[-118.1535,33.9074],[-118.1492,33.9137],[-118.1704,33.9236],[-118.1617,33.9285],[-118.166,33.9386],[-118.1563,33.951],[-118.1777,33.9577],[-118.1853,33.9556],[-118.2063,33.9796],[-118.1701,33.9801],[-118.1779,33.9956],[-118.1701,33.9996],[-118.1521,33.9922],[-118.1703,33.9882],[-118.1671,33.9794],[-118.1294,33.971],[-118.1213,33.973]]]}},{"type":"Feature","properties":{"district":"65"},"geometry":{"type":"Polygon","coordinates":[[[-118.2286,33.9483],[-118.2256,33.9294],[-118.2303,33.929],[-118.2288,33.9227],[-118.22,33.923],[-118.2169,33.9123],[-118.1868,33.9071],[-118.1882,33.8947],[-118.18,33.8927],[-118.1824,33.8891],[-118.1869,33.8925],[-118.1881,33.8854],[-118.1513,33.882],[-118.1466,33.8603],[-118.157,33.8602],[-118.1555,33.8544],[-118.1643,33.8539],[-118.2019,33.8544],[-118.2003,33.8602],[-118.2066,33.8466],[-118.2646,33.8475],[-118.2633,33.8395],[-118.2705,33.8466],[-118.2849,33.8462],[-118.2868,33.7979],[-118.2646,33.7991],[-118.2646,33.8045],[-118.2565,33.8048],[-118.2585,33.7994],[-118.2375,33.8005],[-118.2301,33.7926],[-118.2239,33.8065],[-118.2266,33.8295],[-118.2224,33.8042],[-118.2276,33.79],[-118.2207,33.7825],[-118.2455,33.7639],[-118.2408,33.7583],[-118.249,33.7559],[-118.2318,33.7149],[-118.2666,33.7037],[-118.2849,33.708],[-118.2942,33.7037],[-118.3221,33.7165],[-118.3112,33.7271],[-118.2924,33.727],[-118.2908,33.7562],[-118.2797,33.7727],[-118.2802,33.779],[-118.2922,33.7791],[-118.2971,33.7845],[-118.3095,33.7791],[-118.3092,33.8656],[-118.2993,33.8657],[-118.2992,33.8705],[-118.2944,33.8705],[-118.2981,33.8656],[-118.2905,33.8664],[-118.2915,33.9289],[-118.2538,33.928],[-118.2541,33.9433],[-118.2492,33.9433],[-118.2489,33.9534],[-118.234,33.9533],[-118.234,33.9482],[-118.2286,33.9483]]]}},{"type":"Feature","properties":{"district":"66"},"geometry":{"type":"Polygon","coordinates":[[[-118.2917,33.9019],[-118.2905,33.8664],[-118.2981,33.8656],[-118.2944,33.8705],[-118.2992,33.8705],[-118.2993,33.8657],[-118.3092,33.8656],[-118.3099,33.782],[-118.3003,33.7801],[-118.2971,33.7845],[-118.2922,33.7791],[-118.2802,33.779],[-118.2803,33.7705],[-118.2908,33.7559],[-118.2924,33.727],[-118.3112,33.7271],[-118.3222,33.7165],[-118.3509,33.7265],[-118.3605,33.7368],[-118.385,33.7414],[-118.3966,33.7359],[-118.4116,33.7408],[-118.418,33.7623],[-118.4284,33.7747],[-118.4189,33.7864],[-118.4077,33.7912],[-118.405,33.8002],[-118.3943,33.8043],[-118.3912,33.8384],[-118.3999,33.8432],[-118.4025,33.8615],[-118.4297,33.9163],[-118.4222,33.9163],[-118.4288,33.931],[-118.3787,33.9309],[-118.3743,33.9172],[-118.3786,33.9154],[-118.3787,33.8947],[-118.3613,33.8947],[-118.3613,33.8729],[-118.3438,33.8772],[-118.3438,33.8934],[-118.3265,33.9019],[-118.2917,33.9019]]]}},{"type":"Feature","properties":{"district":"67"},"geometry":{"type":"Polygon","coordinates":[[[-117.9576,33.9065],[-117.9484,33.8851],[-117.9577,33.8767],[-117.9331,33.8738],[-117.9243,33.8755],[-117.9244,33.8812],[-117.9161,33.8858],[-117.9127,33.8813],[-117.8966,33.8815],[-117.8902,33.888],[-117.8804,33.8891],[-117.8831,33.8597],[-117.9067,33.8542],[-117.9069,33.8632],[-117.9199,33.8631],[-117.9199,33.8545],[-117.9752,33.855],[-117.9324,33.8327],[-117.8914,33.7919],[-117.9149,33.789],[-117.9174,33.7961],[-117.9239,33.7988],[-117.9413,33.7923],[-117.9371,33.8005],[-117.9719,33.8031],[-117.9676,33.8068],[-117.9753,33.8073],[-117.972,33.8113],[-117.9802,33.8103],[-117.9759,33.8158],[-118.0119,33.8111],[-118.0107,33.8063],[-118.0182,33.8063],[-118.0109,33.8042],[-118.0111,33.792],[-118.0371,33.7921],[-118.0328,33.8007],[-118.0545,33.8032],[-118.0545,33.8104],[-118.0631,33.8104],[-118.0633,33.8241],[-118.0817,33.8251],[-118.0789,33.8387],[-118.0677,33.838],[-118.0688,33.8324],[-118.0612,33.8333],[-118.0589,33.8462],[-118.082,33.846],[-118.0864,33.8496],[-118.0864,33.846],[-118.0992,33.8459],[-118.1031,33.8584],[-118.1083,33.8584],[-118.1086,33.8869],[-118.0955,33.8874],[-118.0938,33.8785],[-118.0727,33.8804],[-118.0685,33.8876],[-118.0384,33.8878],[-118.0289,33.8826],[-118.0288,33.8733],[-118.0114,33.8734],[-118.0114,33.8809],[-118.0028,33.8809],[-118.0029,33.8882],[-117.9941,33.8882],[-117.9941,33.8955],[-117.9853,33.8955],[-117.9854,33.9028],[-117.9576,33.9065]]]}},{"type":"Feature","properties":{"district":"68"},"geometry":{"type":"Polygon","coordinates":[[[-117.8831,33.8597],[-117.8851,33.8535],[-117.8671,33.8464],[-117.8673,33.8428],[-117.8364,33.8471],[-117.831,33.8421],[-117.8356,33.835],[-117.8311,33.7952],[-117.8313,33.7635],[-117.8349,33.7617],[-117.8303,33.7581],[-117.8338,33.7439],[-117.8435,33.742],[-117.8425,33.7338],[-117.8335,33.7338],[-117.8341,33.726],[-117.8447,33.7156],[-117.8377,33.7113],[-117.8487,33.7001],[-117.8554,33.7047],[-117.8677,33.6919],[-117.9194,33.6956],[-117.9195,33.7021],[-117.9295,33.702],[-117.9158,33.7245],[-117.9114,33.7452],[-117.8892,33.7739],[-117.8974,33.7745],[-117.8975,33.7889],[-117.9047,33.7889],[-117.9041,33.7925],[-117.8914,33.7919],[-117.9324,33.8327],[-117.9752,33.855],[-117.9199,33.8545],[-117.9199,33.8631],[-117.9069,33.8632],[-117.9067,33.8542],[-117.8831,33.8597]]]}},{"type":"Feature","properties":{"district":"69"},"geometry":{"type":"MultiPolygon","coordinates":[[[[-118.6061,33.479],[-118.5862,33.4738],[-118.5506,33.473],[-118.5384,33.4776],[-118.5158,33.4571],[-118.5017,33.4533],[-118.4975,33.4414],[-118.4776,33.4484],[-118.4458,33.4289],[-118.4212,33.4269],[-118.3958,33.4161],[-118.3893,33.4176],[-118.382,33.4099],[-118.3703,33.4093],[-118.3661,33.4064],[-118.3679,33.3894],[-118.3101,33.3365],[-118.3032,33.3203],[-118.3046,33.309],[-118.3275,33.2992],[-118.3748,33.3201],[-118.407,33.3211],[-118.4225,33.3169],[-118.4654,33.3261],[-118.4888,33.3566],[-118.4822,33.3673],[-118.4851,33.3734],[-118.4736,33.3836],[-118.4856,33.401],[-118.4887,33.4198],[-118.5062,33.4264],[-118.5014,33.4361],[-118.5092,33.4319],[-118.5127,33.4219],[-118.5232,33.4307],[-118.5342,33.429],[-118.5374,33.4346],[-118.5634,33.4344],[-118.5739,33.4396],[-118.5731,33.4476],[-118.6012,33.4699],[-118.6061,33.479]]],[[[-118.1998,33.8603],[-118.2019,33.8544],[-118.1677,33.8544],[-118.1643,33.8471],[-118.1674,33.8201],[-118.164,33.8276],[-118.156,33.8251],[-118.15,33.8324],[-118.1427,33.8324],[-118.1427,33.8467],[-118.1249,33.8471],[-118.125,33.8324],[-118.0818,33.8313],[-118.0817,33.8251],[-118.0633,33.8241],[-118.0632,33.8197],[-118.0848,33.8029],[-118.0966,33.7795],[-118.092,33.7585],[-118.1161,33.7423],[-118.148,33.7582],[-118.1806,33.7631],[-118.1877,33.7492],[-118.1837,33.7361],[-118.2043,33.7371],[-118.1899,33.7411],[-118.1961,33.7503],[-118.2022,33.7442],[-118.2051,33.75],[-118.2112,33.7471],[-118.2065,33.7382],[-118.2134,33.746],[-118.2309,33.7401],[-118.2435,33.7428],[-118.249,33.7559],[-118.2408,33.7583],[-118.2455,33.7639],[-118.2207,33.7825],[-118.2276,33.79],[-118.2224,33.8042],[-118.2266,33.8295],[-118.2239,33.8065],[-118.2301,33.7926],[-118.2375,33.8005],[-118.2585,33.7994],[-118.2565,33.8048],[-118.2646,33.8045],[-118.2646,33.7991],[-118.2866,33.7976],[-118.2849,33.8462],[-118.2705,33.8466],[-118.2633,33.8395],[-118.2646,33.8475],[-118.2066,33.8466],[-118.1998,33.8603]]]]}},{"type":"Feature","properties":{"district":"7"},"geometry":{"type":"Polygon","coordinates":[[[-121.0791,38.6323],[-121.1422,38.6172],[-121.1416,38.6102],[-121.1505,38.6149],[-121.1706,38.6059],[-121.1874,38.5811],[-121.1879,38.5343],[-121.2233,38.5019],[-121.2425,38.5058],[-121.2428,38.5256],[-121.335,38.5439],[-121.3349,38.529],[-121.3863,38.5431],[-121.3751,38.5531],[-121.3795,38.5589],[-121.3424,38.5633],[-121.3274,38.577],[-121.3292,38.5804],[-121.3462,38.5778],[-121.3553,38.5904],[-121.3553,38.6101],[-121.3287,38.6135],[-121.3277,38.6491],[-121.4053,38.6386],[-121.4106,38.6399],[-121.4107,38.6471],[-121.4235,38.6517],[-121.4199,38.66],[-121.415,38.6583],[-121.4176,38.6744],[-121.4036,38.6723],[-121.406,38.6906],[-121.4014,38.6905],[-121.4013,38.7045],[-121.3312,38.7024],[-121.3088,38.7228],[-121.1425,38.7121],[-121.1338,38.7054],[-121.1191,38.7179],[-121.0791,38.6323]]]}},{"type":"Feature","properties":{"district":"70"},"geometry":{"type":"Polygon","coordinates":[[[-117.9041,33.7925],[-117.9047,33.7889],[-117.8975,33.7889],[-117.8974,33.7745],[-117.8892,33.7739],[-117.9087,33.75],[-117.9171,33.7216],[-117.9401,33.6855],[-117.9889,33.6867],[-117.9892,33.7302],[-118.0068,33.7301],[-118.007,33.7444],[-118.0157,33.7443],[-118.0191,33.754],[-118.0334,33.7562],[-118.0424,33.7497],[-118.0429,33.7747],[-118.0971,33.7744],[-118.0848,33.8029],[-118.0632,33.8197],[-118.0631,33.8104],[-118.0545,33.8104],[-118.0545,33.8032],[-118.0328,33.8007],[-118.0371,33.7921],[-118.0111,33.792],[-118.0109,33.8042],[-118.0182,33.8063],[-118.0107,33.8063],[-118.0119,33.8111],[-117.9759,33.8158],[-117.9802,33.8103],[-117.972,33.8113],[-117.9753,33.8073],[-117.9676,33.8068],[-117.9719,33.8031],[-117.9371,33.8005],[-117.9413,33.7923],[-117.9241,33.7988],[-117.9174,33.7961],[-117.9149,33.789],[-117.9041,33.7925]]]}},{"type":"Feature","properties":{"district":"71"},"geometry":{"type":"Polygon","coordinates":[[[-117.6073,33.7974],[-117.5801,33.768],[-117.5365,33.7577],[-117.534,33.7104],[-117.4746,33.7038],[-117.413,33.659],[-117.4158,33.6536],[-117.4074,33.656],[-117.41,33.6486],[-117.4016,33.6505],[-117.3904,33.6396],[-117.3631,33.6391],[-117.3633,33.6265],[-117.3275,33.626],[-117.328,33.6125],[-117.3057,33.6165],[-117.2906,33.6332],[-117.2964,33.6525],[-117.2878,33.6561],[-117.2539,33.656],[-117.2535,33.6486],[-117.2404,33.6487],[-117.2403,33.6559],[-117.2234,33.656],[-117.2234,33.627],[-117.1711,33.627],[-117.1711,33.6415],[-117.1665,33.6415],[-117.1657,33.6342],[-117.1541,33.6342],[-117.154,33.6415],[-117.1455,33.6415],[-117.1455,33.6342],[-117.1368,33.6342],[-117.1367,33.5978],[-117.1185,33.598],[-117.1331,33.5815],[-117.1365,33.5689],[-117.1302,33.5646],[-117.1209,33.5725],[-117.0946,33.5712],[-117.0837,33.5835],[-117.0831,33.5751],[-117.0769,33.5717],[-117.0321,33.5688],[-117.0313,33.5558],[-117.0442,33.5446],[-117.0123,33.5368],[-116.9821,33.562],[-116.9794,33.5747],[-116.9605,33.572],[-116.9481,33.5654],[-116.9498,33.558],[-116.946,33.5579],[-116.946,33.5175],[-116.8973,33.5103],[-116.8968,33.503],[-116.9126,33.4834],[-116.9145,33.4639],[-116.8986,33.4561],[-116.8966,33.4501],[-116.9045,33.4512],[-116.9035,33.4466],[-116.8787,33.4405],[-116.8877,33.4346],[-116.8837,33.4271],[-117.2413,33.432],[-117.2417,33.4489],[-117.3709,33.4906],[-117.3643,33.505],[-117.5097,33.505],[-117.5086,33.4696],[-117.5384,33.4556],[-117.5558,33.4518],[-117.5714,33.4546],[-117.5712,33.461],[-117.579,33.4647],[-117.5734,33.469],[-117.5734,33.4834],[-117.5784,33.4834],[-117.5799,33.4908],[-117.595,33.4835],[-117.6125,33.4835],[-117.6224,33.5089],[-117.6198,33.5192],[-117.6307,33.5164],[-117.6373,33.5204],[-117.6392,33.5291],[-117.6476,33.5268],[-117.6741,33.5431],[-117.6745,33.5963],[-117.6947,33.6068],[-117.6959,33.613],[-117.6625,33.6418],[-117.6532,33.6564],[-117.6267,33.6699],[-117.6206,33.6833],[-117.642,33.7038],[-117.6549,33.7067],[-117.6423,33.7171],[-117.652,33.7328],[-117.648,33.7319],[-117.652,33.7422],[-117.6782,33.755],[-117.6842,33.7735],[-117.6672,33.7822],[-117.6591,33.7681],[-117.6615,33.7643],[-117.6251,33.7626],[-117.6246,33.8014],[-117.621,33.7974],[-117.6073,33.7974]]]}},{"type":"Feature","properties":{"district":"72"},"geometry":{"type":"Polygon","coordinates":[[[-117.9401,33.6855],[-117.9547,33.6432],[-117.9451,33.6433],[-117.9418,33.6478],[-117.9448,33.6405],[-117.9394,33.6324],[-117.9115,33.6256],[-117.8833,33.6654],[-117.8747,33.6629],[-117.8629,33.6717],[-117.8543,33.6661],[-117.8628,33.6576],[-117.8564,33.6381],[-117.8221,33.6207],[-117.8141,33.611],[-117.7762,33.5996],[-117.7744,33.6184],[-117.7535,33.6267],[-117.7478,33.619],[-117.7412,33.6311],[-117.7209,33.6283],[-117.7261,33.6333],[-117.7266,33.6347],[-117.72,33.6289],[-117.7182,33.6374],[-117.6549,33.7067],[-117.642,33.7038],[-117.6206,33.6833],[-117.6267,33.6699],[-117.6532,33.6564],[-117.6636,33.6408],[-117.6957,33.6134],[-117.6947,33.6068],[-117.6745,33.5963],[-117.6765,33.5635],[-117.6876,33.5576],[-117.703,33.5715],[-117.7143,33.5712],[-117.7211,33.5432],[-117.737,33.5396],[-117.7332,33.5201],[-117.7402,33.5112],[-117.7344,33.5099],[-117.7388,33.5074],[-117.7332,33.5028],[-117.7319,33.4846],[-117.7849,33.5415],[-117.8141,33.5503],[-117.8403,33.5735],[-117.8711,33.592],[-117.9271,33.6055],[-117.9406,33.62],[-117.9573,33.6288],[-117.9533,33.6415],[-117.9586,33.6295],[-118.0027,33.6555],[-118.0924,33.7327],[-118.1161,33.7423],[-118.092,33.7585],[-118.0971,33.7744],[-118.0429,33.7747],[-118.0424,33.7497],[-118.0334,33.7562],[-118.0191,33.754],[-118.0157,33.7443],[-118.007,33.7444],[-118.0068,33.7301],[-117.9892,33.7302],[-117.9889,33.6867],[-117.9401,33.6855]]]}},{"type":"Feature","properties":{"district":"73"},"geometry":{"type":"Polygon","coordinates":[[[-117.6775,33.748],[-117.652,33.7422],[-117.648,33.7319],[-117.652,33.7328],[-117.6423,33.7171],[-117.6771,33.6861],[-117.7183,33.6372],[-117.72,33.6289],[-117.7266,33.6347],[-117.7209,33.6283],[-117.7412,33.6311],[-117.7478,33.619],[-117.7535,33.6267],[-117.7744,33.6184],[-117.7762,33.5996],[-117.8141,33.611],[-117.8221,33.6207],[-117.8564,33.6381],[-117.8628,33.6576],[-117.8543,33.6661],[-117.8627,33.6716],[-117.8747,33.6629],[-117.8833,33.6654],[-117.9115,33.6256],[-117.9394,33.6324],[-117.9448,33.6405],[-117.9418,33.6478],[-117.9451,33.6433],[-117.9547,33.6432],[-117.9423,33.681],[-117.9295,33.702],[-117.9195,33.7021],[-117.9194,33.6956],[-117.8677,33.6919],[-117.8554,33.7047],[-117.8487,33.7001],[-117.8377,33.7113],[-117.8447,33.7156],[-117.8341,33.726],[-117.8335,33.7338],[-117.8425,33.7338],[-117.8435,33.742],[-117.8322,33.7472],[-117.8303,33.759],[-117.8349,33.7617],[-117.8314,33.7731],[-117.8282,33.7657],[-117.8202,33.7671],[-117.8224,33.7523],[-117.8185,33.7486],[-117.8143,33.7487],[-117.8143,33.7553],[-117.812,33.75],[-117.8059,33.7544],[-117.8096,33.7508],[-117.8036,33.7454],[-117.8024,33.7352],[-117.7811,33.7486],[-117.7642,33.7735],[-117.7517,33.7737],[-117.7523,33.7674],[-117.7416,33.7607],[-117.7415,33.7539],[-117.7171,33.7485],[-117.7067,33.7388],[-117.6996,33.7579],[-117.6775,33.748]]]}},{"type":"Feature","properties":{"district":"74"},"geometry":{"type":"Polygon","coordinates":[[[-117.6764,33.5686],[-117.6726,33.5685],[-117.6736,33.5426],[-117.6476,33.5268],[-117.6392,33.5291],[-117.6373,33.5204],[-117.6307,33.5164],[-117.6198,33.5192],[-117.6224,33.5089],[-117.6125,33.4835],[-117.595,33.4835],[-117.5799,33.4908],[-117.5784,33.4834],[-117.5734,33.4834],[-117.5734,33.469],[-117.579,33.4647],[-117.5712,33.461],[-117.5714,33.4546],[-117.5558,33.4518],[-117.5384,33.4556],[-117.5086,33.4696],[-117.5097,33.505],[-117.3643,33.505],[-117.3709,33.4906],[-117.2417,33.4489],[-117.2413,33.432],[-117.2249,33.432],[-117.2381,33.4131],[-117.2491,33.409],[-117.2502,33.4006],[-117.2558,33.4023],[-117.2621,33.3583],[-117.2539,33.3582],[-117.2493,33.3289],[-117.2601,33.3292],[-117.2601,33.3219],[-117.2492,33.3218],[-117.2415,33.2927],[-117.2476,33.2811],[-117.245,33.2671],[-117.2379,33.2677],[-117.2493,33.2636],[-117.2493,33.2589],[-117.2429,33.2598],[-117.2449,33.2406],[-117.2557,33.2466],[-117.2628,33.2374],[-117.2294,33.2284],[-117.2294,33.2348],[-117.2172,33.2376],[-117.2223,33.2303],[-117.2152,33.2316],[-117.2153,33.2249],[-117.2048,33.2265],[-117.208,33.2111],[-117.2015,33.2112],[-117.2062,33.2101],[-117.2052,33.2063],[-117.1997,33.206],[-117.2006,33.2101],[-117.1923,33.207],[-117.1923,33.2011],[-117.2159,33.2041],[-117.2122,33.1939],[-117.2087,33.1947],[-117.2096,33.1866],[-117.2201,33.1907],[-117.2175,33.1819],[-117.2284,33.1795],[-117.2248,33.1739],[-117.2157,33.1755],[-117.2096,33.1682],[-117.2179,33.1629],[-117.2134,33.1594],[-117.219,33.1596],[-117.2159,33.1581],[-117.2187,33.1536],[-117.2125,33.1549],[-117.2213,33.132],[-117.2463,33.1345],[-117.2468,33.1458],[-117.2531,33.1458],[-117.2592,33.1584],[-117.2619,33.1531],[-117.2707,33.1531],[-117.271,33.1772],[-117.283,33.173],[-117.2989,33.1756],[-117.2994,33.1826],[-117.3441,33.1798],[-117.3599,33.1649],[-117.3953,33.2067],[-117.3892,33.2052],[-117.3944,33.2128],[-117.3965,33.2083],[-117.4049,33.2134],[-117.3977,33.2162],[-117.4004,33.2198],[-117.4061,33.2126],[-117.4063,33.2194],[-117.4456,33.2685],[-117.5092,33.3372],[-117.5477,33.3655],[-117.5959,33.3866],[-117.612,33.4108],[-117.6456,33.4407],[-117.6836,33.4614],[-117.6921,33.4567],[-117.7153,33.4606],[-117.7245,33.4808],[-117.7323,33.4848],[-117.7332,33.5028],[-117.7388,33.5074],[-117.7344,33.5099],[-117.7402,33.5112],[-117.7332,33.5201],[-117.737,33.5396],[-117.7211,33.5432],[-117.7143,33.5712],[-117.703,33.5715],[-117.6855,33.5574],[-117.6765,33.5635],[-117.6764,33.5686]]]}},{"type":"Feature","properties":{"district":"75"},"geometry":{"type":"Polygon","coordinates":[[[-116.8838,33.427],[-116.0852,33.4259],[-116.0811,33.0748],[-116.1033,33.0747],[-116.1062,32.6185],[-116.928,32.5511],[-116.9278,32.5601],[-116.9366,32.5602],[-116.9365,32.5675],[-116.9478,32.5676],[-116.9537,32.5746],[-116.9516,32.5858],[-116.9651,32.5844],[-116.9661,32.5877],[-116.9289,32.5985],[-116.9314,32.6048],[-116.9257,32.6082],[-116.9267,32.6279],[-116.9297,32.6468],[-116.9376,32.6587],[-116.9366,32.6652],[-116.9277,32.667],[-116.9278,32.6843],[-116.945,32.6852],[-116.9408,32.678],[-116.9496,32.678],[-116.9496,32.6854],[-116.9581,32.6856],[-116.9626,32.672],[-116.9778,32.6707],[-116.9886,32.6779],[-116.9973,32.6723],[-117.0008,32.6787],[-117.0163,32.6744],[-117.0131,32.6902],[-116.9888,32.6965],[-116.9787,32.7079],[-116.9594,32.7048],[-116.9406,32.7334],[-116.9427,32.7395],[-116.9581,32.7457],[-116.9842,32.7448],[-117.0057,32.7526],[-117.0014,32.7524],[-117.0014,32.7629],[-116.9946,32.7624],[-116.9987,32.7654],[-116.991,32.7647],[-116.9906,32.7698],[-116.9818,32.7723],[-116.985,32.7739],[-116.9947,32.7677],[-117.0013,32.7682],[-116.9975,32.769],[-116.9961,32.7709],[-117.0015,32.7768],[-116.977,32.7798],[-116.9757,32.7733],[-116.959,32.7757],[-116.9622,32.768],[-116.957,32.7677],[-116.9558,32.7779],[-116.9445,32.7787],[-116.9469,32.7866],[-116.9395,32.7869],[-116.9274,32.7761],[-116.9254,32.7814],[-116.9167,32.7818],[-116.9163,32.7886],[-116.9247,32.7965],[-116.901,32.794],[-116.8965,32.8064],[-116.902,32.8082],[-116.9013,32.8032],[-116.9065,32.8005],[-116.9215,32.8018],[-116.9183,32.8093],[-116.917,32.8074],[-116.9129,32.8078],[-116.9154,32.8097],[-116.9095,32.8122],[-116.9131,32.816],[-116.9092,32.8206],[-116.9137,32.8229],[-116.9298,32.8131],[-116.94,32.8169],[-116.9362,32.8139],[-116.9379,32.8088],[-116.9493,32.8085],[-116.9493,32.8151],[-116.9446,32.8159],[-116.9492,32.8229],[-116.9501,32.8169],[-116.956,32.8152],[-116.9518,32.8133],[-116.9527,32.8105],[-116.966,32.8111],[-116.964,32.8296],[-116.9993,32.829],[-116.9961,32.8257],[-117.0021,32.8196],[-117.0112,32.8203],[-117.01,32.8156],[-117.0382,32.8315],[-117.0367,32.8384],[-117.0239,32.8398],[-117.0287,32.8477],[-117.0529,32.8552],[-117.0533,32.8873],[-117.0704,32.8875],[-117.0574,32.9021],[-117.1054,32.8875],[-117.1098,32.8943],[-117.1156,32.8934],[-117.1164,32.9171],[-117.1094,32.9433],[-117.0955,32.9647],[-117.0669,32.9644],[-117.0664,32.9933],[-117.0601,32.9947],[-117.0524,33.0239],[-117.0383,33.0496],[-117.0232,33.0598],[-117.0271,33.0636],[-116.984,33.067],[-116.9712,33.0567],[-116.9777,33.0737],[-116.9715,33.0752],[-116.9716,33.0801],[-116.9577,33.0801],[-116.955,33.0877],[-116.948,33.0878],[-116.9508,33.0952],[-116.9464,33.0951],[-116.9463,33.0801],[-116.9143,33.0799],[-116.9144,33.0835],[-116.9057,33.0837],[-116.9058,33.0914],[-116.9323,33.0912],[-116.9415,33.0987],[-116.955,33.0987],[-116.9553,33.0937],[-116.9638,33.0933],[-116.9634,33.1057],[-116.981,33.1054],[-116.981,33.109],[-117.0029,33.1126],[-116.9987,33.1164],[-116.9985,33.1348],[-117.0151,33.134],[-117.0147,33.1524],[-117.0239,33.149],[-117.0231,33.163],[-117.0148,33.1627],[-117.0246,33.171],[-117.0082,33.1675],[-117.0121,33.1775],[-117.0073,33.1857],[-117.0337,33.1854],[-117.0337,33.1965],[-117.0456,33.1961],[-117.0418,33.1966],[-117.0495,33.2032],[-117.0585,33.2031],[-117.0634,33.2116],[-117.086,33.211],[-117.085,33.2038],[-117.0762,33.2034],[-117.0759,33.1963],[-117.067,33.1926],[-117.067,33.1709],[-117.0584,33.1707],[-117.0523,33.1633],[-117.0761,33.1642],[-117.0856,33.1795],[-117.0858,33.1744],[-117.0948,33.1764],[-117.0927,33.171],[-117.1087,33.1674],[-117.1423,33.2212],[-117.1562,33.2529],[-117.2014,33.2528],[-117.2307,33.2673],[-117.2364,33.2597],[-117.2369,33.2673],[-117.245,33.2671],[-117.2476,33.2811],[-117.2415,33.2927],[-117.2492,33.3218],[-117.2601,33.3219],[-117.2601,33.3292],[-117.2493,33.3289],[-117.2539,33.3582],[-117.2621,33.3583],[-117.2558,33.4023],[-117.2502,33.4006],[-117.2491,33.409],[-117.2381,33.4131],[-117.2249,33.432],[-116.8838,33.427]]]}},{"type":"Feature","properties":{"district":"76"},"geometry":{"type":"Polygon","coordinates":[[[-117.1088,32.9444],[-117.1647,32.9344],[-117.1916,32.9183],[-117.199,32.9191],[-117.2146,32.9058],[-117.2231,32.9045],[-117.2387,32.9229],[-117.2407,32.932],[-117.2143,32.9439],[-117.2137,32.9557],[-117.2077,32.961],[-117.192,32.9607],[-117.1784,32.9681],[-117.1785,32.9739],[-117.2002,32.974],[-117.2045,32.9788],[-117.1966,32.985],[-117.2115,32.9853],[-117.199,33.0051],[-117.2255,33.0081],[-117.2301,33.014],[-117.2276,33.023],[-117.2088,33.0446],[-117.1872,33.0436],[-117.1872,33.0511],[-117.2002,33.054],[-117.1957,33.0804],[-117.2022,33.0806],[-117.2013,33.0752],[-117.2159,33.0759],[-117.2167,33.0951],[-117.221,33.0951],[-117.2212,33.1026],[-117.2298,33.1136],[-117.2299,33.1312],[-117.2213,33.132],[-117.2125,33.1549],[-117.2187,33.1536],[-117.2159,33.1581],[-117.219,33.1596],[-117.2134,33.1594],[-117.2179,33.1629],[-117.2096,33.1682],[-117.2157,33.1755],[-117.2248,33.1739],[-117.2284,33.1795],[-117.2175,33.1819],[-117.2201,33.1907],[-117.2096,33.1866],[-117.2087,33.1947],[-117.2122,33.1939],[-117.2159,33.2041],[-117.1923,33.2011],[-117.1923,33.207],[-117.2006,33.2101],[-117.1997,33.206],[-117.2052,33.2063],[-117.2062,33.2101],[-117.2015,33.2112],[-117.208,33.2111],[-117.2048,33.2265],[-117.2153,33.2249],[-117.2152,33.2316],[-117.2223,33.2303],[-117.2172,33.2376],[-117.2294,33.2348],[-117.2294,33.2284],[-117.2569,33.2385],[-117.2615,33.2359],[-117.2622,33.2415],[-117.2557,33.2466],[-117.2449,33.2406],[-117.2429,33.2598],[-117.2493,33.2589],[-117.2493,33.2636],[-117.245,33.2657],[-117.2369,33.2673],[-117.2364,33.2597],[-117.2331,33.2673],[-117.2291,33.2668],[-117.2013,33.2528],[-117.1562,33.2529],[-117.1423,33.2212],[-117.1087,33.1674],[-117.0927,33.171],[-117.0948,33.1764],[-117.0858,33.1744],[-117.0856,33.1795],[-117.0761,33.1642],[-117.0523,33.1633],[-117.0584,33.1707],[-117.067,33.1709],[-117.067,33.1926],[-117.0759,33.1963],[-117.0762,33.2034],[-117.085,33.2038],[-117.086,33.211],[-117.0634,33.2116],[-117.0585,33.2031],[-117.0495,33.2032],[-117.0418,33.1966],[-117.0456,33.1961],[-117.0337,33.1965],[-117.0337,33.1854],[-117.0073,33.1857],[-117.0121,33.1775],[-117.0082,33.1675],[-117.0246,33.171],[-117.0148,33.1627],[-117.0231,33.163],[-117.0239,33.149],[-117.0147,33.1524],[-117.0151,33.134],[-116.9985,33.1348],[-116.9987,33.1164],[-117.0029,33.1126],[-116.981,33.109],[-116.981,33.1054],[-116.9634,33.1057],[-116.9638,33.0933],[-116.9553,33.0937],[-116.955,33.0987],[-116.9415,33.0987],[-116.9323,33.0912],[-116.9058,33.0914],[-116.9057,33.0837],[-116.9144,33.0835],[-116.9143,33.0799],[-116.9463,33.0801],[-116.9464,33.0951],[-116.9508,33.0952],[-116.948,33.0878],[-116.955,33.0877],[-116.9577,33.0801],[-116.9716,33.0801],[-116.9715,33.0752],[-116.9777,33.0737],[-116.9712,33.0567],[-116.984,33.067],[-117.0271,33.0636],[-117.0232,33.0598],[-117.0383,33.0496],[-117.0524,33.0239],[-117.0601,32.9947],[-117.0664,32.9933],[-117.0669,32.9644],[-117.0955,32.9647],[-117.1088,32.9444]]]}},{"type":"Feature","properties":{"district":"77"},"geometry":{"type":"MultiPolygon","coordinates":[[[[-117.1296,32.5557],[-117.1291,32.5547],[-117.1296,32.5557],[-117.1296,32.5557]]],[[[-117.2021,32.7154],[-117.191,32.7136],[-117.1878,32.7117],[-117.1914,32.7066],[-117.1653,32.6959],[-117.1672,32.6799],[-117.1752,32.6814],[-117.1657,32.6748],[-117.1602,32.6803],[-117.154,32.6781],[-117.161,32.6683],[-117.1476,32.6548],[-117.1491,32.651],[-117.1457,32.6518],[-117.1388,32.6312],[-117.1318,32.6315],[-117.1373,32.6302],[-117.1354,32.6266],[-117.1353,32.6299],[-117.1314,32.6306],[-117.1321,32.6259],[-117.1359,32.6261],[-117.1338,32.6232],[-117.13,32.6276],[-117.1288,32.6221],[-117.1336,32.6225],[-117.1335,32.619],[-117.1283,32.6197],[-117.1332,32.6108],[-117.1231,32.6041],[-117.1215,32.5929],[-117.117,32.5914],[-117.133,32.5856],[-117.1395,32.6271],[-117.1562,32.6569],[-117.1731,32.6757],[-117.1968,32.6889],[-117.2237,32.6832],[-117.2267,32.6868],[-117.225,32.7032],[-117.2021,32.7154]]],[[[-117.2994,33.1826],[-117.2989,33.1756],[-117.283,33.173],[-117.271,33.1772],[-117.2707,33.1531],[-117.2619,33.1531],[-117.2592,33.1584],[-117.2531,33.1458],[-117.2468,33.1458],[-117.2463,33.1345],[-117.2303,33.1347],[-117.2298,33.1136],[-117.2212,33.1026],[-117.221,33.0951],[-117.2167,33.0951],[-117.2159,33.0759],[-117.2013,33.0752],[-117.2022,33.0806],[-117.1957,33.0804],[-117.2002,33.054],[-117.1872,33.0511],[-117.1872,33.0436],[-117.2088,33.0446],[-117.2276,33.023],[-117.2301,33.014],[-117.2255,33.0081],[-117.199,33.0051],[-117.2115,32.9853],[-117.1966,32.985],[-117.2045,32.9788],[-117.2002,32.974],[-117.1785,32.9739],[-117.1784,32.9681],[-117.192,32.9607],[-117.2073,32.9612],[-117.2137,32.9557],[-117.2143,32.9439],[-117.2412,32.9314],[-117.2237,32.9043],[-117.2046,32.8888],[-117.199,32.8743],[-117.1779,32.8474],[-117.206,32.847],[-117.2349,32.8385],[-117.2316,32.825],[-117.2076,32.7934],[-117.2026,32.756],[-117.1801,32.7413],[-117.1642,32.7237],[-117.1516,32.7242],[-117.1476,32.7184],[-117.1473,32.7052],[-117.1608,32.704],[-117.1758,32.7116],[-117.1759,32.7271],[-117.2134,32.7247],[-117.1977,32.7273],[-117.2139,32.7286],[-117.2152,32.7217],[-117.227,32.7249],[-117.2281,32.7215],[-117.2205,32.7193],[-117.2325,32.7084],[-117.2237,32.7182],[-117.2277,32.7202],[-117.2365,32.7146],[-117.2332,32.7151],[-117.2408,32.6954],[-117.2333,32.686],[-117.2386,32.681],[-117.2373,32.6683],[-117.2432,32.6649],[-117.2557,32.6996],[-117.2584,32.7261],[-117.2523,32.7554],[-117.2588,32.759],[-117.2536,32.7612],[-117.255,32.7869],[-117.2611,32.8031],[-117.281,32.8222],[-117.2822,32.8321],[-117.279,32.8474],[-117.2739,32.8514],[-117.2639,32.8494],[-117.2517,32.8743],[-117.2704,32.9757],[-117.2805,33.0119],[-117.2967,33.0374],[-117.3241,33.1131],[-117.3592,33.164],[-117.3597,33.1688],[-117.3528,33.1689],[-117.3528,33.1748],[-117.3443,33.1761],[-117.3441,33.1798],[-117.2994,33.1826]]]]}},{"type":"Feature","properties":{"district":"78"},"geometry":{"type":"Polygon","coordinates":[[[-117.1088,32.9444],[-117.1164,32.9171],[-117.1155,32.8932],[-117.0958,32.8874],[-117.0842,32.8965],[-117.0574,32.9021],[-117.0704,32.8875],[-117.0533,32.8873],[-117.0529,32.8552],[-117.0315,32.8495],[-117.0238,32.8402],[-117.0367,32.8384],[-117.0382,32.8315],[-117.01,32.8156],[-117.0112,32.8203],[-117.0021,32.8196],[-116.9961,32.8257],[-117.0007,32.8283],[-116.9901,32.8263],[-116.9872,32.831],[-116.964,32.8296],[-116.966,32.8111],[-116.9527,32.8105],[-116.956,32.8152],[-116.9501,32.8169],[-116.9492,32.8229],[-116.9446,32.8159],[-116.9493,32.8151],[-116.9493,32.8085],[-116.9365,32.8092],[-116.94,32.8169],[-116.9298,32.8131],[-116.9185,32.818],[-116.9182,32.8226],[-116.9092,32.8206],[-116.9131,32.816],[-116.9095,32.8122],[-116.9265,32.8025],[-116.9714,32.8026],[-116.9852,32.7911],[-116.9883,32.7957],[-116.9993,32.7961],[-117.0062,32.7913],[-117.0374,32.7915],[-117.031,32.7906],[-117.04,32.7794],[-117.0514,32.7779],[-117.0404,32.7677],[-117.0824,32.7715],[-117.0896,32.7696],[-117.0819,32.759],[-117.0975,32.7627],[-117.1008,32.7571],[-117.1257,32.7572],[-117.1265,32.7485],[-117.1115,32.7319],[-117.1189,32.7116],[-117.118,32.7164],[-117.1461,32.7133],[-117.1505,32.7238],[-117.1642,32.7237],[-117.1801,32.7413],[-117.2027,32.7562],[-117.2076,32.7934],[-117.2323,32.8265],[-117.2349,32.8385],[-117.206,32.847],[-117.1779,32.8474],[-117.199,32.8743],[-117.2046,32.8888],[-117.2157,32.896],[-117.2241,32.9056],[-117.2142,32.906],[-117.199,32.9191],[-117.1916,32.9183],[-117.1571,32.937],[-117.1375,32.9369],[-117.1088,32.9444]]]}},{"type":"Feature","properties":{"district":"79"},"geometry":{"type":"Polygon","coordinates":[[[-117.0164,32.6749],[-117.0177,32.678],[-117.024,32.6748],[-117.0302,32.6816],[-117.043,32.6707],[-117.0654,32.6624],[-117.0728,32.6816],[-117.0647,32.6838],[-117.0654,32.6914],[-117.0755,32.6885],[-117.0785,32.6932],[-117.0938,32.6922],[-117.1115,32.6828],[-117.1217,32.6928],[-117.1115,32.7319],[-117.1265,32.7485],[-117.1257,32.7572],[-117.1008,32.7571],[-117.0975,32.7627],[-117.0819,32.759],[-117.0896,32.7696],[-117.0824,32.7715],[-117.0404,32.7677],[-117.0514,32.7779],[-117.04,32.7794],[-117.031,32.7906],[-117.0374,32.7915],[-117.0062,32.7913],[-116.9993,32.7961],[-116.9883,32.7957],[-116.9852,32.7911],[-116.9708,32.8028],[-116.9204,32.8056],[-116.9195,32.8002],[-116.9104,32.8002],[-116.9013,32.8032],[-116.902,32.8082],[-116.8965,32.8064],[-116.901,32.794],[-116.9247,32.7965],[-116.9163,32.7886],[-116.9167,32.7818],[-116.9254,32.7814],[-116.9274,32.7761],[-116.9364,32.7816],[-116.9346,32.7847],[-116.9469,32.7866],[-116.9426,32.7806],[-116.9558,32.7779],[-116.957,32.7677],[-116.9622,32.768],[-116.959,32.7757],[-116.9757,32.7733],[-116.977,32.7798],[-117.0004,32.7782],[-116.996,32.7704],[-117.0013,32.7682],[-116.9818,32.7723],[-116.9906,32.7698],[-116.991,32.7647],[-116.9987,32.7654],[-116.9946,32.7624],[-117.0014,32.7629],[-117.0014,32.7524],[-117.0057,32.7526],[-116.9842,32.7448],[-116.9581,32.7457],[-116.9427,32.7395],[-116.9406,32.7334],[-116.9594,32.7048],[-116.9787,32.7079],[-116.9888,32.6965],[-117.0131,32.6902],[-117.0164,32.6749]]]}},{"type":"Feature","properties":{"district":"8"},"geometry":{"type":"Polygon","coordinates":[[[-115.6484,35.8092],[-115.7358,35.8091],[-115.7359,35.7936],[-117.9193,35.7984],[-117.9244,35.7984],[-117.923,35.7867],[-118.0081,35.7889],[-118.0077,35.8171],[-117.9986,35.823],[-118.0062,35.829],[-118.0029,35.8413],[-118.0074,35.8582],[-117.9967,35.8695],[-117.9808,35.8675],[-117.9891,35.8813],[-117.9821,35.8947],[-117.9903,35.9141],[-117.9833,35.9266],[-117.992,35.9438],[-118.0069,35.9465],[-118.0111,35.9546],[-118.0168,35.9546],[-118.0146,35.9729],[-118.0045,35.9772],[-118.0036,35.9837],[-118.0121,35.9983],[-118.0336,36.0089],[-118.0371,36.0291],[-118.0414,36.0298],[-118.0395,36.0342],[-118.0463,36.0422],[-118.0427,36.0485],[-118.0517,36.0595],[-118.0516,36.0835],[-118.058,36.0919],[-118.0631,36.0892],[-118.0673,36.0934],[-118.0683,36.1085],[-118.0646,36.1104],[-118.0735,36.1403],[-118.0597,36.1508],[-118.0626,36.1622],[-118.0593,36.1701],[-118.07,36.1786],[-118.0737,36.1894],[-118.0907,36.1973],[-118.1056,36.2134],[-118.1092,36.2255],[-118.1052,36.2336],[-118.1194,36.2556],[-118.1174,36.2712],[-118.1276,36.2804],[-118.127,36.3002],[-118.1201,36.3022],[-118.1216,36.3068],[-118.1118,36.3083],[-118.1125,36.322],[-118.0976,36.3311],[-118.1003,36.3461],[-118.1242,36.3519],[-118.1305,36.3703],[-118.141,36.3716],[-118.1629,36.3894],[-118.1403,36.4035],[-118.1388,36.4189],[-118.1568,36.4326],[-118.1749,36.4265],[-118.2098,36.4303],[-118.2148,36.435],[-118.2096,36.4421],[-118.2159,36.4567],[-118.2326,36.4663],[-118.237,36.477],[-118.2499,36.4824],[-118.235,36.4937],[-118.2414,36.5],[-118.2388,36.5236],[-118.2467,36.5214],[-118.2509,36.5256],[-118.252,36.5421],[-118.292,36.5622],[-118.2898,36.5732],[-118.2941,36.5774],[-118.288,36.5837],[-118.289,36.5907],[-118.278,36.5923],[-118.2746,36.5973],[-118.2816,36.6045],[-118.2939,36.6051],[-118.3028,36.619],[-118.3213,36.6274],[-118.3188,36.6389],[-118.3382,36.6554],[-118.3295,36.6654],[-118.3312,36.6694],[-118.3475,36.6723],[-118.352,36.6829],[-118.3661,36.6904],[-118.3347,36.7053],[-118.339,36.7278],[-118.3513,36.741],[-118.3606,36.7448],[-118.5555,36.7448],[-118.555,36.7391],[-118.9825,36.7417],[-118.9848,36.6572],[-119.3046,36.6606],[-119.3044,36.7094],[-119.295,36.715],[-119.2862,36.7134],[-119.287,36.7305],[-119.2977,36.7234],[-119.3403,36.7151],[-119.3402,36.7045],[-119.3947,36.7053],[-119.3947,36.709],[-119.4125,36.7117],[-119.4128,36.6982],[-119.4574,36.6985],[-119.4574,36.7058],[-119.4693,36.706],[-119.492,36.7058],[-119.5015,36.6992],[-119.5111,36.699],[-119.511,36.7251],[-119.534,36.7212],[-119.5293,36.7358],[-119.543,36.7357],[-119.5428,36.743],[-119.5562,36.743],[-119.5561,36.7646],[-119.6101,36.7648],[-119.6182,36.7586],[-119.6293,36.7614],[-119.6324,36.7575],[-119.664,36.7575],[-119.664,36.7612],[-119.6731,36.7612],[-119.6731,36.7939],[-119.6865,36.7942],[-119.7003,36.7932],[-119.7004,36.7607],[-119.7363,36.7634],[-119.7318,36.7652],[-119.7317,36.7793],[-119.7363,36.7808],[-119.7359,36.7868],[-119.7317,36.7868],[-119.7318,36.8085],[-119.7542,36.8086],[-119.7541,36.8231],[-119.7744,36.823],[-119.7734,36.8104],[-119.7927,36.8085],[-119.7917,36.7946],[-119.7995,36.7958],[-119.7996,36.7904],[-119.807,36.7849],[-119.8175,36.793],[-119.8174,36.8083],[-119.8411,36.8082],[-119.8444,36.8104],[-119.8416,36.8227],[-119.8508,36.8234],[-119.8564,36.8295],[-119.867,36.8294],[-119.8705,36.8224],[-119.8885,36.8216],[-119.8895,36.837],[-119.9016,36.8369],[-119.9023,36.8435],[-119.8967,36.8441],[-119.906,36.8501],[-119.9146,36.845],[-119.9291,36.8479],[-119.9346,36.838],[-119.9435,36.834],[-119.9706,36.8329],[-119.9847,36.8408],[-119.9903,36.8378],[-119.9924,36.829],[-120.0137,36.8281],[-120.0278,36.8145],[-120.0423,36.8155],[-120.0561,36.8229],[-120.056,36.9166],[-120.0466,36.9166],[-120.0466,36.9238],[-120.0334,36.9237],[-120.0275,36.9295],[-120.0239,36.9237],[-120.022,36.9236],[-120.0324,36.9354],[-120.0149,36.9319],[-120.0103,36.938],[-120.0037,36.938],[-120.0133,36.9597],[-120.0195,36.9599],[-120.0195,36.9526],[-120.033,36.9526],[-120.0331,36.9598],[-120.0377,36.9598],[-120.0334,36.979],[-120.042,36.9742],[-120.0362,36.9817],[-120.0416,36.9817],[-120.0415,36.9868],[-120.0554,36.9868],[-120.0563,37.0397],[-120.074,37.04],[-120.0744,37.0212],[-120.0789,37.0254],[-120.1075,37.0233],[-120.1102,37.0038],[-120.1723,37.0546],[-120.166,37.0546],[-120.1659,37.0837],[-120.1472,37.0857],[-120.1472,37.11],[-120.1645,37.1104],[-120.1615,37.0983],[-120.165,37.0984],[-120.1652,37.0905],[-120.2022,37.0909],[-120.2022,37.1055],[-120.2204,37.1025],[-120.2298,37.1098],[-120.2205,37.1133],[-120.2202,37.1378],[-120.2422,37.1362],[-120.28,37.1223],[-120.3109,37.12],[-120.311,37.1411],[-120.3038,37.1411],[-120.2899,37.1526],[-120.2439,37.157],[-120.2273,37.1634],[-120.1876,37.1603],[-120.1741,37.1659],[-120.1646,37.1627],[-120.1151,37.1657],[-120.0521,37.1831],[-120.0622,37.198],[-120.0901,37.2215],[-120.1438,37.2392],[-120.1785,37.2624],[-120.1866,37.2803],[-120.1827,37.2914],[-120.1877,37.3011],[-120.2035,37.3133],[-120.247,37.3802],[-120.2834,37.4244],[-120.2841,37.4325],[-120.2751,37.4407],[-120.2796,37.458],[-120.3002,37.4843],[-120.2991,37.4888],[-120.3165,37.5053],[-120.3188,37.5208],[-120.3873,37.6335],[-120.6534,37.832],[-120.6349,37.8609],[-120.6052,37.8736],[-120.6064,37.8775],[-120.5978,37.8841],[-120.5993,37.8941],[-120.5956,37.8908],[-120.5895,37.8941],[-120.5893,37.9003],[-120.6033,37.9127],[-120.6057,37.9205],[-120.5996,37.9195],[-120.6022,37.9236],[-120.6121,37.9275],[-120.6161,37.9233],[-120.6227,37.9286],[-120.6177,37.9286],[-120.6223,37.9357],[-120.6055,37.9401],[-120.614,37.9523],[-120.6156,37.9648],[-120.6064,37.9743],[-120.6463,38.0042],[-120.6511,37.9997],[-120.6496,37.9888],[-120.6906,38.0246],[-120.709,38.0204],[-120.7216,38.0279],[-120.749,38.0183],[-120.7611,38.0256],[-120.7749,38.0205],[-120.7756,38.0136],[-120.797,38.0174],[-120.7785,38.0246],[-120.7882,38.0246],[-120.7882,38.0904],[-120.7804,38.0912],[-120.7849,38.1013],[-120.7899,38.102],[-120.7871,38.1076],[-120.7976,38.1127],[-120.7916,38.1172],[-120.7743,38.1125],[-120.7852,38.1169],[-120.7908,38.1312],[-120.7883,38.1354],[-120.8035,38.1354],[-120.8102,38.1501],[-120.8108,38.1455],[-120.8131,38.1505],[-120.828,38.1484],[-120.8393,38.159],[-120.8508,38.1611],[-120.8394,38.1722],[-120.8447,38.1773],[-120.8431,38.1838],[-120.8922,38.1837],[-120.89,38.194],[-120.8936,38.1985],[-120.8819,38.2035],[-120.8836,38.2092],[-120.8799,38.2113],[-120.8856,38.2187],[-120.8926,38.2195],[-120.8801,38.2406],[-120.8557,38.2483],[-120.8468,38.2643],[-120.8221,38.2755],[-120.8177,38.2836],[-120.8106,38.2816],[-120.8078,38.2887],[-120.7985,38.2856],[-120.7549,38.2883],[-120.7383,38.3078],[-120.6882,38.3189],[-120.6749,38.3307],[-120.6565,38.3309],[-120.6385,38.3408],[-120.6318,38.34],[-120.6283,38.3554],[-120.6197,38.3577],[-120.6186,38.3665],[-120.6101,38.3707],[-120.6171,38.3782],[-120.6087,38.3975],[-120.5743,38.4019],[-120.5716,38.4139],[-120.5408,38.4231],[-120.5376,38.4185],[-120.5301,38.4189],[-120.4954,38.4496],[-120.4614,38.4462],[-120.4232,38.4733],[-120.3881,38.4667],[-120.3807,38.461],[-120.3649,38.4666],[-120.3311,38.4652],[-120.2948,38.4772],[-120.2691,38.4778],[-120.2599,38.4867],[-120.2409,38.4854],[-120.2077,38.501],[-120.1643,38.4942],[-120.1394,38.4983],[-120.1252,38.4958],[-120.1115,38.4985],[-120.1034,38.5054],[-120.0725,38.5099],[-120.0726,38.4471],[-120.0537,38.4556],[-119.8848,38.3562],[-119.8376,38.3824],[-119.8147,38.3875],[-119.8014,38.4015],[-119.7706,38.4067],[-119.7507,38.4174],[-119.7079,38.4173],[-119.6987,38.4098],[-119.6943,38.3851],[-119.7,38.3652],[-119.6392,38.3269],[-119.6279,38.3481],[-119.6356,38.3539],[-119.6066,38.3672],[-119.6221,38.3939],[-119.6012,38.4054],[-119.5837,38.3969],[-119.563,38.409],[-119.5614,38.4198],[-119.57,38.4349],[-119.5564,38.4475],[-119.5562,38.4697],[-119.5461,38.4741],[-119.5423,38.4812],[-119.5429,38.4997],[-119.5575,38.5021],[-119.5562,38.5166],[-119.561,38.5255],[-119.5669,38.5253],[-119.571,38.5417],[-119.5843,38.552],[-119.5956,38.5903],[-119.6089,38.5947],[-119.6191,38.6035],[-119.6205,38.6107],[-119.6147,38.6659],[-119.5993,38.6702],[-119.5915,38.6822],[-119.5919,38.6901],[-119.5795,38.7056],[-119.5854,38.7132],[-118.7142,38.1021],[-117.8759,37.4973],[-117.5001,37.2204],[-116.4882,36.4591],[-115.6484,35.8092]]]}},{"type":"Feature","properties":{"district":"80"},"geometry":{"type":"Polygon","coordinates":[[[-117.118,32.7164],[-117.1217,32.6928],[-117.1109,32.6824],[-117.0938,32.6922],[-117.0785,32.6932],[-117.0755,32.6885],[-117.0654,32.6914],[-117.0647,32.6838],[-117.0728,32.6816],[-117.0654,32.6624],[-117.043,32.6707],[-117.0302,32.6816],[-117.024,32.6748],[-117.0008,32.6787],[-116.9973,32.6723],[-116.9886,32.6779],[-116.9757,32.6707],[-116.9626,32.672],[-116.9581,32.6856],[-116.9496,32.6854],[-116.9496,32.678],[-116.9408,32.678],[-116.945,32.6852],[-116.9278,32.6843],[-116.9277,32.667],[-116.9366,32.6652],[-116.9376,32.6587],[-116.9297,32.6468],[-116.9267,32.6279],[-116.9257,32.6082],[-116.9314,32.6048],[-116.9289,32.5985],[-116.9661,32.5877],[-116.9651,32.5844],[-116.9516,32.5858],[-116.9537,32.5746],[-116.9478,32.5676],[-116.9365,32.5675],[-116.9366,32.5602],[-116.9278,32.5601],[-116.928,32.5511],[-117.1242,32.5343],[-117.1331,32.5666],[-117.133,32.5856],[-117.1167,32.5917],[-117.1048,32.5882],[-117.0905,32.5956],[-117.0997,32.6047],[-117.098,32.6133],[-117.1171,32.6139],[-117.1148,32.6176],[-117.0971,32.6137],[-117.1159,32.6436],[-117.1159,32.6473],[-117.1057,32.6507],[-117.1208,32.6482],[-117.1229,32.6569],[-117.1183,32.6577],[-117.1238,32.6697],[-117.1216,32.6701],[-117.116,32.6744],[-117.1193,32.6724],[-117.134,32.6874],[-117.1291,32.6877],[-117.1255,32.6886],[-117.123,32.692],[-117.1228,32.693],[-117.123,32.6949],[-117.1255,32.6888],[-117.1387,32.687],[-117.1363,32.6889],[-117.1608,32.704],[-117.1473,32.7052],[-117.1476,32.7137],[-117.118,32.7164]]]}},{"type":"Feature","properties":{"district":"9"},"geometry":{"type":"Polygon","coordinates":[[[-120.9558,38.5224],[-120.9357,38.4951],[-120.9355,38.499],[-120.9113,38.5012],[-120.9045,38.468],[-120.8934,38.4636],[-120.8874,38.4498],[-120.8982,38.4497],[-120.9001,38.4201],[-120.9084,38.4049],[-120.9061,38.3903],[-120.9288,38.3607],[-120.9195,38.3417],[-120.9045,38.3318],[-120.8985,38.3337],[-120.907,38.3301],[-120.9072,38.3229],[-120.899,38.2965],[-120.9136,38.2886],[-120.9116,38.2767],[-120.9185,38.2734],[-120.9194,38.259],[-120.9086,38.2511],[-120.8911,38.2567],[-120.8796,38.254],[-120.8918,38.2296],[-120.8879,38.2223],[-120.8926,38.2191],[-120.8856,38.2187],[-120.8799,38.2113],[-120.8836,38.2092],[-120.8819,38.2035],[-120.8936,38.1985],[-120.89,38.194],[-120.8922,38.1837],[-120.8431,38.1838],[-120.8447,38.1773],[-120.8394,38.1722],[-120.8508,38.1611],[-120.8393,38.159],[-120.828,38.1484],[-120.8131,38.1505],[-120.8108,38.1455],[-120.8102,38.1501],[-120.8035,38.1354],[-120.7883,38.1354],[-120.7908,38.1312],[-120.7852,38.1169],[-120.7743,38.1125],[-120.7916,38.1172],[-120.7976,38.1127],[-120.7871,38.1076],[-120.7899,38.102],[-120.7849,38.1013],[-120.7804,38.0912],[-120.7882,38.0904],[-120.7882,38.0246],[-120.7785,38.0246],[-120.797,38.0174],[-120.7756,38.0136],[-120.7749,38.0205],[-120.7611,38.0256],[-120.749,38.0183],[-120.7216,38.0279],[-120.709,38.0204],[-120.6906,38.0246],[-120.6496,37.9888],[-120.6511,37.9997],[-120.6463,38.0042],[-120.6174,37.985],[-120.6064,37.9743],[-120.6156,37.9648],[-120.614,37.9523],[-120.6055,37.9401],[-120.6223,37.9357],[-120.6177,37.9286],[-120.6227,37.9286],[-120.6161,37.9233],[-120.6121,37.9275],[-120.6022,37.9236],[-120.5996,37.9195],[-120.6057,37.9205],[-120.6023,37.9105],[-120.5884,37.8981],[-120.5929,37.8911],[-120.5993,37.8941],[-120.5978,37.8841],[-120.6064,37.8775],[-120.6052,37.8736],[-120.6349,37.8609],[-120.6534,37.832],[-120.3873,37.6335],[-120.5991,37.5511],[-120.7124,37.5511],[-120.7436,37.5947],[-120.8564,37.5947],[-120.8603,37.5943],[-120.86,37.5884],[-120.8654,37.5911],[-120.8699,37.5876],[-120.8776,37.5948],[-120.8882,37.5948],[-120.8882,37.6093],[-120.8848,37.6093],[-120.8978,37.6198],[-120.9005,37.628],[-120.8931,37.6312],[-120.8936,37.653],[-120.9028,37.6529],[-120.9028,37.6637],[-120.8983,37.6663],[-120.9072,37.6672],[-120.9076,37.6818],[-120.917,37.6818],[-120.9216,37.6925],[-120.9216,37.689],[-120.9298,37.689],[-120.9299,37.6945],[-120.9399,37.6944],[-120.9399,37.6999],[-120.9718,37.7016],[-121.0001,37.6964],[-121.0129,37.7038],[-121.0432,37.7041],[-121.0434,37.7118],[-121.0559,37.7117],[-121.0545,37.7036],[-121.0744,37.7],[-121.0682,37.689],[-121.0616,37.6892],[-121.0361,37.6678],[-121.0495,37.6628],[-121.0491,37.6458],[-121.0445,37.6431],[-121.049,37.6387],[-121.2098,37.6377],[-121.2223,37.6418],[-121.2694,37.6383],[-121.2695,37.6416],[-121.329,37.5948],[-121.3417,37.5962],[-121.3438,37.7425],[-121.3617,37.73],[-121.3617,37.7398],[-121.3711,37.7397],[-121.3687,37.7405],[-121.3618,37.7459],[-121.38,37.7398],[-121.3801,37.7517],[-121.385,37.7499],[-121.385,37.7546],[-121.3892,37.7546],[-121.3877,37.7653],[-121.3986,37.7654],[-121.3982,37.8033],[-121.4144,37.8028],[-121.384,37.8117],[-121.3763,37.8223],[-121.3539,37.8169],[-121.348,37.8218],[-121.3421,37.8173],[-121.3397,37.8222],[-121.3331,37.8184],[-121.3321,37.8082],[-121.3177,37.8125],[-121.3199,37.8157],[-121.3151,37.8183],[-121.3207,37.8209],[-121.3101,37.8262],[-121.324,37.8478],[-121.3176,37.8601],[-121.3324,37.8748],[-121.327,37.8972],[-121.3033,37.8972],[-121.3021,37.879],[-121.279,37.8821],[-121.2815,37.8585],[-121.2644,37.8556],[-121.2662,37.8809],[-121.2556,37.8829],[-121.2536,37.8737],[-121.2416,37.8675],[-121.2384,37.8771],[-121.2195,37.8721],[-121.2226,37.9043],[-121.2208,37.9004],[-121.2206,37.9052],[-121.193,37.9017],[-121.1915,37.9121],[-121.1824,37.9121],[-121.1999,37.9212],[-121.1979,37.9159],[-121.226,37.9133],[-121.2328,37.9314],[-121.2142,37.931],[-121.2231,37.9363],[-121.2187,37.9375],[-121.2213,37.9438],[-121.2314,37.9413],[-121.2259,37.9427],[-121.2334,37.9485],[-121.2291,37.9508],[-121.2369,37.9491],[-121.2499,37.982],[-121.2798,37.9945],[-121.2575,38.0033],[-121.2594,38.0576],[-121.2771,38.0576],[-121.2785,38.0372],[-121.2949,38.0372],[-121.2953,38.0442],[-121.3011,38.0428],[-121.3004,38.0354],[-121.3228,38.0363],[-121.3106,38.0578],[-121.3611,38.058],[-121.3607,38.0504],[-121.3699,38.0507],[-121.3722,38.0581],[-121.4178,38.0588],[-121.4188,38.0442],[-121.4447,38.0442],[-121.4489,38.0525],[-121.4598,38.056],[-121.489,38.0384],[-121.5116,38.0531],[-121.5562,38.0607],[-121.5606,38.0709],[-121.5754,38.0765],[-121.58,38.0944],[-121.564,38.1014],[-121.5835,38.1135],[-121.5841,38.1202],[-121.5755,38.1295],[-121.5804,38.1261],[-121.6856,38.1597],[-121.6629,38.1819],[-121.6135,38.1976],[-121.6021,38.2216],[-121.6003,38.2578],[-121.604,38.2701],[-121.6007,38.2784],[-121.605,38.2966],[-121.584,38.3317],[-121.5752,38.3272],[-121.5594,38.3426],[-121.5372,38.3476],[-121.5217,38.3601],[-121.5243,38.379],[-121.5148,38.3872],[-121.5133,38.3988],[-121.5326,38.4315],[-121.5049,38.4386],[-121.5012,38.4591],[-121.4934,38.4557],[-121.481,38.3942],[-121.4725,38.3921],[-121.4628,38.4019],[-121.4652,38.4044],[-121.4546,38.4088],[-121.4501,38.372],[-121.4453,38.3721],[-121.4453,38.3793],[-121.4174,38.3795],[-121.4176,38.3723],[-121.3585,38.3728],[-121.3468,38.3614],[-121.3543,38.3815],[-121.3145,38.4187],[-121.305,38.4124],[-121.2989,38.4178],[-121.3023,38.4248],[-121.2977,38.4289],[-121.2862,38.4211],[-121.2805,38.4298],[-121.2701,38.429],[-121.2809,38.4382],[-121.2764,38.4423],[-121.2811,38.4409],[-121.2831,38.4466],[-121.2565,38.4723],[-121.2607,38.4723],[-121.2608,38.4851],[-121.2754,38.4856],[-121.2702,38.4892],[-121.2702,38.4962],[-121.3723,38.4962],[-121.37,38.5139],[-121.3628,38.514],[-121.3628,38.5182],[-121.3699,38.5192],[-121.371,38.5388],[-121.3349,38.529],[-121.335,38.5439],[-121.2428,38.5256],[-121.2425,38.5058],[-121.2233,38.5019],[-121.1879,38.5343],[-121.1874,38.5811],[-121.1706,38.6059],[-121.1505,38.6149],[-121.1416,38.6102],[-121.1422,38.6172],[-121.0791,38.6323],[-121.0275,38.5083],[-121.0116,38.5124],[-121.0057,38.5195],[-120.9946,38.5136],[-120.9558,38.5224]]]}}]}