{"type":"FeatureCollection","features":[{"type":"Feature","properties":{"CountyName":"Alameda","COUNTY_FIPS":"001"},"geometry":{"type":"MultiPolygon","coordinates":[[[[-121.9674,37.4676],[-121.9747,37.4615],[-121.9918,37.465],[-121.9852,37.4652],[-121.978,37.4698],[-121.9674,37.4676]]],[[[-122.2494,37.7843],[-122.2478,37.7791],[-122.2547,37.7853],[-122.2494,37.7843]]],[[[-122.2982,37.7909],[-122.2773,37.7918],[-122.2688,37.7835],[-122.2616,37.7829],[-122.2615,37.7783],[-122.26,37.7826],[-122.2569,37.7775],[-122.2549,37.7804],[-122.2304,37.7682],[-122.2254,37.7638],[-122.2252,37.7552],[-122.2366,37.749],[-122.2754,37.7634],[-122.2807,37.7705],[-122.2915,37.769],[-122.3277,37.7808],[-122.3322,37.7979],[-122.2982,37.7909]]],[[[-122.2704,37.9044],[-122.2569,37.8998],[-122.242,37.8819],[-122.2236,37.8786],[-122.2164,37.8691],[-122.2214,37.8655],[-122.2089,37.8519],[-122.1851,37.8374],[-122.1856,37.8207],[-122.1669,37.8134],[-122.1574,37.818],[-122.1407,37.8047],[-122.0455,37.7981],[-122.0138,37.7801],[-121.9974,37.7634],[-122.0108,37.7551],[-122.0118,37.7474],[-121.9881,37.7332],[-121.972,37.7303],[-121.9601,37.7185],[-121.557,37.8165],[-121.5567,37.5427],[-121.5406,37.5298],[-121.5015,37.525],[-121.496,37.5049],[-121.4821,37.5014],[-121.4693,37.4897],[-121.4712,37.4828],[-121.8653,37.4846],[-121.8812,37.4711],[-121.9251,37.4542],[-121.9326,37.4552],[-121.9312,37.4606],[-121.9449,37.4692],[-121.949,37.4615],[-121.9675,37.4632],[-121.9582,37.4708],[-121.9793,37.4709],[-121.9869,37.4659],[-121.9997,37.47],[-122.0504,37.4667],[-122.0563,37.4907],[-122.0353,37.4899],[-122.0332,37.4828],[-122.0282,37.4773],[-122.0251,37.4768],[-122.0243,37.4827],[-122.0278,37.4779],[-122.0344,37.4913],[-122.0383,37.4938],[-122.0536,37.4929],[-122.0803,37.502],[-122.0791,37.5099],[-122.1028,37.4998],[-122.1095,37.5035],[-122.1122,37.5299],[-122.1296,37.5642],[-122.1341,37.5629],[-122.146,37.5829],[-122.1452,37.6021],[-122.1569,37.6564],[-122.1692,37.6773],[-122.184,37.6906],[-122.1892,37.6895],[-122.1927,37.6924],[-122.1877,37.6911],[-122.1864,37.6952],[-122.1932,37.695],[-122.1889,37.6979],[-122.195,37.6949],[-122.1894,37.7002],[-122.1924,37.7088],[-122.1908,37.7039],[-122.1979,37.703],[-122.2013,37.7103],[-122.1939,37.714],[-122.2098,37.7104],[-122.2134,37.6987],[-122.2515,37.7244],[-122.2448,37.7253],[-122.2589,37.7433],[-122.2502,37.748],[-122.222,37.7461],[-122.2082,37.7305],[-122.2178,37.7487],[-122.2083,37.742],[-122.214,37.749],[-122.2076,37.7526],[-122.2141,37.7515],[-122.2169,37.7592],[-122.2131,37.7604],[-122.2142,37.757],[-122.2126,37.7611],[-122.2224,37.7585],[-122.2244,37.7646],[-122.2404,37.7749],[-122.2481,37.7865],[-122.2591,37.7861],[-122.2599,37.7899],[-122.2823,37.7965],[-122.3058,37.7942],[-122.3273,37.7984],[-122.332,37.8005],[-122.3273,37.8013],[-122.3252,37.8069],[-122.3284,37.8077],[-122.3415,37.8047],[-122.3329,37.8107],[-122.3225,37.8104],[-122.3085,37.8211],[-122.3292,37.8218],[-122.3143,37.8294],[-122.2954,37.8294],[-122.2995,37.8366],[-122.3113,37.8368],[-122.2983,37.8403],[-122.303,37.8465],[-122.3036,37.8616],[-122.3062,37.8593],[-122.3069,37.8657],[-122.3166,37.8587],[-122.318,37.8661],[-122.3119,37.8651],[-122.3223,37.8711],[-122.3079,37.8708],[-122.3166,37.8896],[-122.3092,37.8926],[-122.313,37.8973],[-122.2885,37.8976],[-122.2704,37.9044]]]]}},{"type":"Feature","properties":{"CountyName":"Alpine","COUNTY_FIPS":"003"},"geometry":{"type":"Polygon","coordinates":[[[-119.9043,38.9333],[-119.5795,38.7056],[-119.5919,38.6901],[-119.5915,38.6822],[-119.5993,38.6702],[-119.6147,38.6659],[-119.6205,38.6107],[-119.6191,38.6035],[-119.6089,38.5947],[-119.5956,38.5903],[-119.5843,38.552],[-119.571,38.5417],[-119.5669,38.5253],[-119.561,38.5255],[-119.5562,38.5166],[-119.5575,38.5021],[-119.5429,38.4997],[-119.5423,38.4812],[-119.5461,38.4741],[-119.5562,38.4697],[-119.5564,38.4475],[-119.57,38.4349],[-119.5614,38.4198],[-119.563,38.409],[-119.5837,38.3969],[-119.6012,38.4054],[-119.6221,38.3939],[-119.6066,38.3672],[-119.6356,38.3539],[-119.6279,38.3481],[-119.6365,38.3281],[-119.7,38.3652],[-119.6943,38.3851],[-119.6987,38.4098],[-119.7079,38.4173],[-119.7507,38.4174],[-119.7706,38.4067],[-119.8014,38.4015],[-119.8147,38.3875],[-119.8376,38.3824],[-119.8848,38.3562],[-120.0537,38.4556],[-120.0726,38.4471],[-120.0733,38.7011],[-119.965,38.776],[-119.9479,38.7816],[-119.9398,38.7936],[-119.944,38.7968],[-119.9425,38.8026],[-119.9213,38.8217],[-119.9227,38.83],[-119.9085,38.8344],[-119.9063,38.8555],[-119.8935,38.8567],[-119.8803,38.8648],[-119.8784,38.8745],[-119.8888,38.8792],[-119.8796,38.8865],[-119.8845,38.8942],[-119.8799,38.8994],[-119.8873,38.9179],[-119.9052,38.9281],[-119.9043,38.9333]]]}},{"type":"Feature","properties":{"CountyName":"Amador","COUNTY_FIPS":"005"},"geometry":{"type":"Polygon","coordinates":[[[-120.0724,38.7028],[-120.0725,38.5099],[-120.1034,38.5054],[-120.1235,38.496],[-120.1394,38.4983],[-120.1643,38.4942],[-120.2094,38.5008],[-120.2409,38.4854],[-120.2599,38.4867],[-120.2691,38.4778],[-120.2948,38.4772],[-120.3311,38.4652],[-120.3649,38.4666],[-120.3807,38.461],[-120.3881,38.4667],[-120.4239,38.4732],[-120.4614,38.4462],[-120.4954,38.4496],[-120.5301,38.4189],[-120.5376,38.4185],[-120.5408,38.4231],[-120.5716,38.4139],[-120.5743,38.4019],[-120.6081,38.398],[-120.6171,38.3782],[-120.6101,38.3707],[-120.6186,38.3665],[-120.6197,38.3577],[-120.6283,38.3554],[-120.6318,38.34],[-120.6385,38.3408],[-120.6565,38.3309],[-120.6749,38.3307],[-120.6882,38.3189],[-120.7383,38.3078],[-120.7549,38.2883],[-120.7985,38.2856],[-120.8078,38.2887],[-120.8106,38.2816],[-120.8177,38.2836],[-120.8221,38.2755],[-120.8468,38.2643],[-120.8557,38.2483],[-120.8801,38.2406],[-120.8808,38.2336],[-120.8929,38.2216],[-120.915,38.23],[-120.9355,38.2209],[-120.9534,38.2263],[-120.9721,38.218],[-120.9955,38.2254],[-121.0271,38.3003],[-121.0275,38.5083],[-121.0114,38.5125],[-121.0076,38.5191],[-120.9948,38.5137],[-120.9747,38.5159],[-120.9699,38.521],[-120.9525,38.521],[-120.9409,38.5286],[-120.9364,38.5194],[-120.9257,38.5151],[-120.9055,38.5242],[-120.9024,38.5312],[-120.8851,38.5251],[-120.8807,38.5296],[-120.8837,38.5365],[-120.8761,38.5434],[-120.871,38.5363],[-120.8635,38.5353],[-120.8624,38.5433],[-120.8566,38.5427],[-120.8561,38.5486],[-120.8472,38.5538],[-120.8409,38.556],[-120.8359,38.5515],[-120.8136,38.5622],[-120.8105,38.5578],[-120.7941,38.5576],[-120.7842,38.5509],[-120.76,38.5549],[-120.7366,38.5456],[-120.7225,38.5472],[-120.7069,38.5352],[-120.6831,38.5264],[-120.6772,38.5178],[-120.6592,38.5156],[-120.6284,38.5032],[-120.6062,38.5024],[-120.5797,38.5034],[-120.5538,38.5119],[-120.5055,38.5123],[-120.4858,38.5213],[-120.45,38.5285],[-120.4332,38.5268],[-120.3555,38.548],[-120.3179,38.545],[-120.3017,38.5491],[-120.2976,38.5568],[-120.2745,38.5595],[-120.2619,38.5792],[-120.2339,38.5883],[-120.2326,38.6],[-120.2237,38.6043],[-120.2271,38.6106],[-120.2143,38.6291],[-120.2018,38.6247],[-120.1913,38.6312],[-120.1401,38.6384],[-120.1314,38.6498],[-120.1351,38.6545],[-120.1322,38.6603],[-120.1231,38.6667],[-120.1167,38.6798],[-120.1234,38.6869],[-120.1226,38.6954],[-120.112,38.705],[-120.0777,38.7089],[-120.0777,38.7021],[-120.0825,38.7006],[-120.0724,38.7028]]]}},{"type":"Feature","properties":{"CountyName":"Colusa","COUNTY_FIPS":"011"},"geometry":{"type":"Polygon","coordinates":[[[-121.89,39.3839],[-121.8839,39.3739],[-121.8936,39.3586],[-121.8991,39.3573],[-121.8944,39.3411],[-121.9046,39.3259],[-121.9077,39.3023],[-121.9169,39.2957],[-121.921,39.2811],[-121.9369,39.268],[-121.9468,39.2498],[-121.9483,39.2409],[-121.9401,39.2287],[-121.9415,39.2217],[-121.9361,39.221],[-121.9283,39.1987],[-121.9457,39.1812],[-121.9342,39.161],[-121.9174,39.149],[-121.9206,39.1413],[-121.9378,39.144],[-121.938,39.133],[-121.925,39.1282],[-121.9214,39.1222],[-121.9111,39.1232],[-121.9128,39.1136],[-121.9055,39.1148],[-121.9058,39.1031],[-121.8938,39.0948],[-121.8953,39.0868],[-121.8898,39.0812],[-121.8941,39.078],[-121.8708,39.0671],[-121.8494,39.0714],[-121.8386,39.0641],[-121.8396,39.0469],[-121.8296,39.038],[-121.8307,39.0327],[-121.8229,39.0294],[-121.821,39.0203],[-121.8265,39.0112],[-121.7954,38.9964],[-121.8021,38.9898],[-121.8192,38.9886],[-121.8214,38.9747],[-121.8343,38.9687],[-121.8321,38.9605],[-121.8406,38.9548],[-121.8302,38.9388],[-121.8379,38.9271],[-121.8355,38.9245],[-122.338,38.924],[-122.3728,38.9397],[-122.394,38.9556],[-122.4019,38.9558],[-122.4095,38.9639],[-122.407,38.9714],[-122.4167,38.978],[-122.4193,38.9893],[-122.4086,39.007],[-122.4115,39.0191],[-122.4373,39.0214],[-122.467,39.0426],[-122.4658,39.0484],[-122.492,39.0535],[-122.4908,39.0648],[-122.4839,39.067],[-122.4905,39.0744],[-122.486,39.0856],[-122.4965,39.1078],[-122.4942,39.1151],[-122.5009,39.1211],[-122.4968,39.1405],[-122.481,39.1383],[-122.4746,39.1447],[-122.4826,39.1629],[-122.4754,39.1702],[-122.4773,39.174],[-122.4919,39.1753],[-122.4986,39.1911],[-122.5084,39.1903],[-122.5145,39.1972],[-122.5153,39.2092],[-122.535,39.2116],[-122.5414,39.2069],[-122.5702,39.2039],[-122.582,39.212],[-122.6103,39.2162],[-122.6226,39.2232],[-122.6349,39.2232],[-122.6502,39.2139],[-122.6654,39.2176],[-122.6735,39.2257],[-122.6797,39.2245],[-122.6761,39.2308],[-122.6914,39.2474],[-122.7125,39.257],[-122.7286,39.2733],[-122.7367,39.2726],[-122.7581,39.2854],[-122.7582,39.294],[-122.7755,39.3152],[-122.7683,39.3255],[-122.7653,39.3427],[-122.7524,39.3461],[-122.7425,39.3575],[-122.7422,39.3653],[-122.76,39.3781],[-122.7743,39.3747],[-122.7851,39.383],[-122.136,39.3855],[-122.1362,39.4145],[-122.1256,39.4146],[-122.0089,39.4136],[-122.0037,39.3978],[-122.0097,39.3839],[-121.89,39.3839]]]}},{"type":"Feature","properties":{"CountyName":"El Dorado","COUNTY_FIPS":"017"},"geometry":{"type":"Polygon","coordinates":[[[-119.9043,38.9333],[-119.9052,38.9281],[-119.8861,38.9155],[-119.8799,38.8994],[-119.8845,38.8942],[-119.8796,38.8865],[-119.8888,38.8792],[-119.8787,38.8749],[-119.8778,38.8683],[-119.8919,38.8573],[-119.9063,38.8555],[-119.9085,38.8344],[-119.9227,38.83],[-119.9213,38.8217],[-119.9425,38.8026],[-119.944,38.7968],[-119.9398,38.7936],[-119.9479,38.7816],[-119.965,38.776],[-120.0724,38.7028],[-120.0825,38.7006],[-120.0777,38.7021],[-120.0777,38.7089],[-120.112,38.705],[-120.1226,38.6954],[-120.1234,38.6869],[-120.1167,38.6798],[-120.1231,38.6667],[-120.1322,38.6603],[-120.1351,38.6545],[-120.1314,38.6498],[-120.1401,38.6384],[-120.1913,38.6312],[-120.2018,38.6247],[-120.2143,38.6291],[-120.2271,38.6106],[-120.2237,38.6043],[-120.2326,38.6],[-120.2339,38.5883],[-120.2619,38.5792],[-120.2745,38.5595],[-120.2976,38.5568],[-120.3017,38.5491],[-120.3179,38.545],[-120.3555,38.548],[-120.4332,38.5268],[-120.45,38.5285],[-120.4858,38.5213],[-120.5055,38.5123],[-120.5538,38.5119],[-120.5797,38.5034],[-120.6062,38.5024],[-120.6284,38.5032],[-120.6592,38.5156],[-120.6772,38.5178],[-120.6831,38.5264],[-120.7069,38.5352],[-120.7225,38.5472],[-120.7366,38.5456],[-120.76,38.5549],[-120.7842,38.5509],[-120.7941,38.5576],[-120.8105,38.5578],[-120.8136,38.5622],[-120.8359,38.5515],[-120.8409,38.556],[-120.8472,38.5538],[-120.8561,38.5486],[-120.8566,38.5427],[-120.8624,38.5433],[-120.8635,38.5353],[-120.871,38.5363],[-120.8763,38.5433],[-120.8837,38.5365],[-120.8808,38.5295],[-120.8863,38.5247],[-120.9024,38.5312],[-120.9108,38.5206],[-120.927,38.515],[-120.9365,38.5194],[-120.9413,38.5286],[-120.9468,38.5232],[-120.9699,38.521],[-120.9747,38.5159],[-120.9948,38.5137],[-121.0074,38.5192],[-121.0114,38.5125],[-121.0274,38.5083],[-121.1191,38.7179],[-121.1332,38.7054],[-121.1416,38.7119],[-121.1345,38.712],[-121.1333,38.7315],[-121.1284,38.7336],[-121.1177,38.7565],[-121.1186,38.7689],[-121.1018,38.788],[-121.0978,38.8073],[-121.1018,38.8152],[-121.085,38.816],[-121.0827,38.8224],[-121.0887,38.8271],[-121.0874,38.8333],[-121.058,38.8479],[-121.0618,38.8599],[-121.0533,38.8684],[-121.062,38.8821],[-121.0443,38.8903],[-121.0536,38.8988],[-121.0404,38.9157],[-121.0338,38.9128],[-121.0198,38.9181],[-121.0003,38.918],[-120.9912,38.9236],[-120.992,38.9272],[-120.9652,38.9328],[-120.9578,38.9391],[-120.9386,38.9356],[-120.9406,38.961],[-120.9362,38.9639],[-120.902,38.9531],[-120.8879,38.9597],[-120.8599,38.9517],[-120.8521,38.9596],[-120.8536,38.9724],[-120.848,38.977],[-120.8342,38.9719],[-120.8247,38.9928],[-120.8077,39.0011],[-120.7971,38.9962],[-120.7672,39.0095],[-120.7627,39.0018],[-120.7638,39.0062],[-120.7528,39.0053],[-120.7477,39.0104],[-120.748,39.0031],[-120.7361,39.0006],[-120.7296,39.004],[-120.7163,38.9867],[-120.7045,38.9812],[-120.6846,38.9892],[-120.6809,38.9779],[-120.6837,38.9675],[-120.6728,38.9586],[-120.6425,38.9444],[-120.6295,38.9464],[-120.6114,38.9426],[-120.6057,38.9344],[-120.5944,38.9361],[-120.5789,38.9166],[-120.5643,38.9136],[-120.5461,38.9207],[-120.5449,38.927],[-120.5121,38.9313],[-120.5026,38.9411],[-120.4927,38.9434],[-120.4861,38.959],[-120.4708,38.9657],[-120.4601,38.9845],[-120.4515,38.9879],[-120.4538,38.9955],[-120.4452,39.0176],[-120.4353,39.0284],[-120.3281,39.0224],[-120.2404,39.0237],[-120.2402,39.0309],[-120.1841,39.031],[-120.1836,39.0384],[-120.165,39.0385],[-120.165,39.0458],[-120.153,39.0458],[-120.153,39.0603],[-120.1436,39.0602],[-120.1437,39.0673],[-120.0025,39.0675],[-120.001,38.9996],[-119.9043,38.9333]]]}},{"type":"Feature","properties":{"CountyName":"Humboldt","COUNTY_FIPS":"013"},"geometry":{"type":"MultiPolygon","coordinates":[[[[-124.2231,40.6854],[-124.227,40.6898],[-124.2247,40.6967],[-124.2233,40.69],[-124.2201,40.6878],[-124.2231,40.6854]]],[[[-124.1485,40.8117],[-124.153,40.8117],[-124.1482,40.8123],[-124.1485,40.8117]]],[[[-124.158,40.8126],[-124.1584,40.8084],[-124.1666,40.8081],[-124.158,40.8126]]],[[[-124.1726,40.8168],[-124.1564,40.8165],[-124.1784,40.8076],[-124.1726,40.8168]]],[[[-124.0652,41.4647],[-123.7706,41.4642],[-123.7703,41.3808],[-123.5012,41.3826],[-123.4882,41.3771],[-123.4741,41.3662],[-123.4825,41.3537],[-123.4782,41.3286],[-123.4596,41.3102],[-123.4555,41.2928],[-123.4628,41.2842],[-123.4438,41.2732],[-123.4422,41.2514],[-123.4553,41.2365],[-123.4344,41.2229],[-123.4353,41.2133],[-123.4171,41.197],[-123.4083,41.1799],[-123.417,41.1655],[-123.4326,41.1623],[-123.4288,41.1521],[-123.4293,41.118],[-123.4398,41.0925],[-123.4495,41.0891],[-123.4642,41.0944],[-123.4583,41.0838],[-123.464,41.0764],[-123.458,41.0682],[-123.4233,41.0582],[-123.42,41.0351],[-123.4071,41.0297],[-123.4103,41.0207],[-123.4061,41.0129],[-123.4201,41.0097],[-123.4278,41.0007],[-123.4273,40.9883],[-123.4349,40.9826],[-123.4366,40.9737],[-123.4533,40.9642],[-123.4449,40.9562],[-123.448,40.9438],[-123.4677,40.9382],[-123.478,40.9281],[-123.4818,40.9149],[-123.5118,40.9204],[-123.5297,40.9349],[-123.5339,40.9308],[-123.541,40.9323],[-123.5412,40.9397],[-123.5602,40.9503],[-123.57,40.9466],[-123.5677,40.9366],[-123.5879,40.9278],[-123.6238,40.9294],[-123.6134,40.9216],[-123.6158,40.9141],[-123.6047,40.9004],[-123.6086,40.8949],[-123.5972,40.8841],[-123.6103,40.879],[-123.598,40.8776],[-123.5911,40.8673],[-123.5806,40.868],[-123.5876,40.8585],[-123.5759,40.858],[-123.5732,40.8435],[-123.5631,40.8404],[-123.5663,40.835],[-123.5596,40.8303],[-123.5687,40.8197],[-123.5625,40.8097],[-123.5562,40.8088],[-123.5541,40.7963],[-123.5659,40.7962],[-123.5663,40.7888],[-123.56,40.7903],[-123.5583,40.7811],[-123.5499,40.7758],[-123.5542,40.7595],[-123.543,40.7336],[-123.5445,40.0019],[-124.0232,40.0013],[-124.0555,40.024],[-124.0733,40.0227],[-124.0807,40.0299],[-124.0807,40.0661],[-124.1106,40.1038],[-124.1879,40.1305],[-124.2153,40.1614],[-124.2903,40.2036],[-124.3209,40.2266],[-124.3277,40.2374],[-124.361,40.2574],[-124.3636,40.2762],[-124.3487,40.3194],[-124.3627,40.3435],[-124.3687,40.3841],[-124.3915,40.407],[-124.4096,40.4381],[-124.3838,40.4934],[-124.3873,40.5104],[-124.3662,40.5429],[-124.3303,40.6151],[-124.235,40.7562],[-124.2259,40.7484],[-124.2268,40.7443],[-124.2326,40.7457],[-124.2409,40.7378],[-124.2669,40.701],[-124.2324,40.6905],[-124.224,40.6845],[-124.2245,40.6801],[-124.2232,40.6782],[-124.2188,40.6764],[-124.2155,40.6773],[-124.2156,40.6755],[-124.2128,40.6748],[-124.2166,40.6793],[-124.224,40.6799],[-124.219,40.6871],[-124.2231,40.6996],[-124.2028,40.6986],[-124.2174,40.7037],[-124.2112,40.7071],[-124.2232,40.7235],[-124.2148,40.7364],[-124.222,40.7403],[-124.2055,40.7437],[-124.198,40.7523],[-124.2021,40.7718],[-124.1979,40.7706],[-124.2001,40.7662],[-124.1947,40.7564],[-124.1977,40.766],[-124.1944,40.7789],[-124.1828,40.8004],[-124.149,40.8103],[-124.1352,40.8018],[-124.1079,40.7992],[-124.1072,40.8003],[-124.1099,40.8051],[-124.1139,40.8072],[-124.1079,40.7998],[-124.135,40.8038],[-124.1456,40.811],[-124.1233,40.8062],[-124.0901,40.8228],[-124.0833,40.8311],[-124.0829,40.8465],[-124.0913,40.8489],[-124.0912,40.855],[-124.099,40.8556],[-124.0984,40.8589],[-124.1173,40.8525],[-124.1338,40.864],[-124.153,40.8683],[-124.1499,40.8586],[-124.1581,40.8582],[-124.1581,40.8511],[-124.1711,40.8343],[-124.1707,40.8257],[-124.1855,40.8134],[-124.1998,40.7822],[-124.2117,40.7747],[-124.2222,40.7596],[-124.2337,40.7652],[-124.192,40.8193],[-124.1583,40.8761],[-124.136,40.9288],[-124.1181,40.9893],[-124.1117,41.0278],[-124.1296,41.0516],[-124.142,41.0571],[-124.1483,41.0561],[-124.1501,41.051],[-124.1535,41.0536],[-124.1488,41.0616],[-124.1594,41.0694],[-124.1553,41.0775],[-124.1594,41.0859],[-124.1544,41.0874],[-124.1644,41.1013],[-124.1589,41.1219],[-124.1653,41.1298],[-124.1606,41.1332],[-124.1619,41.1412],[-124.1478,41.1412],[-124.1401,41.15],[-124.1072,41.2288],[-124.1089,41.2366],[-124.0925,41.2866],[-124.0723,41.3748],[-124.0631,41.4396],[-124.0652,41.4647]]]]}},{"type":"Feature","properties":{"CountyName":"Inyo","COUNTY_FIPS":"027"},"geometry":{"type":"Polygon","coordinates":[[[-117.8327,37.4649],[-116.8743,36.7521],[-116.2151,36.2495],[-115.6484,35.8092],[-115.7358,35.8091],[-115.7359,35.7936],[-117.9193,35.7984],[-117.9244,35.7984],[-117.923,35.7867],[-118.0081,35.7889],[-118.0077,35.8171],[-117.9986,35.823],[-118.0062,35.829],[-118.0029,35.8413],[-118.0074,35.8582],[-117.9967,35.8695],[-117.9808,35.8675],[-117.9891,35.8813],[-117.9821,35.8947],[-117.9903,35.9141],[-117.9833,35.9266],[-117.992,35.9438],[-118.0069,35.9465],[-118.0111,35.9546],[-118.0168,35.9546],[-118.0146,35.9729],[-118.0045,35.9772],[-118.0036,35.9837],[-118.0121,35.9983],[-118.0336,36.0089],[-118.0371,36.0291],[-118.0414,36.0298],[-118.0395,36.0342],[-118.0463,36.0422],[-118.0427,36.0485],[-118.0517,36.0595],[-118.0516,36.0835],[-118.058,36.0919],[-118.0631,36.0892],[-118.0673,36.0934],[-118.0683,36.1085],[-118.0646,36.1104],[-118.0735,36.1403],[-118.0597,36.1508],[-118.0626,36.1622],[-118.0593,36.1701],[-118.07,36.1786],[-118.0737,36.1894],[-118.0907,36.1973],[-118.1056,36.2134],[-118.1092,36.2255],[-118.1052,36.2336],[-118.1194,36.2556],[-118.1174,36.2712],[-118.1276,36.2804],[-118.127,36.3002],[-118.1201,36.3022],[-118.1216,36.3068],[-118.1118,36.3083],[-118.1125,36.322],[-118.0976,36.3311],[-118.1003,36.3461],[-118.1242,36.3519],[-118.1305,36.3703],[-118.141,36.3716],[-118.1629,36.3894],[-118.1403,36.4035],[-118.1374,36.4153],[-118.1412,36.4209],[-118.1568,36.4326],[-118.1749,36.4265],[-118.1936,36.4265],[-118.2144,36.4343],[-118.2096,36.4421],[-118.2156,36.4563],[-118.2326,36.4663],[-118.237,36.477],[-118.2499,36.4824],[-118.235,36.4937],[-118.2414,36.5],[-118.2388,36.5236],[-118.2494,36.524],[-118.252,36.5421],[-118.2602,36.5441],[-118.2653,36.5515],[-118.2759,36.5508],[-118.2912,36.5593],[-118.2898,36.5732],[-118.2941,36.5774],[-118.288,36.5837],[-118.289,36.5907],[-118.278,36.5923],[-118.2746,36.5973],[-118.2816,36.6045],[-118.2939,36.6051],[-118.3028,36.619],[-118.3213,36.6274],[-118.3188,36.6389],[-118.3382,36.6554],[-118.3295,36.6654],[-118.3312,36.6694],[-118.3475,36.6723],[-118.352,36.6829],[-118.3661,36.6904],[-118.3355,36.7044],[-118.336,36.7163],[-118.3396,36.729],[-118.3509,36.7407],[-118.3692,36.75],[-118.3802,36.7822],[-118.374,36.8002],[-118.3937,36.8297],[-118.3898,36.8345],[-118.3715,36.8361],[-118.3622,36.844],[-118.3622,36.8614],[-118.3702,36.8717],[-118.3608,36.8877],[-118.3884,36.9455],[-118.3966,36.9573],[-118.4047,36.9575],[-118.4044,36.972],[-118.4195,36.9874],[-118.4189,36.9948],[-118.4122,36.9983],[-118.428,37.0112],[-118.4228,37.0258],[-118.4417,37.045],[-118.435,37.0497],[-118.4371,37.0598],[-118.449,37.0691],[-118.4673,37.0668],[-118.4712,37.0727],[-118.4866,37.0774],[-118.5031,37.0952],[-118.5119,37.0928],[-118.5221,37.0984],[-118.5309,37.1112],[-118.5451,37.1154],[-118.5641,37.1132],[-118.569,37.1226],[-118.5831,37.1224],[-118.5927,37.1382],[-118.5997,37.1365],[-118.6134,37.143],[-118.6413,37.1372],[-118.6546,37.1418],[-118.6727,37.1673],[-118.6643,37.1782],[-118.6665,37.1895],[-118.6814,37.2044],[-118.6756,37.2142],[-118.6864,37.2276],[-118.6823,37.234],[-118.6838,37.2444],[-118.6653,37.2619],[-118.6821,37.2805],[-118.695,37.306],[-118.716,37.3282],[-118.7411,37.3153],[-118.7579,37.3288],[-118.7801,37.3349],[-118.7867,37.3434],[-118.7845,37.3517],[-118.7782,37.3583],[-118.7686,37.3598],[-118.7677,37.3677],[-118.79,37.394],[-118.7798,37.4217],[-118.7693,37.4222],[-118.7596,37.4356],[-118.7633,37.4565],[-118.775,37.4631],[-117.8327,37.4649]]]}},{"type":"Feature","properties":{"CountyName":"Kern","COUNTY_FIPS":"029"},"geometry":{"type":"Polygon","coordinates":[[[-117.6343,35.7973],[-117.6343,35.7098],[-117.6521,35.7099],[-117.6522,35.6808],[-117.6165,35.6807],[-117.6165,35.6516],[-117.6344,35.6516],[-117.6297,35.4662],[-117.6337,35.4345],[-117.6322,34.8223],[-118.854,34.8178],[-118.8541,34.8033],[-118.8721,34.8032],[-118.8833,34.8094],[-118.8804,34.8178],[-118.8946,34.818],[-118.8804,34.7887],[-118.978,34.7898],[-118.9779,34.8117],[-119.2425,34.8143],[-119.2426,34.8576],[-119.2773,34.8573],[-119.2764,34.8725],[-119.3819,34.874],[-119.3837,34.9008],[-119.4725,34.9014],[-119.4726,35.0767],[-119.4906,35.0767],[-119.4904,35.0917],[-119.5618,35.0878],[-119.5538,35.1801],[-119.6673,35.175],[-119.6666,35.2626],[-119.8094,35.2637],[-119.8092,35.3509],[-119.8804,35.3511],[-119.8801,35.4391],[-119.9932,35.4395],[-119.9975,35.4687],[-120.0151,35.4688],[-120.0143,35.4834],[-120.0329,35.4835],[-120.033,35.4983],[-120.0509,35.4983],[-120.051,35.5131],[-120.069,35.5129],[-120.0688,35.5266],[-120.0868,35.5264],[-120.0862,35.6144],[-120.194,35.6144],[-120.1944,35.7894],[-118.4672,35.7925],[-118.0589,35.7915],[-117.9384,35.7866],[-117.923,35.7867],[-117.9244,35.7984],[-117.6343,35.7973]]]}},{"type":"Feature","properties":{"CountyName":"Lake","COUNTY_FIPS":"085"},"geometry":{"type":"Polygon","coordinates":[[[-122.7391,39.3833],[-122.7851,39.383],[-122.7743,39.3747],[-122.76,39.3781],[-122.7422,39.3653],[-122.7425,39.3575],[-122.7524,39.3461],[-122.7653,39.3427],[-122.7683,39.3255],[-122.7755,39.3152],[-122.7582,39.294],[-122.7581,39.2854],[-122.7367,39.2726],[-122.7286,39.2733],[-122.7125,39.257],[-122.6914,39.2474],[-122.6761,39.2308],[-122.6797,39.2245],[-122.6735,39.2257],[-122.6579,39.2149],[-122.6229,39.2232],[-122.6103,39.2162],[-122.582,39.212],[-122.5724,39.2041],[-122.5414,39.2069],[-122.535,39.2116],[-122.5153,39.2092],[-122.5145,39.1972],[-122.5084,39.1903],[-122.4986,39.1911],[-122.4919,39.1753],[-122.4773,39.174],[-122.4754,39.1702],[-122.4826,39.1629],[-122.4746,39.1447],[-122.481,39.1383],[-122.4968,39.1405],[-122.5009,39.1211],[-122.4942,39.1151],[-122.4965,39.1078],[-122.486,39.0856],[-122.4905,39.0744],[-122.4839,39.067],[-122.4908,39.0648],[-122.492,39.0535],[-122.4658,39.0484],[-122.467,39.0426],[-122.4373,39.0214],[-122.4115,39.0191],[-122.4086,39.007],[-122.4193,38.9892],[-122.4167,38.978],[-122.407,38.9714],[-122.4091,38.9628],[-122.3728,38.9397],[-122.3406,38.9261],[-122.404,38.9253],[-122.4219,38.9038],[-122.4057,38.8799],[-122.3912,38.8687],[-122.4038,38.8558],[-122.3754,38.8265],[-122.3742,38.8119],[-122.3798,38.8022],[-122.3975,38.805],[-122.4044,38.7986],[-122.4127,38.786],[-122.408,38.7845],[-122.4093,38.7763],[-122.4031,38.773],[-122.4163,38.768],[-122.4641,38.7061],[-122.6268,38.6708],[-122.6475,38.7069],[-122.6742,38.7064],[-122.6955,38.7131],[-122.7007,38.7286],[-122.7104,38.7321],[-122.7093,38.749],[-122.7242,38.7566],[-122.7227,38.763],[-122.7482,38.7878],[-122.7478,38.8033],[-122.7914,38.8304],[-122.7958,38.8388],[-122.8121,38.8384],[-122.8216,38.8501],[-122.8214,38.8579],[-122.8401,38.858],[-122.84,38.866],[-122.8585,38.8659],[-122.8578,38.8733],[-122.8761,38.873],[-122.8757,38.8808],[-122.8946,38.8808],[-122.8939,38.8955],[-122.9114,38.8952],[-122.9114,38.9015],[-122.9489,38.9002],[-122.9491,38.9254],[-122.9619,38.9255],[-122.9602,38.9325],[-122.9699,38.9327],[-122.9683,38.9465],[-122.9777,38.9467],[-122.9774,38.9829],[-122.9867,38.983],[-122.9867,38.9973],[-123.0186,38.993],[-123.0186,38.9966],[-123.028,38.9966],[-123.028,39.0065],[-123.0373,39.0065],[-123.0375,39.0137],[-123.0468,39.0138],[-123.047,39.0209],[-123.0562,39.0211],[-123.0561,39.0499],[-123.0652,39.05],[-123.0651,39.0644],[-123.0838,39.0645],[-123.0837,39.0718],[-123.093,39.072],[-123.0942,39.0953],[-123.085,39.0953],[-123.0875,39.1384],[-123.0781,39.1387],[-123.0778,39.1738],[-123.0458,39.1735],[-123.0401,39.1925],[-123.0348,39.1924],[-123.0341,39.1997],[-123.0243,39.2071],[-123.0208,39.2207],[-123.0125,39.221],[-123.0127,39.2362],[-122.9949,39.2359],[-122.9945,39.2568],[-123.0036,39.2574],[-123.0045,39.2782],[-123.0196,39.278],[-123.0197,39.3218],[-123.0287,39.3218],[-123.0287,39.3366],[-123.0377,39.3362],[-123.0379,39.3639],[-123.0486,39.3641],[-123.0475,39.3786],[-123.0571,39.3787],[-123.0563,39.4076],[-123.0751,39.4077],[-123.0749,39.4366],[-123.0701,39.4365],[-123.0731,39.4527],[-123.063,39.4525],[-123.0632,39.5035],[-123.0444,39.5036],[-123.0445,39.5112],[-123.025,39.5112],[-123.0252,39.5187],[-122.9367,39.5164],[-122.9367,39.5307],[-122.8903,39.529],[-122.8854,39.5801],[-122.7357,39.5807],[-122.7366,39.5085],[-122.7317,39.4792],[-122.7326,39.4508],[-122.7418,39.4352],[-122.7391,39.3833]]]}},{"type":"Feature","properties":{"CountyName":"Lassen","COUNTY_FIPS":"035"},"geometry":{"type":"Polygon","coordinates":[[[-119.9999,41.184],[-119.9977,39.9999],[-120.0011,39.7224],[-120.0158,39.7224],[-120.0157,39.7087],[-120.1472,39.7077],[-120.1466,39.7364],[-120.1278,39.7362],[-120.1276,39.751],[-120.1191,39.7511],[-120.1196,39.7656],[-120.1106,39.7658],[-120.1081,39.8813],[-120.0994,39.8812],[-120.0996,39.9103],[-120.1089,39.9104],[-120.1088,39.9395],[-120.1266,39.9396],[-120.1267,39.9478],[-120.1358,39.9478],[-120.1357,39.955],[-120.145,39.9551],[-120.145,39.9623],[-120.1637,39.9687],[-120.1634,39.9838],[-120.1733,39.9839],[-120.173,39.9983],[-120.1825,39.9985],[-120.1825,40.0134],[-120.2013,40.0135],[-120.2014,40.0427],[-120.2109,40.0428],[-120.2097,40.086],[-120.2469,40.0858],[-120.2468,40.1079],[-120.2656,40.1078],[-120.2666,40.1159],[-120.3414,40.1152],[-120.3415,40.1226],[-120.3606,40.1225],[-120.3604,40.1295],[-120.3794,40.1295],[-120.3791,40.1406],[-120.3983,40.1406],[-120.3983,40.1474],[-120.408,40.1474],[-120.4076,40.1622],[-120.4173,40.1621],[-120.4169,40.1694],[-120.4364,40.1696],[-120.4365,40.1767],[-120.4459,40.1769],[-120.4453,40.1914],[-120.4542,40.1914],[-120.4543,40.2058],[-120.4829,40.2058],[-120.4825,40.2202],[-120.4921,40.2203],[-120.4917,40.2348],[-120.5107,40.2347],[-120.5108,40.249],[-120.5297,40.2492],[-120.5297,40.2562],[-120.5487,40.2563],[-120.5487,40.2636],[-120.5767,40.2638],[-120.5768,40.2854],[-120.6228,40.2857],[-120.6227,40.293],[-120.6425,40.2932],[-120.6423,40.3004],[-120.6517,40.3005],[-120.6522,40.3077],[-120.7264,40.3084],[-120.7266,40.3159],[-120.7644,40.316],[-120.7644,40.3087],[-120.7737,40.3087],[-120.7738,40.3014],[-120.7966,40.3012],[-120.796,40.2777],[-120.8147,40.2778],[-120.815,40.2707],[-120.8338,40.2707],[-120.8341,40.2562],[-120.8435,40.256],[-120.8436,40.2489],[-120.8532,40.2489],[-120.8531,40.2418],[-120.8718,40.2416],[-120.8718,40.1994],[-120.8907,40.1994],[-120.8907,40.1921],[-120.9286,40.1919],[-120.9281,40.2065],[-120.9472,40.2065],[-120.9462,40.2208],[-121.0037,40.221],[-121.0039,40.2349],[-121.0415,40.2348],[-121.0415,40.2565],[-121.0615,40.2564],[-121.0614,40.4465],[-121.3278,40.4454],[-121.3267,40.4976],[-121.323,40.4976],[-121.32,40.9059],[-121.3324,40.9054],[-121.3318,41.1839],[-119.9999,41.184]]]}},{"type":"Feature","properties":{"CountyName":"Los Angeles","COUNTY_FIPS":"037"},"geometry":{"type":"MultiPolygon","coordinates":[[[[-118.6061,33.479],[-118.5862,33.4738],[-118.5506,33.473],[-118.5384,33.4776],[-118.5158,33.4571],[-118.5017,33.4533],[-118.4975,33.4414],[-118.4776,33.4484],[-118.4458,33.4289],[-118.4212,33.4269],[-118.3958,33.4161],[-118.3893,33.4176],[-118.382,33.4099],[-118.3703,33.4093],[-118.3661,33.4064],[-118.3679,33.3894],[-118.3101,33.3365],[-118.3032,33.3203],[-118.3046,33.309],[-118.3275,33.2992],[-118.3748,33.3201],[-118.407,33.3211],[-118.4225,33.3169],[-118.4654,33.3261],[-118.4888,33.3566],[-118.4822,33.3673],[-118.4851,33.3734],[-118.4736,33.3836],[-118.4856,33.401],[-118.4887,33.4198],[-118.5062,33.4264],[-118.5014,33.4361],[-118.5092,33.4319],[-118.5127,33.4219],[-118.5232,33.4307],[-118.5342,33.429],[-118.5374,33.4346],[-118.5634,33.4344],[-118.5739,33.4396],[-118.5731,33.4476],[-118.6012,33.4699],[-118.6061,33.479]]],[[[-118.854,34.8178],[-117.6675,34.8225],[-117.6671,34.5579],[-117.6604,34.5579],[-117.6598,34.4528],[-117.6464,34.2892],[-117.6785,34.162],[-117.7165,34.0676],[-117.7301,34.0214],[-117.7359,34.0186],[-117.7677,34.0235],[-117.7675,34.0047],[-117.785,34.0049],[-117.8026,33.9756],[-117.8025,33.9683],[-117.7937,33.9681],[-117.7936,33.9538],[-117.7833,33.9463],[-117.9765,33.9461],[-117.9766,33.9028],[-117.9854,33.9028],[-117.9853,33.8955],[-117.9941,33.8955],[-117.9941,33.8882],[-118.0029,33.8882],[-118.0028,33.8809],[-118.0115,33.8809],[-118.0114,33.8734],[-118.0288,33.8733],[-118.0287,33.8661],[-118.0376,33.866],[-118.0461,33.8536],[-118.0591,33.8462],[-118.0632,33.8197],[-118.0848,33.8029],[-118.0967,33.7791],[-118.092,33.7585],[-118.1161,33.7423],[-118.148,33.7582],[-118.1806,33.7631],[-118.1877,33.7492],[-118.1837,33.7361],[-118.2043,33.7371],[-118.1899,33.7411],[-118.1961,33.7503],[-118.2022,33.7442],[-118.2051,33.75],[-118.2112,33.7471],[-118.2065,33.7382],[-118.2134,33.746],[-118.2309,33.7401],[-118.2435,33.7434],[-118.2318,33.7149],[-118.2666,33.7037],[-118.2849,33.708],[-118.2942,33.7037],[-118.2971,33.7083],[-118.3509,33.7265],[-118.3605,33.7368],[-118.385,33.7414],[-118.3966,33.7359],[-118.4116,33.7408],[-118.418,33.7623],[-118.4284,33.7747],[-118.4189,33.7864],[-118.4077,33.7912],[-118.405,33.8002],[-118.3943,33.8043],[-118.3912,33.8384],[-118.3999,33.8432],[-118.399,33.8518],[-118.4092,33.8768],[-118.4424,33.9403],[-118.4563,33.9611],[-118.4618,33.9627],[-118.4611,33.9698],[-118.4842,33.9977],[-118.4999,34.0077],[-118.5028,34.0155],[-118.53,34.0334],[-118.571,34.0417],[-118.6096,34.0364],[-118.6711,34.0386],[-118.6829,34.0306],[-118.7449,34.0321],[-118.7563,34.0256],[-118.785,34.0211],[-118.7943,34.0074],[-118.807,34.0001],[-118.8521,34.0334],[-118.9449,34.0453],[-118.941,34.0748],[-118.7889,34.1682],[-118.6682,34.1682],[-118.6677,34.2403],[-118.6325,34.2404],[-118.6368,34.2918],[-118.8946,34.818],[-118.8804,34.8178],[-118.8833,34.8094],[-118.8721,34.8032],[-118.8541,34.8033],[-118.854,34.8178]]]]}},{"type":"Feature","properties":{"CountyName":"Madera","COUNTY_FIPS":"039"},"geometry":{"type":"Polygon","coordinates":[[[-119.269,37.7392],[-119.2579,37.7246],[-119.251,37.7302],[-119.2431,37.7286],[-119.23,37.7174],[-119.2163,37.7141],[-119.1997,37.7358],[-119.1838,37.7395],[-119.1771,37.7348],[-119.1691,37.7384],[-119.1496,37.7329],[-119.1276,37.7347],[-119.1145,37.7282],[-119.0931,37.7036],[-119.0652,37.6846],[-119.0614,37.6578],[-119.0543,37.6512],[-119.0546,37.6451],[-119.0326,37.6305],[-119.0344,37.6035],[-119.0224,37.5857],[-119.3122,37.3527],[-119.3154,37.3461],[-119.3122,37.3397],[-119.3258,37.3354],[-119.3158,37.3248],[-119.3354,37.3112],[-119.3269,37.2919],[-119.3323,37.2744],[-119.3264,37.2699],[-119.3222,37.2534],[-119.3378,37.2192],[-119.3305,37.2147],[-119.3306,37.2058],[-119.3431,37.1891],[-119.3606,37.1805],[-119.3609,37.1692],[-119.3752,37.1641],[-119.3755,37.1574],[-119.3865,37.1495],[-119.3998,37.1498],[-119.4087,37.1612],[-119.4321,37.1626],[-119.4349,37.147],[-119.4626,37.1442],[-119.4692,37.1259],[-119.4663,37.1196],[-119.4748,37.11],[-119.4833,37.1103],[-119.4913,37.1197],[-119.4892,37.1373],[-119.5061,37.1504],[-119.5175,37.1468],[-119.525,37.1282],[-119.55,37.1446],[-119.5609,37.1429],[-119.5686,37.1167],[-119.5488,37.1168],[-119.5376,37.1051],[-119.5416,37.096],[-119.559,37.0881],[-119.5614,37.0655],[-119.6049,37.071],[-119.6136,37.052],[-119.6104,37.0457],[-119.6211,37.0266],[-119.6354,37.0216],[-119.629,37.0346],[-119.6394,37.0433],[-119.6495,37.0435],[-119.6594,37.0389],[-119.6586,37.0133],[-119.6981,37.0088],[-119.7405,36.9702],[-119.7433,36.9546],[-119.7367,36.9536],[-119.7338,36.9464],[-119.7521,36.9359],[-119.7503,36.9283],[-119.755,36.9225],[-119.7727,36.9186],[-119.7757,36.9091],[-119.7893,36.8967],[-119.7861,36.8789],[-119.7965,36.8754],[-119.8185,36.8481],[-119.8369,36.8538],[-119.8409,36.8613],[-119.8475,36.8604],[-119.855,36.8512],[-119.8849,36.8586],[-119.8885,36.8522],[-119.9029,36.8518],[-119.9119,36.8453],[-119.9291,36.8479],[-119.9346,36.838],[-119.9435,36.834],[-119.9706,36.8329],[-119.9847,36.8408],[-119.9903,36.8378],[-119.9924,36.829],[-120.0137,36.8281],[-120.0278,36.8145],[-120.0423,36.8155],[-120.056,36.8229],[-120.0714,36.8187],[-120.0795,36.8254],[-120.0986,36.8149],[-120.1366,36.8093],[-120.1569,36.7982],[-120.1727,36.8029],[-120.1815,36.7833],[-120.1897,36.7761],[-120.2071,36.7909],[-120.2333,36.7811],[-120.2299,36.7691],[-120.2489,36.7751],[-120.256,36.7696],[-120.2734,36.7742],[-120.2814,36.7666],[-120.2855,36.7735],[-120.2906,36.7631],[-120.2932,36.7722],[-120.3061,36.7703],[-120.3004,36.7776],[-120.3126,36.782],[-120.3217,36.7777],[-120.3242,36.7863],[-120.3346,36.7829],[-120.3344,36.7915],[-120.3441,36.7914],[-120.3477,36.7982],[-120.351,36.7954],[-120.3451,36.7851],[-120.3707,36.7852],[-120.3698,36.7956],[-120.3744,36.8011],[-120.3692,36.8101],[-120.3771,36.8088],[-120.3791,36.8172],[-120.3876,36.8239],[-120.4007,36.8224],[-120.4099,36.8398],[-120.4171,36.8356],[-120.4263,36.8399],[-120.4339,36.8506],[-120.4405,36.8502],[-120.4395,36.8557],[-120.456,36.8625],[-120.45,36.8699],[-120.4593,36.8749],[-120.4537,36.8808],[-120.4668,36.8922],[-120.461,36.9023],[-120.4638,36.9054],[-120.4556,36.9055],[-120.4504,36.9128],[-120.4622,36.9172],[-120.4571,36.9236],[-120.468,36.9375],[-120.4756,36.94],[-120.478,36.9547],[-120.489,36.9657],[-120.4842,36.9724],[-120.4995,36.982],[-120.503,37.0006],[-120.5082,37.0003],[-120.5138,37.011],[-120.5304,37.0129],[-120.5307,37.0202],[-120.5369,37.0193],[-120.5455,37.0276],[-120.5378,37.0342],[-120.5417,37.0445],[-120.4767,37.0964],[-120.4698,37.0943],[-120.4068,37.1109],[-120.3849,37.1246],[-120.3635,37.1197],[-120.3412,37.1246],[-120.3246,37.1364],[-120.3038,37.1411],[-120.2899,37.1526],[-120.2439,37.157],[-120.223,37.164],[-120.1876,37.1603],[-120.1741,37.1659],[-120.1646,37.1627],[-120.1151,37.1657],[-120.0518,37.1832],[-119.7618,37.4171],[-119.6512,37.4178],[-119.6512,37.4614],[-119.6155,37.4615],[-119.6152,37.4947],[-119.5842,37.4947],[-119.5836,37.5603],[-119.309,37.778],[-119.2934,37.7679],[-119.2884,37.745],[-119.269,37.7392]]]}},{"type":"Feature","properties":{"CountyName":"Mariposa","COUNTY_FIPS":"043"},"geometry":{"type":"Polygon","coordinates":[[[-119.309,37.778],[-119.5836,37.5603],[-119.5842,37.4947],[-119.6152,37.4947],[-119.6155,37.4615],[-119.6512,37.4614],[-119.6512,37.4178],[-119.7618,37.4171],[-120.0521,37.1831],[-120.0622,37.198],[-120.0901,37.2215],[-120.1438,37.2392],[-120.1785,37.2624],[-120.1866,37.2803],[-120.1827,37.2914],[-120.1877,37.3011],[-120.2035,37.3133],[-120.247,37.3802],[-120.2834,37.4244],[-120.2841,37.4325],[-120.2751,37.4407],[-120.2796,37.458],[-120.3002,37.4843],[-120.2991,37.4888],[-120.3115,37.4972],[-120.3188,37.5208],[-120.3877,37.6334],[-120.3753,37.653],[-120.3955,37.6721],[-120.3919,37.6836],[-120.3667,37.6809],[-120.3625,37.6728],[-120.3554,37.6755],[-120.3484,37.6717],[-120.3277,37.6496],[-120.3126,37.6537],[-120.3123,37.663],[-120.3064,37.6658],[-120.3381,37.7091],[-120.3445,37.7263],[-120.3323,37.7296],[-120.3212,37.726],[-120.3077,37.7356],[-120.2865,37.7295],[-120.2824,37.7454],[-120.2602,37.7337],[-120.2618,37.7407],[-120.2572,37.7478],[-120.2397,37.7535],[-120.2382,37.7653],[-120.2268,37.7603],[-120.216,37.7653],[-120.2011,37.7632],[-120.1977,37.7696],[-120.1891,37.7679],[-120.1835,37.775],[-120.1887,37.7802],[-120.1806,37.7884],[-120.1826,37.7953],[-120.1742,37.7994],[-120.1618,37.7874],[-120.1272,37.7816],[-120.0903,37.8108],[-120.0905,37.8221],[-120.0795,37.8288],[-120.0652,37.8229],[-120.0583,37.8248],[-120.0546,37.8126],[-120.0363,37.8079],[-120.025,37.8113],[-119.9649,37.7828],[-119.9384,37.763],[-119.9291,37.7648],[-119.9012,37.7578],[-119.876,37.7638],[-119.8727,37.7675],[-119.8755,37.7725],[-119.8682,37.7732],[-119.852,37.7577],[-119.8379,37.7702],[-119.8078,37.755],[-119.8053,37.7601],[-119.7915,37.7646],[-119.7811,37.7634],[-119.769,37.7711],[-119.751,37.7733],[-119.746,37.7829],[-119.7339,37.7879],[-119.7098,37.7935],[-119.6996,37.7891],[-119.6897,37.8002],[-119.6672,37.8012],[-119.6539,37.8104],[-119.6509,37.8208],[-119.6577,37.8341],[-119.6486,37.845],[-119.625,37.8477],[-119.5994,37.8599],[-119.5849,37.8749],[-119.5864,37.8901],[-119.5586,37.9031],[-119.5357,37.9041],[-119.5298,37.8911],[-119.5153,37.8844],[-119.5038,37.8686],[-119.4841,37.8644],[-119.4743,37.8556],[-119.4703,37.863],[-119.4542,37.8707],[-119.442,37.8675],[-119.4427,37.8598],[-119.4268,37.8667],[-119.422,37.8577],[-119.4073,37.8549],[-119.4027,37.8352],[-119.3755,37.8409],[-119.3726,37.8329],[-119.3521,37.8262],[-119.3556,37.8124],[-119.3218,37.794],[-119.3112,37.7935],[-119.309,37.778]]]}},{"type":"Feature","properties":{"CountyName":"Modoc","COUNTY_FIPS":"049"},"geometry":{"type":"Polygon","coordinates":[[[-119.9999,41.184],[-121.4465,41.1835],[-121.449,41.7764],[-121.4569,41.7763],[-121.4572,41.9056],[-121.4572,41.95],[-121.4475,41.9505],[-121.4476,41.9975],[-120.9741,41.993],[-119.9992,41.9949],[-119.9999,41.184]]]}},{"type":"Feature","properties":{"CountyName":"Mono","COUNTY_FIPS":"051"},"geometry":{"type":"Polygon","coordinates":[[[-117.8327,37.4649],[-118.775,37.4631],[-118.7948,37.4875],[-118.8043,37.4889],[-118.8505,37.4758],[-118.8572,37.4795],[-118.8608,37.5015],[-118.8817,37.5103],[-118.8837,37.5201],[-118.8911,37.5253],[-118.9019,37.526],[-118.9012,37.5312],[-118.9171,37.5503],[-118.9297,37.5489],[-118.9527,37.5658],[-118.9641,37.5581],[-118.977,37.5568],[-118.9849,37.5673],[-119.0023,37.5711],[-119.0205,37.5834],[-119.0344,37.6035],[-119.0326,37.6305],[-119.0546,37.6451],[-119.0543,37.6512],[-119.0614,37.6578],[-119.0652,37.6846],[-119.0931,37.7036],[-119.1145,37.7282],[-119.1276,37.7347],[-119.1496,37.7329],[-119.1691,37.7384],[-119.1771,37.7348],[-119.1838,37.7395],[-119.1997,37.7358],[-119.2163,37.7141],[-119.23,37.7174],[-119.2431,37.7286],[-119.251,37.7302],[-119.2579,37.7246],[-119.2688,37.7395],[-119.2559,37.745],[-119.255,37.7563],[-119.2431,37.7691],[-119.2213,37.7791],[-119.2153,37.7899],[-119.203,37.7956],[-119.205,37.8115],[-119.2169,37.8187],[-119.204,37.8298],[-119.2069,37.8399],[-119.1962,37.844],[-119.2169,37.8496],[-119.2126,37.8569],[-119.2133,37.8733],[-119.2003,37.8858],[-119.2077,37.8898],[-119.2108,37.8994],[-119.2199,37.8986],[-119.2345,37.9103],[-119.2639,37.9122],[-119.264,37.9265],[-119.2879,37.933],[-119.3131,37.953],[-119.3146,37.9641],[-119.3226,37.971],[-119.3147,37.9811],[-119.3184,37.9864],[-119.3046,38.0239],[-119.314,38.0345],[-119.3112,38.0448],[-119.3227,38.0499],[-119.3242,38.0609],[-119.3359,38.0663],[-119.3459,38.0831],[-119.3571,38.083],[-119.3651,38.0902],[-119.3802,38.0926],[-119.397,38.1068],[-119.424,38.1074],[-119.4306,38.1163],[-119.4416,38.1027],[-119.4405,38.0957],[-119.4459,38.0931],[-119.4494,38.0996],[-119.4619,38.0972],[-119.4645,38.1036],[-119.4575,38.1106],[-119.4621,38.1091],[-119.4729,38.117],[-119.4695,38.1283],[-119.4885,38.1322],[-119.4895,38.1444],[-119.5013,38.159],[-119.5078,38.1526],[-119.5065,38.1371],[-119.5312,38.1445],[-119.5468,38.1433],[-119.547,38.1544],[-119.5765,38.1577],[-119.5814,38.1725],[-119.5786,38.1769],[-119.5856,38.1844],[-119.5983,38.1816],[-119.6327,38.1989],[-119.625,38.2069],[-119.6244,38.2287],[-119.6042,38.235],[-119.6217,38.2519],[-119.6132,38.2614],[-119.6302,38.2687],[-119.6515,38.2865],[-119.6425,38.2938],[-119.6448,38.3216],[-119.6351,38.329],[-119.6279,38.3481],[-119.6356,38.3539],[-119.6066,38.3672],[-119.6184,38.3818],[-119.6221,38.3939],[-119.6188,38.397],[-119.6012,38.4054],[-119.5837,38.3969],[-119.563,38.409],[-119.5614,38.4198],[-119.57,38.4349],[-119.5564,38.4475],[-119.5562,38.4697],[-119.5461,38.4741],[-119.5423,38.4812],[-119.5429,38.4997],[-119.5575,38.5021],[-119.5562,38.5166],[-119.561,38.5255],[-119.5669,38.5253],[-119.571,38.5417],[-119.5843,38.552],[-119.5956,38.5903],[-119.6089,38.5947],[-119.6191,38.6035],[-119.6205,38.6107],[-119.6147,38.6659],[-119.5993,38.6702],[-119.5915,38.6822],[-119.5919,38.6901],[-119.5795,38.7056],[-119.5854,38.7132],[-118.7142,38.1021],[-117.8327,37.4649]]]}},{"type":"Feature","properties":{"CountyName":"Monterey","COUNTY_FIPS":"053"},"geometry":{"type":"Polygon","coordinates":[[[-121.6462,36.9026],[-121.6426,36.8737],[-121.6221,36.8462],[-121.5977,36.8374],[-121.504,36.7572],[-121.4815,36.7655],[-121.4744,36.7567],[-121.4757,36.7492],[-121.4624,36.7439],[-121.4527,36.7292],[-121.4531,36.7212],[-121.4845,36.7131],[-121.469,36.6854],[-121.459,36.6857],[-121.4443,36.6732],[-121.4316,36.6787],[-121.4155,36.6731],[-121.407,36.656],[-121.3783,36.6529],[-121.3663,36.6566],[-121.3501,36.6484],[-121.3416,36.6383],[-121.3421,36.6314],[-121.3184,36.61],[-121.3274,36.5859],[-121.3235,36.5776],[-121.3339,36.5744],[-121.3292,36.5554],[-121.308,36.5456],[-121.2954,36.5271],[-121.3072,36.5168],[-121.3113,36.5019],[-121.3082,36.4994],[-121.2941,36.5062],[-121.269,36.502],[-121.2393,36.5048],[-121.2281,36.4846],[-121.2295,36.4753],[-121.2151,36.4732],[-121.1935,36.4458],[-121.0408,36.324],[-121.0403,36.2711],[-121.0275,36.2753],[-121.0273,36.2599],[-121.0188,36.2597],[-121.0144,36.2687],[-121.0118,36.2645],[-121.0105,36.2689],[-120.9924,36.2699],[-120.9871,36.2757],[-120.9858,36.2929],[-120.9738,36.2903],[-120.9534,36.2747],[-120.9401,36.2823],[-120.9331,36.2998],[-120.9261,36.3015],[-120.9256,36.3081],[-120.9191,36.3109],[-120.899,36.3008],[-120.8895,36.2903],[-120.8741,36.2952],[-120.8514,36.2859],[-120.8369,36.2721],[-120.8368,36.2624],[-120.826,36.2545],[-120.8235,36.2573],[-120.8108,36.2517],[-120.8122,36.2452],[-120.7991,36.2355],[-120.7893,36.235],[-120.7813,36.2224],[-120.7653,36.2135],[-120.7613,36.2034],[-120.7444,36.1988],[-120.7318,36.204],[-120.7182,36.1969],[-120.7061,36.2037],[-120.7074,36.2318],[-120.7177,36.26],[-120.7321,36.2755],[-120.7431,36.2981],[-120.7584,36.3086],[-120.7467,36.3102],[-120.7226,36.2927],[-120.702,36.2862],[-120.6885,36.2722],[-120.6817,36.2715],[-120.6737,36.2598],[-120.6818,36.2514],[-120.6798,36.2467],[-120.6517,36.2307],[-120.6269,36.2032],[-120.6392,36.1965],[-120.6447,36.1792],[-120.652,36.1741],[-120.6499,36.168],[-120.6631,36.1712],[-120.6643,36.1657],[-120.672,36.1643],[-120.6647,36.1473],[-120.6676,36.1381],[-120.6565,36.1326],[-120.6532,36.1188],[-120.6454,36.1162],[-120.6461,36.1047],[-120.6143,36.0951],[-120.608,36.1027],[-120.5994,36.1009],[-120.5898,36.0896],[-120.5961,36.0782],[-120.5879,36.0666],[-120.5667,36.0529],[-120.5454,36.0461],[-120.5404,36.0367],[-120.527,36.0357],[-120.5298,36.0243],[-120.52,36.0209],[-120.5176,36.0275],[-120.4793,36.0107],[-120.4774,36.0008],[-120.4497,35.9884],[-120.4344,35.9694],[-120.4086,35.976],[-120.394,35.9679],[-120.3604,35.9644],[-120.3625,35.9594],[-120.3565,35.9481],[-120.336,35.9372],[-120.3367,35.9236],[-120.3229,35.9078],[-120.2758,35.9059],[-120.2433,35.8777],[-120.2452,35.8731],[-120.2403,35.8659],[-120.2563,35.8554],[-120.2593,35.8451],[-120.2445,35.824],[-120.2199,35.8189],[-120.214,35.7893],[-121.3473,35.7952],[-121.3736,35.8121],[-121.3905,35.8257],[-121.4131,35.8553],[-121.4396,35.867],[-121.4649,35.8885],[-121.4632,35.9038],[-121.4747,35.92],[-121.4687,35.9267],[-121.4767,35.9309],[-121.4862,35.9703],[-121.5031,36.0003],[-121.5319,36.0144],[-121.5735,36.0236],[-121.5914,36.0493],[-121.5928,36.0651],[-121.6068,36.0721],[-121.6191,36.0865],[-121.6296,36.1145],[-121.6758,36.1635],[-121.6985,36.1748],[-121.7172,36.1952],[-121.7799,36.2274],[-121.7971,36.2342],[-121.8111,36.2334],[-121.8264,36.2419],[-121.8378,36.2491],[-121.8371,36.2564],[-121.852,36.2778],[-121.8634,36.281],[-121.8865,36.3021],[-121.9027,36.3061],[-121.8951,36.3159],[-121.8929,36.3404],[-121.9073,36.3566],[-121.9027,36.3639],[-121.908,36.3743],[-121.9018,36.3816],[-121.9032,36.3936],[-121.9147,36.4031],[-121.9147,36.4259],[-121.9295,36.4472],[-121.9258,36.4598],[-121.9371,36.472],[-121.9417,36.4891],[-121.9463,36.4904],[-121.937,36.498],[-121.938,36.505],[-121.9545,36.5186],[-121.9529,36.5243],[-121.9394,36.5189],[-121.9368,36.5237],[-121.9277,36.5236],[-121.9283,36.5362],[-121.9261,36.5364],[-121.9242,36.5356],[-121.9228,36.5353],[-121.922,36.5354],[-121.9251,36.5366],[-121.9218,36.54],[-121.9283,36.5364],[-121.9329,36.5402],[-121.9294,36.5481],[-121.9353,36.5621],[-121.9497,36.5676],[-121.9552,36.5619],[-121.971,36.5699],[-121.9787,36.5802],[-121.9664,36.5847],[-121.9591,36.6092],[-121.9515,36.6092],[-121.9432,36.6161],[-121.9364,36.6367],[-121.924,36.6345],[-121.9139,36.6232],[-121.9038,36.6218],[-121.8897,36.6085],[-121.8896,36.6019],[-121.8832,36.6013],[-121.8586,36.6124],[-121.8311,36.6463],[-121.8145,36.6829],[-121.8071,36.7142],[-121.8056,36.7507],[-121.7883,36.804],[-121.81,36.8508],[-121.8009,36.8576],[-121.8033,36.8685],[-121.7938,36.8795],[-121.785,36.8857],[-121.7694,36.8851],[-121.7453,36.9093],[-121.7349,36.9087],[-121.7256,36.9143],[-121.7147,36.9088],[-121.7,36.9197],[-121.7055,36.9095],[-121.6975,36.9116],[-121.6806,36.9033],[-121.6673,36.9122],[-121.6555,36.913],[-121.6532,36.9021],[-121.6462,36.9026]]]}},{"type":"Feature","properties":{"CountyName":"Placer","COUNTY_FIPS":"061"},"geometry":{"type":"Polygon","coordinates":[[[-120.0025,39.0675],[-120.1437,39.0673],[-120.1436,39.0602],[-120.153,39.0603],[-120.153,39.0458],[-120.165,39.0458],[-120.165,39.0385],[-120.1836,39.0384],[-120.1841,39.031],[-120.2402,39.0309],[-120.2404,39.0237],[-120.3281,39.0224],[-120.4353,39.0284],[-120.4452,39.0176],[-120.4538,38.9955],[-120.4515,38.9879],[-120.4601,38.9845],[-120.4708,38.9657],[-120.4861,38.959],[-120.4927,38.9434],[-120.5026,38.9411],[-120.5121,38.9313],[-120.5449,38.927],[-120.5461,38.9207],[-120.5643,38.9136],[-120.5789,38.9166],[-120.5944,38.9361],[-120.6057,38.9344],[-120.6114,38.9426],[-120.6295,38.9464],[-120.6425,38.9444],[-120.6728,38.9586],[-120.6837,38.9675],[-120.6809,38.9779],[-120.6857,38.9897],[-120.7049,38.9814],[-120.7163,38.9867],[-120.7296,39.004],[-120.7361,39.0006],[-120.748,39.0031],[-120.7464,39.0104],[-120.7528,39.0053],[-120.7635,39.0064],[-120.7627,39.0018],[-120.7671,39.005],[-120.7636,39.0094],[-120.768,39.0094],[-120.7975,38.9961],[-120.8019,39.0011],[-120.8094,39.0008],[-120.8284,38.9898],[-120.8342,38.9719],[-120.8499,38.9765],[-120.8555,38.9677],[-120.8521,38.9596],[-120.8599,38.9517],[-120.8879,38.9597],[-120.902,38.9531],[-120.9362,38.9639],[-120.9406,38.961],[-120.9386,38.9356],[-120.9578,38.9391],[-120.9652,38.9328],[-120.992,38.9272],[-120.9912,38.9236],[-121.0003,38.918],[-121.0198,38.9181],[-121.0338,38.9128],[-121.0404,38.9157],[-121.0536,38.8988],[-121.0443,38.8903],[-121.062,38.8821],[-121.0533,38.8684],[-121.0618,38.8599],[-121.0584,38.8471],[-121.0874,38.8333],[-121.0887,38.8271],[-121.0827,38.8224],[-121.085,38.816],[-121.1018,38.8152],[-121.0978,38.8073],[-121.1018,38.788],[-121.1186,38.7689],[-121.1177,38.7565],[-121.1284,38.7336],[-121.1333,38.7315],[-121.1345,38.712],[-121.4844,38.7346],[-121.4845,38.7514],[-121.4698,38.7516],[-121.4694,38.926],[-121.4144,38.9262],[-121.4148,38.9984],[-121.3846,39.0145],[-121.3657,39.0317],[-121.3539,39.0313],[-121.306,39.0529],[-121.2902,39.0369],[-121.2497,39.0289],[-121.241,39.0214],[-121.2329,39.0247],[-121.221,39.0118],[-121.2059,39.0119],[-121.1989,39.0176],[-121.1874,39.0125],[-121.1794,39.02],[-121.1726,39.0185],[-121.1525,39.0268],[-121.138,39.0379],[-121.1251,39.0325],[-121.1232,39.0244],[-121.1043,39.0119],[-121.0895,39.0144],[-121.0804,39.0069],[-121.0686,39.0052],[-121.0416,39.0138],[-121.0311,39.028],[-121.0304,39.0372],[-121.0217,39.0392],[-121.0202,39.0461],[-121.0082,39.0522],[-121.0027,39.0675],[-120.9918,39.0758],[-120.9961,39.0804],[-120.9885,39.0856],[-120.9892,39.1115],[-120.9793,39.1104],[-120.9658,39.1282],[-120.9501,39.1364],[-120.9316,39.1559],[-120.9234,39.1572],[-120.9245,39.1609],[-120.9086,39.1638],[-120.9047,39.173],[-120.8689,39.1807],[-120.8517,39.212],[-120.8039,39.2334],[-120.7279,39.2881],[-120.6714,39.3104],[-120.658,39.3078],[-120.6458,39.3152],[-120.6249,39.3154],[-120.0063,39.3165],[-120.0025,39.0675]]]}},{"type":"Feature","properties":{"CountyName":"Riverside","COUNTY_FIPS":"065"},"geometry":{"type":"Polygon","coordinates":[[[-114.4354,34.0797],[-114.4383,34.0226],[-114.4502,34.0126],[-114.4659,34.011],[-114.4673,34.0052],[-114.4592,34.0],[-114.4593,33.9947],[-114.4679,33.9929],[-114.4999,33.9618],[-114.5227,33.955],[-114.5357,33.9336],[-114.535,33.9257],[-114.5184,33.9175],[-114.5079,33.9038],[-114.5137,33.898],[-114.5259,33.901],[-114.5228,33.8926],[-114.5044,33.8769],[-114.503,33.868],[-114.5147,33.8586],[-114.5299,33.8576],[-114.52,33.8254],[-114.5281,33.815],[-114.5049,33.7605],[-114.5124,33.7342],[-114.4966,33.7192],[-114.4942,33.7079],[-114.4965,33.6969],[-114.524,33.6859],[-114.5315,33.6751],[-114.5303,33.6668],[-114.5141,33.6602],[-114.5332,33.6517],[-114.5238,33.6347],[-114.5312,33.6239],[-114.5219,33.6125],[-114.5406,33.5914],[-114.5368,33.571],[-114.5242,33.5531],[-114.5589,33.5318],[-114.561,33.5167],[-114.5695,33.5092],[-114.5924,33.4987],[-114.6229,33.4566],[-114.6271,33.4336],[-115.0632,33.4281],[-116.1082,33.4259],[-117.0309,33.4269],[-117.0308,33.43],[-117.2413,33.432],[-117.2417,33.4489],[-117.3709,33.4906],[-117.3643,33.505],[-117.5097,33.505],[-117.5097,33.5091],[-117.5038,33.5089],[-117.5032,33.5204],[-117.5099,33.5206],[-117.5102,33.534],[-117.413,33.659],[-117.4746,33.7038],[-117.534,33.7104],[-117.5365,33.7577],[-117.5801,33.768],[-117.6621,33.8575],[-117.6743,33.858],[-117.6751,33.8687],[-117.6688,33.8806],[-117.6767,33.8887],[-117.6549,33.8888],[-117.6554,33.9251],[-117.611,33.9251],[-117.611,33.9718],[-117.5584,33.9884],[-117.5583,34.0335],[-117.3754,34.0339],[-117.3754,34.0194],[-117.2255,34.018],[-117.2254,34.0042],[-116.9294,34.0049],[-116.9296,34.0341],[-115.3162,34.0341],[-115.3161,34.0778],[-114.4354,34.0797]]]}},{"type":"Feature","properties":{"CountyName":"Sacramento","COUNTY_FIPS":"067"},"geometry":{"type":"Polygon","coordinates":[[[-121.4844,38.7346],[-121.1425,38.7121],[-121.1338,38.7054],[-121.1191,38.7179],[-121.0274,38.5082],[-121.0271,38.3003],[-121.0406,38.2977],[-121.0481,38.2911],[-121.0675,38.2989],[-121.0942,38.2819],[-121.1278,38.2775],[-121.147,38.2639],[-121.1731,38.2552],[-121.192,38.2567],[-121.2034,38.2488],[-121.223,38.2444],[-121.2476,38.2454],[-121.2684,38.2523],[-121.283,38.2497],[-121.2955,38.2376],[-121.3444,38.2282],[-121.3891,38.2332],[-121.3984,38.2274],[-121.4205,38.2372],[-121.4293,38.2548],[-121.4722,38.2597],[-121.4801,38.2536],[-121.4786,38.2462],[-121.4871,38.2399],[-121.4917,38.2277],[-121.5064,38.2246],[-121.5043,38.2121],[-121.5099,38.2046],[-121.5207,38.2029],[-121.5289,38.1953],[-121.5243,38.1727],[-121.5362,38.1582],[-121.5363,38.1516],[-121.5592,38.1439],[-121.5577,38.1368],[-121.5764,38.1291],[-121.5841,38.1202],[-121.582,38.112],[-121.5658,38.1053],[-121.5672,38.0973],[-121.5813,38.0939],[-121.6049,38.0999],[-121.6274,38.0984],[-121.6381,38.0861],[-121.6619,38.0956],[-121.6731,38.0935],[-121.6819,38.082],[-121.6809,38.0621],[-121.7066,38.0413],[-121.7378,38.0266],[-121.7775,38.0189],[-121.817,38.0215],[-121.8321,38.0311],[-121.8468,38.06],[-121.8625,38.066],[-121.8616,38.0699],[-121.8425,38.0767],[-121.8279,38.0662],[-121.8001,38.0597],[-121.7432,38.0872],[-121.7294,38.0824],[-121.7109,38.0865],[-121.7072,38.1099],[-121.6921,38.1331],[-121.6857,38.1596],[-121.6629,38.1819],[-121.6323,38.1943],[-121.617,38.1951],[-121.6121,38.2001],[-121.6021,38.2216],[-121.6003,38.2578],[-121.604,38.2701],[-121.6007,38.2784],[-121.6052,38.2961],[-121.5848,38.3308],[-121.5752,38.3272],[-121.5594,38.3426],[-121.5372,38.3476],[-121.521,38.3612],[-121.5243,38.379],[-121.5148,38.3872],[-121.5133,38.3988],[-121.5326,38.4315],[-121.5039,38.4396],[-121.5042,38.4666],[-121.511,38.4735],[-121.5427,38.4765],[-121.559,38.4996],[-121.5518,38.5139],[-121.5253,38.519],[-121.5305,38.5303],[-121.5126,38.5417],[-121.521,38.5662],[-121.5083,38.5805],[-121.5087,38.5968],[-121.5277,38.6046],[-121.5499,38.5994],[-121.5583,38.6082],[-121.5669,38.6451],[-121.5761,38.6486],[-121.5872,38.6427],[-121.5941,38.6441],[-121.6287,38.6754],[-121.6342,38.6898],[-121.6066,38.7171],[-121.6029,38.7358],[-121.4844,38.7346]]]}},{"type":"Feature","properties":{"CountyName":"San Bernardino","COUNTY_FIPS":"071"},"geometry":{"type":"Polygon","coordinates":[[[-115.6484,35.8092],[-114.6335,35.0019],[-114.6291,34.9861],[-114.6352,34.9652],[-114.6298,34.943],[-114.6309,34.9073],[-114.6367,34.8891],[-114.6344,34.8729],[-114.624,34.8597],[-114.5869,34.8357],[-114.571,34.7943],[-114.5527,34.7669],[-114.5166,34.7368],[-114.492,34.7257],[-114.4875,34.7166],[-114.4705,34.7114],[-114.4653,34.6912],[-114.4505,34.6668],[-114.458,34.6571],[-114.4415,34.6425],[-114.4388,34.6215],[-114.4242,34.6105],[-114.4253,34.6008],[-114.4368,34.5961],[-114.4052,34.5696],[-114.3808,34.5297],[-114.3781,34.5073],[-114.3867,34.4579],[-114.3737,34.4469],[-114.3354,34.45],[-114.3261,34.4373],[-114.2948,34.4214],[-114.2887,34.4066],[-114.2643,34.4013],[-114.2261,34.3659],[-114.1995,34.3614],[-114.1769,34.3493],[-114.1572,34.3179],[-114.1383,34.3032],[-114.1333,34.2585],[-114.1647,34.2597],[-114.1661,34.25],[-114.1746,34.2473],[-114.1781,34.24],[-114.2252,34.2036],[-114.2297,34.1869],[-114.257,34.1728],[-114.2873,34.1705],[-114.3208,34.1386],[-114.353,34.1331],[-114.3665,34.1186],[-114.3906,34.1101],[-114.4117,34.11],[-114.4334,34.0884],[-114.4354,34.0797],[-115.3161,34.0778],[-115.3162,34.0341],[-116.9296,34.0341],[-116.9294,34.0049],[-117.2254,34.0042],[-117.2255,34.018],[-117.3754,34.0194],[-117.3754,34.0339],[-117.5583,34.0335],[-117.5584,33.9884],[-117.611,33.9718],[-117.611,33.9251],[-117.6554,33.9251],[-117.6549,33.8888],[-117.6767,33.8887],[-117.6688,33.8806],[-117.6729,33.8709],[-117.7936,33.9538],[-117.7937,33.9681],[-117.8025,33.9683],[-117.8026,33.9756],[-117.785,34.0049],[-117.7675,34.0047],[-117.7677,34.0235],[-117.7359,34.0186],[-117.7301,34.0214],[-117.7165,34.0676],[-117.6785,34.162],[-117.6464,34.2892],[-117.6598,34.4528],[-117.6604,34.5579],[-117.6671,34.5579],[-117.6675,34.8225],[-117.6322,34.8223],[-117.6337,35.4345],[-117.6297,35.4662],[-117.6344,35.6516],[-117.6165,35.6516],[-117.6165,35.6807],[-117.6522,35.6808],[-117.6521,35.7099],[-117.6343,35.7098],[-117.6343,35.7973],[-115.7359,35.7936],[-115.7358,35.8091],[-115.6484,35.8092]]]}},{"type":"Feature","properties":{"CountyName":"San Diego","COUNTY_FIPS":"073"},"geometry":{"type":"Polygon","coordinates":[[[-116.0852,33.4259],[-116.0811,33.0748],[-116.1033,33.0747],[-116.1062,32.6184],[-117.1242,32.5343],[-117.1331,32.5666],[-117.1367,32.6188],[-117.1559,32.6564],[-117.1895,32.6864],[-117.2049,32.6889],[-117.2237,32.6832],[-117.2272,32.6888],[-117.225,32.7032],[-117.2021,32.7154],[-117.191,32.7136],[-117.1878,32.7117],[-117.1914,32.7066],[-117.1683,32.699],[-117.164,32.6933],[-117.1672,32.6799],[-117.1746,32.6803],[-117.1657,32.6748],[-117.1602,32.6803],[-117.154,32.6781],[-117.161,32.6683],[-117.1476,32.6548],[-117.1491,32.651],[-117.1457,32.6518],[-117.1388,32.6312],[-117.1318,32.6315],[-117.1373,32.6302],[-117.1354,32.6266],[-117.1353,32.6299],[-117.1314,32.6306],[-117.1321,32.6259],[-117.1359,32.6261],[-117.1338,32.6232],[-117.13,32.6276],[-117.1288,32.6221],[-117.1336,32.6225],[-117.1335,32.619],[-117.1283,32.6197],[-117.133,32.6103],[-117.1231,32.6041],[-117.1215,32.5929],[-117.1048,32.5882],[-117.0905,32.5956],[-117.0997,32.6047],[-117.098,32.6133],[-117.1171,32.6139],[-117.1148,32.6176],[-117.0971,32.6137],[-117.1159,32.6436],[-117.1159,32.6473],[-117.1057,32.6507],[-117.1208,32.6482],[-117.1229,32.6569],[-117.1183,32.6577],[-117.1238,32.6697],[-117.1216,32.6701],[-117.116,32.6744],[-117.1193,32.6724],[-117.134,32.6874],[-117.1291,32.6877],[-117.1255,32.6886],[-117.123,32.692],[-117.1228,32.693],[-117.123,32.6949],[-117.1255,32.6888],[-117.1387,32.687],[-117.1363,32.6889],[-117.1758,32.7116],[-117.1759,32.7271],[-117.2134,32.7247],[-117.1977,32.7273],[-117.2153,32.7283],[-117.2152,32.7217],[-117.227,32.7249],[-117.2281,32.7215],[-117.2205,32.7193],[-117.2325,32.7084],[-117.2237,32.7182],[-117.2277,32.7202],[-117.2365,32.7146],[-117.2332,32.7151],[-117.2408,32.6954],[-117.2333,32.686],[-117.2386,32.681],[-117.2381,32.6668],[-117.2453,32.6667],[-117.2557,32.6996],[-117.2584,32.7261],[-117.2523,32.7554],[-117.2588,32.759],[-117.2536,32.7612],[-117.255,32.7869],[-117.2611,32.8031],[-117.281,32.8222],[-117.2822,32.8321],[-117.279,32.8474],[-117.2739,32.8514],[-117.2639,32.8494],[-117.2562,32.8594],[-117.2517,32.8743],[-117.2545,32.9001],[-117.2805,33.0119],[-117.2967,33.0374],[-117.3284,33.1218],[-117.3574,33.1666],[-117.3599,33.1649],[-117.3953,33.2067],[-117.3892,33.2052],[-117.3944,33.2127],[-117.3965,33.2083],[-117.4049,33.2134],[-117.3977,33.2162],[-117.4006,33.2198],[-117.4061,33.2126],[-117.4092,33.2232],[-117.493,33.3217],[-117.5464,33.3647],[-117.5962,33.3871],[-117.5785,33.4539],[-117.5572,33.4512],[-117.5086,33.4696],[-117.5097,33.505],[-117.3643,33.505],[-117.3709,33.4906],[-117.2417,33.4489],[-117.2412,33.432],[-117.0308,33.43],[-117.0309,33.4269],[-116.0852,33.4259]]]}},{"type":"Feature","properties":{"CountyName":"San Francisco","COUNTY_FIPS":"075"},"geometry":{"type":"MultiPolygon","coordinates":[[[[-122.3279,37.7812],[-122.332,37.7817],[-122.3323,37.7881],[-122.3315,37.7869],[-122.3279,37.7812]]],[[[-122.419,37.8117],[-122.4027,37.8082],[-122.3857,37.7909],[-122.3846,37.7786],[-122.3904,37.7773],[-122.3993,37.7704],[-122.3902,37.7767],[-122.3821,37.7747],[-122.3867,37.7732],[-122.383,37.7668],[-122.3869,37.7635],[-122.38,37.7624],[-122.3842,37.7546],[-122.3801,37.753],[-122.3833,37.7483],[-122.3928,37.7476],[-122.3765,37.7475],[-122.3709,37.74],[-122.376,37.7386],[-122.3751,37.7338],[-122.3575,37.7298],[-122.3616,37.7254],[-122.3577,37.7247],[-122.3656,37.7251],[-122.359,37.7159],[-122.374,37.7184],[-122.3764,37.7257],[-122.3808,37.7213],[-122.3855,37.7236],[-122.376,37.7158],[-122.3806,37.7101],[-122.3755,37.7096],[-122.5025,37.7081],[-122.5126,37.7839],[-122.4873,37.7894],[-122.4781,37.8108],[-122.4638,37.8046],[-122.4163,37.8085],[-122.419,37.8117]]],[[[-122.5286,37.8154],[-122.5286,37.8154],[-122.5287,37.8154],[-122.5286,37.8154]]],[[[-122.3733,37.8324],[-122.3618,37.8215],[-122.3711,37.816],[-122.3677,37.8124],[-122.3586,37.8145],[-122.3624,37.8072],[-122.3728,37.8111],[-122.3794,37.8268],[-122.3733,37.8324]]],[[[-122.4187,37.8621],[-122.4199,37.8604],[-122.4204,37.8635],[-122.4187,37.8621]]]]}},{"type":"Feature","properties":{"CountyName":"San Joaquin","COUNTY_FIPS":"077"},"geometry":{"type":"Polygon","coordinates":[[[-121.0271,38.3003],[-120.9389,38.0883],[-120.9265,38.0774],[-120.9264,37.8867],[-120.9207,37.7382],[-120.942,37.7423],[-120.954,37.7384],[-120.9934,37.7609],[-121.008,37.7491],[-121.0127,37.7497],[-121.0112,37.7558],[-121.0177,37.7553],[-121.0257,37.7424],[-121.0365,37.743],[-121.0379,37.7392],[-121.051,37.7418],[-121.0568,37.7505],[-121.067,37.7448],[-121.067,37.7396],[-121.0877,37.7414],[-121.0954,37.7332],[-121.0999,37.7402],[-121.1101,37.7421],[-121.1076,37.7323],[-121.1168,37.7242],[-121.1365,37.7247],[-121.1461,37.7175],[-121.1551,37.7203],[-121.1621,37.7081],[-121.1586,37.7054],[-121.1657,37.7043],[-121.1663,37.6994],[-121.1779,37.7062],[-121.1759,37.6994],[-121.1826,37.6985],[-121.1806,37.6937],[-121.1841,37.6926],[-121.1792,37.6927],[-121.1812,37.6879],[-121.1875,37.6875],[-121.1941,37.6949],[-121.1993,37.6902],[-121.2025,37.696],[-121.2087,37.6863],[-121.2235,37.6836],[-121.2185,37.6736],[-121.2293,37.6689],[-121.2302,37.663],[-121.2409,37.6648],[-121.4719,37.4818],[-121.4693,37.4897],[-121.4821,37.5014],[-121.496,37.5049],[-121.5015,37.525],[-121.5223,37.5247],[-121.5458,37.5325],[-121.5567,37.5427],[-121.5571,37.8158],[-121.552,37.83],[-121.5382,37.8374],[-121.5341,37.8495],[-121.54,37.8488],[-121.5407,37.8576],[-121.5475,37.8552],[-121.5525,37.8611],[-121.5603,37.8586],[-121.562,37.8531],[-121.5705,37.8576],[-121.569,37.8606],[-121.5794,37.8602],[-121.5734,37.8658],[-121.5793,37.8706],[-121.5759,37.8883],[-121.5659,37.8977],[-121.5728,37.9043],[-121.5633,37.9106],[-121.5651,37.9192],[-121.5564,37.9236],[-121.5636,37.9434],[-121.5579,37.947],[-121.5674,37.944],[-121.5635,37.9548],[-121.5752,37.9551],[-121.565,37.959],[-121.5802,37.9764],[-121.5724,37.9791],[-121.5824,37.9835],[-121.5761,37.9949],[-121.5792,37.9981],[-121.5689,38.0022],[-121.5799,38.0078],[-121.5672,38.012],[-121.5721,38.0184],[-121.5575,38.0166],[-121.5647,38.0302],[-121.5714,38.0304],[-121.573,38.0422],[-121.5802,38.0413],[-121.5788,38.0326],[-121.5844,38.036],[-121.5822,38.0684],[-121.5729,38.0737],[-121.58,38.0944],[-121.564,38.1014],[-121.582,38.112],[-121.5844,38.1183],[-121.5764,38.1291],[-121.5577,38.1368],[-121.5592,38.1439],[-121.5363,38.1516],[-121.5362,38.1582],[-121.5243,38.1727],[-121.5289,38.1953],[-121.5207,38.2029],[-121.5099,38.2046],[-121.5043,38.2121],[-121.5064,38.2246],[-121.4917,38.2277],[-121.4871,38.2399],[-121.4786,38.2462],[-121.4801,38.2536],[-121.4717,38.2598],[-121.4293,38.2548],[-121.4205,38.2372],[-121.3984,38.2274],[-121.3891,38.2332],[-121.3444,38.2282],[-121.2955,38.2376],[-121.283,38.2497],[-121.2684,38.2523],[-121.2476,38.2454],[-121.223,38.2444],[-121.2034,38.2488],[-121.192,38.2567],[-121.1731,38.2552],[-121.147,38.2639],[-121.1278,38.2775],[-121.0942,38.2819],[-121.0675,38.2989],[-121.0481,38.2911],[-121.0406,38.2977],[-121.0271,38.3003]]]}},{"type":"Feature","properties":{"CountyName":"San Luis Obispo","COUNTY_FIPS":"079"},"geometry":{"type":"Polygon","coordinates":[[[-121.3473,35.7952],[-120.1944,35.7894],[-120.194,35.6144],[-120.0862,35.6144],[-120.0868,35.5264],[-120.0688,35.5266],[-120.069,35.5129],[-120.051,35.5131],[-120.0509,35.4983],[-120.033,35.4983],[-120.0329,35.4835],[-120.0143,35.4834],[-120.0151,35.4688],[-119.9975,35.4687],[-119.9932,35.4395],[-119.8801,35.4391],[-119.8804,35.3511],[-119.8092,35.3509],[-119.8094,35.2637],[-119.6666,35.2626],[-119.6673,35.175],[-119.5538,35.1801],[-119.5618,35.0878],[-119.4904,35.0917],[-119.4906,35.0767],[-119.4726,35.0767],[-119.4725,34.9012],[-119.5358,34.8976],[-119.5799,34.9228],[-119.6131,34.9495],[-119.6443,34.9536],[-119.6732,34.9735],[-119.7006,34.9767],[-119.7186,34.9715],[-119.727,34.9761],[-119.7456,34.9737],[-119.7804,34.9907],[-119.7893,34.9887],[-119.801,34.9989],[-119.8308,35.0058],[-119.8442,35.0155],[-119.8545,35.0322],[-119.8897,35.0406],[-119.902,35.0358],[-119.9284,35.0598],[-119.9427,35.0544],[-119.9801,35.0576],[-119.9797,35.0619],[-119.9926,35.0629],[-120.002,35.0732],[-120.0136,35.0756],[-120.0141,35.0815],[-120.0233,35.0803],[-120.0396,35.0892],[-120.0441,35.086],[-120.0673,35.0968],[-120.0724,35.1047],[-120.085,35.1076],[-120.0793,35.1127],[-120.0821,35.1147],[-120.0933,35.1142],[-120.0979,35.1095],[-120.1022,35.1134],[-120.1096,35.1035],[-120.1169,35.1067],[-120.1276,35.0909],[-120.1301,35.0961],[-120.1432,35.0957],[-120.1429,35.0822],[-120.149,35.0845],[-120.1746,35.0702],[-120.1729,35.0643],[-120.1802,35.0616],[-120.1849,35.0491],[-120.1805,35.038],[-120.1864,35.0366],[-120.1884,35.0304],[-120.2033,35.0287],[-120.2099,35.0206],[-120.2407,35.0224],[-120.25,35.0301],[-120.2575,35.0176],[-120.2614,35.0266],[-120.2737,35.0208],[-120.2786,35.0116],[-120.2902,35.0154],[-120.3099,35.0092],[-120.3238,35.0173],[-120.3346,35.0063],[-120.3339,34.9956],[-120.3263,34.9857],[-120.316,34.984],[-120.3156,34.9749],[-120.302,34.9634],[-120.3039,34.9561],[-120.2946,34.9466],[-120.2922,34.9303],[-120.3018,34.9056],[-120.3177,34.9066],[-120.3244,34.9222],[-120.3359,34.9311],[-120.4413,34.9885],[-120.4962,34.9932],[-120.5386,34.9838],[-120.5549,34.9739],[-120.5752,34.9783],[-120.5855,34.9672],[-120.5955,34.9665],[-120.6022,34.9728],[-120.6132,34.9713],[-120.6163,34.966],[-120.6342,34.9596],[-120.6491,34.9746],[-120.6357,35.0208],[-120.6296,35.0784],[-120.6358,35.1238],[-120.6433,35.1381],[-120.6518,35.1346],[-120.6436,35.1386],[-120.6475,35.1442],[-120.6625,35.1534],[-120.6751,35.1531],[-120.7057,35.1739],[-120.738,35.1795],[-120.7319,35.1835],[-120.7553,35.1744],[-120.7541,35.1592],[-120.7709,35.1637],[-120.7861,35.1777],[-120.857,35.206],[-120.8595,35.2158],[-120.8738,35.2222],[-120.8747,35.2277],[-120.8977,35.2473],[-120.8952,35.273],[-120.8887,35.2738],[-120.8723,35.3114],[-120.8619,35.3549],[-120.8703,35.3692],[-120.8643,35.3735],[-120.8672,35.3973],[-120.888,35.4343],[-120.9067,35.4488],[-120.9455,35.4466],[-120.9681,35.4599],[-120.9925,35.4638],[-121.005,35.461],[-121.0243,35.4835],[-121.0373,35.4894],[-121.0486,35.5048],[-121.0599,35.5097],[-121.1016,35.5488],[-121.126,35.5931],[-121.1426,35.6041],[-121.1667,35.6354],[-121.1889,35.6431],[-121.1953,35.6407],[-121.1946,35.6343],[-121.221,35.6517],[-121.2422,35.6517],[-121.2715,35.6668],[-121.2866,35.6646],[-121.2898,35.6894],[-121.308,35.7097],[-121.3166,35.7132],[-121.313,35.7181],[-121.3185,35.7281],[-121.3167,35.7548],[-121.3276,35.7597],[-121.3258,35.7721],[-121.3473,35.7952]]]}},{"type":"Feature","properties":{"CountyName":"Santa Cruz","COUNTY_FIPS":"023"},"geometry":{"type":"Polygon","coordinates":[[[-121.5814,36.8992],[-121.6074,36.8995],[-121.6284,36.9118],[-121.6447,36.8939],[-121.6462,36.9026],[-121.6529,36.9017],[-121.6523,36.9095],[-121.6577,36.9138],[-121.6806,36.9033],[-121.6975,36.9116],[-121.7055,36.9095],[-121.7,36.9197],[-121.7147,36.9088],[-121.7265,36.9143],[-121.7515,36.9052],[-121.7695,36.8851],[-121.7874,36.8847],[-121.8032,36.8688],[-121.8007,36.858],[-121.81,36.8508],[-121.8665,36.9368],[-121.8947,36.9618],[-121.9301,36.9781],[-121.9532,36.9724],[-121.9728,36.9542],[-122.0124,36.9645],[-122.0226,36.9623],[-122.0177,36.9589],[-122.0174,36.9568],[-122.0234,36.9622],[-122.0262,36.9503],[-122.0417,36.9525],[-122.0501,36.9485],[-122.1001,36.9547],[-122.1346,36.9668],[-122.1406,36.9749],[-122.1532,36.9762],[-122.1623,36.9877],[-122.223,37.0251],[-122.2308,37.0402],[-122.2537,37.06],[-122.2758,37.0923],[-122.2931,37.107],[-122.2894,37.1135],[-122.3118,37.1475],[-122.3177,37.1869],[-122.2427,37.19],[-122.2426,37.2151],[-122.1528,37.2154],[-122.1523,37.2861],[-122.1506,37.2759],[-122.1317,37.2609],[-122.1217,37.2586],[-122.1042,37.2343],[-122.0898,37.2233],[-122.0788,37.223],[-122.0659,37.2104],[-122.0551,37.2125],[-122.0408,37.1952],[-122.0308,37.19],[-122.0262,37.1669],[-122.0025,37.1583],[-121.9911,37.1443],[-121.9728,37.1417],[-121.9575,37.1306],[-121.929,37.1234],[-121.8909,37.1053],[-121.86,37.1042],[-121.8619,37.0994],[-121.8491,37.099],[-121.8183,37.0837],[-121.8091,37.0693],[-121.7861,37.062],[-121.7753,37.053],[-121.7634,37.052],[-121.762,37.0478],[-121.7555,37.049],[-121.7398,37.0277],[-121.7261,37.0213],[-121.7313,37.0224],[-121.7362,37.0153],[-121.7188,37.0076],[-121.7298,36.9936],[-121.7387,36.99],[-121.7179,36.9956],[-121.7053,36.9862],[-121.6954,36.9852],[-121.6978,36.9721],[-121.6648,36.9637],[-121.6633,36.9519],[-121.6541,36.9506],[-121.6458,36.9323],[-121.6371,36.9391],[-121.6248,36.9405],[-121.6072,36.9261],[-121.5904,36.9262],[-121.5902,36.9193],[-121.5812,36.9193],[-121.5814,36.8992]]]}},{"type":"Feature","properties":{"CountyName":"Shasta","COUNTY_FIPS":"089"},"geometry":{"type":"Polygon","coordinates":[[[-122.4984,41.1827],[-121.3318,41.1839],[-121.3324,40.9054],[-121.32,40.9059],[-121.323,40.4976],[-121.3267,40.4976],[-121.3278,40.4454],[-121.3465,40.4497],[-121.3661,40.4459],[-121.5651,40.4458],[-121.5931,40.4311],[-121.6141,40.4391],[-121.6463,40.4347],[-121.672,40.4504],[-121.6858,40.4531],[-121.6983,40.4483],[-121.7198,40.4486],[-121.7346,40.4356],[-121.7763,40.4376],[-121.7877,40.4437],[-121.8067,40.445],[-121.8341,40.4373],[-121.8514,40.4426],[-121.8796,40.4362],[-121.901,40.4209],[-121.9148,40.426],[-121.941,40.4153],[-122.01,40.4268],[-122.0148,40.421],[-122.0219,40.4241],[-122.031,40.4174],[-122.0522,40.4204],[-122.0912,40.4106],[-122.0916,40.4143],[-122.0968,40.4099],[-122.0991,40.4148],[-122.1113,40.4054],[-122.129,40.4038],[-122.1294,40.3988],[-122.1829,40.3925],[-122.1885,40.3875],[-122.1781,40.3838],[-122.1731,40.3791],[-122.1873,40.3814],[-122.1936,40.3923],[-122.1994,40.3778],[-122.2272,40.3893],[-122.2355,40.3854],[-122.2518,40.3872],[-122.257,40.3794],[-122.2809,40.3758],[-122.2941,40.3805],[-122.3104,40.3711],[-122.321,40.3749],[-122.3422,40.3709],[-122.3958,40.3721],[-122.4126,40.3745],[-122.4179,40.3797],[-122.444,40.3733],[-122.4529,40.3785],[-122.4629,40.3756],[-122.4705,40.3839],[-122.5002,40.3825],[-122.505,40.3894],[-122.5138,40.3884],[-122.5246,40.3945],[-122.522,40.3878],[-122.5322,40.3798],[-122.541,40.3824],[-122.5417,40.3765],[-122.5506,40.3784],[-122.564,40.3656],[-122.5813,40.3673],[-122.5859,40.3593],[-122.597,40.3572],[-122.6102,40.3464],[-122.6252,40.3475],[-122.6219,40.3404],[-122.6506,40.3284],[-122.6737,40.3304],[-122.6773,40.3363],[-122.7097,40.3482],[-122.7317,40.347],[-122.7302,40.3583],[-122.7488,40.3657],[-122.7525,40.3605],[-122.7587,40.3633],[-122.7881,40.3553],[-122.8059,40.3559],[-122.8538,40.3429],[-122.8727,40.3489],[-122.884,40.3422],[-122.9036,40.3162],[-122.9071,40.3178],[-122.919,40.3066],[-122.9296,40.3075],[-122.9344,40.3132],[-122.9498,40.308],[-122.9769,40.3152],[-123.0138,40.3031],[-123.0252,40.3037],[-123.0567,40.2854],[-123.0654,40.287],[-123.0689,40.3083],[-123.0618,40.3134],[-123.0688,40.3322],[-123.064,40.3375],[-123.0655,40.3451],[-123.0569,40.3493],[-123.044,40.347],[-123.0393,40.3627],[-123.0183,40.3724],[-123.0164,40.3856],[-122.9966,40.3964],[-122.9987,40.4181],[-122.9749,40.4196],[-122.961,40.426],[-122.9542,40.4215],[-122.9386,40.4289],[-122.9378,40.4369],[-122.9279,40.4471],[-122.9177,40.4498],[-122.9012,40.4456],[-122.8837,40.4748],[-122.8765,40.4804],[-122.851,40.4859],[-122.8465,40.4935],[-122.8521,40.501],[-122.846,40.5052],[-122.7933,40.5145],[-122.7936,40.5234],[-122.7822,40.5319],[-122.7852,40.5409],[-122.7675,40.5552],[-122.7439,40.5538],[-122.7413,40.5641],[-122.7231,40.5752],[-122.6988,40.5693],[-122.6931,40.5753],[-122.701,40.5877],[-122.7061,40.6102],[-122.7109,40.6132],[-122.7097,40.6312],[-122.7362,40.6363],[-122.727,40.6505],[-122.7336,40.6624],[-122.7412,40.6654],[-122.7426,40.6788],[-122.7523,40.6896],[-122.7439,40.695],[-122.73,40.6922],[-122.7224,40.6955],[-122.7066,40.7253],[-122.7199,40.7394],[-122.7174,40.7472],[-122.7063,40.7496],[-122.7005,40.7589],[-122.6705,40.7728],[-122.6581,40.7875],[-122.6614,40.8005],[-122.6553,40.8082],[-122.6661,40.8259],[-122.6554,40.8416],[-122.6397,40.845],[-122.6344,40.8613],[-122.6264,40.8671],[-122.6255,40.8792],[-122.6099,40.8846],[-122.6,40.9003],[-122.6128,40.9213],[-122.6032,40.9406],[-122.6074,40.9578],[-122.6031,40.9594],[-122.5985,40.9759],[-122.5914,40.9767],[-122.5892,40.9854],[-122.5692,40.985],[-122.5545,41.0036],[-122.5379,41.0024],[-122.5278,41.0144],[-122.5289,41.0365],[-122.5232,41.0592],[-122.5276,41.0642],[-122.538,41.065],[-122.5398,41.0726],[-122.5134,41.0882],[-122.4933,41.086],[-122.4681,41.0968],[-122.4572,41.0966],[-122.4486,41.1182],[-122.446,41.1334],[-122.4506,41.1469],[-122.446,41.1592],[-122.476,41.1765],[-122.4926,41.176],[-122.4984,41.1827]]]}},{"type":"Feature","properties":{"CountyName":"Solano","COUNTY_FIPS":"095"},"geometry":{"type":"MultiPolygon","coordinates":[[[[-122.405,38.1555],[-122.2985,38.1552],[-122.2836,38.141],[-122.2842,38.122],[-122.2798,38.1134],[-122.247,38.0759],[-122.252,38.0706],[-122.2563,38.073],[-122.2704,38.0676],[-122.2718,38.0756],[-122.3116,38.1133],[-122.3535,38.1359],[-122.405,38.1555]]],[[[-121.8806,38.538],[-121.8573,38.5381],[-121.8326,38.5298],[-121.7858,38.5231],[-121.7717,38.5323],[-121.7651,38.5259],[-121.7386,38.5377],[-121.712,38.538],[-121.6947,38.5271],[-121.694,38.3144],[-121.5933,38.3131],[-121.6052,38.2961],[-121.6007,38.2784],[-121.604,38.2701],[-121.6003,38.2578],[-121.6021,38.2216],[-121.6135,38.1976],[-121.6629,38.1819],[-121.6857,38.1596],[-121.6921,38.1331],[-121.7072,38.1099],[-121.7121,38.0855],[-121.7294,38.0824],[-121.7432,38.0872],[-121.8001,38.0597],[-121.8279,38.0662],[-121.8425,38.0767],[-121.8616,38.0699],[-121.8748,38.0507],[-121.9012,38.0454],[-121.9354,38.0488],[-121.9775,38.0668],[-122.0284,38.0592],[-122.0611,38.0621],[-122.124,38.0357],[-122.1486,38.0317],[-122.1676,38.0367],[-122.1764,38.048],[-122.1717,38.0563],[-122.188,38.0709],[-122.1942,38.0599],[-122.2054,38.0675],[-122.2255,38.065],[-122.2412,38.0722],[-122.2481,38.0885],[-122.2763,38.1181],[-122.2685,38.1453],[-122.2907,38.1532],[-122.1954,38.155],[-122.1988,38.1593],[-122.1953,38.1673],[-122.2034,38.1688],[-122.2151,38.1797],[-122.2152,38.1888],[-122.2093,38.1901],[-122.2045,38.2055],[-122.1939,38.2137],[-122.193,38.2231],[-122.2119,38.2508],[-122.2015,38.2489],[-122.1933,38.2564],[-122.2131,38.2593],[-122.2166,38.2647],[-122.2121,38.2731],[-122.1882,38.2717],[-122.2034,38.2934],[-122.1989,38.3012],[-122.2061,38.3158],[-122.0649,38.3159],[-122.068,38.3186],[-122.0617,38.3257],[-122.0736,38.3616],[-122.1261,38.4275],[-122.1232,38.4496],[-122.1047,38.4909],[-122.1041,38.5134],[-122.0574,38.5174],[-122.0356,38.4961],[-122.0134,38.4887],[-121.9411,38.5333],[-121.909,38.5296],[-121.8806,38.538]]]]}},{"type":"Feature","properties":{"CountyName":"Sonoma","COUNTY_FIPS":"097"},"geometry":{"type":"Polygon","coordinates":[[[-122.8216,38.8501],[-122.8121,38.8384],[-122.796,38.839],[-122.7914,38.8304],[-122.7482,38.8038],[-122.7482,38.7878],[-122.7227,38.763],[-122.7242,38.7566],[-122.7093,38.749],[-122.7104,38.7321],[-122.7007,38.7286],[-122.6955,38.7131],[-122.6742,38.7064],[-122.6475,38.7069],[-122.6371,38.6937],[-122.6395,38.6891],[-122.6255,38.6744],[-122.6335,38.6693],[-122.6234,38.6646],[-122.6231,38.6535],[-122.6341,38.6376],[-122.6284,38.6227],[-122.6466,38.5981],[-122.6302,38.5785],[-122.6318,38.5694],[-122.6227,38.5677],[-122.6209,38.5603],[-122.5873,38.5527],[-122.574,38.5404],[-122.5666,38.5256],[-122.5542,38.5262],[-122.5439,38.52],[-122.5417,38.5133],[-122.55,38.5112],[-122.5353,38.5017],[-122.5449,38.4963],[-122.5296,38.4696],[-122.5159,38.4709],[-122.5058,38.4647],[-122.5096,38.4574],[-122.4798,38.4513],[-122.4979,38.4246],[-122.4706,38.405],[-122.4659,38.3902],[-122.4481,38.3795],[-122.4569,38.3707],[-122.4531,38.3628],[-122.4375,38.357],[-122.4121,38.3343],[-122.4095,38.3211],[-122.4054,38.322],[-122.3946,38.3047],[-122.4038,38.2999],[-122.4002,38.2897],[-122.4048,38.2817],[-122.3964,38.2712],[-122.3876,38.2738],[-122.3898,38.2608],[-122.3739,38.2439],[-122.3653,38.246],[-122.3642,38.2153],[-122.3507,38.2018],[-122.3496,38.194],[-122.3603,38.1971],[-122.3579,38.1826],[-122.3687,38.1827],[-122.3676,38.1588],[-122.4072,38.1591],[-122.4045,38.1478],[-122.4081,38.1396],[-122.4432,38.1162],[-122.4534,38.1202],[-122.4988,38.1127],[-122.5024,38.1148],[-122.4939,38.1193],[-122.4952,38.1217],[-122.5029,38.1152],[-122.5211,38.1415],[-122.5445,38.1587],[-122.5579,38.1602],[-122.552,38.169],[-122.5632,38.1693],[-122.5685,38.177],[-122.5653,38.1827],[-122.5706,38.1871],[-122.5707,38.1835],[-122.5782,38.1836],[-122.5928,38.1888],[-122.6041,38.1806],[-122.6227,38.1826],[-122.6358,38.1787],[-122.7014,38.1961],[-122.723,38.2071],[-122.7399,38.207],[-122.8999,38.3168],[-122.9095,38.3144],[-122.9077,38.3206],[-122.921,38.3168],[-122.9165,38.3128],[-122.9216,38.3086],[-122.9256,38.3127],[-122.9354,38.3096],[-122.9343,38.314],[-122.9468,38.3112],[-122.9661,38.317],[-122.9701,38.3101],[-122.9948,38.3062],[-122.9936,38.3001],[-123.0027,38.2957],[-123.03,38.3122],[-123.0468,38.3127],[-123.054,38.3059],[-123.0507,38.3146],[-123.0369,38.3166],[-123.0406,38.326],[-123.0578,38.3362],[-123.0546,38.3195],[-123.0611,38.3118],[-123.052,38.3022],[-123.0615,38.2997],[-123.069,38.3165],[-123.0782,38.3231],[-123.073,38.3241],[-123.0686,38.3344],[-123.0683,38.3599],[-123.0856,38.3905],[-123.0966,38.3939],[-123.1018,38.4132],[-123.122,38.4302],[-123.1238,38.4402],[-123.1283,38.4395],[-123.129,38.4508],[-123.1528,38.4609],[-123.1646,38.4737],[-123.1926,38.4897],[-123.2315,38.5025],[-123.2356,38.5093],[-123.255,38.512],[-123.2549,38.516],[-123.2691,38.5251],[-123.2682,38.5297],[-123.2785,38.5312],[-123.2795,38.5361],[-123.3044,38.5479],[-123.3036,38.5552],[-123.3339,38.5658],[-123.3401,38.5722],[-123.3355,38.5825],[-123.3496,38.5968],[-123.3596,38.5973],[-123.3718,38.6063],[-123.3665,38.6127],[-123.3899,38.6298],[-123.3873,38.6319],[-123.4086,38.6548],[-123.4057,38.6567],[-123.4196,38.6746],[-123.4353,38.6815],[-123.4333,38.6891],[-123.441,38.699],[-123.4615,38.7174],[-123.5251,38.7496],[-123.5337,38.768],[-123.5196,38.7581],[-123.5161,38.7676],[-123.5101,38.767],[-123.4971,38.7786],[-123.3682,38.7771],[-123.3684,38.8066],[-123.1363,38.8091],[-123.1366,38.8395],[-123.0812,38.8384],[-123.081,38.8524],[-122.8216,38.8501]]]}},{"type":"Feature","properties":{"CountyName":"Stanislaus","COUNTY_FIPS":"099"},"geometry":{"type":"Polygon","coordinates":[[[-120.6533,37.8319],[-120.3873,37.6335],[-120.9838,37.3996],[-120.9943,37.3853],[-120.9831,37.3866],[-120.9844,37.3751],[-120.9731,37.3762],[-120.9789,37.372],[-120.9742,37.3686],[-120.9818,37.3656],[-120.9765,37.3496],[-120.9638,37.3461],[-121.2268,37.1348],[-121.2371,37.1572],[-121.2621,37.1593],[-121.2811,37.1836],[-121.2986,37.166],[-121.3129,37.1702],[-121.3284,37.166],[-121.3487,37.1811],[-121.361,37.1843],[-121.3843,37.1662],[-121.3836,37.1515],[-121.4,37.1509],[-121.4077,37.169],[-121.4134,37.1723],[-121.4088,37.1825],[-121.4218,37.2213],[-121.4418,37.2311],[-121.4558,37.2494],[-121.454,37.2772],[-121.4591,37.2823],[-121.4487,37.2903],[-121.4497,37.2939],[-121.4235,37.2953],[-121.4058,37.311],[-121.412,37.3244],[-121.4092,37.3306],[-121.4208,37.3447],[-121.4237,37.3588],[-121.4091,37.3807],[-121.4126,37.3894],[-121.4241,37.3936],[-121.4361,37.3961],[-121.4482,37.3917],[-121.4567,37.3955],[-121.4564,37.4067],[-121.4726,37.4233],[-121.4619,37.4388],[-121.4629,37.4515],[-121.4843,37.466],[-121.4868,37.4757],[-121.4745,37.4793],[-121.2409,37.6648],[-121.2302,37.663],[-121.2293,37.6689],[-121.2185,37.6736],[-121.2235,37.6836],[-121.2087,37.6863],[-121.2025,37.696],[-121.1993,37.6902],[-121.1941,37.6949],[-121.1875,37.6875],[-121.1812,37.6879],[-121.1792,37.6927],[-121.1841,37.6926],[-121.1806,37.6937],[-121.1826,37.6985],[-121.1759,37.6994],[-121.1779,37.7062],[-121.1663,37.6994],[-121.1657,37.7043],[-121.1586,37.7054],[-121.1621,37.7081],[-121.1551,37.7203],[-121.1461,37.7175],[-121.1365,37.7247],[-121.1168,37.7242],[-121.1076,37.7323],[-121.1101,37.7421],[-121.0999,37.7402],[-121.0954,37.7332],[-121.0877,37.7414],[-121.067,37.7396],[-121.067,37.7448],[-121.0568,37.7505],[-121.051,37.7418],[-121.0379,37.7392],[-121.0365,37.743],[-121.0257,37.7424],[-121.0177,37.7553],[-121.0112,37.7558],[-121.0127,37.7497],[-121.008,37.7491],[-120.9934,37.7609],[-120.954,37.7384],[-120.942,37.7423],[-120.9208,37.7381],[-120.9264,37.8867],[-120.9265,38.0774],[-120.6533,37.8319]]]}},{"type":"Feature","properties":{"CountyName":"Trinity","COUNTY_FIPS":"105"},"geometry":{"type":"Polygon","coordinates":[[[-122.4984,41.1827],[-122.4926,41.176],[-122.476,41.1765],[-122.446,41.1592],[-122.4506,41.1469],[-122.446,41.1334],[-122.4486,41.1182],[-122.4572,41.0966],[-122.4681,41.0968],[-122.4933,41.086],[-122.5134,41.0882],[-122.5398,41.0726],[-122.538,41.065],[-122.5276,41.0642],[-122.5232,41.0592],[-122.5289,41.0365],[-122.5278,41.0144],[-122.5379,41.0024],[-122.5545,41.0036],[-122.5692,40.985],[-122.5892,40.9854],[-122.5914,40.9767],[-122.5985,40.9759],[-122.6031,40.9594],[-122.6074,40.9578],[-122.6032,40.9406],[-122.6128,40.9213],[-122.6,40.9003],[-122.6099,40.8846],[-122.6255,40.8792],[-122.6264,40.8671],[-122.6344,40.8613],[-122.6397,40.845],[-122.6554,40.8416],[-122.6661,40.8259],[-122.6553,40.8082],[-122.6614,40.8005],[-122.6581,40.7875],[-122.6705,40.7728],[-122.7005,40.7589],[-122.7063,40.7496],[-122.7174,40.7472],[-122.7199,40.7394],[-122.7066,40.7253],[-122.7224,40.6955],[-122.73,40.6922],[-122.7439,40.695],[-122.7523,40.6896],[-122.7426,40.6788],[-122.7412,40.6654],[-122.7336,40.6624],[-122.727,40.6505],[-122.7362,40.6363],[-122.7097,40.6312],[-122.7109,40.6132],[-122.7061,40.6102],[-122.701,40.5877],[-122.6931,40.5753],[-122.6988,40.5693],[-122.7231,40.5752],[-122.7413,40.5641],[-122.7439,40.5538],[-122.7675,40.5552],[-122.7852,40.5409],[-122.7822,40.5319],[-122.7936,40.5234],[-122.7933,40.5145],[-122.846,40.5052],[-122.8521,40.501],[-122.8465,40.4935],[-122.851,40.4859],[-122.8765,40.4804],[-122.8837,40.4748],[-122.9012,40.4456],[-122.9177,40.4498],[-122.9279,40.4471],[-122.9378,40.4369],[-122.9386,40.4289],[-122.9542,40.4215],[-122.961,40.426],[-122.9749,40.4196],[-122.9987,40.4181],[-122.9966,40.3964],[-123.0164,40.3856],[-123.0183,40.3724],[-123.0393,40.3627],[-123.044,40.347],[-123.0569,40.3493],[-123.0655,40.3451],[-123.064,40.3375],[-123.0688,40.3322],[-123.0618,40.3134],[-123.0686,40.3047],[-123.0613,40.2778],[-123.0442,40.2642],[-123.0186,40.2628],[-122.9776,40.2413],[-122.9749,40.2306],[-122.98,40.2147],[-122.9701,40.1863],[-122.984,40.172],[-122.9846,40.1534],[-122.9896,40.1451],[-122.9686,40.139],[-122.9737,40.13],[-122.9611,40.1],[-122.9615,40.0898],[-122.9674,40.0887],[-122.9732,40.0772],[-122.9509,40.0559],[-122.9489,40.0498],[-122.9542,40.0449],[-122.9498,40.031],[-122.9564,40.0199],[-122.9495,40.0121],[-122.9519,39.9988],[-122.9388,39.9913],[-122.934,39.9781],[-123.5446,39.977],[-123.543,40.7336],[-123.5542,40.7595],[-123.5499,40.7758],[-123.5583,40.7811],[-123.56,40.7903],[-123.5663,40.7888],[-123.5659,40.7962],[-123.5541,40.7963],[-123.5562,40.8088],[-123.5625,40.8097],[-123.5687,40.8197],[-123.5596,40.8303],[-123.5663,40.835],[-123.5631,40.8404],[-123.5732,40.8435],[-123.5759,40.858],[-123.5876,40.8585],[-123.5806,40.868],[-123.5911,40.8673],[-123.598,40.8776],[-123.6103,40.879],[-123.5972,40.8841],[-123.6086,40.8949],[-123.6047,40.9004],[-123.6158,40.9141],[-123.6134,40.9216],[-123.6238,40.9294],[-123.5879,40.9278],[-123.5677,40.9366],[-123.57,40.9466],[-123.5602,40.9503],[-123.5412,40.9397],[-123.541,40.9323],[-123.5339,40.9308],[-123.5297,40.9349],[-123.5118,40.9204],[-123.4818,40.9149],[-123.478,40.9281],[-123.4677,40.9382],[-123.448,40.9438],[-123.4449,40.9562],[-123.4533,40.9642],[-123.4366,40.9737],[-123.4349,40.9826],[-123.4273,40.9883],[-123.4278,41.0007],[-123.4201,41.0097],[-123.4061,41.0129],[-123.4103,41.0207],[-123.4072,41.0306],[-123.4193,41.0345],[-123.4238,41.0432],[-123.4233,41.0582],[-123.4307,41.0633],[-123.4456,41.0617],[-123.464,41.0764],[-123.4583,41.0838],[-123.4642,41.0944],[-123.4436,41.0896],[-123.4293,41.118],[-123.4288,41.1521],[-123.4326,41.1623],[-123.417,41.1655],[-123.4077,41.1801],[-123.3935,41.1707],[-123.3927,41.1612],[-123.3841,41.1577],[-123.3812,41.1513],[-123.3533,41.1631],[-123.3296,41.1517],[-123.325,41.1416],[-123.2951,41.1407],[-123.284,41.1235],[-123.2734,41.1229],[-123.2584,41.0936],[-123.2395,41.0758],[-123.2032,41.0718],[-123.1883,41.0776],[-123.1091,41.0754],[-123.1059,41.0658],[-123.0964,41.0594],[-123.0801,41.0576],[-123.0552,41.0467],[-123.046,41.0335],[-123.0476,41.0247],[-123.0368,41.0041],[-122.9801,41.0143],[-122.952,41.0064],[-122.9417,40.9926],[-122.9175,40.994],[-122.9145,41.0069],[-122.9031,41.0116],[-122.9024,41.0238],[-122.8974,41.0292],[-122.9092,41.0412],[-122.9233,41.072],[-122.9421,41.0701],[-122.9532,41.0743],[-122.9661,41.0809],[-122.971,41.0902],[-122.9691,41.1034],[-122.9743,41.1096],[-122.9599,41.124],[-122.9654,41.1383],[-122.9517,41.1503],[-122.9614,41.1815],[-122.9513,41.1856],[-122.9384,41.1781],[-122.9292,41.1787],[-122.9249,41.1867],[-122.9154,41.1872],[-122.9069,41.1959],[-122.8859,41.2051],[-122.844,41.2002],[-122.8252,41.21],[-122.8114,41.2025],[-122.8021,41.2031],[-122.7812,41.2182],[-122.777,41.2308],[-122.7583,41.2408],[-122.7253,41.2475],[-122.7246,41.2611],[-122.712,41.2748],[-122.6874,41.2813],[-122.6791,41.279],[-122.6773,41.285],[-122.6635,41.2916],[-122.6529,41.2897],[-122.6516,41.2996],[-122.6456,41.3047],[-122.6477,41.3223],[-122.6421,41.3266],[-122.6275,41.332],[-122.5989,41.3245],[-122.5891,41.3268],[-122.581,41.3377],[-122.587,41.3497],[-122.5853,41.359],[-122.5714,41.3681],[-122.5517,41.3617],[-122.5405,41.3532],[-122.5427,41.3502],[-122.5358,41.3415],[-122.5039,41.343],[-122.5026,41.3329],[-122.4788,41.3201],[-122.5019,41.3091],[-122.4992,41.2921],[-122.5102,41.2887],[-122.514,41.2802],[-122.514,41.2552],[-122.5083,41.2453],[-122.5175,41.2398],[-122.5123,41.2265],[-122.5226,41.2135],[-122.4974,41.1956],[-122.4984,41.1827]]]}},{"type":"Feature","properties":{"CountyName":"Tulare","COUNTY_FIPS":"107"},"geometry":{"type":"Polygon","coordinates":[[[-118.3606,36.7448],[-118.3396,36.729],[-118.3347,36.7053],[-118.3661,36.6904],[-118.352,36.6829],[-118.3475,36.6723],[-118.3312,36.6694],[-118.3295,36.6654],[-118.3382,36.6554],[-118.3188,36.6389],[-118.3213,36.6274],[-118.3028,36.619],[-118.2939,36.6051],[-118.2816,36.6045],[-118.2746,36.5973],[-118.278,36.5923],[-118.289,36.5907],[-118.288,36.5837],[-118.2941,36.5774],[-118.2898,36.5732],[-118.2912,36.5593],[-118.2759,36.5508],[-118.2653,36.5515],[-118.2602,36.5441],[-118.252,36.5421],[-118.2494,36.524],[-118.2387,36.5234],[-118.2414,36.5],[-118.235,36.4937],[-118.2499,36.4824],[-118.237,36.477],[-118.2326,36.4663],[-118.2159,36.4567],[-118.2096,36.4421],[-118.2148,36.435],[-118.2098,36.4303],[-118.1749,36.4265],[-118.1568,36.4326],[-118.1388,36.4189],[-118.1403,36.4035],[-118.1629,36.3894],[-118.141,36.3716],[-118.1305,36.3703],[-118.1242,36.3519],[-118.1003,36.3461],[-118.0976,36.3311],[-118.1125,36.322],[-118.1118,36.3083],[-118.1216,36.3068],[-118.1201,36.3022],[-118.127,36.3002],[-118.1276,36.2804],[-118.1174,36.2712],[-118.1194,36.2556],[-118.1052,36.2336],[-118.1092,36.2255],[-118.1056,36.2134],[-118.0907,36.1973],[-118.0737,36.1894],[-118.07,36.1786],[-118.0593,36.1701],[-118.0626,36.1622],[-118.0597,36.1508],[-118.0735,36.1403],[-118.0646,36.1104],[-118.0683,36.1085],[-118.0673,36.0934],[-118.0631,36.0892],[-118.058,36.0919],[-118.0516,36.0835],[-118.0517,36.0595],[-118.0427,36.0485],[-118.0463,36.0422],[-118.0395,36.0342],[-118.0414,36.0298],[-118.0371,36.0291],[-118.0336,36.0089],[-118.0121,35.9983],[-118.0036,35.9837],[-118.0045,35.9772],[-118.0146,35.9729],[-118.0168,35.9546],[-118.0111,35.9546],[-118.0069,35.9465],[-117.992,35.9438],[-117.9833,35.9266],[-117.9903,35.9141],[-117.9821,35.8947],[-117.9891,35.8813],[-117.9808,35.8675],[-117.9967,35.8695],[-118.0074,35.8582],[-118.0029,35.8413],[-118.0062,35.829],[-117.9986,35.823],[-118.0077,35.8171],[-118.0081,35.7889],[-118.4672,35.7925],[-119.5381,35.7899],[-119.5364,36.1379],[-119.5292,36.1379],[-119.5294,36.2699],[-119.4746,36.269],[-119.4749,36.401],[-119.5288,36.4015],[-119.5272,36.4889],[-119.5732,36.4888],[-119.5569,36.5034],[-119.4663,36.5752],[-119.3051,36.5737],[-119.3046,36.6606],[-118.9848,36.6572],[-118.9825,36.7417],[-118.555,36.7391],[-118.5555,36.7448],[-118.3606,36.7448]]]}},{"type":"Feature","properties":{"CountyName":"Tuolumne","COUNTY_FIPS":"109"},"geometry":{"type":"Polygon","coordinates":[[[-119.6392,38.3269],[-119.6452,38.3206],[-119.6425,38.2938],[-119.6515,38.2865],[-119.6302,38.2687],[-119.6132,38.2614],[-119.6217,38.2519],[-119.6042,38.235],[-119.6244,38.2287],[-119.625,38.2069],[-119.6327,38.1989],[-119.5983,38.1816],[-119.5856,38.1844],[-119.5786,38.1769],[-119.5814,38.1725],[-119.5765,38.1577],[-119.547,38.1544],[-119.5468,38.1433],[-119.5312,38.1445],[-119.5065,38.1371],[-119.5078,38.1526],[-119.5029,38.159],[-119.4965,38.1567],[-119.4885,38.1322],[-119.4695,38.1283],[-119.4729,38.117],[-119.4621,38.1091],[-119.4575,38.1106],[-119.4645,38.1036],[-119.4598,38.0963],[-119.4494,38.0996],[-119.4459,38.0931],[-119.4405,38.0957],[-119.4416,38.1027],[-119.4306,38.1163],[-119.424,38.1074],[-119.397,38.1068],[-119.3802,38.0926],[-119.3651,38.0902],[-119.3571,38.083],[-119.3459,38.0831],[-119.3359,38.0663],[-119.3242,38.0609],[-119.3227,38.0499],[-119.3112,38.0448],[-119.314,38.0345],[-119.3046,38.0239],[-119.3184,37.9864],[-119.3147,37.9811],[-119.3226,37.971],[-119.3146,37.9641],[-119.3131,37.953],[-119.2879,37.933],[-119.264,37.9265],[-119.2639,37.9122],[-119.2345,37.9103],[-119.2199,37.8986],[-119.2108,37.8994],[-119.2077,37.8898],[-119.2008,37.8874],[-119.2141,37.8715],[-119.2126,37.8569],[-119.2169,37.8496],[-119.1962,37.844],[-119.2069,37.8399],[-119.204,37.8298],[-119.2169,37.8187],[-119.205,37.8115],[-119.203,37.7956],[-119.2153,37.7899],[-119.2213,37.7791],[-119.2431,37.7691],[-119.255,37.7563],[-119.2547,37.7466],[-119.2612,37.741],[-119.2718,37.7392],[-119.2884,37.745],[-119.2934,37.7679],[-119.3112,37.7786],[-119.3073,37.7828],[-119.3112,37.7935],[-119.3218,37.794],[-119.355,37.8118],[-119.3514,37.8255],[-119.3726,37.8329],[-119.3755,37.8409],[-119.4027,37.8352],[-119.4073,37.8549],[-119.422,37.8577],[-119.4268,37.8667],[-119.4427,37.8598],[-119.442,37.8675],[-119.4515,37.871],[-119.4628,37.8684],[-119.4743,37.8556],[-119.4841,37.8644],[-119.5038,37.8686],[-119.5153,37.8844],[-119.5298,37.8911],[-119.5357,37.9041],[-119.5586,37.9031],[-119.5864,37.8901],[-119.5849,37.8749],[-119.5994,37.8599],[-119.625,37.8477],[-119.6486,37.845],[-119.6577,37.8341],[-119.6509,37.8208],[-119.6539,37.8104],[-119.6672,37.8012],[-119.6897,37.8002],[-119.6996,37.7891],[-119.7098,37.7935],[-119.7339,37.7879],[-119.746,37.7829],[-119.751,37.7733],[-119.769,37.7711],[-119.7811,37.7634],[-119.7915,37.7646],[-119.8053,37.7601],[-119.8078,37.755],[-119.8379,37.7702],[-119.852,37.7577],[-119.8682,37.7732],[-119.8755,37.7725],[-119.8727,37.7675],[-119.876,37.7638],[-119.9012,37.7578],[-119.9291,37.7648],[-119.9384,37.763],[-119.9649,37.7828],[-120.025,37.8113],[-120.0363,37.8079],[-120.0546,37.8126],[-120.0583,37.8248],[-120.0652,37.8229],[-120.0795,37.8288],[-120.0905,37.8221],[-120.0903,37.8108],[-120.1272,37.7816],[-120.1618,37.7874],[-120.1742,37.7994],[-120.1826,37.7953],[-120.1806,37.7884],[-120.1887,37.7802],[-120.1835,37.775],[-120.1891,37.7679],[-120.1977,37.7696],[-120.2011,37.7632],[-120.216,37.7653],[-120.2268,37.7603],[-120.2382,37.7653],[-120.2397,37.7535],[-120.2572,37.7478],[-120.2618,37.7407],[-120.2602,37.7337],[-120.2824,37.7454],[-120.2865,37.7295],[-120.3077,37.7356],[-120.3212,37.726],[-120.3323,37.7296],[-120.3445,37.7263],[-120.3381,37.7091],[-120.3064,37.6658],[-120.3123,37.663],[-120.3099,37.656],[-120.3268,37.6492],[-120.3529,37.6748],[-120.3625,37.6728],[-120.3663,37.6808],[-120.3919,37.6836],[-120.3941,37.6681],[-120.3752,37.6522],[-120.3876,37.6337],[-120.6533,37.8319],[-120.6379,37.8478],[-120.6338,37.8606],[-120.6047,37.8732],[-120.5875,37.8952],[-120.5714,37.8944],[-120.5622,37.9141],[-120.5511,37.9217],[-120.5424,37.9205],[-120.5353,37.9444],[-120.5135,37.9564],[-120.5283,37.9759],[-120.5431,37.9752],[-120.5276,37.9829],[-120.5348,37.9912],[-120.5217,37.9952],[-120.5154,38.0043],[-120.5093,37.9999],[-120.5136,37.9956],[-120.5045,37.9911],[-120.4994,37.9962],[-120.5003,38.0072],[-120.4928,38.0111],[-120.4638,38.0104],[-120.4695,38.0186],[-120.4621,38.0224],[-120.4425,38.0587],[-120.4318,38.0598],[-120.4313,38.0728],[-120.4247,38.0729],[-120.4146,38.0819],[-120.4096,38.103],[-120.3872,38.116],[-120.3787,38.1348],[-120.3714,38.1379],[-120.3762,38.1427],[-120.3715,38.1499],[-120.3576,38.1539],[-120.3596,38.1613],[-120.3499,38.1702],[-120.3405,38.172],[-120.3395,38.1839],[-120.3219,38.2013],[-120.3074,38.2247],[-120.2913,38.234],[-120.2898,38.2459],[-120.2724,38.2598],[-120.2708,38.2707],[-120.2367,38.2987],[-120.2286,38.3147],[-120.2052,38.3297],[-120.1765,38.3738],[-120.1419,38.3938],[-120.0879,38.4034],[-120.0736,38.4136],[-120.049,38.4194],[-120.0406,38.4259],[-120.0299,38.4247],[-120.02,38.4335],[-119.8848,38.3562],[-119.8376,38.3824],[-119.8147,38.3875],[-119.8014,38.4015],[-119.7706,38.4067],[-119.7507,38.4174],[-119.7129,38.4185],[-119.6985,38.4093],[-119.6936,38.3789],[-119.7,38.3652],[-119.6392,38.3269]]]}},{"type":"Feature","properties":{"CountyName":"Yuba","COUNTY_FIPS":"115"},"geometry":{"type":"Polygon","coordinates":[[[-121.0221,39.3916],[-121.0257,39.3894],[-121.0346,39.3955],[-121.0419,39.3882],[-121.0498,39.3955],[-121.0631,39.391],[-121.084,39.3946],[-121.0869,39.3864],[-121.0964,39.3877],[-121.1016,39.381],[-121.1279,39.38],[-121.1271,39.3726],[-121.1369,39.3681],[-121.1451,39.3558],[-121.1438,39.3497],[-121.1548,39.3486],[-121.1575,39.3325],[-121.1625,39.3326],[-121.165,39.3386],[-121.178,39.3387],[-121.1845,39.3309],[-121.1956,39.3296],[-121.2064,39.3165],[-121.2002,39.3024],[-121.2149,39.2929],[-121.2184,39.2842],[-121.2426,39.2835],[-121.2661,39.2727],[-121.2592,39.2564],[-121.2693,39.2521],[-121.2688,39.2403],[-121.2795,39.2305],[-121.2795,39.0346],[-121.2902,39.0369],[-121.2937,39.0443],[-121.3092,39.0526],[-121.3539,39.0313],[-121.3657,39.0317],[-121.4148,38.9965],[-121.4438,38.9933],[-121.4595,38.9978],[-121.4897,38.9921],[-121.4937,38.9843],[-121.509,38.9828],[-121.5247,38.9715],[-121.5433,38.9724],[-121.5535,38.9538],[-121.5615,38.9534],[-121.5713,38.9389],[-121.5754,38.9184],[-121.5787,38.9214],[-121.5822,38.9357],[-121.578,38.9468],[-121.5894,38.9903],[-121.5791,39.0067],[-121.6,39.0121],[-121.5944,39.0233],[-121.6056,39.0326],[-121.6103,39.0568],[-121.5861,39.0891],[-121.5873,39.1017],[-121.6027,39.1002],[-121.6046,39.1139],[-121.5977,39.1278],[-121.6076,39.1409],[-121.6055,39.1485],[-121.6156,39.1678],[-121.6112,39.1757],[-121.6185,39.1831],[-121.6131,39.1905],[-121.6237,39.1957],[-121.6291,39.2047],[-121.6211,39.2062],[-121.6203,39.2135],[-121.6136,39.2139],[-121.6181,39.2207],[-121.6144,39.2289],[-121.6277,39.2286],[-121.6277,39.2355],[-121.6364,39.2461],[-121.6357,39.262],[-121.6272,39.2594],[-121.6214,39.2637],[-121.6325,39.2707],[-121.622,39.2736],[-121.6317,39.2915],[-121.6182,39.301],[-121.6208,39.3033],[-121.6119,39.319],[-121.6042,39.318],[-121.6023,39.3114],[-121.5942,39.3078],[-121.5757,39.3108],[-121.5637,39.3049],[-121.5306,39.3183],[-121.4978,39.3142],[-121.4953,39.319],[-121.4841,39.318],[-121.4841,39.3261],[-121.4746,39.3335],[-121.4636,39.3309],[-121.4576,39.3355],[-121.447,39.3306],[-121.4348,39.3375],[-121.4263,39.335],[-121.4073,39.3399],[-121.4032,39.3496],[-121.3724,39.3649],[-121.3726,39.3736],[-121.36,39.399],[-121.3631,39.4042],[-121.3341,39.4258],[-121.3454,39.4389],[-121.3452,39.4526],[-121.3384,39.4544],[-121.3383,39.465],[-121.3242,39.4686],[-121.3241,39.4757],[-121.3148,39.4759],[-121.315,39.487],[-121.3102,39.4868],[-121.3102,39.4978],[-121.3054,39.4978],[-121.3051,39.5196],[-121.2768,39.5203],[-121.2771,39.5128],[-121.2403,39.5131],[-121.2405,39.5266],[-121.21,39.5272],[-121.1852,39.5267],[-121.1854,39.5197],[-121.1593,39.5196],[-121.159,39.5261],[-121.1499,39.5265],[-121.1499,39.5553],[-121.1409,39.5556],[-121.1412,39.5623],[-121.107,39.5672],[-121.1075,39.5853],[-121.0796,39.5853],[-121.0767,39.5973],[-121.0095,39.6395],[-121.0244,39.5591],[-121.0483,39.5483],[-121.0582,39.537],[-121.0488,39.517],[-121.0344,39.5145],[-121.0221,39.3916]]]}},{"type":"Feature","properties":{"CountyName":"Yolo","COUNTY_FIPS":"113"},"geometry":{"type":"Polygon","coordinates":[[[-121.8355,38.9245],[-121.8289,38.9185],[-121.8055,38.9151],[-121.8059,38.9108],[-121.8153,38.9112],[-121.8102,38.9079],[-121.7915,38.9054],[-121.7936,38.9007],[-121.804,38.9017],[-121.8068,38.8903],[-121.8173,38.8829],[-121.8024,38.8646],[-121.7873,38.864],[-121.7839,38.8565],[-121.7653,38.8642],[-121.7584,38.8624],[-121.7593,38.8684],[-121.7486,38.8713],[-121.7448,38.8642],[-121.7236,38.8523],[-121.731,38.8353],[-121.7234,38.8256],[-121.7234,38.8038],[-121.7013,38.803],[-121.6907,38.7956],[-121.6934,38.7898],[-121.6865,38.7754],[-121.6926,38.7677],[-121.67,38.7593],[-121.6772,38.7509],[-121.6741,38.7433],[-121.668,38.7545],[-121.6585,38.755],[-121.6643,38.7653],[-121.6622,38.7698],[-121.6541,38.7645],[-121.639,38.7672],[-121.6462,38.7741],[-121.6344,38.7679],[-121.628,38.779],[-121.631,38.7829],[-121.6264,38.7852],[-121.603,38.7781],[-121.5926,38.7629],[-121.5934,38.754],[-121.6066,38.7171],[-121.6325,38.695],[-121.6311,38.679],[-121.5941,38.6441],[-121.5872,38.6427],[-121.5761,38.6486],[-121.5669,38.6451],[-121.5583,38.6082],[-121.5499,38.5994],[-121.5277,38.6046],[-121.5087,38.5968],[-121.5083,38.5805],[-121.521,38.5662],[-121.5126,38.5417],[-121.5305,38.5303],[-121.5253,38.519],[-121.5518,38.5139],[-121.559,38.4996],[-121.5427,38.4765],[-121.511,38.4735],[-121.5042,38.4666],[-121.5039,38.4396],[-121.5326,38.4315],[-121.5133,38.3988],[-121.5148,38.3872],[-121.5243,38.379],[-121.521,38.3612],[-121.5372,38.3476],[-121.5594,38.3426],[-121.5752,38.3272],[-121.584,38.3317],[-121.5933,38.3131],[-121.6937,38.3137],[-121.6947,38.5271],[-121.712,38.538],[-121.7386,38.5377],[-121.7651,38.5259],[-121.7717,38.5323],[-121.7858,38.5231],[-121.8601,38.5385],[-121.8845,38.539],[-121.909,38.5296],[-121.9411,38.5333],[-122.0136,38.4887],[-122.0356,38.4961],[-122.0574,38.5174],[-122.1041,38.5134],[-122.113,38.5272],[-122.1344,38.6046],[-122.1494,38.6255],[-122.1665,38.6197],[-122.1687,38.6299],[-122.1592,38.6351],[-122.1661,38.6552],[-122.1901,38.6635],[-122.2021,38.6777],[-122.1981,38.6836],[-122.2014,38.6907],[-122.2222,38.6986],[-122.2252,38.7274],[-122.2487,38.7551],[-122.2545,38.7816],[-122.2871,38.8394],[-122.303,38.8426],[-122.3154,38.8396],[-122.3241,38.8463],[-122.3507,38.8359],[-122.3716,38.8447],[-122.3921,38.8585],[-122.3953,38.864],[-122.3912,38.8687],[-122.4221,38.9009],[-122.404,38.9253],[-121.8355,38.9245]]]}},{"type":"Feature","properties":{"CountyName":"Butte","COUNTY_FIPS":"023"},"geometry":{"type":"Polygon","coordinates":[[[-121.0794,39.6034],[-121.0796,39.5853],[-121.1075,39.5853],[-121.107,39.5672],[-121.1412,39.5623],[-121.1409,39.5556],[-121.1499,39.5553],[-121.1499,39.5265],[-121.159,39.5261],[-121.1593,39.5196],[-121.1854,39.5197],[-121.1852,39.5267],[-121.21,39.5272],[-121.2405,39.5266],[-121.2403,39.5131],[-121.2771,39.5128],[-121.2768,39.5203],[-121.3051,39.5196],[-121.3054,39.4978],[-121.3102,39.4978],[-121.3102,39.4868],[-121.315,39.487],[-121.3148,39.4759],[-121.3241,39.4757],[-121.3242,39.4686],[-121.3383,39.465],[-121.3384,39.4544],[-121.3452,39.4526],[-121.3454,39.4389],[-121.3341,39.4258],[-121.3631,39.4042],[-121.36,39.399],[-121.3726,39.3736],[-121.3724,39.3649],[-121.4032,39.3496],[-121.4075,39.3398],[-121.4263,39.335],[-121.4348,39.3375],[-121.447,39.3306],[-121.4576,39.3355],[-121.4636,39.3309],[-121.4746,39.3335],[-121.4841,39.3261],[-121.4841,39.318],[-121.4953,39.319],[-121.4978,39.3142],[-121.5306,39.3183],[-121.5637,39.3049],[-121.5757,39.3108],[-121.5942,39.3078],[-121.6112,39.3193],[-121.6238,39.2956],[-121.6323,39.3022],[-121.6302,39.3057],[-121.9083,39.3039],[-121.9031,39.3301],[-121.8944,39.3411],[-121.8991,39.3573],[-121.8936,39.3586],[-121.8839,39.3739],[-121.8904,39.3902],[-121.8708,39.4487],[-121.8749,39.4605],[-121.8694,39.4662],[-121.8736,39.4786],[-121.8709,39.4851],[-121.8774,39.5096],[-121.8595,39.5272],[-121.8565,39.5369],[-121.9452,39.5361],[-121.974,39.5289],[-121.9768,39.5329],[-121.994,39.5339],[-122.0031,39.5593],[-121.9906,39.5643],[-122.0014,39.569],[-122.0033,39.5748],[-121.9952,39.5818],[-121.9958,39.6032],[-121.9794,39.6172],[-121.9907,39.6263],[-121.9908,39.6365],[-121.9851,39.6459],[-121.9688,39.6481],[-121.9666,39.6524],[-121.9758,39.6635],[-121.9908,39.6604],[-121.9974,39.6685],[-121.9614,39.6773],[-121.9569,39.6875],[-121.9449,39.6909],[-121.9419,39.6997],[-121.951,39.715],[-121.947,39.7307],[-121.9514,39.7328],[-121.9556,39.7208],[-121.9625,39.7177],[-121.9679,39.7233],[-121.9602,39.7342],[-121.9638,39.7414],[-121.9694,39.7394],[-121.9707,39.7321],[-121.9822,39.7339],[-121.9981,39.7524],[-122.0246,39.7679],[-122.0326,39.7794],[-122.0242,39.7985],[-122.0336,39.7994],[-122.0401,39.7928],[-122.0639,39.8106],[-122.0567,39.8273],[-122.0694,39.8405],[-122.041,39.8795],[-122.0449,39.8838],[-121.8041,39.8843],[-121.8061,39.8882],[-121.7762,39.8889],[-121.7506,39.9068],[-121.7446,39.9419],[-121.7296,39.9561],[-121.725,39.9676],[-121.7075,39.9768],[-121.7033,39.9842],[-121.646,39.9825],[-121.6459,39.9971],[-121.6355,39.9968],[-121.6362,40.0258],[-121.6261,40.0256],[-121.6261,40.0395],[-121.6178,40.0394],[-121.6173,40.0471],[-121.6087,40.0468],[-121.6087,40.0551],[-121.5957,40.0577],[-121.5958,40.0935],[-121.5862,40.0933],[-121.5864,40.1005],[-121.5106,40.1005],[-121.5106,40.108],[-121.4909,40.108],[-121.4909,40.1153],[-121.481,40.1151],[-121.481,40.1224],[-121.4529,40.1221],[-121.4527,40.1297],[-121.4429,40.1297],[-121.4428,40.1487],[-121.4369,40.1519],[-121.4045,40.1517],[-121.4049,40.1156],[-121.3859,40.1159],[-121.3861,40.1087],[-121.3765,40.1086],[-121.3768,40.086],[-121.3668,40.0861],[-121.3672,40.0719],[-121.3769,40.0718],[-121.3771,40.0571],[-121.382,40.057],[-121.3823,40.0518],[-121.4004,40.0521],[-121.4004,40.0305],[-121.4097,40.0306],[-121.4096,40.0157],[-121.4195,40.0158],[-121.4198,39.9876],[-121.4103,39.9873],[-121.4103,39.9585],[-121.4199,39.9586],[-121.4206,39.9295],[-121.4111,39.9294],[-121.411,39.9151],[-121.43,39.9148],[-121.43,39.9003],[-121.411,39.9004],[-121.4119,39.8714],[-121.399,39.8713],[-121.3985,39.8629],[-121.3802,39.8628],[-121.3802,39.8554],[-121.3612,39.8555],[-121.3605,39.8407],[-121.3511,39.8404],[-121.3508,39.8257],[-121.3323,39.8257],[-121.3323,39.8111],[-121.3185,39.8109],[-121.317,39.7967],[-121.3077,39.7966],[-121.3078,39.7894],[-121.2941,39.7893],[-121.285,39.7816],[-121.2859,39.7676],[-121.2683,39.7688],[-121.268,39.7542],[-121.2507,39.754],[-121.2483,39.74],[-121.2297,39.7402],[-121.2295,39.7257],[-121.2109,39.7257],[-121.2087,39.7004],[-121.1905,39.6999],[-121.1903,39.6854],[-121.1712,39.6856],[-121.1712,39.6711],[-121.163,39.671],[-121.1629,39.6638],[-121.1552,39.6639],[-121.1551,39.6568],[-121.1364,39.6568],[-121.1367,39.6282],[-121.1166,39.6281],[-121.1163,39.621],[-121.0976,39.6209],[-121.0977,39.6137],[-121.089,39.6136],[-121.0889,39.6033],[-121.0794,39.6034]]]}},{"type":"Feature","properties":{"CountyName":"Calaveras","COUNTY_FIPS":"009"},"geometry":{"type":"Polygon","coordinates":[[[-120.02,38.4335],[-120.0299,38.4247],[-120.0406,38.4259],[-120.049,38.4194],[-120.0736,38.4136],[-120.0879,38.4034],[-120.1349,38.3965],[-120.1765,38.3738],[-120.2052,38.3297],[-120.2286,38.3147],[-120.2367,38.2987],[-120.2708,38.2707],[-120.2724,38.2598],[-120.2898,38.2459],[-120.2913,38.234],[-120.3074,38.2247],[-120.3219,38.2013],[-120.3395,38.1839],[-120.3405,38.172],[-120.3499,38.1702],[-120.3596,38.1613],[-120.3576,38.1539],[-120.3715,38.1499],[-120.3762,38.1427],[-120.3714,38.1379],[-120.3787,38.1348],[-120.3872,38.116],[-120.4096,38.103],[-120.4146,38.0819],[-120.4247,38.0729],[-120.4308,38.0734],[-120.4313,38.0605],[-120.4425,38.0587],[-120.4621,38.0224],[-120.4695,38.0186],[-120.4638,38.0104],[-120.4928,38.0111],[-120.5003,38.0072],[-120.4994,37.9962],[-120.5045,37.9911],[-120.5136,37.9956],[-120.5093,37.9999],[-120.5154,38.0043],[-120.5217,37.9952],[-120.5348,37.9912],[-120.5276,37.9829],[-120.5431,37.9752],[-120.5283,37.9759],[-120.5135,37.9564],[-120.5353,37.9444],[-120.5424,37.9205],[-120.5511,37.9217],[-120.5622,37.9141],[-120.5714,37.8944],[-120.5875,37.8952],[-120.6047,37.8732],[-120.6338,37.8606],[-120.6379,37.8478],[-120.6533,37.8319],[-120.9389,38.0883],[-120.9955,38.2254],[-120.9721,38.218],[-120.9534,38.2263],[-120.9355,38.2209],[-120.915,38.23],[-120.8929,38.2216],[-120.8808,38.2336],[-120.8801,38.2406],[-120.8557,38.2483],[-120.8468,38.2643],[-120.8221,38.2755],[-120.8177,38.2836],[-120.8106,38.2816],[-120.8078,38.2887],[-120.7985,38.2856],[-120.7549,38.2883],[-120.7383,38.3078],[-120.6882,38.3189],[-120.6749,38.3307],[-120.6565,38.3309],[-120.6385,38.3408],[-120.6318,38.34],[-120.6283,38.3554],[-120.6197,38.3577],[-120.6186,38.3665],[-120.6101,38.3707],[-120.6171,38.3782],[-120.6081,38.398],[-120.5743,38.4019],[-120.5716,38.4139],[-120.5408,38.4231],[-120.5376,38.4185],[-120.5301,38.4189],[-120.4954,38.4496],[-120.4614,38.4462],[-120.4232,38.4733],[-120.3881,38.4667],[-120.3807,38.461],[-120.3649,38.4666],[-120.3311,38.4652],[-120.2948,38.4772],[-120.2691,38.4778],[-120.2599,38.4867],[-120.2409,38.4854],[-120.2094,38.5008],[-120.1643,38.4942],[-120.1394,38.4983],[-120.1235,38.496],[-120.1034,38.5054],[-120.0725,38.5099],[-120.0726,38.4471],[-120.0537,38.4556],[-120.02,38.4335]]]}},{"type":"Feature","properties":{"CountyName":"Contra Costa","COUNTY_FIPS":"013"},"geometry":{"type":"MultiPolygon","coordinates":[[[[-122.358,37.8998],[-122.3514,37.8939],[-122.3684,37.9009],[-122.358,37.8998]]],[[[-121.5823,38.0949],[-121.5729,38.0737],[-121.5822,38.0684],[-121.5844,38.036],[-121.5788,38.0326],[-121.5802,38.0413],[-121.573,38.0422],[-121.5714,38.0304],[-121.5647,38.0302],[-121.5575,38.0166],[-121.5726,38.018],[-121.5672,38.012],[-121.5779,38.0108],[-121.5799,38.0064],[-121.569,38.0014],[-121.579,37.9986],[-121.5761,37.9949],[-121.5825,37.9839],[-121.5724,37.9791],[-121.5802,37.9764],[-121.5652,37.9599],[-121.5752,37.9551],[-121.5635,37.9548],[-121.5674,37.944],[-121.5576,37.9465],[-121.5636,37.9434],[-121.5564,37.9236],[-121.5651,37.9192],[-121.5633,37.9106],[-121.5728,37.9043],[-121.5659,37.8977],[-121.5759,37.8883],[-121.5793,37.8706],[-121.5734,37.8658],[-121.5794,37.8602],[-121.569,37.8606],[-121.5705,37.8576],[-121.562,37.8531],[-121.5603,37.8586],[-121.5525,37.8611],[-121.5475,37.8552],[-121.5407,37.8576],[-121.54,37.8488],[-121.5341,37.8495],[-121.5382,37.8374],[-121.552,37.83],[-121.5535,37.8184],[-121.9601,37.7185],[-121.972,37.7303],[-121.9881,37.7332],[-122.0118,37.7474],[-122.0108,37.7551],[-121.9974,37.7634],[-122.0138,37.7801],[-122.0455,37.7981],[-122.1407,37.8047],[-122.1574,37.818],[-122.1669,37.8134],[-122.1779,37.8163],[-122.1869,37.8221],[-122.1851,37.8374],[-122.2089,37.8519],[-122.2214,37.8655],[-122.2177,37.8723],[-122.2289,37.881],[-122.2441,37.8832],[-122.2569,37.8998],[-122.2711,37.9058],[-122.2885,37.8976],[-122.3168,37.8995],[-122.3224,37.8954],[-122.3275,37.9014],[-122.3185,37.9031],[-122.3197,37.9057],[-122.3381,37.9131],[-122.337,37.909],[-122.352,37.9079],[-122.3476,37.9142],[-122.3606,37.9095],[-122.3669,37.9246],[-122.3681,37.9208],[-122.3769,37.9237],[-122.3661,37.9177],[-122.3636,37.9053],[-122.3815,37.9117],[-122.3931,37.9081],[-122.3867,37.9205],[-122.3987,37.9298],[-122.4007,37.9276],[-122.4089,37.923],[-122.4082,37.9219],[-122.4099,37.9224],[-122.4091,37.9208],[-122.4141,37.9262],[-122.4102,37.9228],[-122.4004,37.9295],[-122.4139,37.9364],[-122.4126,37.9437],[-122.4224,37.9471],[-122.4185,37.9514],[-122.4295,37.9618],[-122.4278,37.9656],[-122.4136,37.9632],[-122.4113,37.9565],[-122.3986,37.9528],[-122.3953,37.9555],[-122.3991,37.9583],[-122.3845,37.9677],[-122.3836,37.9765],[-122.3722,37.9748],[-122.3633,37.9848],[-122.3603,37.9916],[-122.3664,37.9994],[-122.3674,38.0124],[-122.335,38.0021],[-122.3167,38.0127],[-122.3007,38.011],[-122.2903,38.0236],[-122.2827,38.0235],[-122.2742,38.0394],[-122.2655,38.0407],[-122.262,38.0572],[-122.2577,38.0519],[-122.2443,38.0584],[-122.1904,38.0524],[-122.1786,38.044],[-122.1764,38.048],[-122.1646,38.0347],[-122.1431,38.0318],[-122.0611,38.0621],[-122.0284,38.0592],[-121.9775,38.0668],[-121.9354,38.0488],[-121.9068,38.045],[-121.8748,38.0507],[-121.8622,38.0661],[-121.8468,38.06],[-121.8321,38.0311],[-121.8182,38.0222],[-121.7814,38.0186],[-121.7378,38.0266],[-121.6998,38.0452],[-121.6809,38.0621],[-121.6819,38.082],[-121.6731,38.0935],[-121.6619,38.0956],[-121.6381,38.0861],[-121.6274,38.0984],[-121.6049,38.0999],[-121.5823,38.0949]]]]}},{"type":"Feature","properties":{"CountyName":"Del Norte","COUNTY_FIPS":"015"},"geometry":{"type":"MultiPolygon","coordinates":[[[[-124.2026,41.7445],[-124.2035,41.7433],[-124.2042,41.7438],[-124.2026,41.7445]]],[[[-123.624,41.9998],[-123.5179,42.0008],[-123.5199,41.9952],[-123.5409,41.9853],[-123.5333,41.9552],[-123.5544,41.9301],[-123.5536,41.9147],[-123.5595,41.906],[-123.578,41.903],[-123.5936,41.9063],[-123.6063,41.8808],[-123.6171,41.8818],[-123.6245,41.8884],[-123.6422,41.8897],[-123.6523,41.8789],[-123.6465,41.8767],[-123.6514,41.8729],[-123.6495,41.8603],[-123.6615,41.8565],[-123.6714,41.845],[-123.6708,41.8354],[-123.6829,41.8371],[-123.7038,41.8291],[-123.7031,41.8198],[-123.6944,41.8157],[-123.69,41.8032],[-123.6721,41.796],[-123.6746,41.7856],[-123.6884,41.7812],[-123.6783,41.7385],[-123.6661,41.7322],[-123.6602,41.7141],[-123.6701,41.7017],[-123.6629,41.6935],[-123.6896,41.6694],[-123.6853,41.6601],[-123.6885,41.6527],[-123.6805,41.634],[-123.6967,41.6339],[-123.6975,41.6267],[-123.7161,41.6066],[-123.7191,41.5953],[-123.7157,41.5913],[-123.6989,41.5957],[-123.6976,41.5909],[-123.6823,41.5949],[-123.6814,41.5867],[-123.6891,41.5821],[-123.6815,41.5718],[-123.6939,41.5519],[-123.6826,41.5431],[-123.67,41.5441],[-123.6481,41.535],[-123.6426,41.5227],[-123.6461,41.5124],[-123.6345,41.4861],[-123.6378,41.4824],[-123.6266,41.4668],[-123.6116,41.4616],[-123.6159,41.453],[-123.6124,41.449],[-123.622,41.4326],[-123.6486,41.4208],[-123.6389,41.4074],[-123.6417,41.4002],[-123.656,41.3953],[-123.6555,41.3884],[-123.6614,41.3821],[-123.7703,41.3808],[-123.7706,41.4642],[-124.0652,41.4647],[-124.0846,41.5243],[-124.0816,41.5475],[-124.0923,41.5532],[-124.1011,41.5692],[-124.102,41.5794],[-124.0974,41.5853],[-124.1048,41.5944],[-124.1008,41.6022],[-124.1158,41.6151],[-124.1199,41.6396],[-124.1356,41.6573],[-124.1435,41.6874],[-124.1435,41.7093],[-124.1524,41.726],[-124.1713,41.7435],[-124.1778,41.7457],[-124.1854,41.7393],[-124.1811,41.7448],[-124.1937,41.7498],[-124.1995,41.7432],[-124.2163,41.7508],[-124.2417,41.7719],[-124.2544,41.7707],[-124.2485,41.7735],[-124.256,41.783],[-124.245,41.7923],[-124.2307,41.8187],[-124.2084,41.8882],[-124.2034,41.941],[-124.2102,41.9507],[-124.2049,41.9834],[-124.2116,41.9985],[-123.6572,41.9951],[-123.624,41.9998]]]]}},{"type":"Feature","properties":{"CountyName":"Fresno","COUNTY_FIPS":"019"},"geometry":{"type":"Polygon","coordinates":[[[-118.775,37.4631],[-118.7633,37.4565],[-118.7589,37.4413],[-118.7675,37.4236],[-118.7798,37.4217],[-118.79,37.394],[-118.7677,37.3677],[-118.7686,37.3598],[-118.7815,37.3564],[-118.7867,37.3434],[-118.7801,37.3349],[-118.7579,37.3288],[-118.7411,37.3153],[-118.716,37.3282],[-118.695,37.306],[-118.6821,37.2805],[-118.6653,37.2619],[-118.6838,37.2444],[-118.6823,37.234],[-118.6864,37.2276],[-118.6756,37.2142],[-118.6814,37.2044],[-118.6665,37.1895],[-118.6643,37.1782],[-118.6727,37.1673],[-118.6665,37.1614],[-118.6672,37.1546],[-118.6546,37.1418],[-118.6413,37.1372],[-118.6134,37.143],[-118.5997,37.1365],[-118.5927,37.1382],[-118.5831,37.1224],[-118.569,37.1226],[-118.5641,37.1132],[-118.5451,37.1154],[-118.5309,37.1112],[-118.5221,37.0984],[-118.5119,37.0928],[-118.5031,37.0952],[-118.4866,37.0774],[-118.4712,37.0727],[-118.4673,37.0668],[-118.449,37.0691],[-118.4371,37.0598],[-118.435,37.0497],[-118.4417,37.045],[-118.4228,37.0258],[-118.428,37.0112],[-118.4122,36.9983],[-118.4189,36.9948],[-118.4195,36.9874],[-118.4044,36.972],[-118.4047,36.9575],[-118.3966,36.9573],[-118.3884,36.9455],[-118.3608,36.8877],[-118.3702,36.8717],[-118.3622,36.8614],[-118.3622,36.844],[-118.3715,36.8361],[-118.3898,36.8345],[-118.3937,36.8297],[-118.374,36.8002],[-118.3802,36.7822],[-118.3692,36.75],[-118.3606,36.7448],[-118.5555,36.7448],[-118.555,36.7391],[-118.9825,36.7417],[-118.9848,36.6572],[-119.3046,36.6606],[-119.3051,36.5737],[-119.4663,36.5752],[-119.5461,36.509],[-119.6666,36.4188],[-119.6716,36.4311],[-119.6936,36.4245],[-119.7057,36.427],[-119.714,36.4189],[-119.7463,36.4168],[-119.7531,36.4019],[-119.9592,36.401],[-119.9589,36.1814],[-120.3151,35.9072],[-120.3323,35.9155],[-120.3367,35.9236],[-120.3359,35.9371],[-120.3565,35.9481],[-120.3625,35.9594],[-120.3604,35.9644],[-120.394,35.9679],[-120.4086,35.976],[-120.4344,35.9694],[-120.4497,35.9884],[-120.4774,36.0008],[-120.4793,36.0107],[-120.5176,36.0275],[-120.52,36.0209],[-120.5298,36.0243],[-120.527,36.0357],[-120.5404,36.0367],[-120.5454,36.0461],[-120.5667,36.0529],[-120.5879,36.0666],[-120.5961,36.0782],[-120.5898,36.0896],[-120.5994,36.1009],[-120.608,36.1027],[-120.6152,36.0952],[-120.6336,36.1033],[-120.6419,36.1013],[-120.6488,36.108],[-120.6454,36.1162],[-120.6532,36.1188],[-120.6565,36.1326],[-120.6676,36.1381],[-120.6647,36.1473],[-120.672,36.1643],[-120.6643,36.1657],[-120.6631,36.1712],[-120.6499,36.168],[-120.652,36.1741],[-120.6447,36.1792],[-120.6392,36.1965],[-120.6269,36.2032],[-120.6517,36.2307],[-120.6798,36.2467],[-120.6815,36.252],[-120.673,36.2577],[-120.6804,36.2671],[-120.6726,36.2805],[-120.6829,36.2868],[-120.6828,36.2943],[-120.6588,36.3162],[-120.6179,36.3188],[-120.5966,36.3285],[-120.5972,36.4882],[-120.6037,36.4882],[-120.9187,36.7404],[-120.656,36.9528],[-120.5906,36.9526],[-120.5905,36.9816],[-120.5853,36.9906],[-120.5986,36.9986],[-120.5417,37.0445],[-120.5378,37.0342],[-120.5453,37.0269],[-120.5369,37.0193],[-120.5307,37.0202],[-120.5304,37.0129],[-120.5138,37.011],[-120.5082,37.0003],[-120.503,37.0006],[-120.4995,36.982],[-120.4842,36.9724],[-120.489,36.9657],[-120.478,36.9547],[-120.4756,36.94],[-120.468,36.9375],[-120.4571,36.9236],[-120.4622,36.9172],[-120.4504,36.9128],[-120.4556,36.9055],[-120.4638,36.9054],[-120.461,36.9023],[-120.4668,36.8922],[-120.4537,36.8808],[-120.4594,36.8753],[-120.4503,36.8712],[-120.4541,36.8602],[-120.4395,36.8557],[-120.4403,36.85],[-120.4339,36.8506],[-120.4171,36.8356],[-120.4099,36.8398],[-120.4007,36.8224],[-120.3876,36.8239],[-120.3791,36.8172],[-120.3771,36.8088],[-120.3692,36.8101],[-120.3744,36.8011],[-120.3698,36.7956],[-120.3707,36.7852],[-120.3451,36.7851],[-120.351,36.7954],[-120.3477,36.7982],[-120.3441,36.7914],[-120.3344,36.7915],[-120.3346,36.7829],[-120.3242,36.7863],[-120.3217,36.7777],[-120.3126,36.782],[-120.3004,36.7776],[-120.3061,36.7703],[-120.2932,36.7722],[-120.2906,36.7631],[-120.2855,36.7735],[-120.2814,36.7666],[-120.2734,36.7742],[-120.256,36.7696],[-120.2489,36.7751],[-120.2299,36.7691],[-120.2333,36.7811],[-120.2071,36.7909],[-120.1897,36.7761],[-120.1815,36.7833],[-120.1727,36.8029],[-120.1569,36.7982],[-120.1366,36.8093],[-120.0986,36.8149],[-120.0795,36.8254],[-120.0714,36.8187],[-120.056,36.8229],[-120.0423,36.8155],[-120.0278,36.8145],[-120.0137,36.8281],[-119.9924,36.829],[-119.9903,36.8378],[-119.9847,36.8408],[-119.9706,36.8329],[-119.9435,36.834],[-119.9346,36.838],[-119.9291,36.8479],[-119.9119,36.8453],[-119.9029,36.8518],[-119.8885,36.8522],[-119.8849,36.8586],[-119.855,36.8512],[-119.8475,36.8604],[-119.8409,36.8613],[-119.8369,36.8538],[-119.8185,36.8481],[-119.7965,36.8754],[-119.7861,36.8789],[-119.7893,36.8967],[-119.7757,36.9091],[-119.7727,36.9186],[-119.755,36.9225],[-119.7503,36.9283],[-119.7521,36.9359],[-119.7338,36.9464],[-119.7367,36.9536],[-119.7433,36.9546],[-119.7405,36.9702],[-119.6981,37.0088],[-119.6586,37.0133],[-119.6594,37.0389],[-119.6495,37.0435],[-119.6394,37.0433],[-119.629,37.0346],[-119.6354,37.0216],[-119.6211,37.0266],[-119.6104,37.0457],[-119.6136,37.052],[-119.6049,37.071],[-119.5614,37.0655],[-119.559,37.0881],[-119.5416,37.096],[-119.5376,37.1051],[-119.5488,37.1168],[-119.5686,37.1167],[-119.5609,37.1429],[-119.55,37.1446],[-119.525,37.1282],[-119.5175,37.1468],[-119.5061,37.1504],[-119.4892,37.1373],[-119.4913,37.1197],[-119.4833,37.1103],[-119.4748,37.11],[-119.4663,37.1196],[-119.4692,37.1259],[-119.4626,37.1442],[-119.4349,37.147],[-119.4321,37.1626],[-119.4158,37.1635],[-119.4068,37.16],[-119.3998,37.1498],[-119.3889,37.1492],[-119.375,37.1579],[-119.3752,37.1641],[-119.3619,37.1679],[-119.3606,37.1805],[-119.3431,37.1891],[-119.3301,37.2074],[-119.3308,37.2152],[-119.3378,37.2192],[-119.3222,37.2534],[-119.3264,37.2699],[-119.3323,37.2744],[-119.3269,37.2919],[-119.3354,37.3112],[-119.3158,37.3248],[-119.3258,37.3354],[-119.3122,37.3397],[-119.3154,37.3461],[-119.3122,37.3527],[-119.0224,37.5857],[-119.0023,37.5711],[-118.9849,37.5673],[-118.977,37.5568],[-118.9641,37.5581],[-118.9527,37.5658],[-118.9297,37.5489],[-118.9171,37.5503],[-118.9012,37.5312],[-118.9019,37.526],[-118.8911,37.5253],[-118.8837,37.5201],[-118.8817,37.5103],[-118.8608,37.5015],[-118.8561,37.4784],[-118.8498,37.4759],[-118.8155,37.4878],[-118.7971,37.4887],[-118.775,37.4631]]]}},{"type":"Feature","properties":{"CountyName":"Glenn","COUNTY_FIPS":"021"},"geometry":{"type":"Polygon","coordinates":[[[-122.0465,39.7977],[-122.0401,39.7928],[-122.0336,39.7994],[-122.0242,39.7985],[-122.0324,39.7787],[-122.0183,39.7626],[-121.9952,39.7499],[-121.9822,39.7339],[-121.9707,39.7321],[-121.9694,39.7394],[-121.9638,39.7414],[-121.9602,39.7342],[-121.9675,39.7246],[-121.9658,39.7197],[-121.9573,39.7191],[-121.9514,39.7328],[-121.9467,39.7296],[-121.951,39.715],[-121.9419,39.6997],[-121.9449,39.6909],[-121.9569,39.6875],[-121.9614,39.6773],[-121.9974,39.6685],[-121.9908,39.6604],[-121.9758,39.6635],[-121.9666,39.6524],[-121.9688,39.6481],[-121.9851,39.6459],[-121.9908,39.6365],[-121.9907,39.6263],[-121.9794,39.6172],[-121.9958,39.6032],[-121.9952,39.5818],[-122.0033,39.5748],[-122.0014,39.569],[-121.9906,39.5643],[-122.0031,39.5593],[-121.994,39.5339],[-121.9768,39.5329],[-121.974,39.5289],[-121.9452,39.5361],[-121.8565,39.5369],[-121.8595,39.5272],[-121.8774,39.5096],[-121.8709,39.4851],[-121.8736,39.4786],[-121.8694,39.4662],[-121.8749,39.4605],[-121.8708,39.4487],[-121.89,39.3839],[-122.0097,39.3839],[-122.0037,39.3978],[-122.0089,39.4136],[-122.1256,39.4146],[-122.1362,39.4145],[-122.136,39.3855],[-122.7391,39.3833],[-122.7418,39.4352],[-122.7326,39.4508],[-122.7317,39.4792],[-122.7366,39.5085],[-122.7357,39.5807],[-122.8854,39.5801],[-122.8927,39.7089],[-122.9129,39.7087],[-122.9125,39.7482],[-122.9384,39.7481],[-122.9377,39.7982],[-122.0465,39.7977]]]}},{"type":"Feature","properties":{"CountyName":"Imperial","COUNTY_FIPS":"025"},"geometry":{"type":"Polygon","coordinates":[[[-114.6271,33.4336],[-114.6496,33.4136],[-114.688,33.4179],[-114.7018,33.4084],[-114.7255,33.4041],[-114.7073,33.3825],[-114.698,33.3524],[-114.7079,33.3233],[-114.7312,33.3024],[-114.7217,33.287],[-114.6805,33.2736],[-114.6721,33.2585],[-114.6896,33.2464],[-114.6736,33.2231],[-114.6788,33.2035],[-114.6754,33.1855],[-114.68,33.1591],[-114.6969,33.1311],[-114.7078,33.0911],[-114.689,33.084],[-114.687,33.071],[-114.6743,33.0572],[-114.6737,33.0419],[-114.6651,33.0339],[-114.6578,33.0338],[-114.646,33.0489],[-114.6188,33.0272],[-114.5898,33.0262],[-114.5752,33.0365],[-114.5201,33.03],[-114.5029,33.0112],[-114.4929,32.9718],[-114.4754,32.9752],[-114.4686,32.9717],[-114.4681,32.9553],[-114.4809,32.9363],[-114.4767,32.9236],[-114.4629,32.9079],[-114.469,32.8452],[-114.4941,32.8233],[-114.5103,32.8165],[-114.5296,32.7955],[-114.5324,32.7769],[-114.5269,32.7571],[-114.5391,32.757],[-114.5392,32.7498],[-114.5645,32.7496],[-114.5645,32.7423],[-114.5817,32.7423],[-114.5818,32.735],[-114.6151,32.7345],[-114.6174,32.7283],[-114.6882,32.7375],[-114.7016,32.7456],[-114.7195,32.7187],[-116.1062,32.6184],[-116.1033,33.0747],[-116.0811,33.0748],[-116.0852,33.4259],[-115.0632,33.4281],[-114.6271,33.4336]]]}},{"type":"Feature","properties":{"CountyName":"Kings","COUNTY_FIPS":"031"},"geometry":{"type":"Polygon","coordinates":[[[-119.5381,35.7899],[-120.214,35.7893],[-120.2199,35.8189],[-120.2445,35.824],[-120.2593,35.8451],[-120.2563,35.8554],[-120.2403,35.8659],[-120.2452,35.8731],[-120.2433,35.8777],[-120.2769,35.9065],[-120.3151,35.9072],[-119.9589,36.1814],[-119.9592,36.401],[-119.7531,36.4019],[-119.7463,36.4168],[-119.714,36.4189],[-119.7057,36.427],[-119.6936,36.4245],[-119.6716,36.4311],[-119.6668,36.4188],[-119.5732,36.4888],[-119.5272,36.4889],[-119.5288,36.4015],[-119.4749,36.401],[-119.4745,36.2744],[-119.4746,36.269],[-119.5294,36.2699],[-119.5292,36.1379],[-119.5364,36.1379],[-119.5381,35.7899]]]}},{"type":"Feature","properties":{"CountyName":"Marin","COUNTY_FIPS":"041"},"geometry":{"type":"MultiPolygon","coordinates":[[[[-122.4225,37.8671],[-122.4187,37.8525],[-122.4409,37.8551],[-122.4463,37.861],[-122.4307,37.8721],[-122.4225,37.8671]]],[[[-122.9073,38.3204],[-122.9095,38.3144],[-122.8999,38.3168],[-122.7399,38.207],[-122.723,38.2071],[-122.7014,38.1961],[-122.6358,38.1787],[-122.6227,38.1826],[-122.6041,38.1806],[-122.5928,38.1888],[-122.5782,38.1836],[-122.5707,38.1835],[-122.5706,38.1871],[-122.5653,38.1827],[-122.5685,38.177],[-122.5632,38.1693],[-122.552,38.169],[-122.5579,38.1602],[-122.5445,38.1587],[-122.516,38.1365],[-122.5097,38.1174],[-122.4892,38.1053],[-122.491,38.0945],[-122.4836,38.072],[-122.4948,38.0502],[-122.4921,38.0483],[-122.5002,38.0333],[-122.4982,38.0219],[-122.5027,38.0166],[-122.4624,38.0033],[-122.4473,37.9852],[-122.4568,37.9788],[-122.4676,37.9845],[-122.4771,37.9729],[-122.4817,37.9748],[-122.4774,37.9716],[-122.4966,37.9709],[-122.5087,37.9676],[-122.495,37.9697],[-122.4861,37.9471],[-122.4762,37.9423],[-122.4887,37.9369],[-122.5101,37.946],[-122.5075,37.9428],[-122.5138,37.9435],[-122.5143,37.9429],[-122.5053,37.942],[-122.4975,37.9226],[-122.475,37.9172],[-122.4786,37.9156],[-122.4723,37.9083],[-122.4768,37.9059],[-122.4579,37.8941],[-122.4494,37.8944],[-122.4388,37.8803],[-122.45,37.8721],[-122.4628,37.8723],[-122.4579,37.8621],[-122.4692,37.8687],[-122.4724,37.8832],[-122.487,37.8944],[-122.4994,37.8942],[-122.5004,37.8977],[-122.5042,37.8943],[-122.4967,37.8772],[-122.5095,37.8825],[-122.5102,37.8876],[-122.5173,37.886],[-122.5179,37.8921],[-122.5199,37.8897],[-122.5249,37.8964],[-122.5206,37.8838],[-122.49,37.8627],[-122.4763,37.8594],[-122.4791,37.8474],[-122.4714,37.8355],[-122.478,37.833],[-122.4781,37.8254],[-122.4912,37.8266],[-122.5007,37.8199],[-122.5229,37.8249],[-122.5293,37.8153],[-122.5373,37.8303],[-122.5492,37.8343],[-122.5615,37.8518],[-122.5884,37.8615],[-122.6024,37.8756],[-122.6274,37.8809],[-122.6271,37.8861],[-122.6484,37.9016],[-122.6822,37.9064],[-122.7026,37.8938],[-122.7265,37.9032],[-122.7369,37.9258],[-122.7833,37.9483],[-122.7933,37.9717],[-122.8214,37.9967],[-122.8712,38.0219],[-122.8946,38.0275],[-122.926,38.0288],[-122.9305,38.0313],[-122.8881,38.0282],[-122.8917,38.034],[-122.9083,38.0338],[-122.9044,38.0418],[-122.9093,38.0515],[-122.9145,38.0335],[-122.9182,38.0371],[-122.921,38.033],[-122.9319,38.0356],[-122.9376,38.0463],[-122.9343,38.0537],[-122.9168,38.0686],[-122.9231,38.0748],[-122.9272,38.0639],[-122.9333,38.0647],[-122.932,38.0815],[-122.9356,38.0845],[-122.9287,38.0911],[-122.9354,38.0889],[-122.9443,38.0608],[-122.9545,38.062],[-122.9532,38.0714],[-122.9574,38.0775],[-122.9584,38.0616],[-122.9509,38.058],[-122.9494,38.0489],[-122.9644,38.0561],[-122.9361,38.0339],[-122.9664,38.0244],[-122.9833,38.0056],[-122.9833,37.9979],[-122.9645,37.9901],[-123.0241,37.9949],[-123.013,38.0014],[-122.9959,38.034],[-122.9609,38.113],[-122.9488,38.1542],[-122.9536,38.1757],[-122.9683,38.1827],[-122.9668,38.1996],[-122.9806,38.2143],[-122.9817,38.2231],[-122.9952,38.241],[-122.9462,38.2016],[-122.9501,38.1938],[-122.9319,38.1878],[-122.8936,38.1328],[-122.8349,38.0829],[-122.8371,38.0891],[-122.8264,38.0846],[-122.8258,38.0915],[-122.8429,38.1077],[-122.8515,38.1068],[-122.8544,38.1162],[-122.8648,38.1193],[-122.8631,38.1272],[-122.873,38.1402],[-122.8875,38.1488],[-122.9011,38.1656],[-122.9259,38.2065],[-122.9228,38.2213],[-122.9337,38.2117],[-122.9454,38.2204],[-122.9528,38.2144],[-122.9545,38.2329],[-122.9722,38.232],[-122.9671,38.2503],[-122.9712,38.2593],[-123.0027,38.2957],[-122.9936,38.3001],[-122.9948,38.3062],[-122.9701,38.3101],[-122.9661,38.317],[-122.9468,38.3112],[-122.9343,38.314],[-122.9354,38.3096],[-122.9256,38.3127],[-122.9216,38.3086],[-122.9165,38.3128],[-122.9209,38.3169],[-122.9073,38.3204]]]]}},{"type":"Feature","properties":{"CountyName":"Mendocino","COUNTY_FIPS":"045"},"geometry":{"type":"MultiPolygon","coordinates":[[[[-123.5334,38.7684],[-123.5334,38.7684],[-123.5335,38.7684],[-123.5334,38.7684]]],[[[-124.0232,40.0013],[-123.5445,40.0019],[-123.5446,39.977],[-122.934,39.9781],[-122.9269,39.9713],[-122.9268,39.9451],[-122.9098,39.9364],[-122.9206,39.9289],[-122.9205,39.9165],[-122.9506,39.907],[-122.9474,39.8924],[-122.9533,39.8728],[-122.9505,39.8685],[-122.9602,39.8452],[-122.9467,39.8335],[-122.944,39.8031],[-122.9377,39.7982],[-122.9384,39.7481],[-122.9125,39.7482],[-122.9129,39.7087],[-122.8927,39.7089],[-122.8904,39.6229],[-122.8845,39.6108],[-122.8903,39.529],[-122.9367,39.5307],[-122.9367,39.5164],[-123.0252,39.5187],[-123.025,39.5112],[-123.0445,39.5112],[-123.0444,39.5036],[-123.0632,39.5035],[-123.063,39.4525],[-123.0731,39.4527],[-123.0701,39.4365],[-123.0749,39.4366],[-123.0751,39.4077],[-123.0563,39.4076],[-123.0571,39.3787],[-123.0475,39.3786],[-123.0486,39.3641],[-123.0379,39.3639],[-123.0377,39.3362],[-123.0287,39.3366],[-123.0287,39.3218],[-123.0197,39.3218],[-123.0196,39.278],[-123.0045,39.2782],[-123.0036,39.2574],[-122.9945,39.2568],[-122.9949,39.2359],[-123.0127,39.2362],[-123.0125,39.221],[-123.0208,39.2207],[-123.0243,39.2071],[-123.0341,39.1997],[-123.0348,39.1924],[-123.0401,39.1925],[-123.0458,39.1735],[-123.0778,39.1738],[-123.0781,39.1387],[-123.0875,39.1384],[-123.085,39.0953],[-123.0942,39.0953],[-123.0942,39.0805],[-123.093,39.072],[-123.0837,39.0718],[-123.0838,39.0645],[-123.0651,39.0644],[-123.0652,39.05],[-123.0561,39.0499],[-123.0562,39.0211],[-123.047,39.0209],[-123.0468,39.0138],[-123.0375,39.0137],[-123.0373,39.0065],[-123.028,39.0065],[-123.028,38.9966],[-123.0186,38.9966],[-123.0186,38.993],[-122.9867,38.9973],[-122.9867,38.983],[-122.9774,38.9829],[-122.9777,38.9467],[-122.9683,38.9465],[-122.9699,38.9327],[-122.9602,38.9325],[-122.9619,38.9255],[-122.9491,38.9254],[-122.9489,38.9002],[-122.9114,38.9015],[-122.9114,38.8952],[-122.8939,38.8955],[-122.8946,38.8808],[-122.8757,38.8808],[-122.8765,38.8731],[-122.8578,38.8733],[-122.8585,38.8659],[-122.84,38.866],[-122.8401,38.858],[-122.8214,38.8579],[-122.8216,38.8501],[-123.081,38.8524],[-123.0812,38.8384],[-123.1366,38.8395],[-123.1363,38.8091],[-123.3684,38.8066],[-123.3682,38.7771],[-123.4971,38.7786],[-123.5101,38.7678],[-123.5168,38.7679],[-123.5209,38.7589],[-123.5493,38.7819],[-123.5618,38.7847],[-123.5608,38.7902],[-123.5742,38.8],[-123.6024,38.8075],[-123.5983,38.8107],[-123.6053,38.8228],[-123.6474,38.8455],[-123.6598,38.8725],[-123.6813,38.8826],[-123.6881,38.8936],[-123.7115,38.9104],[-123.7111,38.9156],[-123.7278,38.9189],[-123.7299,38.9296],[-123.7263,38.9364],[-123.7423,38.9562],[-123.7332,38.9546],[-123.7251,38.9597],[-123.7006,38.9967],[-123.6904,39.0229],[-123.6897,39.0341],[-123.695,39.0373],[-123.6912,39.0508],[-123.7059,39.0801],[-123.7031,39.0825],[-123.7102,39.0977],[-123.7079,39.1039],[-123.7146,39.1085],[-123.7131,39.1146],[-123.7215,39.1253],[-123.7202,39.1348],[-123.7365,39.1396],[-123.7379,39.1627],[-123.7536,39.176],[-123.761,39.1919],[-123.7511,39.1978],[-123.7391,39.1921],[-123.7521,39.1988],[-123.7639,39.1914],[-123.7718,39.195],[-123.7698,39.202],[-123.7768,39.2138],[-123.7661,39.215],[-123.7778,39.2244],[-123.7697,39.2279],[-123.7801,39.2334],[-123.7765,39.2368],[-123.7835,39.2527],[-123.7883,39.2537],[-123.7916,39.2733],[-123.7996,39.2715],[-123.8039,39.2791],[-123.8031,39.2917],[-123.7949,39.2919],[-123.7937,39.3015],[-123.7855,39.2998],[-123.7807,39.3032],[-123.764,39.2998],[-123.754,39.3005],[-123.7526,39.2935],[-123.75,39.2931],[-123.7474,39.2949],[-123.7522,39.2942],[-123.7534,39.3007],[-123.7716,39.3035],[-123.8101,39.3036],[-123.8113,39.3096],[-123.8023,39.3127],[-123.8007,39.3193],[-123.8087,39.3244],[-123.8045,39.3247],[-123.805,39.3288],[-123.8115,39.3276],[-123.818,39.3343],[-123.8166,39.3392],[-123.8277,39.3484],[-123.821,39.3537],[-123.8253,39.3608],[-123.8169,39.3617],[-123.8263,39.3687],[-123.8176,39.3767],[-123.8223,39.38],[-123.8177,39.3874],[-123.8205,39.3917],[-123.8165,39.3923],[-123.8222,39.4065],[-123.8132,39.4172],[-123.8194,39.4241],[-123.8099,39.4272],[-123.8063,39.4262],[-123.8057,39.4242],[-123.8049,39.4234],[-123.8017,39.4226],[-123.7937,39.4315],[-123.8041,39.4237],[-123.8051,39.4273],[-123.8105,39.4279],[-123.8102,39.4304],[-123.8162,39.4306],[-123.8205,39.4393],[-123.8127,39.442],[-123.8169,39.4449],[-123.8099,39.4585],[-123.8067,39.4541],[-123.8035,39.4547],[-123.8104,39.4615],[-123.8021,39.4833],[-123.8055,39.4894],[-123.7966,39.4914],[-123.7886,39.502],[-123.7665,39.5528],[-123.7672,39.5654],[-123.7782,39.5757],[-123.7771,39.5842],[-123.7887,39.5997],[-123.7823,39.6215],[-123.7872,39.6268],[-123.7851,39.6513],[-123.7928,39.6671],[-123.7927,39.6841],[-123.8082,39.7107],[-123.8306,39.7234],[-123.8285,39.7344],[-123.835,39.7385],[-123.832,39.7437],[-123.8394,39.7572],[-123.8398,39.7956],[-123.8517,39.832],[-123.9045,39.8598],[-123.93,39.9097],[-123.9549,39.9224],[-123.98,39.9625],[-124.0232,40.0013]]]]}},{"type":"Feature","properties":{"CountyName":"Merced","COUNTY_FIPS":"047"},"geometry":{"type":"Polygon","coordinates":[[[-120.0521,37.1831],[-120.1151,37.1657],[-120.1646,37.1627],[-120.1741,37.1659],[-120.1876,37.1603],[-120.223,37.164],[-120.2439,37.157],[-120.2899,37.1526],[-120.3038,37.1411],[-120.3246,37.1364],[-120.3412,37.1246],[-120.3635,37.1197],[-120.3849,37.1246],[-120.4068,37.1109],[-120.4698,37.0943],[-120.4767,37.0964],[-120.5986,36.9986],[-120.5853,36.9906],[-120.5905,36.9816],[-120.5906,36.9526],[-120.656,36.9528],[-120.9187,36.7404],[-120.9337,36.7519],[-121.1415,36.8367],[-121.1526,36.8654],[-121.1636,36.8692],[-121.1691,36.885],[-121.1843,36.8964],[-121.1843,36.909],[-121.1983,36.9143],[-121.2217,36.9104],[-121.2242,36.9199],[-121.2343,36.9262],[-121.2292,36.941],[-121.2117,36.9574],[-121.2321,36.9689],[-121.2466,36.9852],[-121.2415,36.9974],[-121.2331,36.9994],[-121.2382,37.0093],[-121.2333,37.0118],[-121.2487,37.0337],[-121.2406,37.0318],[-121.2245,37.0397],[-121.2245,37.0562],[-121.2126,37.0551],[-121.2082,37.0613],[-121.2096,37.0682],[-121.2455,37.0892],[-121.2305,37.0969],[-121.2305,37.1048],[-121.2174,37.123],[-121.2268,37.1348],[-120.9638,37.3461],[-120.9766,37.3498],[-120.9818,37.3662],[-120.9742,37.3686],[-120.9789,37.372],[-120.9731,37.3762],[-120.9844,37.3751],[-120.9836,37.3868],[-120.9938,37.3844],[-120.9898,37.3959],[-120.8864,37.4402],[-120.3877,37.6334],[-120.3188,37.5208],[-120.3115,37.4972],[-120.2991,37.4888],[-120.3002,37.4843],[-120.2796,37.458],[-120.2751,37.4407],[-120.2841,37.4325],[-120.2834,37.4244],[-120.247,37.3802],[-120.2035,37.3133],[-120.1877,37.3011],[-120.1827,37.2914],[-120.1866,37.2803],[-120.1785,37.2624],[-120.1438,37.2392],[-120.0901,37.2215],[-120.0622,37.198],[-120.0521,37.1831]]]}},{"type":"Feature","properties":{"CountyName":"Napa","COUNTY_FIPS":"055"},"geometry":{"type":"MultiPolygon","coordinates":[[[[-122.302,38.2204],[-122.2985,38.2189],[-122.3094,38.2191],[-122.3028,38.2261],[-122.302,38.2204]]],[[[-122.3897,38.8564],[-122.3507,38.8359],[-122.3241,38.8463],[-122.3154,38.8396],[-122.303,38.8426],[-122.2871,38.8394],[-122.2545,38.7816],[-122.2487,38.7551],[-122.2252,38.7274],[-122.2222,38.6986],[-122.2014,38.6907],[-122.1981,38.6836],[-122.2021,38.6777],[-122.1901,38.6635],[-122.1661,38.6552],[-122.1592,38.6351],[-122.1687,38.6299],[-122.1665,38.6197],[-122.1494,38.6255],[-122.1344,38.6046],[-122.113,38.5272],[-122.1036,38.5151],[-122.1047,38.4909],[-122.1232,38.4496],[-122.1261,38.4275],[-122.0736,38.3616],[-122.0616,38.3261],[-122.068,38.3186],[-122.0649,38.3159],[-122.2061,38.3158],[-122.1989,38.3012],[-122.2034,38.2934],[-122.1882,38.2717],[-122.2121,38.2731],[-122.2166,38.2647],[-122.2131,38.2593],[-122.1933,38.2564],[-122.2015,38.2489],[-122.2119,38.2508],[-122.193,38.2231],[-122.1939,38.2137],[-122.2045,38.2055],[-122.2093,38.1901],[-122.2152,38.1888],[-122.2151,38.1797],[-122.2034,38.1688],[-122.1953,38.1673],[-122.1988,38.1593],[-122.1954,38.155],[-122.2904,38.1552],[-122.2834,38.1695],[-122.2842,38.1787],[-122.2952,38.1848],[-122.3078,38.183],[-122.3137,38.1973],[-122.3051,38.2083],[-122.3088,38.2182],[-122.2984,38.2181],[-122.297,38.2197],[-122.3009,38.2264],[-122.288,38.2325],[-122.284,38.2463],[-122.2854,38.2537],[-122.2891,38.233],[-122.3063,38.2261],[-122.3106,38.2205],[-122.3068,38.2062],[-122.3143,38.1982],[-122.3178,38.186],[-122.3248,38.1859],[-122.3086,38.1742],[-122.298,38.1729],[-122.2985,38.1552],[-122.405,38.1555],[-122.4061,38.1594],[-122.3968,38.1615],[-122.3676,38.1588],[-122.3687,38.1827],[-122.3579,38.1826],[-122.3603,38.1971],[-122.3496,38.194],[-122.3507,38.2018],[-122.3642,38.2153],[-122.3653,38.246],[-122.3739,38.2439],[-122.3898,38.2608],[-122.3876,38.2738],[-122.3964,38.2712],[-122.4048,38.2817],[-122.4002,38.2897],[-122.4038,38.2999],[-122.3947,38.3046],[-122.3963,38.3091],[-122.4054,38.322],[-122.4087,38.32],[-122.4121,38.3343],[-122.4268,38.349],[-122.4573,38.3677],[-122.4481,38.3795],[-122.4659,38.3902],[-122.4706,38.405],[-122.4979,38.4246],[-122.4798,38.4513],[-122.5096,38.4574],[-122.5058,38.4647],[-122.5159,38.4709],[-122.5296,38.4696],[-122.5449,38.4963],[-122.5353,38.5017],[-122.55,38.5112],[-122.5417,38.5133],[-122.5439,38.52],[-122.5542,38.5262],[-122.5666,38.5256],[-122.574,38.5404],[-122.5873,38.5527],[-122.6209,38.5603],[-122.6227,38.5677],[-122.6318,38.5694],[-122.6302,38.5785],[-122.6466,38.5981],[-122.6283,38.623],[-122.6341,38.6376],[-122.6239,38.6506],[-122.6233,38.6644],[-122.6335,38.6693],[-122.4641,38.7061],[-122.4163,38.768],[-122.4031,38.773],[-122.4093,38.7763],[-122.408,38.7845],[-122.4127,38.786],[-122.4044,38.7986],[-122.3975,38.805],[-122.3798,38.8022],[-122.3755,38.8083],[-122.3754,38.8265],[-122.4038,38.8558],[-122.3956,38.8643],[-122.3897,38.8564]]]]}},{"type":"Feature","properties":{"CountyName":"Nevada","COUNTY_FIPS":"057"},"geometry":{"type":"Polygon","coordinates":[[[-120.0038,39.4451],[-120.0063,39.3165],[-120.6249,39.3154],[-120.6458,39.3152],[-120.658,39.3078],[-120.6714,39.3104],[-120.7279,39.2881],[-120.8039,39.2334],[-120.8517,39.212],[-120.8689,39.1807],[-120.9047,39.173],[-120.9086,39.1638],[-120.9245,39.1609],[-120.9234,39.1572],[-120.9316,39.1559],[-120.9501,39.1364],[-120.9658,39.1282],[-120.9793,39.1104],[-120.9892,39.1115],[-120.9885,39.0856],[-120.9961,39.0804],[-120.9918,39.0758],[-121.0027,39.0675],[-121.0082,39.0522],[-121.0202,39.0461],[-121.0217,39.0392],[-121.0304,39.0372],[-121.0311,39.028],[-121.0416,39.0138],[-121.0686,39.0052],[-121.0804,39.0069],[-121.0895,39.0144],[-121.1043,39.0119],[-121.1232,39.0244],[-121.1251,39.0325],[-121.138,39.0379],[-121.1525,39.0268],[-121.1726,39.0185],[-121.1794,39.02],[-121.1874,39.0125],[-121.1989,39.0176],[-121.2059,39.0119],[-121.221,39.0118],[-121.2329,39.0247],[-121.241,39.0214],[-121.2497,39.0289],[-121.2795,39.0346],[-121.2795,39.2305],[-121.2688,39.2403],[-121.2693,39.2521],[-121.2592,39.2564],[-121.2669,39.2716],[-121.2426,39.2835],[-121.2199,39.2831],[-121.2149,39.2929],[-121.2002,39.3024],[-121.2064,39.3165],[-121.1956,39.3296],[-121.1845,39.3309],[-121.178,39.3387],[-121.165,39.3386],[-121.1625,39.3326],[-121.1575,39.3325],[-121.1548,39.3486],[-121.1438,39.3497],[-121.1451,39.3558],[-121.1369,39.3681],[-121.1271,39.3726],[-121.1279,39.38],[-121.1016,39.381],[-121.0964,39.3877],[-121.0869,39.3864],[-121.084,39.3946],[-121.0631,39.391],[-121.0498,39.3955],[-121.0415,39.3882],[-121.0318,39.3957],[-121.0245,39.3893],[-121.0075,39.3991],[-121.0153,39.4054],[-121.007,39.4047],[-120.9926,39.4144],[-120.9798,39.4116],[-120.9786,39.4178],[-120.9318,39.4171],[-120.9289,39.421],[-120.9142,39.4201],[-120.9106,39.426],[-120.894,39.4241],[-120.8783,39.4312],[-120.8433,39.4351],[-120.8369,39.4405],[-120.8264,39.435],[-120.8178,39.4365],[-120.8166,39.4408],[-120.811,39.4361],[-120.8,39.4377],[-120.7847,39.4481],[-120.7557,39.4527],[-120.7529,39.4583],[-120.7425,39.4613],[-120.7436,39.4668],[-120.7146,39.4816],[-120.717,39.4892],[-120.7066,39.4931],[-120.7009,39.5025],[-120.6546,39.5269],[-120.651,39.5234],[-120.6301,39.5249],[-120.6247,39.5196],[-120.5777,39.5233],[-120.5566,39.5141],[-120.5491,39.4945],[-120.5342,39.4837],[-120.5345,39.4644],[-120.5102,39.4552],[-120.5055,39.4461],[-120.0038,39.4451]]]}},{"type":"Feature","properties":{"CountyName":"Orange","COUNTY_FIPS":"361"},"geometry":{"type":"Polygon","coordinates":[[[-117.7833,33.9463],[-117.6793,33.8776],[-117.6716,33.8694],[-117.6751,33.8687],[-117.6743,33.858],[-117.6621,33.8575],[-117.5801,33.768],[-117.5365,33.7577],[-117.534,33.7104],[-117.4746,33.7038],[-117.413,33.659],[-117.5102,33.534],[-117.5099,33.5206],[-117.5032,33.5204],[-117.5038,33.5089],[-117.5097,33.5091],[-117.5086,33.4696],[-117.5572,33.4512],[-117.5785,33.4539],[-117.5962,33.3871],[-117.612,33.4108],[-117.6456,33.4407],[-117.6836,33.4614],[-117.6921,33.4567],[-117.7153,33.4606],[-117.7265,33.4834],[-117.7376,33.4878],[-117.7388,33.4942],[-117.7849,33.5415],[-117.8141,33.5503],[-117.8403,33.5735],[-117.8711,33.592],[-117.9271,33.6055],[-117.9406,33.62],[-117.9573,33.6288],[-117.9533,33.6415],[-117.9586,33.6295],[-118.0027,33.6555],[-118.0924,33.7327],[-118.1161,33.7423],[-118.092,33.7585],[-118.0967,33.7791],[-118.0848,33.8029],[-118.0632,33.8197],[-118.0591,33.8462],[-118.0461,33.8536],[-118.0376,33.866],[-118.0287,33.8661],[-118.0288,33.8733],[-118.0114,33.8734],[-118.0115,33.8809],[-118.0028,33.8809],[-118.0029,33.8882],[-117.9941,33.8882],[-117.9941,33.8955],[-117.9853,33.8955],[-117.9854,33.9028],[-117.9766,33.9028],[-117.9765,33.9461],[-117.7833,33.9463]]]}},{"type":"Feature","properties":{"CountyName":"Plumas","COUNTY_FIPS":"063"},"geometry":{"type":"Polygon","coordinates":[[[-121.3278,40.4454],[-121.0614,40.4465],[-121.0615,40.2564],[-121.0415,40.2565],[-121.0415,40.2348],[-121.0039,40.2349],[-121.0037,40.221],[-120.9462,40.2208],[-120.9472,40.2065],[-120.9281,40.2065],[-120.9286,40.1919],[-120.8907,40.1921],[-120.8907,40.1994],[-120.8718,40.1994],[-120.8718,40.2416],[-120.8531,40.2418],[-120.8532,40.2489],[-120.8436,40.2489],[-120.8435,40.256],[-120.8341,40.2562],[-120.8338,40.2707],[-120.815,40.2707],[-120.8147,40.2778],[-120.796,40.2777],[-120.7966,40.3012],[-120.7738,40.3014],[-120.7737,40.3087],[-120.7644,40.3087],[-120.7644,40.316],[-120.7266,40.3159],[-120.7264,40.3084],[-120.6522,40.3077],[-120.6517,40.3005],[-120.6423,40.3004],[-120.6425,40.2932],[-120.6227,40.293],[-120.6228,40.2857],[-120.5768,40.2854],[-120.5767,40.2638],[-120.5487,40.2636],[-120.5487,40.2563],[-120.5297,40.2562],[-120.5297,40.2492],[-120.5108,40.249],[-120.5107,40.2347],[-120.4917,40.2348],[-120.4921,40.2203],[-120.4825,40.2202],[-120.4829,40.2058],[-120.4543,40.2058],[-120.4542,40.1914],[-120.4453,40.1914],[-120.4459,40.1769],[-120.4365,40.1767],[-120.4364,40.1696],[-120.4169,40.1694],[-120.4173,40.1621],[-120.4076,40.1622],[-120.408,40.1474],[-120.3983,40.1474],[-120.3983,40.1406],[-120.3791,40.1406],[-120.3794,40.1295],[-120.3604,40.1295],[-120.3606,40.1225],[-120.3415,40.1226],[-120.3414,40.1152],[-120.2666,40.1159],[-120.2656,40.1078],[-120.2468,40.1079],[-120.2469,40.0858],[-120.2097,40.086],[-120.2109,40.0428],[-120.2014,40.0427],[-120.2013,40.0135],[-120.1825,40.0134],[-120.1825,39.9985],[-120.173,39.9983],[-120.1733,39.9839],[-120.1634,39.9838],[-120.1637,39.9687],[-120.145,39.9623],[-120.145,39.9551],[-120.1357,39.955],[-120.1358,39.9478],[-120.1267,39.9478],[-120.1266,39.9396],[-120.1088,39.9395],[-120.1089,39.9104],[-120.0996,39.9103],[-120.0994,39.8812],[-120.1081,39.8813],[-120.1106,39.7658],[-120.1196,39.7656],[-120.1191,39.7511],[-120.1276,39.751],[-120.1278,39.7362],[-120.1466,39.7364],[-120.1472,39.7077],[-120.6542,39.7066],[-120.6598,39.6865],[-120.6799,39.6766],[-120.7162,39.7063],[-120.7346,39.7083],[-120.7495,39.7196],[-120.7924,39.7097],[-120.7948,39.7184],[-120.8093,39.7208],[-120.8156,39.747],[-120.8263,39.742],[-120.8287,39.7468],[-120.8394,39.7464],[-120.8443,39.7561],[-120.8544,39.7599],[-120.8595,39.7705],[-120.8708,39.7769],[-120.8952,39.7599],[-120.9139,39.7572],[-120.9344,39.7388],[-120.9365,39.6931],[-120.9521,39.6764],[-120.9494,39.6726],[-120.9638,39.6652],[-120.9786,39.6488],[-121.0007,39.6387],[-121.0095,39.6395],[-121.0767,39.5973],[-121.0794,39.6034],[-121.0889,39.6033],[-121.089,39.6136],[-121.0977,39.6137],[-121.0976,39.6209],[-121.1163,39.621],[-121.1166,39.6281],[-121.1367,39.6282],[-121.1364,39.6568],[-121.1551,39.6568],[-121.1552,39.6639],[-121.1629,39.6638],[-121.163,39.671],[-121.1712,39.6711],[-121.1712,39.6856],[-121.1903,39.6854],[-121.1905,39.6999],[-121.2087,39.7004],[-121.2109,39.7257],[-121.2295,39.7257],[-121.2297,39.7402],[-121.2483,39.74],[-121.2507,39.754],[-121.268,39.7542],[-121.2683,39.7688],[-121.2859,39.7676],[-121.285,39.7816],[-121.2941,39.7893],[-121.3078,39.7894],[-121.3077,39.7966],[-121.317,39.7967],[-121.3185,39.8109],[-121.3323,39.8111],[-121.3323,39.8257],[-121.3508,39.8257],[-121.3511,39.8404],[-121.3605,39.8407],[-121.3612,39.8555],[-121.3802,39.8554],[-121.3802,39.8628],[-121.3985,39.8629],[-121.399,39.8713],[-121.4119,39.8714],[-121.411,39.9004],[-121.43,39.9003],[-121.43,39.9148],[-121.411,39.9151],[-121.4111,39.9294],[-121.4206,39.9295],[-121.4199,39.9586],[-121.4103,39.9585],[-121.4103,39.9873],[-121.4198,39.9876],[-121.4195,40.0158],[-121.4096,40.0157],[-121.4097,40.0306],[-121.4004,40.0305],[-121.4004,40.0521],[-121.3823,40.0518],[-121.382,40.057],[-121.3771,40.0571],[-121.3769,40.0718],[-121.3672,40.0719],[-121.3668,40.0861],[-121.3768,40.086],[-121.3765,40.1086],[-121.3861,40.1087],[-121.3859,40.1159],[-121.4049,40.1156],[-121.4045,40.1517],[-121.4419,40.1521],[-121.4462,40.1559],[-121.4429,40.1619],[-121.4451,40.1777],[-121.4361,40.1819],[-121.4441,40.1908],[-121.4344,40.1959],[-121.4074,40.1914],[-121.385,40.2103],[-121.3677,40.2127],[-121.3617,40.2256],[-121.3673,40.245],[-121.349,40.2645],[-121.3527,40.2685],[-121.3494,40.2734],[-121.3599,40.2775],[-121.3632,40.2875],[-121.3703,40.288],[-121.3768,40.298],[-121.3667,40.3011],[-121.3566,40.2975],[-121.3423,40.3098],[-121.3675,40.3229],[-121.3673,40.331],[-121.3804,40.3403],[-121.4121,40.3427],[-121.4286,40.3503],[-121.4724,40.3516],[-121.481,40.3666],[-121.4736,40.3746],[-121.4828,40.3829],[-121.4843,40.3966],[-121.4796,40.4195],[-121.4738,40.4246],[-121.4979,40.432],[-121.4944,40.4404],[-121.4979,40.4446],[-121.3661,40.4459],[-121.3465,40.4497],[-121.3278,40.4454]]]}},{"type":"Feature","properties":{"CountyName":"San Benito","COUNTY_FIPS":"069"},"geometry":{"type":"Polygon","coordinates":[[[-121.2154,36.9613],[-121.2118,36.9571],[-121.2292,36.941],[-121.2343,36.9262],[-121.2242,36.9199],[-121.2217,36.9104],[-121.1983,36.9143],[-121.1843,36.909],[-121.1843,36.8964],[-121.1691,36.885],[-121.1636,36.8692],[-121.1526,36.8654],[-121.1415,36.8367],[-120.9337,36.7519],[-120.6037,36.4882],[-120.5972,36.4882],[-120.5966,36.3285],[-120.6179,36.3188],[-120.6631,36.3144],[-120.6828,36.2943],[-120.6829,36.2868],[-120.6726,36.2805],[-120.6786,36.2673],[-120.702,36.2862],[-120.7226,36.2927],[-120.7467,36.3102],[-120.7584,36.3086],[-120.7431,36.2981],[-120.7321,36.2755],[-120.7177,36.26],[-120.7064,36.2277],[-120.7049,36.2103],[-120.7117,36.1985],[-120.7184,36.1969],[-120.7318,36.204],[-120.7444,36.1988],[-120.7613,36.2034],[-120.7653,36.2135],[-120.7813,36.2224],[-120.7893,36.235],[-120.7991,36.2355],[-120.8122,36.2452],[-120.8108,36.2517],[-120.8235,36.2573],[-120.826,36.2545],[-120.8368,36.2624],[-120.8369,36.2721],[-120.8514,36.2859],[-120.8741,36.2952],[-120.8895,36.2903],[-120.899,36.3008],[-120.9191,36.3109],[-120.9256,36.3081],[-120.9261,36.3015],[-120.9331,36.2998],[-120.9401,36.2823],[-120.9534,36.2747],[-120.9738,36.2903],[-120.9858,36.2929],[-120.9871,36.2757],[-120.9924,36.2699],[-121.0105,36.2689],[-121.0118,36.2645],[-121.0144,36.2687],[-121.0188,36.2597],[-121.0273,36.2599],[-121.0275,36.2753],[-121.0403,36.2711],[-121.0408,36.324],[-121.1935,36.4458],[-121.2151,36.4732],[-121.2295,36.4753],[-121.2281,36.4846],[-121.2393,36.5048],[-121.269,36.502],[-121.2941,36.5062],[-121.3082,36.4994],[-121.3113,36.5019],[-121.3072,36.5168],[-121.2954,36.5271],[-121.308,36.5456],[-121.3292,36.5554],[-121.3339,36.5744],[-121.3235,36.5776],[-121.3274,36.5859],[-121.3184,36.61],[-121.3421,36.6314],[-121.3416,36.6383],[-121.3501,36.6484],[-121.3663,36.6566],[-121.3783,36.6529],[-121.407,36.656],[-121.4155,36.6731],[-121.4316,36.6787],[-121.4443,36.6732],[-121.459,36.6857],[-121.469,36.6854],[-121.4841,36.7143],[-121.4613,36.7177],[-121.4514,36.7248],[-121.4624,36.7439],[-121.4757,36.7492],[-121.4744,36.7567],[-121.4815,36.7655],[-121.504,36.7572],[-121.5977,36.8374],[-121.6221,36.8462],[-121.6426,36.8737],[-121.644,36.894],[-121.6295,36.9117],[-121.6074,36.8995],[-121.586,36.901],[-121.5757,36.893],[-121.5603,36.8971],[-121.5586,36.9103],[-121.5403,36.9205],[-121.5392,36.9273],[-121.5138,36.9452],[-121.5124,36.9588],[-121.489,36.9832],[-121.468,36.9768],[-121.4636,36.9783],[-121.4637,36.9849],[-121.4506,36.9889],[-121.4183,36.9606],[-121.2154,36.9613]]]}},{"type":"Feature","properties":{"CountyName":"San Mateo","COUNTY_FIPS":"081"},"geometry":{"type":"Polygon","coordinates":[[[-122.3927,37.7083],[-122.3876,37.6791],[-122.3802,37.6778],[-122.3802,37.6697],[-122.3954,37.6649],[-122.3743,37.6643],[-122.3798,37.661],[-122.3745,37.656],[-122.3798,37.6485],[-122.392,37.6481],[-122.3974,37.6417],[-122.3919,37.6385],[-122.391,37.6447],[-122.3914,37.6386],[-122.3859,37.6392],[-122.373,37.6279],[-122.3654,37.6285],[-122.3681,37.6215],[-122.3549,37.6155],[-122.3584,37.6099],[-122.3718,37.6148],[-122.3783,37.6053],[-122.3605,37.5925],[-122.3437,37.5926],[-122.3465,37.589],[-122.3382,37.5925],[-122.3384,37.5881],[-122.3575,37.5884],[-122.3382,37.5871],[-122.3378,37.5926],[-122.3346,37.5876],[-122.3153,37.5913],[-122.3168,37.5843],[-122.3056,37.5748],[-122.297,37.5751],[-122.2958,37.5706],[-122.2865,37.5757],[-122.2748,37.5698],[-122.261,37.5721],[-122.249,37.5639],[-122.2442,37.5523],[-122.2307,37.5497],[-122.2163,37.5382],[-122.1968,37.5369],[-122.1967,37.5236],[-122.1844,37.5172],[-122.1812,37.5201],[-122.1777,37.5104],[-122.168,37.5045],[-122.1579,37.5005],[-122.1394,37.5078],[-122.1327,37.5053],[-122.1276,37.4997],[-122.122,37.4728],[-122.1154,37.4661],[-122.1239,37.4611],[-122.1241,37.4528],[-122.1444,37.4583],[-122.1652,37.453],[-122.1904,37.4315],[-122.1872,37.4163],[-122.1946,37.4079],[-122.1905,37.3853],[-122.2027,37.3631],[-122.1952,37.347],[-122.1751,37.3257],[-122.1831,37.3273],[-122.1931,37.3183],[-122.1823,37.3095],[-122.1708,37.312],[-122.1621,37.3042],[-122.1669,37.2952],[-122.1527,37.2886],[-122.1528,37.2154],[-122.2426,37.2151],[-122.2427,37.19],[-122.3177,37.1869],[-122.3118,37.1475],[-122.2894,37.1135],[-122.2931,37.1071],[-122.3112,37.1179],[-122.3294,37.1124],[-122.3376,37.1177],[-122.3378,37.1359],[-122.3458,37.1455],[-122.3603,37.1493],[-122.3671,37.1731],[-122.3854,37.1831],[-122.3948,37.1814],[-122.398,37.1921],[-122.4051,37.1958],[-122.4072,37.2195],[-122.4191,37.2415],[-122.4128,37.2671],[-122.407,37.2598],[-122.402,37.2588],[-122.4044,37.2565],[-122.4045,37.2556],[-122.402,37.2539],[-122.4011,37.2535],[-122.4004,37.2534],[-122.4019,37.2591],[-122.4068,37.2611],[-122.4046,37.2644],[-122.4116,37.2674],[-122.3999,37.3566],[-122.4083,37.364],[-122.4093,37.3748],[-122.4233,37.3925],[-122.4278,37.4096],[-122.4437,37.4359],[-122.4521,37.4805],[-122.4724,37.5005],[-122.48,37.4963],[-122.4859,37.4946],[-122.4729,37.5007],[-122.4774,37.5023],[-122.4959,37.4993],[-122.4934,37.4928],[-122.4879,37.494],[-122.4938,37.4923],[-122.4993,37.4953],[-122.4996,37.5013],[-122.5178,37.524],[-122.5195,37.5373],[-122.5137,37.5522],[-122.5207,37.594],[-122.5014,37.5996],[-122.4941,37.644],[-122.5025,37.7081],[-122.3927,37.7083]]]}},{"type":"Feature","properties":{"CountyName":"Santa Barbara","COUNTY_FIPS":"083"},"geometry":{"type":"MultiPolygon","coordinates":[[[[-120.6523,34.5765],[-120.6518,34.5757],[-120.6525,34.5761],[-120.6523,34.5765]]],[[[-120.0795,35.113],[-120.085,35.1076],[-120.0724,35.1047],[-120.0673,35.0968],[-120.0441,35.086],[-120.0396,35.0892],[-120.0233,35.0803],[-120.0141,35.0815],[-120.0136,35.0756],[-120.002,35.0732],[-119.9926,35.0629],[-119.9797,35.0619],[-119.9801,35.0576],[-119.9427,35.0544],[-119.9284,35.0598],[-119.902,35.0358],[-119.8897,35.0406],[-119.8545,35.0322],[-119.8442,35.0155],[-119.8308,35.0058],[-119.801,34.9989],[-119.7893,34.9887],[-119.7804,34.9907],[-119.7456,34.9737],[-119.727,34.9761],[-119.7186,34.9715],[-119.7006,34.9767],[-119.6732,34.9735],[-119.6443,34.9536],[-119.6131,34.9495],[-119.5799,34.9228],[-119.5358,34.8976],[-119.4437,34.9012],[-119.4404,34.4418],[-119.4447,34.4295],[-119.4532,34.4289],[-119.4546,34.4217],[-119.4457,34.4043],[-119.4776,34.3797],[-119.4767,34.3732],[-119.4902,34.3825],[-119.537,34.3955],[-119.5595,34.4134],[-119.5767,34.4122],[-119.6169,34.421],[-119.6389,34.4157],[-119.6719,34.4161],[-119.6882,34.4125],[-119.6859,34.4111],[-119.6847,34.4083],[-119.6888,34.4116],[-119.6939,34.4045],[-119.6869,34.4081],[-119.6866,34.4046],[-119.7091,34.3954],[-119.7294,34.3959],[-119.7948,34.4176],[-119.8358,34.4158],[-119.8443,34.4041],[-119.8626,34.409],[-119.878,34.407],[-119.9252,34.4339],[-119.9564,34.4353],[-120.0081,34.4604],[-120.0236,34.4577],[-120.0388,34.4634],[-120.0886,34.4602],[-120.1349,34.473],[-120.2782,34.4667],[-120.2951,34.4706],[-120.3414,34.4588],[-120.4081,34.4546],[-120.4233,34.4496],[-120.442,34.4515],[-120.4534,34.442],[-120.463,34.4485],[-120.4718,34.448],[-120.478,34.4778],[-120.4964,34.4949],[-120.5025,34.5116],[-120.5142,34.5249],[-120.5813,34.557],[-120.6234,34.5537],[-120.6399,34.5634],[-120.6383,34.572],[-120.6506,34.5773],[-120.645,34.5801],[-120.646,34.5875],[-120.64,34.5957],[-120.6433,34.6035],[-120.6251,34.6345],[-120.6036,34.6919],[-120.593,34.6915],[-120.5824,34.6857],[-120.5797,34.6857],[-120.5854,34.6888],[-120.5813,34.6909],[-120.6031,34.6932],[-120.6017,34.7097],[-120.6164,34.7335],[-120.6263,34.7381],[-120.6313,34.753],[-120.6374,34.7559],[-120.6231,34.7918],[-120.6096,34.8531],[-120.6163,34.8667],[-120.6393,34.8804],[-120.6459,34.9002],[-120.6716,34.9029],[-120.6644,34.9203],[-120.6668,34.9303],[-120.6491,34.9746],[-120.6342,34.9596],[-120.6163,34.966],[-120.6132,34.9713],[-120.6022,34.9728],[-120.5955,34.9665],[-120.5855,34.9672],[-120.5752,34.9783],[-120.5549,34.9739],[-120.5386,34.9838],[-120.4962,34.9932],[-120.4403,34.9883],[-120.3373,34.932],[-120.3244,34.9222],[-120.318,34.9068],[-120.3055,34.9046],[-120.2995,34.9071],[-120.2924,34.9332],[-120.2952,34.9485],[-120.304,34.9565],[-120.302,34.9634],[-120.3156,34.9749],[-120.316,34.984],[-120.3263,34.9857],[-120.3339,34.9956],[-120.3346,35.0063],[-120.3238,35.0173],[-120.3099,35.0092],[-120.2902,35.0154],[-120.2786,35.0116],[-120.2737,35.0208],[-120.2614,35.0266],[-120.2575,35.0176],[-120.25,35.0301],[-120.2407,35.0224],[-120.2099,35.0206],[-120.2033,35.0287],[-120.1884,35.0304],[-120.1864,35.0366],[-120.1805,35.038],[-120.1849,35.0491],[-120.1802,35.0616],[-120.1729,35.0643],[-120.1746,35.0702],[-120.149,35.0845],[-120.1429,35.0822],[-120.1432,35.0957],[-120.1301,35.0961],[-120.128,35.0908],[-120.1169,35.1067],[-120.1099,35.1034],[-120.1022,35.1134],[-120.0979,35.1095],[-120.0933,35.1142],[-120.0795,35.113]]]]}},{"type":"Feature","properties":{"CountyName":"Santa Clara","COUNTY_FIPS":"085"},"geometry":{"type":"MultiPolygon","coordinates":[[[[-122.0937,37.4545],[-122.0981,37.455],[-122.0999,37.4575],[-122.0964,37.4583],[-122.0937,37.4545]]],[[[-121.8642,37.4846],[-121.4727,37.4822],[-121.4868,37.4757],[-121.4843,37.466],[-121.4629,37.4515],[-121.4619,37.4388],[-121.4726,37.4233],[-121.4564,37.4067],[-121.4567,37.3955],[-121.4482,37.3917],[-121.4361,37.3961],[-121.4241,37.3936],[-121.4126,37.3894],[-121.4091,37.3807],[-121.4237,37.3588],[-121.4208,37.3447],[-121.4092,37.3306],[-121.412,37.3244],[-121.4058,37.311],[-121.4235,37.2953],[-121.4368,37.292],[-121.4436,37.2966],[-121.4581,37.2841],[-121.454,37.2772],[-121.4558,37.2494],[-121.4418,37.2311],[-121.4218,37.2213],[-121.4088,37.1825],[-121.4134,37.1723],[-121.399,37.1501],[-121.3836,37.1515],[-121.3843,37.1662],[-121.3596,37.1845],[-121.3284,37.166],[-121.3129,37.1702],[-121.2986,37.166],[-121.2811,37.1836],[-121.2621,37.1593],[-121.2366,37.1567],[-121.2323,37.1399],[-121.2174,37.123],[-121.2305,37.1048],[-121.2305,37.0969],[-121.2455,37.0892],[-121.2096,37.0682],[-121.2082,37.0613],[-121.2126,37.0551],[-121.2245,37.0562],[-121.2245,37.0397],[-121.2406,37.0318],[-121.2487,37.0337],[-121.2333,37.0118],[-121.2382,37.0093],[-121.2331,36.9994],[-121.2415,36.9974],[-121.2466,36.9852],[-121.2321,36.9689],[-121.2154,36.9613],[-121.4183,36.9606],[-121.4506,36.9889],[-121.4637,36.9849],[-121.4636,36.9783],[-121.468,36.9768],[-121.489,36.9832],[-121.5124,36.9588],[-121.5138,36.9452],[-121.5392,36.9273],[-121.5403,36.9205],[-121.5585,36.9105],[-121.5603,36.8971],[-121.5757,36.893],[-121.5814,36.8992],[-121.5812,36.9193],[-121.5902,36.9193],[-121.5904,36.9262],[-121.6072,36.9261],[-121.6248,36.9405],[-121.6371,36.9391],[-121.6458,36.9323],[-121.6541,36.9506],[-121.6633,36.9519],[-121.6648,36.9637],[-121.6978,36.9721],[-121.6954,36.9852],[-121.7053,36.9862],[-121.7179,36.9956],[-121.7323,36.9897],[-121.7387,36.99],[-121.7298,36.9936],[-121.7188,37.0076],[-121.7362,37.0153],[-121.7313,37.0224],[-121.7261,37.0213],[-121.7398,37.0277],[-121.7555,37.049],[-121.762,37.0478],[-121.7634,37.052],[-121.7753,37.053],[-121.7861,37.062],[-121.8091,37.0693],[-121.8183,37.0837],[-121.8491,37.099],[-121.8619,37.0994],[-121.86,37.1042],[-121.8909,37.1053],[-121.929,37.1234],[-121.9575,37.1306],[-121.9728,37.1417],[-121.9911,37.1443],[-122.0025,37.1583],[-122.0262,37.1669],[-122.0308,37.19],[-122.0408,37.1952],[-122.0551,37.2125],[-122.0659,37.2104],[-122.0788,37.223],[-122.0898,37.2233],[-122.1042,37.2343],[-122.1217,37.2586],[-122.1317,37.2609],[-122.1506,37.2759],[-122.1534,37.2897],[-122.1669,37.2952],[-122.1621,37.3042],[-122.1712,37.3121],[-122.1839,37.31],[-122.1931,37.3183],[-122.1831,37.3273],[-122.1751,37.3257],[-122.2025,37.3603],[-122.2007,37.372],[-122.1905,37.3853],[-122.1946,37.4079],[-122.1872,37.4163],[-122.1905,37.4313],[-122.1652,37.453],[-122.1444,37.4583],[-122.1241,37.4528],[-122.1239,37.4611],[-122.1154,37.4661],[-122.1016,37.4632],[-122.1045,37.4558],[-122.1055,37.4587],[-122.1082,37.4596],[-122.112,37.4571],[-122.1121,37.4558],[-122.1064,37.4589],[-122.1089,37.4543],[-122.1076,37.4519],[-122.1013,37.4566],[-122.0964,37.4539],[-122.0921,37.4528],[-122.0901,37.4495],[-122.0903,37.4469],[-122.0899,37.4474],[-122.0899,37.4459],[-122.0888,37.4442],[-122.0909,37.4528],[-122.078,37.4482],[-122.0675,37.4503],[-122.064,37.4455],[-122.0365,37.4514],[-122.0394,37.4547],[-122.0301,37.4612],[-121.9955,37.4641],[-121.9648,37.4603],[-121.9675,37.4581],[-121.9657,37.453],[-121.9633,37.4603],[-121.9667,37.4616],[-121.9575,37.4615],[-121.9531,37.4563],[-121.946,37.453],[-121.9592,37.4635],[-121.9481,37.4618],[-121.9455,37.4692],[-121.9312,37.4606],[-121.9326,37.4552],[-121.9251,37.4542],[-121.8812,37.4711],[-121.8642,37.4846]]]]}},{"type":"Feature","properties":{"CountyName":"Tehama","COUNTY_FIPS":"103"},"geometry":{"type":"Polygon","coordinates":[[[-121.4976,40.4456],[-121.4944,40.4404],[-121.4979,40.432],[-121.4738,40.4246],[-121.4796,40.4195],[-121.4843,40.3966],[-121.4828,40.3829],[-121.4736,40.3746],[-121.481,40.3666],[-121.4724,40.3516],[-121.4286,40.3503],[-121.4121,40.3427],[-121.3804,40.3403],[-121.3673,40.331],[-121.3675,40.3229],[-121.3423,40.3098],[-121.3566,40.2975],[-121.3667,40.3011],[-121.3768,40.298],[-121.3703,40.288],[-121.3632,40.2875],[-121.3599,40.2775],[-121.3494,40.2734],[-121.3527,40.2685],[-121.349,40.2645],[-121.3673,40.245],[-121.3617,40.2256],[-121.3658,40.2157],[-121.385,40.2103],[-121.4074,40.1914],[-121.4344,40.1959],[-121.4424,40.1929],[-121.4361,40.1819],[-121.4451,40.1777],[-121.4429,40.1619],[-121.4462,40.1559],[-121.4369,40.1519],[-121.4428,40.1487],[-121.4429,40.1297],[-121.4527,40.1297],[-121.4529,40.1221],[-121.481,40.1224],[-121.481,40.1151],[-121.4909,40.1153],[-121.4909,40.108],[-121.5106,40.108],[-121.5106,40.1005],[-121.5864,40.1005],[-121.5862,40.0933],[-121.5958,40.0935],[-121.5957,40.0577],[-121.6087,40.0551],[-121.6087,40.0468],[-121.6173,40.0471],[-121.6178,40.0394],[-121.6261,40.0395],[-121.6261,40.0256],[-121.6362,40.0258],[-121.6355,39.9968],[-121.6459,39.9971],[-121.646,39.9825],[-121.7033,39.9842],[-121.7075,39.9768],[-121.725,39.9676],[-121.7296,39.9561],[-121.7446,39.9419],[-121.7506,39.9068],[-121.7762,39.8889],[-121.8061,39.8882],[-121.8041,39.8843],[-122.0449,39.8838],[-122.041,39.8795],[-122.0694,39.8405],[-122.0567,39.8273],[-122.0649,39.8115],[-122.0465,39.7977],[-122.9383,39.7982],[-122.9436,39.8017],[-122.9464,39.8329],[-122.9602,39.8452],[-122.9505,39.8685],[-122.9533,39.8728],[-122.9474,39.8924],[-122.951,39.9061],[-122.9205,39.9165],[-122.9206,39.9289],[-122.9098,39.9364],[-122.9268,39.9451],[-122.9255,39.9689],[-122.9352,39.9772],[-122.9388,39.9913],[-122.9519,39.9988],[-122.9495,40.0121],[-122.9564,40.0199],[-122.9498,40.031],[-122.9542,40.0454],[-122.9489,40.0498],[-122.9528,40.0597],[-122.9684,40.0688],[-122.9732,40.0776],[-122.9674,40.0887],[-122.9615,40.0898],[-122.9611,40.1],[-122.9737,40.13],[-122.9686,40.139],[-122.9896,40.1451],[-122.9846,40.1534],[-122.984,40.172],[-122.9701,40.1863],[-122.98,40.2147],[-122.9751,40.2326],[-122.9857,40.2488],[-123.0186,40.2628],[-123.0315,40.2648],[-123.0366,40.2613],[-123.0509,40.2676],[-123.0654,40.287],[-123.0567,40.2854],[-123.0252,40.3037],[-123.0138,40.3031],[-122.9769,40.3152],[-122.9498,40.308],[-122.9344,40.3132],[-122.9296,40.3075],[-122.919,40.3066],[-122.9071,40.3178],[-122.9036,40.3162],[-122.884,40.3422],[-122.8727,40.3489],[-122.8538,40.3429],[-122.8059,40.3559],[-122.7881,40.3553],[-122.7587,40.3633],[-122.7525,40.3605],[-122.7488,40.3657],[-122.7302,40.3583],[-122.7317,40.347],[-122.7097,40.3482],[-122.6773,40.3363],[-122.6737,40.3304],[-122.6506,40.3284],[-122.6219,40.3404],[-122.6252,40.3475],[-122.6102,40.3464],[-122.597,40.3572],[-122.5859,40.3593],[-122.5813,40.3673],[-122.564,40.3656],[-122.5506,40.3784],[-122.5417,40.3765],[-122.541,40.3824],[-122.5322,40.3798],[-122.522,40.3878],[-122.5246,40.3945],[-122.5138,40.3884],[-122.505,40.3894],[-122.5002,40.3825],[-122.4705,40.3839],[-122.4629,40.3756],[-122.4529,40.3785],[-122.444,40.3733],[-122.4179,40.3797],[-122.4126,40.3745],[-122.3958,40.3721],[-122.3422,40.3709],[-122.321,40.3749],[-122.3104,40.3711],[-122.2941,40.3805],[-122.2809,40.3758],[-122.257,40.3794],[-122.2518,40.3872],[-122.2355,40.3854],[-122.2272,40.3893],[-122.1994,40.3778],[-122.1936,40.3923],[-122.1873,40.3814],[-122.1731,40.3791],[-122.1885,40.3875],[-122.1829,40.3925],[-122.1294,40.3988],[-122.129,40.4038],[-122.1113,40.4054],[-122.0991,40.4148],[-122.0968,40.4099],[-122.0916,40.4143],[-122.0912,40.4106],[-122.0522,40.4204],[-122.031,40.4174],[-122.0219,40.4241],[-122.0148,40.421],[-122.01,40.4268],[-121.941,40.4153],[-121.9148,40.426],[-121.901,40.4209],[-121.8796,40.4362],[-121.8514,40.4426],[-121.8341,40.4373],[-121.8067,40.445],[-121.7877,40.4437],[-121.7763,40.4376],[-121.7346,40.4356],[-121.7198,40.4486],[-121.6983,40.4483],[-121.6858,40.4531],[-121.672,40.4504],[-121.6463,40.4347],[-121.6141,40.4391],[-121.5931,40.4311],[-121.5651,40.4458],[-121.4976,40.4456]]]}},{"type":"Feature","properties":{"CountyName":"Sierra","COUNTY_FIPS":"091"},"geometry":{"type":"Polygon","coordinates":[[[-120.6542,39.7066],[-120.0157,39.7087],[-120.0158,39.7224],[-120.0011,39.7224],[-120.0038,39.4451],[-120.5055,39.4461],[-120.5102,39.4552],[-120.5345,39.4644],[-120.5342,39.4837],[-120.5491,39.4945],[-120.5566,39.5141],[-120.5777,39.5233],[-120.6247,39.5196],[-120.6301,39.5249],[-120.651,39.5234],[-120.6546,39.5269],[-120.7009,39.5025],[-120.7066,39.4931],[-120.717,39.4892],[-120.7146,39.4816],[-120.7436,39.4668],[-120.7425,39.4613],[-120.7529,39.4583],[-120.7563,39.4525],[-120.7847,39.4481],[-120.8009,39.4375],[-120.811,39.4361],[-120.8166,39.4408],[-120.8178,39.4365],[-120.8264,39.435],[-120.8369,39.4405],[-120.8433,39.4351],[-120.8783,39.4312],[-120.894,39.4241],[-120.9106,39.426],[-120.9142,39.4201],[-120.9289,39.421],[-120.9318,39.4171],[-120.9786,39.4178],[-120.9798,39.4116],[-120.9926,39.4144],[-121.007,39.4047],[-121.0153,39.4054],[-121.0075,39.3991],[-121.0222,39.3916],[-121.0344,39.5145],[-121.0454,39.5144],[-121.0537,39.5222],[-121.0578,39.5395],[-121.0318,39.5582],[-121.0244,39.5591],[-121.0095,39.6395],[-121.0007,39.6387],[-120.9786,39.6488],[-120.9638,39.6652],[-120.9499,39.6721],[-120.9521,39.6764],[-120.94,39.6868],[-120.9342,39.7017],[-120.9344,39.7388],[-120.9139,39.7572],[-120.8952,39.7599],[-120.8733,39.7762],[-120.8595,39.7705],[-120.8394,39.7464],[-120.8287,39.7468],[-120.8263,39.742],[-120.8156,39.747],[-120.8093,39.7208],[-120.7948,39.7184],[-120.7924,39.7097],[-120.7495,39.7196],[-120.7346,39.7083],[-120.7162,39.7063],[-120.6799,39.6766],[-120.6598,39.6865],[-120.6542,39.7066]]]}},{"type":"Feature","properties":{"CountyName":"Siskiyou","COUNTY_FIPS":"093"},"geometry":{"type":"Polygon","coordinates":[[[-121.4476,41.9975],[-121.4475,41.9505],[-121.4572,41.95],[-121.4572,41.9056],[-121.4569,41.7763],[-121.449,41.7764],[-121.4465,41.1835],[-122.4984,41.1827],[-122.4974,41.1956],[-122.5226,41.2135],[-122.5123,41.2265],[-122.5175,41.2398],[-122.5083,41.2453],[-122.514,41.2552],[-122.514,41.2802],[-122.5102,41.2887],[-122.4992,41.2921],[-122.5019,41.3091],[-122.4788,41.3201],[-122.5026,41.3329],[-122.5039,41.343],[-122.5358,41.3415],[-122.5427,41.3502],[-122.5405,41.3532],[-122.5517,41.3617],[-122.5714,41.3681],[-122.5853,41.359],[-122.587,41.3497],[-122.581,41.3377],[-122.5891,41.3268],[-122.5989,41.3245],[-122.6275,41.332],[-122.6421,41.3266],[-122.6477,41.3223],[-122.6456,41.3047],[-122.6516,41.2996],[-122.6529,41.2897],[-122.6635,41.2916],[-122.6773,41.285],[-122.6791,41.279],[-122.6874,41.2813],[-122.712,41.2748],[-122.7246,41.2611],[-122.7253,41.2475],[-122.7583,41.2408],[-122.777,41.2308],[-122.7812,41.2182],[-122.8021,41.2031],[-122.8114,41.2025],[-122.8252,41.21],[-122.844,41.2002],[-122.8859,41.2051],[-122.9069,41.1959],[-122.9154,41.1872],[-122.9249,41.1867],[-122.9292,41.1787],[-122.9384,41.1781],[-122.9513,41.1856],[-122.9614,41.1815],[-122.9517,41.1503],[-122.9654,41.1383],[-122.9599,41.124],[-122.9743,41.1096],[-122.9691,41.1034],[-122.971,41.0902],[-122.9661,41.0809],[-122.9532,41.0743],[-122.9421,41.0701],[-122.9233,41.072],[-122.9092,41.0412],[-122.8974,41.0292],[-122.9024,41.0238],[-122.9015,41.0147],[-122.9145,41.0069],[-122.9175,40.994],[-122.935,40.9924],[-122.9443,40.9942],[-122.9597,41.0102],[-122.9801,41.0143],[-123.0368,41.0041],[-123.0476,41.0247],[-123.046,41.0335],[-123.0552,41.0467],[-123.0801,41.0576],[-123.0964,41.0594],[-123.1059,41.0658],[-123.1091,41.0754],[-123.1883,41.0776],[-123.2032,41.0718],[-123.2395,41.0758],[-123.2584,41.0936],[-123.2734,41.1229],[-123.284,41.1235],[-123.2951,41.1407],[-123.325,41.1416],[-123.3296,41.1517],[-123.3533,41.1631],[-123.3812,41.1513],[-123.3841,41.1577],[-123.3927,41.1612],[-123.3935,41.1707],[-123.404,41.1745],[-123.4171,41.197],[-123.4348,41.2125],[-123.4344,41.2229],[-123.4549,41.2357],[-123.4422,41.2514],[-123.4438,41.2732],[-123.4628,41.2842],[-123.4555,41.2928],[-123.4596,41.3102],[-123.4782,41.3286],[-123.4825,41.3537],[-123.4741,41.3662],[-123.4882,41.3771],[-123.5012,41.3826],[-123.6614,41.3821],[-123.6555,41.3884],[-123.656,41.3953],[-123.6417,41.4002],[-123.6389,41.4074],[-123.6486,41.4208],[-123.622,41.4326],[-123.6124,41.449],[-123.6159,41.453],[-123.6116,41.4616],[-123.6266,41.4668],[-123.6378,41.4824],[-123.6345,41.4861],[-123.6461,41.5124],[-123.6426,41.5227],[-123.6481,41.535],[-123.67,41.5441],[-123.6826,41.5431],[-123.6939,41.5519],[-123.6815,41.5718],[-123.6891,41.5821],[-123.6814,41.5867],[-123.6823,41.5949],[-123.6976,41.5909],[-123.6989,41.5957],[-123.7157,41.5913],[-123.7192,41.5956],[-123.6967,41.6339],[-123.6805,41.634],[-123.6885,41.6527],[-123.6853,41.6601],[-123.6896,41.6694],[-123.6629,41.6935],[-123.6701,41.7017],[-123.6602,41.7141],[-123.6661,41.7322],[-123.6783,41.7385],[-123.6884,41.7812],[-123.6746,41.7856],[-123.6721,41.796],[-123.69,41.8032],[-123.6944,41.8157],[-123.7031,41.8198],[-123.7037,41.8295],[-123.6829,41.8371],[-123.6708,41.8354],[-123.6714,41.845],[-123.6615,41.8565],[-123.6495,41.8603],[-123.6514,41.8729],[-123.6465,41.8767],[-123.6523,41.8789],[-123.6422,41.8897],[-123.6245,41.8884],[-123.6171,41.8818],[-123.6063,41.8808],[-123.5936,41.9063],[-123.578,41.903],[-123.5595,41.906],[-123.5536,41.9147],[-123.5544,41.9301],[-123.5333,41.9552],[-123.5409,41.9853],[-123.5199,41.9952],[-123.5179,42.0008],[-123.347,41.9993],[-123.1457,42.0088],[-123.044,42.0031],[-122.3781,42.0095],[-121.4476,41.9975]]]}},{"type":"Feature","properties":{"CountyName":"Sutter","COUNTY_FIPS":"101"},"geometry":{"type":"Polygon","coordinates":[[[-121.6238,39.2956],[-121.6317,39.2915],[-121.622,39.2736],[-121.6325,39.2709],[-121.6214,39.2637],[-121.6272,39.2594],[-121.6357,39.262],[-121.6364,39.2461],[-121.6277,39.2355],[-121.6277,39.2286],[-121.6144,39.2289],[-121.6181,39.2207],[-121.6136,39.2139],[-121.6203,39.2135],[-121.6211,39.2062],[-121.6291,39.2047],[-121.6237,39.1957],[-121.6131,39.1905],[-121.6185,39.1831],[-121.6112,39.1757],[-121.6156,39.1678],[-121.6055,39.1485],[-121.6076,39.1409],[-121.5977,39.1278],[-121.6046,39.1139],[-121.6027,39.1002],[-121.5873,39.1017],[-121.5861,39.0891],[-121.6103,39.0568],[-121.6056,39.0326],[-121.5944,39.0233],[-121.6,39.0121],[-121.5791,39.0067],[-121.5894,38.9903],[-121.578,38.9468],[-121.5822,38.9357],[-121.5789,38.9217],[-121.5754,38.9184],[-121.5713,38.9389],[-121.5615,38.9534],[-121.5535,38.9538],[-121.5433,38.9724],[-121.5247,38.9715],[-121.509,38.9828],[-121.4937,38.9843],[-121.4897,38.9921],[-121.4595,38.9978],[-121.4438,38.9933],[-121.4146,38.996],[-121.4144,38.9262],[-121.4694,38.926],[-121.4698,38.7516],[-121.4845,38.7514],[-121.4844,38.7346],[-121.6029,38.7358],[-121.5934,38.754],[-121.5932,38.7643],[-121.6049,38.7794],[-121.6246,38.7854],[-121.631,38.7829],[-121.628,38.779],[-121.6344,38.7679],[-121.6462,38.7741],[-121.639,38.7672],[-121.6541,38.7645],[-121.6632,38.7692],[-121.6585,38.755],[-121.668,38.7545],[-121.6696,38.7454],[-121.6742,38.7434],[-121.6772,38.7509],[-121.67,38.7593],[-121.6926,38.7677],[-121.6865,38.7754],[-121.6934,38.7898],[-121.6907,38.7956],[-121.7013,38.803],[-121.7234,38.8038],[-121.7234,38.8256],[-121.731,38.8358],[-121.7232,38.8513],[-121.7296,38.8584],[-121.7448,38.8642],[-121.7486,38.8713],[-121.7593,38.8684],[-121.7584,38.8624],[-121.7653,38.8642],[-121.7839,38.8565],[-121.7858,38.8632],[-121.8024,38.8646],[-121.8152,38.8771],[-121.8167,38.8845],[-121.8068,38.8903],[-121.804,38.9017],[-121.7936,38.9007],[-121.7911,38.9045],[-121.8122,38.9088],[-121.8153,38.9112],[-121.8059,38.9108],[-121.8048,38.9145],[-121.8289,38.9185],[-121.8373,38.9261],[-121.8301,38.9384],[-121.8406,38.9548],[-121.8321,38.9605],[-121.8333,38.9702],[-121.8214,38.9747],[-121.8195,38.9883],[-121.8021,38.9898],[-121.7953,38.9961],[-121.8265,39.0112],[-121.821,39.0203],[-121.8229,39.0294],[-121.8307,39.0327],[-121.8296,39.038],[-121.8396,39.0469],[-121.8386,39.0641],[-121.8494,39.0714],[-121.8698,39.0669],[-121.8891,39.0724],[-121.8946,39.079],[-121.8898,39.0812],[-121.8953,39.0868],[-121.8944,39.0961],[-121.9058,39.1031],[-121.9055,39.1148],[-121.9131,39.1143],[-121.9111,39.1232],[-121.9214,39.1222],[-121.939,39.1354],[-121.9378,39.144],[-121.9206,39.1413],[-121.9172,39.1473],[-121.9342,39.161],[-121.9455,39.1798],[-121.9346,39.1899],[-121.9366,39.1947],[-121.9283,39.1987],[-121.9361,39.221],[-121.9415,39.2217],[-121.9401,39.2287],[-121.9483,39.2409],[-121.9468,39.2498],[-121.9083,39.3039],[-121.6302,39.3057],[-121.6323,39.3022],[-121.6238,39.2956]]]}},{"type":"Feature","properties":{"CountyName":"Ventura","COUNTY_FIPS":"111"},"geometry":{"type":"Polygon","coordinates":[[[-118.8804,34.7887],[-118.6368,34.2918],[-118.6325,34.2404],[-118.6677,34.2403],[-118.6682,34.1682],[-118.7889,34.1682],[-118.941,34.0748],[-118.9449,34.0453],[-118.9778,34.0598],[-119.0073,34.0661],[-119.0375,34.0831],[-119.0612,34.0854],[-119.0902,34.0987],[-119.0853,34.0987],[-119.0784,34.0951],[-119.0771,34.0953],[-119.0723,34.0928],[-119.0713,34.0929],[-119.0927,34.1051],[-119.0905,34.1125],[-119.0888,34.113],[-119.0844,34.1121],[-119.0826,34.1125],[-119.0886,34.1132],[-119.0912,34.1129],[-119.0987,34.1019],[-119.1039,34.1023],[-119.0905,34.1006],[-119.0912,34.0987],[-119.0892,34.0976],[-119.1163,34.0959],[-119.1388,34.1051],[-119.1886,34.139],[-119.21,34.1433],[-119.2086,34.148],[-119.2012,34.1488],[-119.2093,34.1535],[-119.2163,34.1456],[-119.2513,34.2024],[-119.2652,34.233],[-119.261,34.2361],[-119.2668,34.2374],[-119.2721,34.2576],[-119.2822,34.2702],[-119.2909,34.2749],[-119.313,34.2757],[-119.3375,34.2906],[-119.3691,34.3189],[-119.3905,34.3182],[-119.4278,34.353],[-119.4428,34.3553],[-119.461,34.3741],[-119.4767,34.3732],[-119.4776,34.3797],[-119.4457,34.4043],[-119.4546,34.4217],[-119.4532,34.4289],[-119.4447,34.4295],[-119.4404,34.4418],[-119.4437,34.9012],[-119.3837,34.9008],[-119.3819,34.874],[-119.2764,34.8725],[-119.2773,34.8573],[-119.2426,34.8576],[-119.2425,34.8143],[-118.9779,34.8117],[-118.978,34.7898],[-118.8804,34.7887]]]}}]}