{"type":"FeatureCollection","crs":{"type":"name","properties":{"name":"EPSG:4326"}},"features":[{"type":"Feature","id":1,"geometry":{"type":"Point","coordinates":[-122.40782,37.7843]},"properties":{"OBJECTID":1,"stop_id":"16995","station_id":"mtc:powell","location_type":0,"stop_name":"Metro Powell Station/Outbound","agency_id":"SF","agency_name":"San Francisco Municipal Transportation Agency","route_short_name":"J, K, L, M, N","route_type":"0","tod_tier":"Tier 2"}},{"type":"Feature","id":2,"geometry":{"type":"Point","coordinates":[-122.40709,37.7846500000001]},"properties":{"OBJECTID":2,"stop_id":"15417","station_id":"mtc:powell","location_type":0,"stop_name":"Metro Powell Station/Downtown","agency_id":"SF","agency_name":"San Francisco Municipal Transportation Agency","route_short_name":"J, K, L, M, N","route_type":"0","tod_tier":"Tier 2"}},{"type":"Feature","id":3,"geometry":{"type":"Point","coordinates":[-122.39499,37.77639]},"properties":{"OBJECTID":3,"stop_id":"70011","station_id":"mtc:caltrain-4th-&-king","location_type":0,"stop_name":"San Francisco Caltrain Station Northbound","agency_id":"CT","agency_name":"Caltrain","route_short_name":"Express, Limited, Local Weekday, Local Weekend","route_type":"2","tod_tier":"Tier 1"}},{"type":"Feature","id":4,"geometry":{"type":"Point","coordinates":[-122.39494,37.77635]},"properties":{"OBJECTID":4,"stop_id":"70012","station_id":"mtc:caltrain-4th-&-king","location_type":0,"stop_name":"San Francisco Caltrain Station Southbound","agency_id":"CT","agency_name":"Caltrain","route_short_name":"Express, Limited, Local Weekday, Local Weekend","route_type":"2","tod_tier":"Tier 1"}},{"type":"Feature","id":5,"geometry":{"type":"Point","coordinates":[-122.1647,37.4434000000001]},"properties":{"OBJECTID":5,"stop_id":"70172","station_id":"mtc:palo-alto-station","location_type":0,"stop_name":"Palo Alto Caltrain Station Southbound","agency_id":"CT","agency_name":"Caltrain","route_short_name":"Express, Limited, Local Weekday, Local Weekend","route_type":"2","tod_tier":"Tier 1"}},{"type":"Feature","id":6,"geometry":{"type":"Point","coordinates":[-122.16466,37.4434400000001]},"properties":{"OBJECTID":6,"stop_id":"70171","station_id":"mtc:palo-alto-station","location_type":0,"stop_name":"Palo Alto Caltrain Station Northbound","agency_id":"CT","agency_name":"Caltrain","route_short_name":"Express, Limited, Local Weekday, Local Weekend","route_type":"2","tod_tier":"Tier 1"}},{"type":"Feature","id":7,"geometry":{"type":"Point","coordinates":[-122.39682,37.79285]},"properties":{"OBJECTID":7,"stop_id":"16992","station_id":"mtc:embarcadero-bart","location_type":0,"stop_name":"Metro Embarcadero Station","agency_id":"SF","agency_name":"San Francisco Municipal Transportation Agency","route_short_name":"J, K, L, M, N","route_type":"0","tod_tier":"Tier 2"}},{"type":"Feature","id":8,"geometry":{"type":"Point","coordinates":[-122.41422,37.7792400000001]},"properties":{"OBJECTID":8,"stop_id":"16997","station_id":"mtc:civic-center-bart","location_type":0,"stop_name":"Metro Civic Center Station/Outbd","agency_id":"SF","agency_name":"San Francisco Municipal Transportation Agency","route_short_name":"J, K, L, M, N","route_type":"0","tod_tier":"Tier 2"}},{"type":"Feature","id":9,"geometry":{"type":"Point","coordinates":[-122.41335,37.7797100000001]},"properties":{"OBJECTID":9,"stop_id":"15727","station_id":"mtc:civic-center-bart","location_type":0,"stop_name":"Metro Civic Center Station/Downtn","agency_id":"SF","agency_name":"San Francisco Municipal Transportation Agency","route_short_name":"J, K, L, M, N","route_type":"0","tod_tier":"Tier 2"}},{"type":"Feature","id":10,"geometry":{"type":"Point","coordinates":[-122.40213,37.7887900000001]},"properties":{"OBJECTID":10,"stop_id":"16994","station_id":"mtc:montgomery-bart","location_type":0,"stop_name":"Metro Montgomery Station/Outbound","agency_id":"SF","agency_name":"San Francisco Municipal Transportation Agency","route_short_name":"J, K, L, M, N","route_type":"0","tod_tier":"Tier 2"}},{"type":"Feature","id":11,"geometry":{"type":"Point","coordinates":[-122.40135,37.7892200000001]},"properties":{"OBJECTID":11,"stop_id":"15731","station_id":"mtc:montgomery-bart","location_type":0,"stop_name":"Metro Montgomery Station/Downtown","agency_id":"SF","agency_name":"San Francisco Municipal Transportation Agency","route_short_name":"J, K, L, M, N","route_type":"0","tod_tier":"Tier 2"}},{"type":"Feature","id":12,"geometry":{"type":"Point","coordinates":[-122.07683,37.3949500000001]},"properties":{"OBJECTID":12,"stop_id":"64821","station_id":"mtc:downtown-mountain-view-station","location_type":0,"stop_name":"Mountain View Station","agency_id":"SC","agency_name":"VTA","route_short_name":"Orange Line, OrangeW","route_type":"0","tod_tier":"Tier 2"}},{"type":"Feature","id":13,"geometry":{"type":"Point","coordinates":[-122.07759,37.3953000000001]},"properties":{"OBJECTID":13,"stop_id":"64786","station_id":"mtc:downtown-mountain-view-station","location_type":0,"stop_name":"Mountain View Station","agency_id":"SC","agency_name":"VTA","route_short_name":"Orange Line, OrangeW","route_type":"0","tod_tier":"Tier 2"}},{"type":"Feature","id":14,"geometry":{"type":"Point","coordinates":[-122.07596,37.39446]},"properties":{"OBJECTID":14,"stop_id":"70211","station_id":"mtc:mountain-view-station","location_type":0,"stop_name":"Mountain View Caltrain Station Northbound","agency_id":"CT","agency_name":"Caltrain","route_short_name":"Express, Limited, Local Weekday, Local Weekend","route_type":"2","tod_tier":"Tier 1"}},{"type":"Feature","id":15,"geometry":{"type":"Point","coordinates":[-122.07599,37.3944000000001]},"properties":{"OBJECTID":15,"stop_id":"70212","station_id":"mtc:mountain-view-station","location_type":0,"stop_name":"Mountain View Caltrain Station Southbound","agency_id":"CT","agency_name":"Caltrain","route_short_name":"Express, Limited, Local Weekday, Local Weekend","route_type":"2","tod_tier":"Tier 1"}},{"type":"Feature","id":16,"geometry":{"type":"Point","coordinates":[-121.90357,37.3283000000001]},"properties":{"OBJECTID":16,"stop_id":"65381","station_id":"mtc:san-jose-diridon-station","location_type":0,"stop_name":"Diridon Station","agency_id":"SC","agency_name":"VTA","route_short_name":"Green Line, GreenN, GreenS","route_type":"0","tod_tier":"Tier 2"}},{"type":"Feature","id":17,"geometry":{"type":"Point","coordinates":[-121.90351,37.3289500000001]},"properties":{"OBJECTID":17,"stop_id":"65374","station_id":"mtc:san-jose-diridon-station","location_type":0,"stop_name":"Diridon Station","agency_id":"SC","agency_name":"VTA","route_short_name":"Green Line, GreenN, GreenS","route_type":"0","tod_tier":"Tier 2"}},{"type":"Feature","id":18,"geometry":{"type":"Point","coordinates":[-121.90317,37.3292300000001]},"properties":{"OBJECTID":18,"stop_id":"70262","station_id":"mtc:san-jose-diridon-station","location_type":0,"stop_name":"San Jose Diridon Caltrain Station Southbound","agency_id":"CT","agency_name":"Caltrain","route_short_name":"Express, Limited, Local Weekday, Local Weekend, South County","route_type":"2","tod_tier":"Tier 1"}},{"type":"Feature","id":19,"geometry":{"type":"Point","coordinates":[-121.90301,37.32924]},"properties":{"OBJECTID":19,"stop_id":"70261","station_id":"mtc:san-jose-diridon-station","location_type":0,"stop_name":"San Jose Diridon Caltrain Station Northbound","agency_id":"CT","agency_name":"Caltrain","route_short_name":"Express, Limited, Local Weekday, Local Weekend, South County","route_type":"2","tod_tier":"Tier 1"}},{"type":"Feature","id":20,"geometry":{"type":"Point","coordinates":[-121.93608,37.35324]},"properties":{"OBJECTID":20,"stop_id":"70241","station_id":"mtc:santa-clara-caltrain","location_type":0,"stop_name":"Santa Clara Caltrain Station Northbound","agency_id":"CT","agency_name":"Caltrain","route_short_name":"Limited, Local Weekday, Local Weekend","route_type":"2","tod_tier":"Tier 1"}},{"type":"Feature","id":21,"geometry":{"type":"Point","coordinates":[-121.93613,37.35319]},"properties":{"OBJECTID":21,"stop_id":"70242","station_id":"mtc:santa-clara-caltrain","location_type":0,"stop_name":"Santa Clara Caltrain Station Southbound","agency_id":"CT","agency_name":"Caltrain","route_short_name":"Limited, Local Weekday, Local Weekend","route_type":"2","tod_tier":"Tier 1"}},{"type":"Feature","id":22,"geometry":{"type":"Point","coordinates":[-122.39704,37.7927700000001]},"properties":{"OBJECTID":22,"stop_id":"17217","station_id":"mtc:embarcadero-bart","location_type":0,"stop_name":"Metro Embarcadero Station","agency_id":"SF","agency_name":"San Francisco Municipal Transportation Agency","route_short_name":"J, K, L, M, N","route_type":"0","tod_tier":"Tier 2"}},{"type":"Feature","id":23,"geometry":{"type":"Point","coordinates":[-122.22407,37.7748700000001]},"properties":{"OBJECTID":23,"stop_id":"902202","station_id":"mtc:fruitvale","location_type":0,"stop_name":"Fruitvale","agency_id":"BA","agency_name":"Bay Area Rapid Transit","route_short_name":"Blue-S, Green-S, Orange-N","route_type":"1","tod_tier":"Tier 1"}},{"type":"Feature","id":24,"geometry":{"type":"Point","coordinates":[-122.22412,37.77482]},"properties":{"OBJECTID":24,"stop_id":"902201","station_id":"mtc:fruitvale","location_type":0,"stop_name":"Fruitvale","agency_id":"BA","agency_name":"Bay Area Rapid Transit","route_short_name":"Blue-N, Green-N, Orange-S","route_type":"1","tod_tier":"Tier 1"}},{"type":"Feature","id":25,"geometry":{"type":"Point","coordinates":[-122.46885,37.7062300000001]},"properties":{"OBJECTID":25,"stop_id":"901902","station_id":"mtc:daly-city-bart","location_type":0,"stop_name":"Daly City","agency_id":"BA","agency_name":"Bay Area Rapid Transit","route_short_name":"Blue-N, Green-N, Red-N, Yellow-N","route_type":"1","tod_tier":"Tier 1"}},{"type":"Feature","id":26,"geometry":{"type":"Point","coordinates":[-122.46892,37.70626]},"properties":{"OBJECTID":26,"stop_id":"901901","station_id":"mtc:daly-city-bart","location_type":0,"stop_name":"Daly City","agency_id":"BA","agency_name":"Bay Area Rapid Transit","route_short_name":"Blue-N, Blue-S, Green-N, Green-S","route_type":"1","tod_tier":"Tier 1"}},{"type":"Feature","id":27,"geometry":{"type":"Point","coordinates":[-122.46899,37.7063000000001]},"properties":{"OBJECTID":27,"stop_id":"901903","station_id":"mtc:daly-city-bart","location_type":0,"stop_name":"Daly City","agency_id":"BA","agency_name":"Bay Area Rapid Transit","route_short_name":"Blue-S, Green-S, Red-S, Yellow-S","route_type":"1","tod_tier":"Tier 1"}},{"type":"Feature","id":28,"geometry":{"type":"Point","coordinates":[-122.01723,37.59076]},"properties":{"OBJECTID":28,"stop_id":"902802","station_id":"mtc:union-city-bart","location_type":0,"stop_name":"Union City","agency_id":"BA","agency_name":"Bay Area Rapid Transit","route_short_name":"Green-S, Orange-N","route_type":"1","tod_tier":"Tier 1"}},{"type":"Feature","id":29,"geometry":{"type":"Point","coordinates":[-122.01729,37.5907100000001]},"properties":{"OBJECTID":29,"stop_id":"902801","station_id":"mtc:union-city-bart","location_type":0,"stop_name":"Union City","agency_id":"BA","agency_name":"Bay Area Rapid Transit","route_short_name":"Green-N, Orange-S","route_type":"1","tod_tier":"Tier 1"}},{"type":"Feature","id":30,"geometry":{"type":"Point","coordinates":[-121.93946,37.5022700000001]},"properties":{"OBJECTID":30,"stop_id":"909201","station_id":"mtc:warm-springs-south-fremont-bart","location_type":0,"stop_name":"Warm Springs / South Fremont","agency_id":"BA","agency_name":"Bay Area Rapid Transit","route_short_name":"Green-N, Orange-S","route_type":"1","tod_tier":"Tier 1"}},{"type":"Feature","id":31,"geometry":{"type":"Point","coordinates":[-122.38684,37.6002]},"properties":{"OBJECTID":31,"stop_id":"906403","station_id":"mtc:millbrae-bart","location_type":0,"stop_name":"Millbrae (Caltrain Transfer Platform)","agency_id":"BA","agency_name":"Bay Area Rapid Transit","route_short_name":"Red-N, Red-S, Yellow-N, Yellow-S","route_type":"1","tod_tier":"Tier 1"}},{"type":"Feature","id":32,"geometry":{"type":"Point","coordinates":[-122.19676,37.75356]},"properties":{"OBJECTID":32,"stop_id":"902301","station_id":"mtc:oakland-coliseum-bart","location_type":0,"stop_name":"Coliseum","agency_id":"BA","agency_name":"Bay Area Rapid Transit","route_short_name":"Blue-N, Green-N, Orange-S","route_type":"1","tod_tier":"Tier 1"}},{"type":"Feature","id":33,"geometry":{"type":"Point","coordinates":[-122.397,37.7926900000001]},"properties":{"OBJECTID":33,"stop_id":"901162","station_id":"mtc:embarcadero-bart","location_type":0,"stop_name":"Embarcadero","agency_id":"BA","agency_name":"Bay Area Rapid Transit","route_short_name":"Blue-N, Green-N, Red-N, Yellow-N","route_type":"1","tod_tier":"Tier 1"}},{"type":"Feature","id":34,"geometry":{"type":"Point","coordinates":[-122.41388,37.7794500000001]},"properties":{"OBJECTID":34,"stop_id":"901401","station_id":"mtc:civic-center-bart","location_type":0,"stop_name":"Civic Center / UN Plaza","agency_id":"BA","agency_name":"Bay Area Rapid Transit","route_short_name":"Blue-S, Green-S, Red-S, Yellow-S","route_type":"1","tod_tier":"Tier 1"}},{"type":"Feature","id":35,"geometry":{"type":"Point","coordinates":[-122.40151,37.78912]},"properties":{"OBJECTID":35,"stop_id":"901202","station_id":"mtc:montgomery-bart","location_type":0,"stop_name":"Montgomery Street","agency_id":"BA","agency_name":"Bay Area Rapid Transit","route_short_name":"Blue-N, Green-N, Red-N, Yellow-N","route_type":"1","tod_tier":"Tier 1"}},{"type":"Feature","id":36,"geometry":{"type":"Point","coordinates":[-121.89924,37.7016100000001]},"properties":{"OBJECTID":36,"stop_id":"905301","station_id":"mtc:dublin-pleasanton-bart","location_type":0,"stop_name":"Dublin / Pleasanton","agency_id":"BA","agency_name":"Bay Area Rapid Transit","route_short_name":"Blue-N","route_type":"1","tod_tier":"Tier 1"}},{"type":"Feature","id":37,"geometry":{"type":"Point","coordinates":[-122.40716,37.78457]},"properties":{"OBJECTID":37,"stop_id":"901302","station_id":"mtc:powell","location_type":0,"stop_name":"Powell Street","agency_id":"BA","agency_name":"Bay Area Rapid Transit","route_short_name":"Blue-N, Green-N, Red-N, Yellow-N","route_type":"1","tod_tier":"Tier 1"}},{"type":"Feature","id":38,"geometry":{"type":"Point","coordinates":[-121.93936,37.5023100000001]},"properties":{"OBJECTID":38,"stop_id":"909202","station_id":"mtc:warm-springs-south-fremont-bart","location_type":0,"stop_name":"Warm Springs / South Fremont","agency_id":"BA","agency_name":"Bay Area Rapid Transit","route_short_name":"Green-S, Orange-N","route_type":"1","tod_tier":"Tier 1"}},{"type":"Feature","id":39,"geometry":{"type":"Point","coordinates":[-122.1967,37.7536000000001]},"properties":{"OBJECTID":39,"stop_id":"902302","station_id":"mtc:oakland-coliseum-bart","location_type":0,"stop_name":"Coliseum","agency_id":"BA","agency_name":"Bay Area Rapid Transit","route_short_name":"Blue-S, Green-S, Orange-N","route_type":"1","tod_tier":"Tier 1"}},{"type":"Feature","id":40,"geometry":{"type":"Point","coordinates":[-122.39708,37.79279]},"properties":{"OBJECTID":40,"stop_id":"901161","station_id":"mtc:embarcadero-bart","location_type":0,"stop_name":"Embarcadero","agency_id":"BA","agency_name":"Bay Area Rapid Transit","route_short_name":"Blue-S, Green-S, Red-S, Yellow-S","route_type":"1","tod_tier":"Tier 1"}},{"type":"Feature","id":41,"geometry":{"type":"Point","coordinates":[-122.4138,37.7793800000001]},"properties":{"OBJECTID":41,"stop_id":"901402","station_id":"mtc:civic-center-bart","location_type":0,"stop_name":"Civic Center / UN Plaza","agency_id":"BA","agency_name":"Bay Area Rapid Transit","route_short_name":"Blue-N, Green-N, Red-N, Yellow-N","route_type":"1","tod_tier":"Tier 1"}},{"type":"Feature","id":42,"geometry":{"type":"Point","coordinates":[-122.40164,37.78921]},"properties":{"OBJECTID":42,"stop_id":"901201","station_id":"mtc:montgomery-bart","location_type":0,"stop_name":"Montgomery Street","agency_id":"BA","agency_name":"Bay Area Rapid Transit","route_short_name":"Blue-S, Green-S, Red-S, Yellow-S","route_type":"1","tod_tier":"Tier 1"}},{"type":"Feature","id":43,"geometry":{"type":"Point","coordinates":[-121.89924,37.70169]},"properties":{"OBJECTID":43,"stop_id":"905302","station_id":"mtc:dublin-pleasanton-bart","location_type":0,"stop_name":"Dublin / Pleasanton","agency_id":"BA","agency_name":"Bay Area Rapid Transit","route_short_name":"Blue-N, Blue-S","route_type":"1","tod_tier":"Tier 1"}},{"type":"Feature","id":44,"geometry":{"type":"Point","coordinates":[-122.40738,37.7846500000001]},"properties":{"OBJECTID":44,"stop_id":"901301","station_id":"mtc:powell","location_type":0,"stop_name":"Powell Street","agency_id":"BA","agency_name":"Bay Area Rapid Transit","route_short_name":"Blue-S, Green-S, Red-S, Yellow-S","route_type":"1","tod_tier":"Tier 1"}},{"type":"Feature","id":45,"geometry":{"type":"Point","coordinates":[-122.26698,37.82879]},"properties":{"OBJECTID":45,"stop_id":"900301","station_id":"mtc:macarthur-bart","location_type":0,"stop_name":"MacArthur","agency_id":"BA","agency_name":"Bay Area Rapid Transit","route_short_name":"Orange-N, Red-N","route_type":"1","tod_tier":"Tier 1"}},{"type":"Feature","id":46,"geometry":{"type":"Point","coordinates":[-122.26708,37.8288000000001]},"properties":{"OBJECTID":46,"stop_id":"900303","station_id":"mtc:macarthur-bart","location_type":0,"stop_name":"MacArthur","agency_id":"BA","agency_name":"Bay Area Rapid Transit","route_short_name":"Yellow-N","route_type":"1","tod_tier":"Tier 1"}},{"type":"Feature","id":47,"geometry":{"type":"Point","coordinates":[-122.26716,37.82881]},"properties":{"OBJECTID":47,"stop_id":"900304","station_id":"mtc:macarthur-bart","location_type":0,"stop_name":"MacArthur","agency_id":"BA","agency_name":"Bay Area Rapid Transit","route_short_name":"Yellow-S","route_type":"1","tod_tier":"Tier 1"}},{"type":"Feature","id":48,"geometry":{"type":"Point","coordinates":[-122.26726,37.82883]},"properties":{"OBJECTID":48,"stop_id":"900302","station_id":"mtc:macarthur-bart","location_type":0,"stop_name":"MacArthur","agency_id":"BA","agency_name":"Bay Area Rapid Transit","route_short_name":"Orange-S, Red-S","route_type":"1","tod_tier":"Tier 1"}},{"type":"Feature","id":49,"geometry":{"type":"Point","coordinates":[-122.39191,37.6161200000001]},"properties":{"OBJECTID":49,"stop_id":"907102","station_id":"mtc:sfo","location_type":0,"stop_name":"San Francisco International Airport","agency_id":"BA","agency_name":"Bay Area Rapid Transit","route_short_name":"Red-N, Red-S, Yellow-N, Yellow-S","route_type":"1","tod_tier":"Tier 1"}},{"type":"Feature","id":50,"geometry":{"type":"Point","coordinates":[-122.39186,37.6162200000001]},"properties":{"OBJECTID":50,"stop_id":"907101","station_id":"mtc:sfo","location_type":0,"stop_name":"San Francisco International Airport","agency_id":"BA","agency_name":"Bay Area Rapid Transit","route_short_name":"Yellow-N, Yellow-S","route_type":"1","tod_tier":"Tier 1"}},{"type":"Feature","id":51,"geometry":{"type":"Point","coordinates":[-122.38683,37.5998000000001]},"properties":{"OBJECTID":51,"stop_id":"70062","station_id":"mtc:millbrae-bart","location_type":0,"stop_name":"Millbrae Caltrain Station Southbound","agency_id":"CT","agency_name":"Caltrain","route_short_name":"Express, Limited, Local Weekday, Local Weekend","route_type":"2","tod_tier":"Tier 1"}},{"type":"Feature","id":52,"geometry":{"type":"Point","coordinates":[-122.38671,37.59986]},"properties":{"OBJECTID":52,"stop_id":"70061","station_id":"mtc:millbrae-bart","location_type":0,"stop_name":"Millbrae Caltrain Station Northbound","agency_id":"CT","agency_name":"Caltrain","route_short_name":"Express, Limited, Local Weekday, Local Weekend","route_type":"2","tod_tier":"Tier 1"}},{"type":"Feature","id":53,"geometry":{"type":"Point","coordinates":[-121.89088,37.40981]},"properties":{"OBJECTID":53,"stop_id":"909401","station_id":"mtc:great-mall-milpitas-bart","location_type":0,"stop_name":"Milpitas","agency_id":"BA","agency_name":"Bay Area Rapid Transit","route_short_name":"Green-N, Orange-S","route_type":"1","tod_tier":"Tier 1"}},{"type":"Feature","id":54,"geometry":{"type":"Point","coordinates":[-121.8908,37.40984]},"properties":{"OBJECTID":54,"stop_id":"909402","station_id":"mtc:great-mall-milpitas-bart","location_type":0,"stop_name":"Milpitas","agency_id":"BA","agency_name":"Bay Area Rapid Transit","route_short_name":"Green-S, Orange-N","route_type":"1","tod_tier":"Tier 1"}},{"type":"Feature","id":55,"geometry":{"type":"Point","coordinates":[-121.89136,37.4089500000001]},"properties":{"OBJECTID":55,"stop_id":"65249","station_id":"mtc:great-mall-milpitas-bart","location_type":0,"stop_name":"Milpitas Station","agency_id":"SC","agency_name":"VTA","route_short_name":"Orange Line, OrangeE","route_type":"0","tod_tier":"Tier 2"}},{"type":"Feature","id":56,"geometry":{"type":"Point","coordinates":[-121.89062,37.40855]},"properties":{"OBJECTID":56,"stop_id":"65236","station_id":"mtc:great-mall-milpitas-bart","location_type":0,"stop_name":"Milpitas Station","agency_id":"SC","agency_name":"VTA","route_short_name":"Orange Line, OrangeE","route_type":"0","tod_tier":"Tier 2"}},{"type":"Feature","id":57,"geometry":{"type":"Point","coordinates":[-122.27159,37.8035800000001]},"properties":{"OBJECTID":57,"stop_id":"900102","station_id":"mtc:12th-st-oakland-city-center-bart","location_type":0,"stop_name":"12th Street / Oakland City Center","agency_id":"BA","agency_name":"Bay Area Rapid Transit","route_short_name":"Orange-S, Red-S, Yellow-S","route_type":"1","tod_tier":"Tier 1"}},{"type":"Feature","id":58,"geometry":{"type":"Point","coordinates":[-122.27169,37.8035100000001]},"properties":{"OBJECTID":58,"stop_id":"900103","station_id":"mtc:12th-st-oakland-city-center-bart","location_type":0,"stop_name":"12th Street / Oakland City Center","agency_id":"BA","agency_name":"Bay Area Rapid Transit","route_short_name":"Yellow-N","route_type":"1","tod_tier":"Tier 1"}},{"type":"Feature","id":59,"geometry":{"type":"Point","coordinates":[-122.27165,37.8034700000001]},"properties":{"OBJECTID":59,"stop_id":"900101","station_id":"mtc:12th-st-oakland-city-center-bart","location_type":0,"stop_name":"12th Street / Oakland City Center","agency_id":"BA","agency_name":"Bay Area Rapid Transit","route_short_name":"Orange-N, Red-N","route_type":"1","tod_tier":"Tier 1"}},{"type":"Feature","id":60,"geometry":{"type":"Point","coordinates":[-122.26882,37.8081]},"properties":{"OBJECTID":60,"stop_id":"900203","station_id":"mtc:19th-st-oakland-bart","location_type":0,"stop_name":"19th Street Oakland","agency_id":"BA","agency_name":"Bay Area Rapid Transit","route_short_name":"Yellow-N","route_type":"1","tod_tier":"Tier 1"}},{"type":"Feature","id":61,"geometry":{"type":"Point","coordinates":[-122.26868,37.8081300000001]},"properties":{"OBJECTID":61,"stop_id":"900202","station_id":"mtc:19th-st-oakland-bart","location_type":0,"stop_name":"19th Street Oakland","agency_id":"BA","agency_name":"Bay Area Rapid Transit","route_short_name":"Orange-S, Red-S, Yellow-S","route_type":"1","tod_tier":"Tier 1"}},{"type":"Feature","id":62,"geometry":{"type":"Point","coordinates":[-122.26872,37.8080600000001]},"properties":{"OBJECTID":62,"stop_id":"900201","station_id":"mtc:19th-st-oakland-bart","location_type":0,"stop_name":"19th Street Oakland","agency_id":"BA","agency_name":"Bay Area Rapid Transit","route_short_name":"Orange-N, Red-N","route_type":"1","tod_tier":"Tier 1"}},{"type":"Feature","id":63,"geometry":{"type":"Point","coordinates":[-122.19627,37.7522300000001]},"properties":{"OBJECTID":63,"stop_id":"902303","station_id":"mtc:oakland-coliseum-bart","location_type":0,"stop_name":"Coliseum - OAC","agency_id":"BA","agency_name":"Bay Area Rapid Transit","route_short_name":"Grey-N, Grey-S","route_type":"1","tod_tier":"Tier 1"}},{"type":"Feature","id":64,"geometry":{"type":"Point","coordinates":[-122.41968,37.76518]},"properties":{"OBJECTID":64,"stop_id":"901502","station_id":"901509","location_type":0,"stop_name":"16th Street / Mission","agency_id":"BA","agency_name":"Bay Area Rapid Transit","route_short_name":"Blue-N, Green-N, Red-N, Yellow-N","route_type":"1","tod_tier":"Tier 1"}},{"type":"Feature","id":65,"geometry":{"type":"Point","coordinates":[-122.41975,37.76518]},"properties":{"OBJECTID":65,"stop_id":"901501","station_id":"901509","location_type":0,"stop_name":"16th Street / Mission","agency_id":"BA","agency_name":"Bay Area Rapid Transit","route_short_name":"Blue-S, Green-S, Red-S, Yellow-S","route_type":"1","tod_tier":"Tier 1"}},{"type":"Feature","id":66,"geometry":{"type":"Point","coordinates":[-122.41845,37.7524300000001]},"properties":{"OBJECTID":66,"stop_id":"901602","station_id":"901609","location_type":0,"stop_name":"24th Street / Mission","agency_id":"BA","agency_name":"Bay Area Rapid Transit","route_short_name":"Blue-N, Green-N, Red-N, Yellow-N","route_type":"1","tod_tier":"Tier 1"}},{"type":"Feature","id":67,"geometry":{"type":"Point","coordinates":[-122.41852,37.75242]},"properties":{"OBJECTID":67,"stop_id":"901601","station_id":"901609","location_type":0,"stop_name":"24th Street / Mission","agency_id":"BA","agency_name":"Bay Area Rapid Transit","route_short_name":"Blue-S, Green-S, Red-S, Yellow-S","route_type":"1","tod_tier":"Tier 1"}},{"type":"Feature","id":68,"geometry":{"type":"Point","coordinates":[-122.26982,37.8530900000001]},"properties":{"OBJECTID":68,"stop_id":"904102","station_id":"904109","location_type":0,"stop_name":"Ashby","agency_id":"BA","agency_name":"Bay Area Rapid Transit","route_short_name":"Orange-S, Red-S","route_type":"1","tod_tier":"Tier 1"}},{"type":"Feature","id":69,"geometry":{"type":"Point","coordinates":[-122.26975,37.8530700000001]},"properties":{"OBJECTID":69,"stop_id":"904101","station_id":"904109","location_type":0,"stop_name":"Ashby","agency_id":"BA","agency_name":"Bay Area Rapid Transit","route_short_name":"Orange-N, Red-N","route_type":"1","tod_tier":"Tier 1"}},{"type":"Feature","id":70,"geometry":{"type":"Point","coordinates":[-122.44751,37.7217600000001]},"properties":{"OBJECTID":70,"stop_id":"901801","station_id":"901809","location_type":0,"stop_name":"Balboa Park","agency_id":"BA","agency_name":"Bay Area Rapid Transit","route_short_name":"Blue-S, Green-S, Red-S, Yellow-S","route_type":"1","tod_tier":"Tier 1"}},{"type":"Feature","id":71,"geometry":{"type":"Point","coordinates":[-122.44743,37.72175]},"properties":{"OBJECTID":71,"stop_id":"901802","station_id":"901809","location_type":0,"stop_name":"Balboa Park","agency_id":"BA","agency_name":"Bay Area Rapid Transit","route_short_name":"Blue-N, Green-N, Red-N, Yellow-N","route_type":"1","tod_tier":"Tier 1"}},{"type":"Feature","id":72,"geometry":{"type":"Point","coordinates":[-122.12643,37.69694]},"properties":{"OBJECTID":72,"stop_id":"902502","station_id":"902509","location_type":0,"stop_name":"Bay Fair","agency_id":"BA","agency_name":"Bay Area Rapid Transit","route_short_name":"Blue-N, Blue-S, Green-S, Orange-N","route_type":"1","tod_tier":"Tier 1"}},{"type":"Feature","id":73,"geometry":{"type":"Point","coordinates":[-122.12649,37.6968900000001]},"properties":{"OBJECTID":73,"stop_id":"902501","station_id":"902509","location_type":0,"stop_name":"Bay Fair","agency_id":"BA","agency_name":"Bay Area Rapid Transit","route_short_name":"Blue-N, Green-N, Orange-S","route_type":"1","tod_tier":"Tier 1"}},{"type":"Feature","id":74,"geometry":{"type":"Point","coordinates":[-121.87466,37.3685]},"properties":{"OBJECTID":74,"stop_id":"909502","station_id":"909509","location_type":0,"stop_name":"Berryessa / North San Jose","agency_id":"BA","agency_name":"Bay Area Rapid Transit","route_short_name":"Orange-N, Orange-S","route_type":"1","tod_tier":"Tier 1"}},{"type":"Feature","id":75,"geometry":{"type":"Point","coordinates":[-121.87476,37.3684700000001]},"properties":{"OBJECTID":75,"stop_id":"909501","station_id":"909509","location_type":0,"stop_name":"Berryessa / North San Jose","agency_id":"BA","agency_name":"Bay Area Rapid Transit","route_short_name":"Green-N, Green-S","route_type":"1","tod_tier":"Tier 1"}},{"type":"Feature","id":76,"geometry":{"type":"Point","coordinates":[-122.07561,37.6907800000001]},"properties":{"OBJECTID":76,"stop_id":"905102","station_id":"905109","location_type":0,"stop_name":"Castro Valley","agency_id":"BA","agency_name":"Bay Area Rapid Transit","route_short_name":"Blue-S","route_type":"1","tod_tier":"Tier 1"}},{"type":"Feature","id":77,"geometry":{"type":"Point","coordinates":[-122.07561,37.69071]},"properties":{"OBJECTID":77,"stop_id":"905101","station_id":"905109","location_type":0,"stop_name":"Castro Valley","agency_id":"BA","agency_name":"Bay Area Rapid Transit","route_short_name":"Blue-N","route_type":"1","tod_tier":"Tier 1"}},{"type":"Feature","id":78,"geometry":{"type":"Point","coordinates":[-122.46617,37.6846400000001]},"properties":{"OBJECTID":78,"stop_id":"906101","station_id":"906109","location_type":0,"stop_name":"Colma","agency_id":"BA","agency_name":"Bay Area Rapid Transit","route_short_name":"Red-S, Yellow-S","route_type":"1","tod_tier":"Tier 1"}},{"type":"Feature","id":79,"geometry":{"type":"Point","coordinates":[-122.46612,37.68469]},"properties":{"OBJECTID":79,"stop_id":"906102","station_id":"906109","location_type":0,"stop_name":"Colma","agency_id":"BA","agency_name":"Bay Area Rapid Transit","route_short_name":"Red-N, Yellow-N","route_type":"1","tod_tier":"Tier 1"}},{"type":"Feature","id":80,"geometry":{"type":"Point","coordinates":[-122.26808,37.87012]},"properties":{"OBJECTID":80,"stop_id":"904201","station_id":"904209","location_type":0,"stop_name":"Downtown Berkeley","agency_id":"BA","agency_name":"Bay Area Rapid Transit","route_short_name":"Orange-N, Red-N","route_type":"1","tod_tier":"Tier 1"}},{"type":"Feature","id":81,"geometry":{"type":"Point","coordinates":[-122.26817,37.8701100000001]},"properties":{"OBJECTID":81,"stop_id":"904202","station_id":"904209","location_type":0,"stop_name":"Downtown Berkeley","agency_id":"BA","agency_name":"Bay Area Rapid Transit","route_short_name":"Orange-S, Red-S","route_type":"1","tod_tier":"Tier 1"}},{"type":"Feature","id":82,"geometry":{"type":"Point","coordinates":[-121.97666,37.55746]},"properties":{"OBJECTID":82,"stop_id":"902901","station_id":"902909","location_type":0,"stop_name":"Fremont","agency_id":"BA","agency_name":"Bay Area Rapid Transit","route_short_name":"Green-N, Orange-S","route_type":"1","tod_tier":"Tier 1"}},{"type":"Feature","id":83,"geometry":{"type":"Point","coordinates":[-121.97661,37.55751]},"properties":{"OBJECTID":83,"stop_id":"902902","station_id":"902909","location_type":0,"stop_name":"Fremont","agency_id":"BA","agency_name":"Bay Area Rapid Transit","route_short_name":"Green-S, Orange-N","route_type":"1","tod_tier":"Tier 1"}},{"type":"Feature","id":84,"geometry":{"type":"Point","coordinates":[-122.43356,37.7332700000001]},"properties":{"OBJECTID":84,"stop_id":"901701","station_id":"901709","location_type":0,"stop_name":"Glen Park","agency_id":"BA","agency_name":"Bay Area Rapid Transit","route_short_name":"Blue-S, Green-S, Red-S, Yellow-S","route_type":"1","tod_tier":"Tier 1"}},{"type":"Feature","id":85,"geometry":{"type":"Point","coordinates":[-122.4335,37.73321]},"properties":{"OBJECTID":85,"stop_id":"901702","station_id":"901709","location_type":0,"stop_name":"Glen Park","agency_id":"BA","agency_name":"Bay Area Rapid Transit","route_short_name":"Blue-N, Green-N, Red-N, Yellow-N","route_type":"1","tod_tier":"Tier 1"}},{"type":"Feature","id":86,"geometry":{"type":"Point","coordinates":[-122.087,37.66968]},"properties":{"OBJECTID":86,"stop_id":"902601","station_id":"902609","location_type":0,"stop_name":"Hayward","agency_id":"BA","agency_name":"Bay Area Rapid Transit","route_short_name":"Green-N, Orange-S","route_type":"1","tod_tier":"Tier 1"}},{"type":"Feature","id":87,"geometry":{"type":"Point","coordinates":[-122.08694,37.6697300000001]},"properties":{"OBJECTID":87,"stop_id":"902602","station_id":"902609","location_type":0,"stop_name":"Hayward","agency_id":"BA","agency_name":"Bay Area Rapid Transit","route_short_name":"Green-S, Orange-N","route_type":"1","tod_tier":"Tier 1"}},{"type":"Feature","id":88,"geometry":{"type":"Point","coordinates":[-122.26529,37.7973000000001]},"properties":{"OBJECTID":88,"stop_id":"902101","station_id":"902109","location_type":0,"stop_name":"Lake Merritt","agency_id":"BA","agency_name":"Bay Area Rapid Transit","route_short_name":"Blue-N, Green-N, Orange-S","route_type":"1","tod_tier":"Tier 1"}},{"type":"Feature","id":89,"geometry":{"type":"Point","coordinates":[-122.26523,37.79736]},"properties":{"OBJECTID":89,"stop_id":"902102","station_id":"902109","location_type":0,"stop_name":"Lake Merritt","agency_id":"BA","agency_name":"Bay Area Rapid Transit","route_short_name":"Blue-S, Green-S, Orange-N","route_type":"1","tod_tier":"Tier 1"}},{"type":"Feature","id":90,"geometry":{"type":"Point","coordinates":[-122.28359,37.8740000000001]},"properties":{"OBJECTID":90,"stop_id":"904302","station_id":"904309","location_type":0,"stop_name":"North Berkeley","agency_id":"BA","agency_name":"Bay Area Rapid Transit","route_short_name":"Orange-S, Red-S","route_type":"1","tod_tier":"Tier 1"}},{"type":"Feature","id":91,"geometry":{"type":"Point","coordinates":[-122.28351,37.8740300000001]},"properties":{"OBJECTID":91,"stop_id":"904301","station_id":"904309","location_type":0,"stop_name":"North Berkeley","agency_id":"BA","agency_name":"Bay Area Rapid Transit","route_short_name":"Orange-N, Red-N","route_type":"1","tod_tier":"Tier 1"}},{"type":"Feature","id":92,"geometry":{"type":"Point","coordinates":[-122.25123,37.8447200000001]},"properties":{"OBJECTID":92,"stop_id":"903101","station_id":"903109","location_type":0,"stop_name":"Rockridge","agency_id":"BA","agency_name":"Bay Area Rapid Transit","route_short_name":"Yellow-N","route_type":"1","tod_tier":"Tier 1"}},{"type":"Feature","id":93,"geometry":{"type":"Point","coordinates":[-122.25127,37.84479]},"properties":{"OBJECTID":93,"stop_id":"903102","station_id":"903109","location_type":0,"stop_name":"Rockridge","agency_id":"BA","agency_name":"Bay Area Rapid Transit","route_short_name":"Yellow-S","route_type":"1","tod_tier":"Tier 1"}},{"type":"Feature","id":94,"geometry":{"type":"Point","coordinates":[-122.41629,37.63775]},"properties":{"OBJECTID":94,"stop_id":"906302","station_id":"906309","location_type":0,"stop_name":"San Bruno","agency_id":"BA","agency_name":"Bay Area Rapid Transit","route_short_name":"Red-N, Yellow-N","route_type":"1","tod_tier":"Tier 1"}},{"type":"Feature","id":95,"geometry":{"type":"Point","coordinates":[-122.41638,37.6377200000001]},"properties":{"OBJECTID":95,"stop_id":"906301","station_id":"906309","location_type":0,"stop_name":"San Bruno","agency_id":"BA","agency_name":"Bay Area Rapid Transit","route_short_name":"Red-S, Yellow-S","route_type":"1","tod_tier":"Tier 1"}},{"type":"Feature","id":96,"geometry":{"type":"Point","coordinates":[-122.16079,37.72177]},"properties":{"OBJECTID":96,"stop_id":"902401","station_id":"902409","location_type":0,"stop_name":"San Leandro","agency_id":"BA","agency_name":"Bay Area Rapid Transit","route_short_name":"Blue-N, Green-N, Orange-S","route_type":"1","tod_tier":"Tier 1"}},{"type":"Feature","id":97,"geometry":{"type":"Point","coordinates":[-122.16071,37.7218100000001]},"properties":{"OBJECTID":97,"stop_id":"902402","station_id":"902409","location_type":0,"stop_name":"San Leandro","agency_id":"BA","agency_name":"Bay Area Rapid Transit","route_short_name":"Blue-S, Green-S, Orange-N","route_type":"1","tod_tier":"Tier 1"}},{"type":"Feature","id":98,"geometry":{"type":"Point","coordinates":[-122.05716,37.6343600000001]},"properties":{"OBJECTID":98,"stop_id":"902702","station_id":"902709","location_type":0,"stop_name":"South Hayward","agency_id":"BA","agency_name":"Bay Area Rapid Transit","route_short_name":"Green-S, Orange-N","route_type":"1","tod_tier":"Tier 1"}},{"type":"Feature","id":99,"geometry":{"type":"Point","coordinates":[-122.05723,37.63433]},"properties":{"OBJECTID":99,"stop_id":"902701","station_id":"902709","location_type":0,"stop_name":"South Hayward","agency_id":"BA","agency_name":"Bay Area Rapid Transit","route_short_name":"Green-N, Orange-S","route_type":"1","tod_tier":"Tier 1"}},{"type":"Feature","id":100,"geometry":{"type":"Point","coordinates":[-122.44419,37.6645]},"properties":{"OBJECTID":100,"stop_id":"906202","station_id":"906209","location_type":0,"stop_name":"South San Francisco","agency_id":"BA","agency_name":"Bay Area Rapid Transit","route_short_name":"Red-N, Yellow-N","route_type":"1","tod_tier":"Tier 1"}},{"type":"Feature","id":101,"geometry":{"type":"Point","coordinates":[-122.44425,37.6644400000001]},"properties":{"OBJECTID":101,"stop_id":"906201","station_id":"906209","location_type":0,"stop_name":"South San Francisco","agency_id":"BA","agency_name":"Bay Area Rapid Transit","route_short_name":"Red-S, Yellow-S","route_type":"1","tod_tier":"Tier 1"}},{"type":"Feature","id":102,"geometry":{"type":"Point","coordinates":[-121.92828,37.69969]},"properties":{"OBJECTID":102,"stop_id":"905201","station_id":"905209","location_type":0,"stop_name":"West Dublin / Pleasanton","agency_id":"BA","agency_name":"Bay Area Rapid Transit","route_short_name":"Blue-N","route_type":"1","tod_tier":"Tier 1"}},{"type":"Feature","id":103,"geometry":{"type":"Point","coordinates":[-121.9283,37.69976]},"properties":{"OBJECTID":103,"stop_id":"905202","station_id":"905209","location_type":0,"stop_name":"West Dublin / Pleasanton","agency_id":"BA","agency_name":"Bay Area Rapid Transit","route_short_name":"Blue-S","route_type":"1","tod_tier":"Tier 1"}},{"type":"Feature","id":104,"geometry":{"type":"Point","coordinates":[-122.29514,37.80492]},"properties":{"OBJECTID":104,"stop_id":"901101","station_id":"901109","location_type":0,"stop_name":"West Oakland","agency_id":"BA","agency_name":"Bay Area Rapid Transit","route_short_name":"Blue-S, Green-S, Red-S, Yellow-S","route_type":"1","tod_tier":"Tier 1"}},{"type":"Feature","id":105,"geometry":{"type":"Point","coordinates":[-122.29519,37.8048600000001]},"properties":{"OBJECTID":105,"stop_id":"901102","station_id":"901109","location_type":0,"stop_name":"West Oakland","agency_id":"BA","agency_name":"Bay Area Rapid Transit","route_short_name":"Blue-N, Green-N, Red-N, Yellow-N","route_type":"1","tod_tier":"Tier 1"}},{"type":"Feature","id":106,"geometry":{"type":"Point","coordinates":[-122.4713,37.74312]},"properties":{"OBJECTID":106,"stop_id":"13266","station_id":"mtc:taraval-16th","location_type":0,"stop_name":"15th Ave & Taraval St","agency_id":"SF","agency_name":"San Francisco Municipal Transportation Agency","route_short_name":"L, LOWL","route_type":"0, 3","tod_tier":"Tier 2"}},{"type":"Feature","id":107,"geometry":{"type":"Point","coordinates":[-122.39702,37.76638]},"properties":{"OBJECTID":107,"stop_id":"17763","station_id":"mtc:16th-missouri","location_type":0,"stop_name":"16th St & Missouri St","agency_id":"SF","agency_name":"San Francisco Municipal Transportation Agency","route_short_name":"22","route_type":"3","tod_tier":"Tier 2"}},{"type":"Feature","id":108,"geometry":{"type":"Point","coordinates":[-122.39253,37.76665]},"properties":{"OBJECTID":108,"stop_id":"17866","station_id":"mtc:16th-owen","location_type":0,"stop_name":"16th St & Owen St","agency_id":"SF","agency_name":"San Francisco Municipal Transportation Agency","route_short_name":"22","route_type":"3","tod_tier":"Tier 2"}},{"type":"Feature","id":109,"geometry":{"type":"Point","coordinates":[-122.40761,37.7657600000001]},"properties":{"OBJECTID":109,"stop_id":"13296","station_id":"mtc:16th-potrero","location_type":0,"stop_name":"16th St & Potrero Ave","agency_id":"SF","agency_name":"San Francisco Municipal Transportation Agency","route_short_name":"22, 33, 55","route_type":"3","tod_tier":"Tier 2"}},{"type":"Feature","id":110,"geometry":{"type":"Point","coordinates":[-122.39089,37.7668600000001]},"properties":{"OBJECTID":110,"stop_id":"17767","station_id":"mtc:16th-4th","location_type":0,"stop_name":"16th Street & 4th Street","agency_id":"SF","agency_name":"San Francisco Municipal Transportation Agency","route_short_name":"22","route_type":"3","tod_tier":"Tier 2"}},{"type":"Feature","id":111,"geometry":{"type":"Point","coordinates":[-122.39701,37.76649]},"properties":{"OBJECTID":111,"stop_id":"17768","station_id":"mtc:16th-missouri","location_type":0,"stop_name":"16th Street & Missouri St","agency_id":"SF","agency_name":"San Francisco Municipal Transportation Agency","route_short_name":"22","route_type":"3","tod_tier":"Tier 2"}},{"type":"Feature","id":112,"geometry":{"type":"Point","coordinates":[-122.3928,37.7667200000001]},"properties":{"OBJECTID":112,"stop_id":"17865","station_id":"mtc:16th-owen","location_type":0,"stop_name":"16th Street & Owen St","agency_id":"SF","agency_name":"San Francisco Municipal Transportation Agency","route_short_name":"22","route_type":"3","tod_tier":"Tier 2"}},{"type":"Feature","id":113,"geometry":{"type":"Point","coordinates":[-122.40282,37.76611]},"properties":{"OBJECTID":113,"stop_id":"17770","station_id":"mtc:16th-rhode-island","location_type":0,"stop_name":"16th Street & Rhode Island St","agency_id":"SF","agency_name":"San Francisco Municipal Transportation Agency","route_short_name":"22, 55","route_type":"3","tod_tier":"Tier 2"}},{"type":"Feature","id":114,"geometry":{"type":"Point","coordinates":[-122.39984,37.76629]},"properties":{"OBJECTID":114,"stop_id":"17769","station_id":"mtc:16th-wisconsin","location_type":0,"stop_name":"16th Street & Wisconsin St","agency_id":"SF","agency_name":"San Francisco Municipal Transportation Agency","route_short_name":"22, 55","route_type":"3","tod_tier":"Tier 2"}},{"type":"Feature","id":115,"geometry":{"type":"Point","coordinates":[-122.40286,37.76599]},"properties":{"OBJECTID":115,"stop_id":"17761","station_id":"mtc:16th-rhode-island","location_type":0,"stop_name":"16th St& Rhode Island St","agency_id":"SF","agency_name":"San Francisco Municipal Transportation Agency","route_short_name":"22, 55","route_type":"3","tod_tier":"Tier 2"}},{"type":"Feature","id":116,"geometry":{"type":"Point","coordinates":[-122.39991,37.7662]},"properties":{"OBJECTID":116,"stop_id":"17762","station_id":"mtc:16th-wisconsin","location_type":0,"stop_name":"16th St & Wisconsin St","agency_id":"SF","agency_name":"San Francisco Municipal Transportation Agency","route_short_name":"22, 55","route_type":"3","tod_tier":"Tier 2"}},{"type":"Feature","id":117,"geometry":{"type":"Point","coordinates":[-122.43498,37.7625800000001]},"properties":{"OBJECTID":117,"stop_id":"13311","station_id":"mtc:17th-castro","location_type":0,"stop_name":"17th St & Castro St","agency_id":"SF","agency_name":"San Francisco Municipal Transportation Agency","route_short_name":"F, FBUS","route_type":"0","tod_tier":"Tier 2"}},{"type":"Feature","id":118,"geometry":{"type":"Point","coordinates":[-122.43299,37.76264]},"properties":{"OBJECTID":118,"stop_id":"13318","station_id":"mtc:17th-noe","location_type":0,"stop_name":"17th St & Noe St","agency_id":"SF","agency_name":"San Francisco Municipal Transportation Agency","route_short_name":"F","route_type":"0","tod_tier":"Tier 2"}},{"type":"Feature","id":119,"geometry":{"type":"Point","coordinates":[-122.47518,37.7213400000001]},"properties":{"OBJECTID":119,"stop_id":"17065","station_id":"mtc:19th-holloway","location_type":0,"stop_name":"19th Ave & Holloway Ave","agency_id":"SF","agency_name":"San Francisco Municipal Transportation Agency","route_short_name":"M","route_type":"0","tod_tier":"Tier 2"}},{"type":"Feature","id":120,"geometry":{"type":"Point","coordinates":[-122.47525,37.7213400000001]},"properties":{"OBJECTID":120,"stop_id":"13358","station_id":"mtc:19th-holloway","location_type":0,"stop_name":"19th Ave & Holloway Ave","agency_id":"SF","agency_name":"San Francisco Municipal Transportation Agency","route_short_name":"M","route_type":"0","tod_tier":"Tier 2"}},{"type":"Feature","id":121,"geometry":{"type":"Point","coordinates":[-122.47227,37.71689]},"properties":{"OBJECTID":121,"stop_id":"13361","station_id":"mtc:19th-junipero-randolph","location_type":0,"stop_name":"19th Ave & Junipero Serra Blvd","agency_id":"SF","agency_name":"San Francisco Municipal Transportation Agency","route_short_name":"M","route_type":"0","tod_tier":"Tier 2"}},{"type":"Feature","id":122,"geometry":{"type":"Point","coordinates":[-122.47167,37.7162000000001]},"properties":{"OBJECTID":122,"stop_id":"13376","station_id":"mtc:19th-junipero-randolph","location_type":0,"stop_name":"19th Ave & Randolph St","agency_id":"SF","agency_name":"San Francisco Municipal Transportation Agency","route_short_name":"M","route_type":"0","tod_tier":"Tier 2"}},{"type":"Feature","id":123,"geometry":{"type":"Point","coordinates":[-122.47,37.71444]},"properties":{"OBJECTID":123,"stop_id":"13387","station_id":"mtc:19th-randolph","location_type":0,"stop_name":"19th Ave & Randolph St","agency_id":"SF","agency_name":"San Francisco Municipal Transportation Agency","route_short_name":"M","route_type":"0","tod_tier":"Tier 2"}},{"type":"Feature","id":124,"geometry":{"type":"Point","coordinates":[-122.47025,37.71486]},"properties":{"OBJECTID":124,"stop_id":"13385","station_id":"mtc:19th-randolph","location_type":0,"stop_name":"19th Ave & Randolph St","agency_id":"SF","agency_name":"San Francisco Municipal Transportation Agency","route_short_name":"M","route_type":"0","tod_tier":"Tier 2"}},{"type":"Feature","id":125,"geometry":{"type":"Point","coordinates":[-122.47494,37.72702]},"properties":{"OBJECTID":125,"stop_id":"13403","station_id":"mtc:19th-winston","location_type":0,"stop_name":"19th Ave & Winston Dr","agency_id":"SF","agency_name":"San Francisco Municipal Transportation Agency","route_short_name":"M","route_type":"0","tod_tier":"Tier 2"}},{"type":"Feature","id":126,"geometry":{"type":"Point","coordinates":[-122.47485,37.7272]},"properties":{"OBJECTID":126,"stop_id":"17449","station_id":"mtc:19th-winston","location_type":0,"stop_name":"19th Ave & Winston Dr","agency_id":"SF","agency_name":"San Francisco Municipal Transportation Agency","route_short_name":"M","route_type":"0","tod_tier":"Tier 2"}},{"type":"Feature","id":127,"geometry":{"type":"Point","coordinates":[-122.42403,37.7423000000001]},"properties":{"OBJECTID":127,"stop_id":"13537","station_id":"mtc:30th-dolores","location_type":0,"stop_name":"30th St & Dolores St","agency_id":"SF","agency_name":"San Francisco Municipal Transportation Agency","route_short_name":"24, 36, J","route_type":"0, 3","tod_tier":"Tier 2"}},{"type":"Feature","id":128,"geometry":{"type":"Point","coordinates":[-122.42446,37.74217]},"properties":{"OBJECTID":128,"stop_id":"13538","station_id":"mtc:30th-dolores","location_type":0,"stop_name":"30th St & Dolores St","agency_id":"SF","agency_name":"San Francisco Municipal Transportation Agency","route_short_name":"24, 36, J","route_type":"0, 3","tod_tier":"Tier 2"}},{"type":"Feature","id":129,"geometry":{"type":"Point","coordinates":[-122.3962,37.7816500000001]},"properties":{"OBJECTID":129,"stop_id":"13144","station_id":"mtc:3rd-bryant","location_type":0,"stop_name":"3rd St & Bryant St","agency_id":"SF","agency_name":"San Francisco Municipal Transportation Agency","route_short_name":"30, 45, 8, 8AX, 8BX, 91","route_type":"3","tod_tier":"Tier 2"}},{"type":"Feature","id":130,"geometry":{"type":"Point","coordinates":[-122.39933,37.7842000000001]},"properties":{"OBJECTID":130,"stop_id":"13124","station_id":"mtc:3rd-folsom","location_type":0,"stop_name":"3rd St & Folsom St","agency_id":"SF","agency_name":"San Francisco Municipal Transportation Agency","route_short_name":"30, 45, 8, 8AX, 8BX, 91, TBUS","route_type":"3","tod_tier":"Tier 2"}},{"type":"Feature","id":131,"geometry":{"type":"Point","coordinates":[-122.40211,37.78637]},"properties":{"OBJECTID":131,"stop_id":"13136","station_id":"mtc:mission-3rd","location_type":0,"stop_name":"3rd St & Mission St","agency_id":"SF","agency_name":"San Francisco Municipal Transportation Agency","route_short_name":"15, 30, 45, 8, 8AX, 8BX, 91","route_type":"3","tod_tier":"Tier 2"}},{"type":"Feature","id":132,"geometry":{"type":"Point","coordinates":[-122.50453,37.74168]},"properties":{"OBJECTID":132,"stop_id":"13599","station_id":"mtc:taraval-46th","location_type":0,"stop_name":"46th Ave & Taraval St","agency_id":"SF","agency_name":"San Francisco Municipal Transportation Agency","route_short_name":"18, L, LOWL","route_type":"0, 3","tod_tier":"Tier 2"}},{"type":"Feature","id":133,"geometry":{"type":"Point","coordinates":[-122.50458,37.7400000000001]},"properties":{"OBJECTID":133,"stop_id":"13600","station_id":"mtc:46th-ulloa","location_type":0,"stop_name":"46th Ave & Ulloa St","agency_id":"SF","agency_name":"San Francisco Municipal Transportation Agency","route_short_name":"18, L, LOWL","route_type":"0, 3","tod_tier":"Tier 2"}},{"type":"Feature","id":134,"geometry":{"type":"Point","coordinates":[-122.50441,37.73983]},"properties":{"OBJECTID":134,"stop_id":"13601","station_id":"mtc:46th-ulloa","location_type":0,"stop_name":"46th Ave & Ulloa St","agency_id":"SF","agency_name":"San Francisco Municipal Transportation Agency","route_short_name":"18, L, LOWL","route_type":"0, 3","tod_tier":"Tier 2"}},{"type":"Feature","id":135,"geometry":{"type":"Point","coordinates":[-122.50444,37.73814]},"properties":{"OBJECTID":135,"stop_id":"13602","station_id":"mtc:46th-vicente","location_type":0,"stop_name":"46th Ave & Vicente St","agency_id":"SF","agency_name":"San Francisco Municipal Transportation Agency","route_short_name":"18, L, LOWL","route_type":"0, 3","tod_tier":"Tier 2"}},{"type":"Feature","id":136,"geometry":{"type":"Point","coordinates":[-122.50427,37.7379700000001]},"properties":{"OBJECTID":136,"stop_id":"13603","station_id":"mtc:46th-vicente","location_type":0,"stop_name":"46th Ave & Vicente St","agency_id":"SF","agency_name":"San Francisco Municipal Transportation Agency","route_short_name":"18, L, LOWL","route_type":"0, 3","tod_tier":"Tier 2"}},{"type":"Feature","id":137,"geometry":{"type":"Point","coordinates":[-122.50541,37.73699]},"properties":{"OBJECTID":137,"stop_id":"17869","station_id":"mtc:47th-cutler","location_type":0,"stop_name":"47th Ave & Cutler Ave","agency_id":"SF","agency_name":"San Francisco Municipal Transportation Agency","route_short_name":"L","route_type":"0","tod_tier":"Tier 2"}},{"type":"Feature","id":138,"geometry":{"type":"Point","coordinates":[-122.39661,37.7783400000001]},"properties":{"OBJECTID":138,"stop_id":"17872","station_id":"mtc:fourth-brannan","location_type":0,"stop_name":"4th & Brannan Southbound","agency_id":"SF","agency_name":"San Francisco Municipal Transportation Agency","route_short_name":"T","route_type":"0","tod_tier":"Tier 2"}},{"type":"Feature","id":139,"geometry":{"type":"Point","coordinates":[-122.38969,37.77297]},"properties":{"OBJECTID":139,"stop_id":"13153","station_id":"mtc:third-mission-rock","location_type":0,"stop_name":"4th St & 3rd St","agency_id":"SF","agency_name":"San Francisco Municipal Transportation Agency","route_short_name":"91, TBUS","route_type":"3","tod_tier":"Tier 2"}},{"type":"Feature","id":140,"geometry":{"type":"Point","coordinates":[-122.39386,37.77628]},"properties":{"OBJECTID":140,"stop_id":"17166","station_id":"mtc:4th-king","location_type":0,"stop_name":"4th St & King St","agency_id":"SF","agency_name":"San Francisco Municipal Transportation Agency","route_short_name":"T","route_type":"0","tod_tier":"Tier 2"}},{"type":"Feature","id":141,"geometry":{"type":"Point","coordinates":[-122.39383,37.7761300000001]},"properties":{"OBJECTID":141,"stop_id":"17397","station_id":"mtc:4th-king","location_type":0,"stop_name":"4th St & King St","agency_id":"SF","agency_name":"San Francisco Municipal Transportation Agency","route_short_name":"T","route_type":"0","tod_tier":"Tier 2"}},{"type":"Feature","id":142,"geometry":{"type":"Point","coordinates":[-122.4079,37.7768600000001]},"properties":{"OBJECTID":142,"stop_id":"13192","station_id":"mtc:7th-folsom","location_type":0,"stop_name":"7th St & Folsom St","agency_id":"SF","agency_name":"San Francisco Municipal Transportation Agency","route_short_name":"19, 27","route_type":"3","tod_tier":"Tier 2"}},{"type":"Feature","id":143,"geometry":{"type":"Point","coordinates":[-122.40922,37.77793]},"properties":{"OBJECTID":143,"stop_id":"13194","station_id":"mtc:7th-howard","location_type":0,"stop_name":"7th St & Howard St","agency_id":"SF","agency_name":"San Francisco Municipal Transportation Agency","route_short_name":"19, 27","route_type":"3","tod_tier":"Tier 2"}},{"type":"Feature","id":144,"geometry":{"type":"Point","coordinates":[-122.41303,37.7772400000001]},"properties":{"OBJECTID":144,"stop_id":"13208","station_id":"mtc:mission-8th","location_type":0,"stop_name":"8th St & Mission St","agency_id":"SF","agency_name":"San Francisco Municipal Transportation Agency","route_short_name":"19, 27","route_type":"3","tod_tier":"Tier 2"}},{"type":"Feature","id":145,"geometry":{"type":"Point","coordinates":[-122.46634,37.76331]},"properties":{"OBJECTID":145,"stop_id":"17999","station_id":"mtc:irving-9th","location_type":0,"stop_name":"9th Ave & Irving St","agency_id":"SF","agency_name":"San Francisco Municipal Transportation Agency","route_short_name":"N, NBUS, NOWL","route_type":"0, 3","tod_tier":"Tier 2"}},{"type":"Feature","id":146,"geometry":{"type":"Point","coordinates":[-122.44742,37.7218100000001]},"properties":{"OBJECTID":146,"stop_id":"15418","station_id":"901809","location_type":0,"stop_name":"Balboa Park BART/Mezzanine Level","agency_id":"SF","agency_name":"San Francisco Municipal Transportation Agency","route_short_name":"J, K, M","route_type":"0","tod_tier":"Tier 2"}},{"type":"Feature","id":147,"geometry":{"type":"Point","coordinates":[-122.40234,37.71223]},"properties":{"OBJECTID":147,"stop_id":"17399","station_id":"mtc:bayshore-blanken","location_type":0,"stop_name":"Bayshore Blvd & Areta Ave","agency_id":"SF","agency_name":"San Francisco Municipal Transportation Agency","route_short_name":"T","route_type":"0","tod_tier":"Tier 2"}},{"type":"Feature","id":148,"geometry":{"type":"Point","coordinates":[-122.40232,37.71225]},"properties":{"OBJECTID":148,"stop_id":"17395","station_id":"mtc:bayshore-blanken","location_type":0,"stop_name":"Bayshore Blvd & Blanken Ave","agency_id":"SF","agency_name":"San Francisco Municipal Transportation Agency","route_short_name":"T","route_type":"0","tod_tier":"Tier 2"}},{"type":"Feature","id":149,"geometry":{"type":"Point","coordinates":[-122.40511,37.7089700000001]},"properties":{"OBJECTID":149,"stop_id":"17396","station_id":"mtc:bayshore-sunnydale","location_type":0,"stop_name":"Bayshore Blvd & Sunnydale Ave","agency_id":"SF","agency_name":"San Francisco Municipal Transportation Agency","route_short_name":"T","route_type":"0","tod_tier":"Tier 2"}},{"type":"Feature","id":150,"geometry":{"type":"Point","coordinates":[-122.40504,37.70894]},"properties":{"OBJECTID":150,"stop_id":"17398","station_id":"mtc:bayshore-sunnydale","location_type":0,"stop_name":"Bayshore Blvd & Sunnydale Ave","agency_id":"SF","agency_name":"San Francisco Municipal Transportation Agency","route_short_name":"T","route_type":"0","tod_tier":"Tier 2"}},{"type":"Feature","id":151,"geometry":{"type":"Point","coordinates":[-122.41412,37.8074100000001]},"properties":{"OBJECTID":151,"stop_id":"13092","station_id":"mtc:beach-mason","location_type":0,"stop_name":"Beach St & Mason St","agency_id":"SF","agency_name":"San Francisco Municipal Transportation Agency","route_short_name":"F, FBUS, LOWL","route_type":"0, 3","tod_tier":"Tier 2"}},{"type":"Feature","id":152,"geometry":{"type":"Point","coordinates":[-122.41081,37.8078400000001]},"properties":{"OBJECTID":152,"stop_id":"13095","station_id":"mtc:beach-stockton","location_type":0,"stop_name":"Beach St & Stockton St","agency_id":"SF","agency_name":"San Francisco Municipal Transportation Agency","route_short_name":"F, FBUS, LOWL","route_type":"0, 3","tod_tier":"Tier 2"}},{"type":"Feature","id":153,"geometry":{"type":"Point","coordinates":[-122.45916,37.71315]},"properties":{"OBJECTID":153,"stop_id":"13716","station_id":"mtc:broad-capitol","location_type":0,"stop_name":"Broad St & Capitol Ave","agency_id":"SF","agency_name":"San Francisco Municipal Transportation Agency","route_short_name":"M","route_type":"0","tod_tier":"Tier 2"}},{"type":"Feature","id":154,"geometry":{"type":"Point","coordinates":[-122.45892,37.7131900000001]},"properties":{"OBJECTID":154,"stop_id":"13715","station_id":"mtc:broad-capitol","location_type":0,"stop_name":"Broad St & Capitol Ave","agency_id":"SF","agency_name":"San Francisco Municipal Transportation Agency","route_short_name":"M","route_type":"0","tod_tier":"Tier 2"}},{"type":"Feature","id":155,"geometry":{"type":"Point","coordinates":[-122.46233,37.7131800000001]},"properties":{"OBJECTID":155,"stop_id":"13717","station_id":"mtc:broad-orizaba","location_type":0,"stop_name":"Broad St & Orizaba Ave","agency_id":"SF","agency_name":"San Francisco Municipal Transportation Agency","route_short_name":"M","route_type":"0","tod_tier":"Tier 2"}},{"type":"Feature","id":156,"geometry":{"type":"Point","coordinates":[-122.45593,37.71322]},"properties":{"OBJECTID":156,"stop_id":"13718","station_id":"mtc:broad-plymouth","location_type":0,"stop_name":"Broad St & Plymouth Ave","agency_id":"SF","agency_name":"San Francisco Municipal Transportation Agency","route_short_name":"M","route_type":"0","tod_tier":"Tier 2"}},{"type":"Feature","id":157,"geometry":{"type":"Point","coordinates":[-122.45618,37.7131600000001]},"properties":{"OBJECTID":157,"stop_id":"13719","station_id":"mtc:broad-plymouth","location_type":0,"stop_name":"Broad St & Plymouth Ave","agency_id":"SF","agency_name":"San Francisco Municipal Transportation Agency","route_short_name":"M","route_type":"0","tod_tier":"Tier 2"}},{"type":"Feature","id":158,"geometry":{"type":"Point","coordinates":[-122.44338,37.7876200000001]},"properties":{"OBJECTID":158,"stop_id":"13848","station_id":"mtc:california-baker","location_type":0,"stop_name":"California St & Baker St","agency_id":"SF","agency_name":"San Francisco Municipal Transportation Agency","route_short_name":"1","route_type":"3","tod_tier":"Tier 2"}},{"type":"Feature","id":159,"geometry":{"type":"Point","coordinates":[-122.44363,37.78774]},"properties":{"OBJECTID":159,"stop_id":"13847","station_id":"mtc:california-baker","location_type":0,"stop_name":"California St & Baker St","agency_id":"SF","agency_name":"San Francisco Municipal Transportation Agency","route_short_name":"1","route_type":"3","tod_tier":"Tier 2"}},{"type":"Feature","id":160,"geometry":{"type":"Point","coordinates":[-122.44072,37.7879500000001]},"properties":{"OBJECTID":160,"stop_id":"13859","station_id":"mtc:california-divisadero","location_type":0,"stop_name":"California St & Divisadero St","agency_id":"SF","agency_name":"San Francisco Municipal Transportation Agency","route_short_name":"1","route_type":"3","tod_tier":"Tier 2"}},{"type":"Feature","id":161,"geometry":{"type":"Point","coordinates":[-122.44087,37.7880900000001]},"properties":{"OBJECTID":161,"stop_id":"13858","station_id":"mtc:california-divisadero","location_type":0,"stop_name":"California St & Divisadero St","agency_id":"SF","agency_name":"San Francisco Municipal Transportation Agency","route_short_name":"1","route_type":"3","tod_tier":"Tier 2"}},{"type":"Feature","id":162,"geometry":{"type":"Point","coordinates":[-122.43681,37.7884500000001]},"properties":{"OBJECTID":162,"stop_id":"13885","station_id":"mtc:california-pierce","location_type":0,"stop_name":"California St & Pierce St","agency_id":"SF","agency_name":"San Francisco Municipal Transportation Agency","route_short_name":"1","route_type":"3","tod_tier":"0"}},{"type":"Feature","id":163,"geometry":{"type":"Point","coordinates":[-122.43748,37.7885200000001]},"properties":{"OBJECTID":163,"stop_id":"13884","station_id":"mtc:california-pierce","location_type":0,"stop_name":"California St & Pierce St","agency_id":"SF","agency_name":"San Francisco Municipal Transportation Agency","route_short_name":"1","route_type":"3","tod_tier":"Tier 2"}},{"type":"Feature","id":164,"geometry":{"type":"Point","coordinates":[-122.4498,37.76586]},"properties":{"OBJECTID":164,"stop_id":"13909","station_id":"mtc:carl-and-cole","location_type":0,"stop_name":"Carl St & Cole St","agency_id":"SF","agency_name":"San Francisco Municipal Transportation Agency","route_short_name":"N","route_type":"0","tod_tier":"Tier 2"}},{"type":"Feature","id":165,"geometry":{"type":"Point","coordinates":[-122.45013,37.76575]},"properties":{"OBJECTID":165,"stop_id":"13911","station_id":"mtc:carl-and-cole","location_type":0,"stop_name":"Carl St & Cole St","agency_id":"SF","agency_name":"San Francisco Municipal Transportation Agency","route_short_name":"N, NBUS, NOWL","route_type":"0, 3","tod_tier":"Tier 2"}},{"type":"Feature","id":166,"geometry":{"type":"Point","coordinates":[-122.45651,37.76493]},"properties":{"OBJECTID":166,"stop_id":"13913","station_id":"mtc:carl-and-hillway","location_type":0,"stop_name":"Carl St & Hillway Ave","agency_id":"SF","agency_name":"San Francisco Municipal Transportation Agency","route_short_name":"N, NBUS, NOWL","route_type":"0, 3","tod_tier":"Tier 2"}},{"type":"Feature","id":167,"geometry":{"type":"Point","coordinates":[-122.45656,37.765]},"properties":{"OBJECTID":167,"stop_id":"13912","station_id":"mtc:carl-and-hillway","location_type":0,"stop_name":"Carl St & Hillway Ave","agency_id":"SF","agency_name":"San Francisco Municipal Transportation Agency","route_short_name":"N, NBUS, NOWL","route_type":"0, 3","tod_tier":"Tier 2"}},{"type":"Feature","id":168,"geometry":{"type":"Point","coordinates":[-122.45259,37.7655]},"properties":{"OBJECTID":168,"stop_id":"13914","station_id":"mtc:carl-and-stanyan","location_type":0,"stop_name":"Carl St & Stanyan St","agency_id":"SF","agency_name":"San Francisco Municipal Transportation Agency","route_short_name":"N, NBUS, NOWL","route_type":"0, 3","tod_tier":"Tier 2"}},{"type":"Feature","id":169,"geometry":{"type":"Point","coordinates":[-122.45293,37.7653700000001]},"properties":{"OBJECTID":169,"stop_id":"13915","station_id":"mtc:carl-and-stanyan","location_type":0,"stop_name":"Carl St & Stanyan St","agency_id":"SF","agency_name":"San Francisco Municipal Transportation Agency","route_short_name":"N, NBUS, NOWL","route_type":"0, 3","tod_tier":"Tier 2"}},{"type":"Feature","id":170,"geometry":{"type":"Point","coordinates":[-122.40808,37.79481]},"properties":{"OBJECTID":170,"stop_id":"17876","station_id":"mtc:chinatown","location_type":0,"stop_name":"Chinatown - Rose Pak Station","agency_id":"SF","agency_name":"San Francisco Municipal Transportation Agency","route_short_name":"T","route_type":"0","tod_tier":"Tier 2"}},{"type":"Feature","id":171,"geometry":{"type":"Point","coordinates":[-122.42872,37.76462]},"properties":{"OBJECTID":171,"stop_id":"13984","station_id":"mtc:church-16th","location_type":0,"stop_name":"Church St & 16th St","agency_id":"SF","agency_name":"San Francisco Municipal Transportation Agency","route_short_name":"22, J","route_type":"0, 3","tod_tier":"Tier 2"}},{"type":"Feature","id":172,"geometry":{"type":"Point","coordinates":[-122.42861,37.7643800000001]},"properties":{"OBJECTID":172,"stop_id":"13985","station_id":"mtc:church-16th","location_type":0,"stop_name":"Church St & 16th St","agency_id":"SF","agency_name":"San Francisco Municipal Transportation Agency","route_short_name":"J","route_type":"0","tod_tier":"Tier 2"}},{"type":"Feature","id":173,"geometry":{"type":"Point","coordinates":[-122.42842,37.76147]},"properties":{"OBJECTID":173,"stop_id":"13987","station_id":"mtc:row-18th","location_type":0,"stop_name":"Church St & 18th St","agency_id":"SF","agency_name":"San Francisco Municipal Transportation Agency","route_short_name":"J","route_type":"0","tod_tier":"Tier 2"}},{"type":"Feature","id":174,"geometry":{"type":"Point","coordinates":[-122.42764,37.75474]},"properties":{"OBJECTID":174,"stop_id":"13994","station_id":"mtc:church-22th","location_type":0,"stop_name":"Church St & 22nd St","agency_id":"SF","agency_name":"San Francisco Municipal Transportation Agency","route_short_name":"J","route_type":"0","tod_tier":"Tier 2"}},{"type":"Feature","id":175,"geometry":{"type":"Point","coordinates":[-122.42775,37.7546100000001]},"properties":{"OBJECTID":175,"stop_id":"16218","station_id":"mtc:church-22th","location_type":0,"stop_name":"Church St & 22nd St","agency_id":"SF","agency_name":"San Francisco Municipal Transportation Agency","route_short_name":"J","route_type":"0","tod_tier":"Tier 2"}},{"type":"Feature","id":176,"geometry":{"type":"Point","coordinates":[-122.42735,37.7515900000001]},"properties":{"OBJECTID":176,"stop_id":"13996","station_id":"mtc:church-24th","location_type":0,"stop_name":"Church St & 24th St","agency_id":"SF","agency_name":"San Francisco Municipal Transportation Agency","route_short_name":"J","route_type":"0","tod_tier":"Tier 2"}},{"type":"Feature","id":177,"geometry":{"type":"Point","coordinates":[-122.4275,37.7518000000001]},"properties":{"OBJECTID":177,"stop_id":"13995","station_id":"mtc:church-24th","location_type":0,"stop_name":"Church St & 24th St","agency_id":"SF","agency_name":"San Francisco Municipal Transportation Agency","route_short_name":"J","route_type":"0","tod_tier":"Tier 2"}},{"type":"Feature","id":178,"geometry":{"type":"Point","coordinates":[-122.42726,37.7486000000001]},"properties":{"OBJECTID":178,"stop_id":"18156","station_id":"mtc:church-26th","location_type":0,"stop_name":"Church St & 26th St","agency_id":"SF","agency_name":"San Francisco Municipal Transportation Agency","route_short_name":"J","route_type":"0","tod_tier":"Tier 2"}},{"type":"Feature","id":179,"geometry":{"type":"Point","coordinates":[-122.42706,37.7484200000001]},"properties":{"OBJECTID":179,"stop_id":"18155","station_id":"mtc:church-26th","location_type":0,"stop_name":"Church St & 26th St","agency_id":"SF","agency_name":"San Francisco Municipal Transportation Agency","route_short_name":"J","route_type":"0","tod_tier":"Tier 2"}},{"type":"Feature","id":180,"geometry":{"type":"Point","coordinates":[-122.42696,37.7454000000001]},"properties":{"OBJECTID":180,"stop_id":"18158","station_id":"mtc:church-28th","location_type":0,"stop_name":"Church St & 28th St","agency_id":"SF","agency_name":"San Francisco Municipal Transportation Agency","route_short_name":"J","route_type":"0","tod_tier":"Tier 2"}},{"type":"Feature","id":181,"geometry":{"type":"Point","coordinates":[-122.42674,37.7452200000001]},"properties":{"OBJECTID":181,"stop_id":"18157","station_id":"mtc:church-28th","location_type":0,"stop_name":"Church St & 28th St","agency_id":"SF","agency_name":"San Francisco Municipal Transportation Agency","route_short_name":"J","route_type":"0","tod_tier":"Tier 2"}},{"type":"Feature","id":182,"geometry":{"type":"Point","coordinates":[-122.42659,37.74359]},"properties":{"OBJECTID":182,"stop_id":"13999","station_id":"mtc:church-29th","location_type":0,"stop_name":"Church St & 29th St","agency_id":"SF","agency_name":"San Francisco Municipal Transportation Agency","route_short_name":"J","route_type":"0","tod_tier":"Tier 2"}},{"type":"Feature","id":183,"geometry":{"type":"Point","coordinates":[-122.42646,37.74222]},"properties":{"OBJECTID":183,"stop_id":"14000","station_id":"mtc:church-30th-day","location_type":0,"stop_name":"Church St & 30th St","agency_id":"SF","agency_name":"San Francisco Municipal Transportation Agency","route_short_name":"J","route_type":"0","tod_tier":"Tier 2"}},{"type":"Feature","id":184,"geometry":{"type":"Point","coordinates":[-122.42665,37.7428100000001]},"properties":{"OBJECTID":184,"stop_id":"14004","station_id":"mtc:church-30th-day","location_type":0,"stop_name":"Church St & Day St","agency_id":"SF","agency_name":"San Francisco Municipal Transportation Agency","route_short_name":"J","route_type":"0","tod_tier":"Tier 2"}},{"type":"Feature","id":185,"geometry":{"type":"Point","coordinates":[-122.42909,37.7693]},"properties":{"OBJECTID":185,"stop_id":"14006","station_id":"mtc:duboce-and-church","location_type":0,"stop_name":"Church St & Duboce Ave","agency_id":"SF","agency_name":"San Francisco Municipal Transportation Agency","route_short_name":"J","route_type":"0","tod_tier":"Tier 2"}},{"type":"Feature","id":186,"geometry":{"type":"Point","coordinates":[-122.42893,37.7675100000001]},"properties":{"OBJECTID":186,"stop_id":"17073","station_id":"mtc:church-market","location_type":0,"stop_name":"Church St & Market St","agency_id":"SF","agency_name":"San Francisco Municipal Transportation Agency","route_short_name":"22, J","route_type":"0, 3","tod_tier":"Tier 2"}},{"type":"Feature","id":187,"geometry":{"type":"Point","coordinates":[-122.42905,37.7672900000001]},"properties":{"OBJECTID":187,"stop_id":"18059","station_id":"mtc:church-market","location_type":0,"stop_name":"Church St & Market St","agency_id":"SF","agency_name":"San Francisco Municipal Transportation Agency","route_short_name":"22, J","route_type":"0, 3","tod_tier":"Tier 2"}},{"type":"Feature","id":188,"geometry":{"type":"Point","coordinates":[-122.3991,37.7951200000001]},"properties":{"OBJECTID":188,"stop_id":"14017","station_id":"mtc:clay-front","location_type":0,"stop_name":"Clay St & Front St","agency_id":"SF","agency_name":"San Francisco Municipal Transportation Agency","route_short_name":"1, 12","route_type":"3","tod_tier":"Tier 2"}},{"type":"Feature","id":189,"geometry":{"type":"Point","coordinates":[-122.42101,37.79236]},"properties":{"OBJECTID":189,"stop_id":"14026","station_id":"mtc:clay-polk","location_type":0,"stop_name":"Clay St & Polk St","agency_id":"SF","agency_name":"San Francisco Municipal Transportation Agency","route_short_name":"1","route_type":"3","tod_tier":"Tier 2"}},{"type":"Feature","id":190,"geometry":{"type":"Point","coordinates":[-122.40132,37.7947800000001]},"properties":{"OBJECTID":190,"stop_id":"14028","station_id":"mtc:clay-sansome","location_type":0,"stop_name":"Clay St & Sansome St","agency_id":"SF","agency_name":"San Francisco Municipal Transportation Agency","route_short_name":"1, 12","route_type":"3","tod_tier":"Tier 2"}},{"type":"Feature","id":191,"geometry":{"type":"Point","coordinates":[-122.39356,37.79398]},"properties":{"OBJECTID":191,"stop_id":"14726","station_id":"mtc:don-chee-steuart","location_type":0,"stop_name":"Don Chee Way/Steuart St","agency_id":"SF","agency_name":"San Francisco Municipal Transportation Agency","route_short_name":"F, FBUS, LOWL, NOWL","route_type":"0, 3","tod_tier":"Tier 2"}},{"type":"Feature","id":192,"geometry":{"type":"Point","coordinates":[-122.39344,37.7939200000001]},"properties":{"OBJECTID":192,"stop_id":"14727","station_id":"mtc:don-chee-steuart","location_type":0,"stop_name":"Don Chee Way/Steuart St","agency_id":"SF","agency_name":"San Francisco Municipal Transportation Agency","route_short_name":"F, FBUS, LOWL","route_type":"0, 3","tod_tier":"Tier 2"}},{"type":"Feature","id":193,"geometry":{"type":"Point","coordinates":[-122.42941,37.7694700000001]},"properties":{"OBJECTID":193,"stop_id":"14447","station_id":"mtc:duboce-and-church","location_type":0,"stop_name":"Duboce Ave & Church St","agency_id":"SF","agency_name":"San Francisco Municipal Transportation Agency","route_short_name":"N, NBUS","route_type":"0, 3","tod_tier":"Tier 2"}},{"type":"Feature","id":194,"geometry":{"type":"Point","coordinates":[-122.4294,37.7694100000001]},"properties":{"OBJECTID":194,"stop_id":"14448","station_id":"mtc:duboce-and-church","location_type":0,"stop_name":"Duboce Ave & Church St","agency_id":"SF","agency_name":"San Francisco Municipal Transportation Agency","route_short_name":"N","route_type":"0","tod_tier":"Tier 2"}},{"type":"Feature","id":195,"geometry":{"type":"Point","coordinates":[-122.43356,37.7693600000001]},"properties":{"OBJECTID":195,"stop_id":"17252","station_id":"mtc:duboce-and-noe","location_type":0,"stop_name":"Duboce St/Noe St/Duboce Park","agency_id":"SF","agency_name":"San Francisco Municipal Transportation Agency","route_short_name":"N","route_type":"0","tod_tier":"Tier 2"}},{"type":"Feature","id":196,"geometry":{"type":"Point","coordinates":[-122.40323,37.80515]},"properties":{"OBJECTID":196,"stop_id":"17281","station_id":"mtc:embarcadero-sansome","location_type":0,"stop_name":"Embarcadero & Sansome St","agency_id":"SF","agency_name":"San Francisco Municipal Transportation Agency","route_short_name":"F, FBUS, LOWL","route_type":"0, 3","tod_tier":"Tier 2"}},{"type":"Feature","id":197,"geometry":{"type":"Point","coordinates":[-122.45919,37.7481700000001]},"properties":{"OBJECTID":197,"stop_id":"16993","station_id":"mtc:forest-hill","location_type":0,"stop_name":"Forest Hill Station Outbound","agency_id":"SF","agency_name":"San Francisco Municipal Transportation Agency","route_short_name":"K, L, M","route_type":"0","tod_tier":"Tier 2"}},{"type":"Feature","id":198,"geometry":{"type":"Point","coordinates":[-122.39659,37.7784]},"properties":{"OBJECTID":198,"stop_id":"17879","station_id":"mtc:fourth-brannan","location_type":0,"stop_name":"Fourth Street & Brannan Northbound","agency_id":"SF","agency_name":"San Francisco Municipal Transportation Agency","route_short_name":"T","route_type":"0","tod_tier":"Tier 2"}},{"type":"Feature","id":199,"geometry":{"type":"Point","coordinates":[-122.47604,37.7806]},"properties":{"OBJECTID":199,"stop_id":"14263","station_id":"mtc:geary-17th","location_type":0,"stop_name":"Geary Blvd & 17th Ave","agency_id":"SF","agency_name":"San Francisco Municipal Transportation Agency","route_short_name":"38","route_type":"3","tod_tier":"Tier 2"}},{"type":"Feature","id":200,"geometry":{"type":"Point","coordinates":[-122.47598,37.7804600000001]},"properties":{"OBJECTID":200,"stop_id":"14264","station_id":"mtc:geary-17th","location_type":0,"stop_name":"Geary Blvd & 17th Ave","agency_id":"SF","agency_name":"San Francisco Municipal Transportation Agency","route_short_name":"38","route_type":"3","tod_tier":"Tier 2"}},{"type":"Feature","id":201,"geometry":{"type":"Point","coordinates":[-122.48456,37.7800800000001]},"properties":{"OBJECTID":201,"stop_id":"14270","station_id":"mtc:geary-25th","location_type":0,"stop_name":"Geary Blvd & 25th Ave","agency_id":"SF","agency_name":"San Francisco Municipal Transportation Agency","route_short_name":"38, 38R","route_type":"3","tod_tier":"Tier 2"}},{"type":"Feature","id":202,"geometry":{"type":"Point","coordinates":[-122.48461,37.78022]},"properties":{"OBJECTID":202,"stop_id":"14269","station_id":"mtc:geary-25th","location_type":0,"stop_name":"Geary Blvd & 25th Ave","agency_id":"SF","agency_name":"San Francisco Municipal Transportation Agency","route_short_name":"38, 38R","route_type":"3","tod_tier":"Tier 2"}},{"type":"Feature","id":203,"geometry":{"type":"Point","coordinates":[-122.48781,37.7800100000001]},"properties":{"OBJECTID":203,"stop_id":"14271","station_id":"mtc:geary-28th","location_type":0,"stop_name":"Geary Blvd & 28th Ave","agency_id":"SF","agency_name":"San Francisco Municipal Transportation Agency","route_short_name":"38","route_type":"3","tod_tier":"Tier 2"}},{"type":"Feature","id":204,"geometry":{"type":"Point","coordinates":[-122.48805,37.77986]},"properties":{"OBJECTID":204,"stop_id":"14272","station_id":"mtc:geary-28th","location_type":0,"stop_name":"Geary Blvd & 28th Ave","agency_id":"SF","agency_name":"San Francisco Municipal Transportation Agency","route_short_name":"38","route_type":"3","tod_tier":"Tier 2"}},{"type":"Feature","id":205,"geometry":{"type":"Point","coordinates":[-122.48997,37.7799600000001]},"properties":{"OBJECTID":205,"stop_id":"14273","station_id":"mtc:geary-30th","location_type":0,"stop_name":"Geary Blvd & 30th Ave","agency_id":"SF","agency_name":"San Francisco Municipal Transportation Agency","route_short_name":"38","route_type":"3","tod_tier":"Tier 2"}},{"type":"Feature","id":206,"geometry":{"type":"Point","coordinates":[-122.49019,37.77973]},"properties":{"OBJECTID":206,"stop_id":"14274","station_id":"mtc:geary-30th","location_type":0,"stop_name":"Geary Blvd & 30th Ave","agency_id":"SF","agency_name":"San Francisco Municipal Transportation Agency","route_short_name":"38","route_type":"3","tod_tier":"Tier 2"}},{"type":"Feature","id":207,"geometry":{"type":"Point","coordinates":[-122.49171,37.7796300000001]},"properties":{"OBJECTID":207,"stop_id":"14275","station_id":"mtc:geary-32nd","location_type":0,"stop_name":"Geary Blvd & 32nd Ave","agency_id":"SF","agency_name":"San Francisco Municipal Transportation Agency","route_short_name":"38","route_type":"3","tod_tier":"Tier 2"}},{"type":"Feature","id":208,"geometry":{"type":"Point","coordinates":[-122.4613,37.7811800000001]},"properties":{"OBJECTID":208,"stop_id":"14255","station_id":"mtc:geary-3rd","location_type":0,"stop_name":"Geary Blvd & 3rd Ave","agency_id":"SF","agency_name":"San Francisco Municipal Transportation Agency","route_short_name":"38","route_type":"3","tod_tier":"Tier 2"}},{"type":"Feature","id":209,"geometry":{"type":"Point","coordinates":[-122.46116,37.7810400000001]},"properties":{"OBJECTID":209,"stop_id":"14256","station_id":"mtc:geary-3rd","location_type":0,"stop_name":"Geary Blvd & 3rd Ave","agency_id":"SF","agency_name":"San Francisco Municipal Transportation Agency","route_short_name":"38","route_type":"3","tod_tier":"Tier 2"}},{"type":"Feature","id":210,"geometry":{"type":"Point","coordinates":[-122.46412,37.7810000000001]},"properties":{"OBJECTID":210,"stop_id":"14258","station_id":"mtc:geary-6th","location_type":0,"stop_name":"Geary Blvd & 6th Ave","agency_id":"SF","agency_name":"San Francisco Municipal Transportation Agency","route_short_name":"38, 38R","route_type":"3","tod_tier":"Tier 2"}},{"type":"Feature","id":211,"geometry":{"type":"Point","coordinates":[-122.46449,37.7810900000001]},"properties":{"OBJECTID":211,"stop_id":"14257","station_id":"mtc:geary-6th","location_type":0,"stop_name":"Geary Blvd & 6th Ave","agency_id":"SF","agency_name":"San Francisco Municipal Transportation Agency","route_short_name":"38, 38R","route_type":"3","tod_tier":"Tier 2"}},{"type":"Feature","id":212,"geometry":{"type":"Point","coordinates":[-122.46764,37.7809800000001]},"properties":{"OBJECTID":212,"stop_id":"14259","station_id":"mtc:geary-9th","location_type":0,"stop_name":"Geary Blvd & 9th Ave","agency_id":"SF","agency_name":"San Francisco Municipal Transportation Agency","route_short_name":"38","route_type":"3","tod_tier":"Tier 2"}},{"type":"Feature","id":213,"geometry":{"type":"Point","coordinates":[-122.46732,37.78078]},"properties":{"OBJECTID":213,"stop_id":"14260","station_id":"mtc:geary-9th","location_type":0,"stop_name":"Geary Blvd & 9th Ave","agency_id":"SF","agency_name":"San Francisco Municipal Transportation Agency","route_short_name":"38","route_type":"3","tod_tier":"Tier 2"}},{"type":"Feature","id":214,"geometry":{"type":"Point","coordinates":[-122.45869,37.78115]},"properties":{"OBJECTID":214,"stop_id":"14288","station_id":"mtc:geary-arguello","location_type":0,"stop_name":"Geary Blvd & Arguello Blvd","agency_id":"SF","agency_name":"San Francisco Municipal Transportation Agency","route_short_name":"38, 38R","route_type":"3","tod_tier":"Tier 2"}},{"type":"Feature","id":215,"geometry":{"type":"Point","coordinates":[-122.45896,37.7813100000001]},"properties":{"OBJECTID":215,"stop_id":"17854","station_id":"mtc:geary-arguello","location_type":0,"stop_name":"Geary Blvd & Arguello Blvd","agency_id":"SF","agency_name":"San Francisco Municipal Transportation Agency","route_short_name":"38, 38R","route_type":"3","tod_tier":"Tier 2"}},{"type":"Feature","id":216,"geometry":{"type":"Point","coordinates":[-122.44297,37.78297]},"properties":{"OBJECTID":216,"stop_id":"14289","station_id":"mtc:geary-stjosephs","location_type":0,"stop_name":"Geary Blvd & Baker St","agency_id":"SF","agency_name":"San Francisco Municipal Transportation Agency","route_short_name":"38","route_type":"3","tod_tier":"Tier 2"}},{"type":"Feature","id":217,"geometry":{"type":"Point","coordinates":[-122.44991,37.7820300000001]},"properties":{"OBJECTID":217,"stop_id":"14291","station_id":"mtc:geary-collins","location_type":0,"stop_name":"Geary Blvd & Collins St","agency_id":"SF","agency_name":"San Francisco Municipal Transportation Agency","route_short_name":"38","route_type":"3","tod_tier":"Tier 2"}},{"type":"Feature","id":218,"geometry":{"type":"Point","coordinates":[-122.44999,37.7822400000001]},"properties":{"OBJECTID":218,"stop_id":"14290","station_id":"mtc:geary-collins","location_type":0,"stop_name":"Geary Blvd & Collins St","agency_id":"SF","agency_name":"San Francisco Municipal Transportation Agency","route_short_name":"38","route_type":"3","tod_tier":"Tier 2"}},{"type":"Feature","id":219,"geometry":{"type":"Point","coordinates":[-122.45568,37.78153]},"properties":{"OBJECTID":219,"stop_id":"14292","station_id":"mtc:geary-stanyan","location_type":0,"stop_name":"Geary Blvd & Commonwealth St","agency_id":"SF","agency_name":"San Francisco Municipal Transportation Agency","route_short_name":"38","route_type":"3","tod_tier":"Tier 2"}},{"type":"Feature","id":220,"geometry":{"type":"Point","coordinates":[-122.43937,37.7834300000001]},"properties":{"OBJECTID":220,"stop_id":"14293","station_id":"mtc:geary-divisadero","location_type":0,"stop_name":"Geary Blvd & Divisadero St","agency_id":"SF","agency_name":"San Francisco Municipal Transportation Agency","route_short_name":"38, 38R","route_type":"3","tod_tier":"Tier 2"}},{"type":"Feature","id":221,"geometry":{"type":"Point","coordinates":[-122.43957,37.7831800000001]},"properties":{"OBJECTID":221,"stop_id":"14294","station_id":"mtc:geary-divisadero","location_type":0,"stop_name":"Geary Blvd & Divisadero St","agency_id":"SF","agency_name":"San Francisco Municipal Transportation Agency","route_short_name":"38, 38R","route_type":"3","tod_tier":"Tier 2"}},{"type":"Feature","id":222,"geometry":{"type":"Point","coordinates":[-122.43205,37.7843800000001]},"properties":{"OBJECTID":222,"stop_id":"17954","station_id":"mtc:geary-fillmore","location_type":0,"stop_name":"Geary Blvd & Fillmore St","agency_id":"SF","agency_name":"San Francisco Municipal Transportation Agency","route_short_name":"38, 38R","route_type":"3","tod_tier":"Tier 2"}},{"type":"Feature","id":223,"geometry":{"type":"Point","coordinates":[-122.43305,37.78439]},"properties":{"OBJECTID":223,"stop_id":"14295","station_id":"mtc:geary-fillmore","location_type":0,"stop_name":"Geary Blvd & Fillmore St","agency_id":"SF","agency_name":"San Francisco Municipal Transportation Agency","route_short_name":"38, 38R","route_type":"3","tod_tier":"Tier 2"}},{"type":"Feature","id":224,"geometry":{"type":"Point","coordinates":[-122.42508,37.7854300000001]},"properties":{"OBJECTID":224,"stop_id":"14298","station_id":"mtc:geary-gough","location_type":0,"stop_name":"Geary Blvd & Gough St","agency_id":"SF","agency_name":"San Francisco Municipal Transportation Agency","route_short_name":"38","route_type":"3","tod_tier":"Tier 2"}},{"type":"Feature","id":225,"geometry":{"type":"Point","coordinates":[-122.42816,37.7848500000001]},"properties":{"OBJECTID":225,"stop_id":"14305","station_id":"mtc:geary-laguna","location_type":0,"stop_name":"Geary Blvd & Laguna St","agency_id":"SF","agency_name":"San Francisco Municipal Transportation Agency","route_short_name":"38, 38R","route_type":"3","tod_tier":"Tier 2"}},{"type":"Feature","id":226,"geometry":{"type":"Point","coordinates":[-122.42781,37.7850300000001]},"properties":{"OBJECTID":226,"stop_id":"14304","station_id":"mtc:geary-laguna","location_type":0,"stop_name":"Geary Blvd & Laguna St","agency_id":"SF","agency_name":"San Francisco Municipal Transportation Agency","route_short_name":"38, 38R","route_type":"3","tod_tier":"Tier 2"}},{"type":"Feature","id":227,"geometry":{"type":"Point","coordinates":[-122.44703,37.7822]},"properties":{"OBJECTID":227,"stop_id":"17953","station_id":"mtc:geary-masonic","location_type":0,"stop_name":"Geary Blvd & Masonic St","agency_id":"SF","agency_name":"San Francisco Municipal Transportation Agency","route_short_name":"38, 38R","route_type":"3","tod_tier":"Tier 2"}},{"type":"Feature","id":228,"geometry":{"type":"Point","coordinates":[-122.4728,37.78067]},"properties":{"OBJECTID":228,"stop_id":"14755","station_id":"mtc:geary-park-presidio","location_type":0,"stop_name":"Geary Blvd & Park Presidio Blvd","agency_id":"SF","agency_name":"San Francisco Municipal Transportation Agency","route_short_name":"38, 38R","route_type":"3","tod_tier":"Tier 2"}},{"type":"Feature","id":229,"geometry":{"type":"Point","coordinates":[-122.47183,37.7806400000001]},"properties":{"OBJECTID":229,"stop_id":"14756","station_id":"mtc:geary-park-presidio","location_type":0,"stop_name":"Geary Blvd & Park Presidio Blvd","agency_id":"SF","agency_name":"San Francisco Municipal Transportation Agency","route_short_name":"38, 38R","route_type":"3","tod_tier":"Tier 2"}},{"type":"Feature","id":230,"geometry":{"type":"Point","coordinates":[-122.44669,37.78254]},"properties":{"OBJECTID":230,"stop_id":"14758","station_id":"mtc:geary-masonic","location_type":0,"stop_name":"Geary Blvd & Presidio Ave","agency_id":"SF","agency_name":"San Francisco Municipal Transportation Agency","route_short_name":"38, 38R","route_type":"3","tod_tier":"Tier 2"}},{"type":"Feature","id":231,"geometry":{"type":"Point","coordinates":[-122.43776,37.78385]},"properties":{"OBJECTID":231,"stop_id":"14760","station_id":"mtc:geary-scott","location_type":0,"stop_name":"Geary Blvd & Scott St","agency_id":"SF","agency_name":"San Francisco Municipal Transportation Agency","route_short_name":"38","route_type":"3","tod_tier":"Tier 2"}},{"type":"Feature","id":232,"geometry":{"type":"Point","coordinates":[-122.43767,37.78362]},"properties":{"OBJECTID":232,"stop_id":"14761","station_id":"mtc:geary-scott","location_type":0,"stop_name":"Geary Blvd & Scott St","agency_id":"SF","agency_name":"San Francisco Municipal Transportation Agency","route_short_name":"38","route_type":"3","tod_tier":"Tier 2"}},{"type":"Feature","id":233,"geometry":{"type":"Point","coordinates":[-122.45307,37.7818500000001]},"properties":{"OBJECTID":233,"stop_id":"14762","station_id":"mtc:geary-spruce","location_type":0,"stop_name":"Geary Blvd & Spruce St","agency_id":"SF","agency_name":"San Francisco Municipal Transportation Agency","route_short_name":"38","route_type":"3","tod_tier":"Tier 2"}},{"type":"Feature","id":234,"geometry":{"type":"Point","coordinates":[-122.45326,37.7816]},"properties":{"OBJECTID":234,"stop_id":"14763","station_id":"mtc:geary-spruce","location_type":0,"stop_name":"Geary Blvd & Spruce St","agency_id":"SF","agency_name":"San Francisco Municipal Transportation Agency","route_short_name":"38","route_type":"3","tod_tier":"Tier 2"}},{"type":"Feature","id":235,"geometry":{"type":"Point","coordinates":[-122.45643,37.78126]},"properties":{"OBJECTID":235,"stop_id":"14764","station_id":"mtc:geary-stanyan","location_type":0,"stop_name":"Geary Blvd & Stanyan St","agency_id":"SF","agency_name":"San Francisco Municipal Transportation Agency","route_short_name":"38","route_type":"3","tod_tier":"Tier 2"}},{"type":"Feature","id":236,"geometry":{"type":"Point","coordinates":[-122.44254,37.7828000000001]},"properties":{"OBJECTID":236,"stop_id":"14765","station_id":"mtc:geary-stjosephs","location_type":0,"stop_name":"Geary Blvd & St Joseph'S Ave","agency_id":"SF","agency_name":"San Francisco Municipal Transportation Agency","route_short_name":"38","route_type":"3","tod_tier":"Tier 2"}},{"type":"Feature","id":237,"geometry":{"type":"Point","coordinates":[-122.43102,37.78464]},"properties":{"OBJECTID":237,"stop_id":"14769","station_id":"mtc:geary-webster","location_type":0,"stop_name":"Geary Blvd & Webster St","agency_id":"SF","agency_name":"San Francisco Municipal Transportation Agency","route_short_name":"38","route_type":"3","tod_tier":"Tier 2"}},{"type":"Feature","id":238,"geometry":{"type":"Point","coordinates":[-122.41333,37.78677]},"properties":{"OBJECTID":238,"stop_id":"14300","station_id":"mtc:geary-jones","location_type":0,"stop_name":"Geary St & Jones St","agency_id":"SF","agency_name":"San Francisco Municipal Transportation Agency","route_short_name":"38","route_type":"3","tod_tier":"Tier 2"}},{"type":"Feature","id":239,"geometry":{"type":"Point","coordinates":[-122.40366,37.7880000000001]},"properties":{"OBJECTID":239,"stop_id":"14301","station_id":"mtc:kearny-geary","location_type":0,"stop_name":"Geary St & Kearny St","agency_id":"SF","agency_name":"San Francisco Municipal Transportation Agency","route_short_name":"38, 38R","route_type":"3","tod_tier":"Tier 2"}},{"type":"Feature","id":240,"geometry":{"type":"Point","coordinates":[-122.41825,37.78614]},"properties":{"OBJECTID":240,"stop_id":"14302","station_id":"mtc:geary-larkin","location_type":0,"stop_name":"Geary St & Larkin St","agency_id":"SF","agency_name":"San Francisco Municipal Transportation Agency","route_short_name":"19, 38","route_type":"3","tod_tier":"Tier 2"}},{"type":"Feature","id":241,"geometry":{"type":"Point","coordinates":[-122.41497,37.7865600000001]},"properties":{"OBJECTID":241,"stop_id":"14303","station_id":"mtc:geary-leavenworth","location_type":0,"stop_name":"Geary St & Leavenworth St","agency_id":"SF","agency_name":"San Francisco Municipal Transportation Agency","route_short_name":"38, 38R","route_type":"3","tod_tier":"Tier 2"}},{"type":"Feature","id":242,"geometry":{"type":"Point","coordinates":[-122.40839,37.7874]},"properties":{"OBJECTID":242,"stop_id":"14757","station_id":"mtc:geary-powell","location_type":0,"stop_name":"Geary St & Powell St","agency_id":"SF","agency_name":"San Francisco Municipal Transportation Agency","route_short_name":"38, 38R","route_type":"3","tod_tier":"Tier 2"}},{"type":"Feature","id":243,"geometry":{"type":"Point","coordinates":[-122.41168,37.78698]},"properties":{"OBJECTID":243,"stop_id":"14767","station_id":"mtc:geary-taylor","location_type":0,"stop_name":"Geary St & Taylor St","agency_id":"SF","agency_name":"San Francisco Municipal Transportation Agency","route_short_name":"38","route_type":"3","tod_tier":"Tier 2"}},{"type":"Feature","id":244,"geometry":{"type":"Point","coordinates":[-122.45864,37.76444]},"properties":{"OBJECTID":244,"stop_id":"15118","station_id":"mtc:irving-2nd-and-arguello","location_type":0,"stop_name":"Irving St & 2nd Ave","agency_id":"SF","agency_name":"San Francisco Municipal Transportation Agency","route_short_name":"N, NBUS, NOWL","route_type":"0, 3","tod_tier":"Tier 2"}},{"type":"Feature","id":245,"geometry":{"type":"Point","coordinates":[-122.46214,37.7641800000001]},"properties":{"OBJECTID":245,"stop_id":"18031","station_id":"mtc:irving-5th-and-6th","location_type":0,"stop_name":"Irving St & 5th Ave","agency_id":"SF","agency_name":"San Francisco Municipal Transportation Agency","route_short_name":"N, NBUS, NOWL","route_type":"0, 3","tod_tier":"Tier 2"}},{"type":"Feature","id":246,"geometry":{"type":"Point","coordinates":[-122.46299,37.76424]},"properties":{"OBJECTID":246,"stop_id":"18032","station_id":"mtc:irving-5th-and-6th","location_type":0,"stop_name":"Irving St & 6th Ave","agency_id":"SF","agency_name":"San Francisco Municipal Transportation Agency","route_short_name":"N, NBUS, NOWL","route_type":"0, 3","tod_tier":"Tier 2"}},{"type":"Feature","id":247,"geometry":{"type":"Point","coordinates":[-122.46543,37.7640400000001]},"properties":{"OBJECTID":247,"stop_id":"17996","station_id":"mtc:irving-9th","location_type":0,"stop_name":"Irving St & 8th Ave","agency_id":"SF","agency_name":"San Francisco Municipal Transportation Agency","route_short_name":"N, NBUS, NOWL","route_type":"0, 3","tod_tier":"Tier 2"}},{"type":"Feature","id":248,"geometry":{"type":"Point","coordinates":[-122.45802,37.76437]},"properties":{"OBJECTID":248,"stop_id":"15124","station_id":"mtc:irving-2nd-and-arguello","location_type":0,"stop_name":"Irving St & Arguello Blvd","agency_id":"SF","agency_name":"San Francisco Municipal Transportation Agency","route_short_name":"N, NBUS, NOWL","route_type":"0, 3","tod_tier":"Tier 2"}},{"type":"Feature","id":249,"geometry":{"type":"Point","coordinates":[-122.41336,37.80859]},"properties":{"OBJECTID":249,"stop_id":"15174","station_id":"mtc:jefferson-powell","location_type":0,"stop_name":"Jefferson St & Powell St","agency_id":"SF","agency_name":"San Francisco Municipal Transportation Agency","route_short_name":"F, FBUS, LOWL","route_type":"0, 3","tod_tier":"Tier 2"}},{"type":"Feature","id":250,"geometry":{"type":"Point","coordinates":[-122.41551,37.80832]},"properties":{"OBJECTID":250,"stop_id":"15175","station_id":"mtc:jefferson-taylor","location_type":0,"stop_name":"Jefferson St & Taylor St","agency_id":"SF","agency_name":"San Francisco Municipal Transportation Agency","route_short_name":"F, FBUS, LOWL","route_type":"0, 3","tod_tier":"Tier 2"}},{"type":"Feature","id":251,"geometry":{"type":"Point","coordinates":[-122.41732,37.80713]},"properties":{"OBJECTID":251,"stop_id":"15184","station_id":"mtc:jones-beach","location_type":0,"stop_name":"Jones St & Beach St","agency_id":"SF","agency_name":"San Francisco Municipal Transportation Agency","route_short_name":"F, FBUS, LOWL","route_type":"0, 3","tod_tier":"Tier 2"}},{"type":"Feature","id":252,"geometry":{"type":"Point","coordinates":[-122.50868,37.7603500000001]},"properties":{"OBJECTID":252,"stop_id":"17219","station_id":"mtc:judah-laplaya-oceanbeach","location_type":0,"stop_name":"Judah/La Playa/Ocean Beach","agency_id":"SF","agency_name":"San Francisco Municipal Transportation Agency","route_short_name":"N","route_type":"0","tod_tier":"Tier 2"}},{"type":"Feature","id":253,"geometry":{"type":"Point","coordinates":[-122.50818,37.7603]},"properties":{"OBJECTID":253,"stop_id":"15223","station_id":"mtc:judah-laplaya-oceanbeach","location_type":0,"stop_name":"Judah/La Playa/Ocean Beach","agency_id":"SF","agency_name":"San Francisco Municipal Transportation Agency","route_short_name":"N, NBUS, NOWL","route_type":"0, 3","tod_tier":"Tier 2"}},{"type":"Feature","id":254,"geometry":{"type":"Point","coordinates":[-122.46953,37.76199]},"properties":{"OBJECTID":254,"stop_id":"15196","station_id":"mtc:judah-12th","location_type":0,"stop_name":"Judah St & 12th Ave","agency_id":"SF","agency_name":"San Francisco Municipal Transportation Agency","route_short_name":"N, NBUS, NOWL","route_type":"0, 3","tod_tier":"Tier 2"}},{"type":"Feature","id":255,"geometry":{"type":"Point","coordinates":[-122.46932,37.7620700000001]},"properties":{"OBJECTID":255,"stop_id":"15195","station_id":"mtc:judah-12th","location_type":0,"stop_name":"Judah St & 12th Ave","agency_id":"SF","agency_name":"San Francisco Municipal Transportation Agency","route_short_name":"N, NBUS, NOWL","route_type":"0, 3","tod_tier":"Tier 2"}},{"type":"Feature","id":256,"geometry":{"type":"Point","coordinates":[-122.47278,37.76185]},"properties":{"OBJECTID":256,"stop_id":"15197","station_id":"mtc:judah-15th-16th","location_type":0,"stop_name":"Judah St & 15th Ave","agency_id":"SF","agency_name":"San Francisco Municipal Transportation Agency","route_short_name":"N, NBUS, NOWL","route_type":"0, 3","tod_tier":"Tier 2"}},{"type":"Feature","id":257,"geometry":{"type":"Point","coordinates":[-122.47363,37.76194]},"properties":{"OBJECTID":257,"stop_id":"15198","station_id":"mtc:judah-15th-16th","location_type":0,"stop_name":"Judah St & 16th Ave","agency_id":"SF","agency_name":"San Francisco Municipal Transportation Agency","route_short_name":"N, NBUS, NOWL","route_type":"0, 3","tod_tier":"Tier 2"}},{"type":"Feature","id":258,"geometry":{"type":"Point","coordinates":[-122.47692,37.76174]},"properties":{"OBJECTID":258,"stop_id":"15199","station_id":"mtc:judah-19th","location_type":0,"stop_name":"Judah St & 19th Ave","agency_id":"SF","agency_name":"San Francisco Municipal Transportation Agency","route_short_name":"N, NBUS, NOWL","route_type":"0, 3","tod_tier":"Tier 2"}},{"type":"Feature","id":259,"geometry":{"type":"Point","coordinates":[-122.47719,37.76165]},"properties":{"OBJECTID":259,"stop_id":"15200","station_id":"mtc:judah-19th","location_type":0,"stop_name":"Judah St & 19th Ave","agency_id":"SF","agency_name":"San Francisco Municipal Transportation Agency","route_short_name":"N, NBUS, NOWL","route_type":"0, 3","tod_tier":"Tier 2"}},{"type":"Feature","id":260,"geometry":{"type":"Point","coordinates":[-122.47986,37.7615300000001]},"properties":{"OBJECTID":260,"stop_id":"15201","station_id":"mtc:judah-22nd-23rd","location_type":0,"stop_name":"Judah St & 22nd Ave","agency_id":"SF","agency_name":"San Francisco Municipal Transportation Agency","route_short_name":"N, NBUS, NOWL","route_type":"0, 3","tod_tier":"Tier 2"}},{"type":"Feature","id":261,"geometry":{"type":"Point","coordinates":[-122.48116,37.7615500000001]},"properties":{"OBJECTID":261,"stop_id":"15202","station_id":"mtc:judah-22nd-23rd","location_type":0,"stop_name":"Judah St & 23rd Ave","agency_id":"SF","agency_name":"San Francisco Municipal Transportation Agency","route_short_name":"N, NBUS, NOWL","route_type":"0, 3","tod_tier":"Tier 2"}},{"type":"Feature","id":262,"geometry":{"type":"Point","coordinates":[-122.4833,37.76145]},"properties":{"OBJECTID":262,"stop_id":"15203","station_id":"mtc:judah-25th","location_type":0,"stop_name":"Judah St & 25th Ave","agency_id":"SF","agency_name":"San Francisco Municipal Transportation Agency","route_short_name":"N, NBUS, NOWL","route_type":"0, 3","tod_tier":"Tier 2"}},{"type":"Feature","id":263,"geometry":{"type":"Point","coordinates":[-122.48356,37.7613700000001]},"properties":{"OBJECTID":263,"stop_id":"15204","station_id":"mtc:judah-25th","location_type":0,"stop_name":"Judah St & 25th Ave","agency_id":"SF","agency_name":"San Francisco Municipal Transportation Agency","route_short_name":"N, NBUS, NOWL","route_type":"0, 3","tod_tier":"Tier 2"}},{"type":"Feature","id":264,"geometry":{"type":"Point","coordinates":[-122.48676,37.7612300000001]},"properties":{"OBJECTID":264,"stop_id":"15206","station_id":"mtc:judah-28th","location_type":0,"stop_name":"Judah St & 28th Ave","agency_id":"SF","agency_name":"San Francisco Municipal Transportation Agency","route_short_name":"N, NBUS, NOWL","route_type":"0, 3","tod_tier":"Tier 2"}},{"type":"Feature","id":265,"geometry":{"type":"Point","coordinates":[-122.48651,37.76131]},"properties":{"OBJECTID":265,"stop_id":"15205","station_id":"mtc:judah-28th","location_type":0,"stop_name":"Judah St & 28th Ave","agency_id":"SF","agency_name":"San Francisco Municipal Transportation Agency","route_short_name":"N, NBUS, NOWL","route_type":"0, 3","tod_tier":"Tier 2"}},{"type":"Feature","id":266,"geometry":{"type":"Point","coordinates":[-122.4895,37.76111]},"properties":{"OBJECTID":266,"stop_id":"15208","station_id":"mtc:judah-31st","location_type":0,"stop_name":"Judah St & 31st Ave","agency_id":"SF","agency_name":"San Francisco Municipal Transportation Agency","route_short_name":"N, NBUS, NOWL","route_type":"0, 3","tod_tier":"Tier 2"}},{"type":"Feature","id":267,"geometry":{"type":"Point","coordinates":[-122.48972,37.76117]},"properties":{"OBJECTID":267,"stop_id":"15207","station_id":"mtc:judah-31st","location_type":0,"stop_name":"Judah St & 31st Ave","agency_id":"SF","agency_name":"San Francisco Municipal Transportation Agency","route_short_name":"N, NBUS, NOWL","route_type":"0, 3","tod_tier":"Tier 2"}},{"type":"Feature","id":268,"geometry":{"type":"Point","coordinates":[-122.4932,37.7609600000001]},"properties":{"OBJECTID":268,"stop_id":"15210","station_id":"mtc:judah-34th","location_type":0,"stop_name":"Judah St & 34th Ave","agency_id":"SF","agency_name":"San Francisco Municipal Transportation Agency","route_short_name":"N, NBUS, NOWL","route_type":"0, 3","tod_tier":"Tier 2"}},{"type":"Feature","id":269,"geometry":{"type":"Point","coordinates":[-122.49293,37.7610300000001]},"properties":{"OBJECTID":269,"stop_id":"15209","station_id":"mtc:judah-34th","location_type":0,"stop_name":"Judah St & 34th Ave","agency_id":"SF","agency_name":"San Francisco Municipal Transportation Agency","route_short_name":"N, NBUS, NOWL","route_type":"0, 3","tod_tier":"Tier 2"}},{"type":"Feature","id":270,"geometry":{"type":"Point","coordinates":[-122.49915,37.76068]},"properties":{"OBJECTID":270,"stop_id":"15212","station_id":"mtc:judah-40th","location_type":0,"stop_name":"Judah St & 40th Ave","agency_id":"SF","agency_name":"San Francisco Municipal Transportation Agency","route_short_name":"N, NBUS, NOWL","route_type":"0, 3","tod_tier":"Tier 2"}},{"type":"Feature","id":271,"geometry":{"type":"Point","coordinates":[-122.49936,37.7607400000001]},"properties":{"OBJECTID":271,"stop_id":"15211","station_id":"mtc:judah-40th","location_type":0,"stop_name":"Judah St & 40th Ave","agency_id":"SF","agency_name":"San Francisco Municipal Transportation Agency","route_short_name":"N, NBUS, NOWL","route_type":"0, 3","tod_tier":"Tier 2"}},{"type":"Feature","id":272,"geometry":{"type":"Point","coordinates":[-122.50257,37.7606000000001]},"properties":{"OBJECTID":272,"stop_id":"15213","station_id":"mtc:judah-43rd","location_type":0,"stop_name":"Judah St & 43rd Ave","agency_id":"SF","agency_name":"San Francisco Municipal Transportation Agency","route_short_name":"N, NBUS, NOWL","route_type":"0, 3","tod_tier":"Tier 2"}},{"type":"Feature","id":273,"geometry":{"type":"Point","coordinates":[-122.50284,37.76052]},"properties":{"OBJECTID":273,"stop_id":"15214","station_id":"mtc:judah-43rd","location_type":0,"stop_name":"Judah St & 43rd Ave","agency_id":"SF","agency_name":"San Francisco Municipal Transportation Agency","route_short_name":"N, NBUS, NOWL","route_type":"0, 3","tod_tier":"Tier 2"}},{"type":"Feature","id":274,"geometry":{"type":"Point","coordinates":[-122.50583,37.7604900000001]},"properties":{"OBJECTID":274,"stop_id":"15215","station_id":"mtc:judah-46th","location_type":0,"stop_name":"Judah St & 46th Ave","agency_id":"SF","agency_name":"San Francisco Municipal Transportation Agency","route_short_name":"N, NBUS, NOWL","route_type":"0, 3","tod_tier":"Tier 2"}},{"type":"Feature","id":275,"geometry":{"type":"Point","coordinates":[-122.50606,37.76039]},"properties":{"OBJECTID":275,"stop_id":"15216","station_id":"mtc:judah-46th","location_type":0,"stop_name":"Judah St & 46th Ave","agency_id":"SF","agency_name":"San Francisco Municipal Transportation Agency","route_short_name":"N, NBUS, NOWL","route_type":"0, 3","tod_tier":"Tier 2"}},{"type":"Feature","id":276,"geometry":{"type":"Point","coordinates":[-122.46631,37.76214]},"properties":{"OBJECTID":276,"stop_id":"15194","station_id":"mtc:judah-9th","location_type":0,"stop_name":"Judah St & 9th Ave","agency_id":"SF","agency_name":"San Francisco Municipal Transportation Agency","route_short_name":"N, NBUS, NOWL","route_type":"0, 3","tod_tier":"Tier 2"}},{"type":"Feature","id":277,"geometry":{"type":"Point","coordinates":[-122.46669,37.76223]},"properties":{"OBJECTID":277,"stop_id":"15193","station_id":"mtc:judah-9th","location_type":0,"stop_name":"Judah St & 9th Ave","agency_id":"SF","agency_name":"San Francisco Municipal Transportation Agency","route_short_name":"N, NBUS, NOWL","route_type":"0, 3","tod_tier":"Tier 2"}},{"type":"Feature","id":278,"geometry":{"type":"Point","coordinates":[-122.47057,37.7619500000001]},"properties":{"OBJECTID":278,"stop_id":"15220","station_id":"mtc:judah-funston","location_type":0,"stop_name":"Judah St & Funston Ave","agency_id":"SF","agency_name":"San Francisco Municipal Transportation Agency","route_short_name":"N, NBUS, NOWL","route_type":"0, 3","tod_tier":"Tier 2"}},{"type":"Feature","id":279,"geometry":{"type":"Point","coordinates":[-122.47033,37.76208]},"properties":{"OBJECTID":279,"stop_id":"15219","station_id":"mtc:judah-funston","location_type":0,"stop_name":"Judah St & Funston Ave","agency_id":"SF","agency_name":"San Francisco Municipal Transportation Agency","route_short_name":"N, NBUS, NOWL","route_type":"0, 3","tod_tier":"Tier 2"}},{"type":"Feature","id":280,"geometry":{"type":"Point","coordinates":[-122.49581,37.7608500000001]},"properties":{"OBJECTID":280,"stop_id":"15225","station_id":"mtc:judah-sunset","location_type":0,"stop_name":"Judah St & Sunset Blvd","agency_id":"SF","agency_name":"San Francisco Municipal Transportation Agency","route_short_name":"N, NBUS, NOWL","route_type":"0, 3","tod_tier":"Tier 2"}},{"type":"Feature","id":281,"geometry":{"type":"Point","coordinates":[-122.49567,37.7609200000001]},"properties":{"OBJECTID":281,"stop_id":"15224","station_id":"mtc:judah-sunset","location_type":0,"stop_name":"Judah St & Sunset Blvd","agency_id":"SF","agency_name":"San Francisco Municipal Transportation Agency","route_short_name":"N, NBUS, NOWL","route_type":"0, 3","tod_tier":"Tier 2"}},{"type":"Feature","id":282,"geometry":{"type":"Point","coordinates":[-122.47182,37.7312700000001]},"properties":{"OBJECTID":282,"stop_id":"17114","station_id":"mtc:junipero-serra-ocean","location_type":0,"stop_name":"Junipero Serra Blvd & Ocean Ave","agency_id":"SF","agency_name":"San Francisco Municipal Transportation Agency","route_short_name":"K","route_type":"0","tod_tier":"Tier 2"}},{"type":"Feature","id":283,"geometry":{"type":"Point","coordinates":[-122.47171,37.7316300000001]},"properties":{"OBJECTID":283,"stop_id":"17113","station_id":"mtc:junipero-serra-ocean","location_type":0,"stop_name":"Junipero Serra Blvd & Ocean Ave","agency_id":"SF","agency_name":"San Francisco Municipal Transportation Agency","route_short_name":"K","route_type":"0","tod_tier":"Tier 2"}},{"type":"Feature","id":284,"geometry":{"type":"Point","coordinates":[-122.40346,37.7880500000001]},"properties":{"OBJECTID":284,"stop_id":"14821","station_id":"mtc:kearny-geary","location_type":0,"stop_name":"Kearny St & Geary St","agency_id":"SF","agency_name":"San Francisco Municipal Transportation Agency","route_short_name":"30, 45, 8, 8AX, 8BX, 91, TBUS","route_type":"3","tod_tier":"Tier 2"}},{"type":"Feature","id":285,"geometry":{"type":"Point","coordinates":[-122.38987,37.7797200000001]},"properties":{"OBJECTID":285,"stop_id":"15234","station_id":"mtc:king-2nd","location_type":0,"stop_name":"King St & 2nd St","agency_id":"SF","agency_name":"San Francisco Municipal Transportation Agency","route_short_name":"N","route_type":"0","tod_tier":"Tier 2"}},{"type":"Feature","id":286,"geometry":{"type":"Point","coordinates":[-122.38982,37.7796200000001]},"properties":{"OBJECTID":286,"stop_id":"15237","station_id":"mtc:king-2nd","location_type":0,"stop_name":"King St & 2nd St","agency_id":"SF","agency_name":"San Francisco Municipal Transportation Agency","route_short_name":"N","route_type":"0","tod_tier":"Tier 2"}},{"type":"Feature","id":287,"geometry":{"type":"Point","coordinates":[-122.39417,37.7762700000001]},"properties":{"OBJECTID":287,"stop_id":"15239","station_id":"mtc:4th-king","location_type":0,"stop_name":"King St & 4th St","agency_id":"SF","agency_name":"San Francisco Municipal Transportation Agency","route_short_name":"N","route_type":"0","tod_tier":"Tier 2"}},{"type":"Feature","id":288,"geometry":{"type":"Point","coordinates":[-122.39408,37.7762700000001]},"properties":{"OBJECTID":288,"stop_id":"15240","station_id":"mtc:4th-king","location_type":0,"stop_name":"King St & 4th St","agency_id":"SF","agency_name":"San Francisco Municipal Transportation Agency","route_short_name":"N","route_type":"0","tod_tier":"Tier 2"}},{"type":"Feature","id":289,"geometry":{"type":"Point","coordinates":[-122.3992,37.79094]},"properties":{"OBJECTID":289,"stop_id":"17264","station_id":"mtc:market-1st","location_type":0,"stop_name":"Market St & 1st St","agency_id":"SF","agency_name":"San Francisco Municipal Transportation Agency","route_short_name":"2, 9, 9R, F, FBUS, KBUS, LOWL, NBUS, NOWL","route_type":"0, 3","tod_tier":"Tier 2"}},{"type":"Feature","id":290,"geometry":{"type":"Point","coordinates":[-122.40131,37.7893500000001]},"properties":{"OBJECTID":290,"stop_id":"15639","station_id":"mtc:market-2nd","location_type":0,"stop_name":"Market St & 2nd St","agency_id":"SF","agency_name":"San Francisco Municipal Transportation Agency","route_short_name":"7, 9, 9R, F, FBUS, KBUS, LOWL, NBUS, NOWL","route_type":"0, 3","tod_tier":"Tier 2"}},{"type":"Feature","id":291,"geometry":{"type":"Point","coordinates":[-122.40352,37.7875300000001]},"properties":{"OBJECTID":291,"stop_id":"15640","station_id":"mtc:market-Kearny","location_type":0,"stop_name":"Market St & 3rd St","agency_id":"SF","agency_name":"San Francisco Municipal Transportation Agency","route_short_name":"9, 9R, F, FBUS, KBUS, LOWL, NBUS, NOWL","route_type":"0, 3","tod_tier":"Tier 2"}},{"type":"Feature","id":292,"geometry":{"type":"Point","coordinates":[-122.40585,37.7857100000001]},"properties":{"OBJECTID":292,"stop_id":"15643","station_id":"mtc:market-4th","location_type":0,"stop_name":"Market St & 4th St","agency_id":"SF","agency_name":"San Francisco Municipal Transportation Agency","route_short_name":"9, 9R, F, FBUS, KBUS, LOWL, NBUS, NOWL","route_type":"0, 3","tod_tier":"Tier 2"}},{"type":"Feature","id":293,"geometry":{"type":"Point","coordinates":[-122.40814,37.78389]},"properties":{"OBJECTID":293,"stop_id":"15645","station_id":"mtc:market-5th","location_type":0,"stop_name":"Market St & 5th St","agency_id":"SF","agency_name":"San Francisco Municipal Transportation Agency","route_short_name":"9, 9R, F, FBUS, KBUS, LOWL, NBUS, NOWL","route_type":"0, 3","tod_tier":"Tier 2"}},{"type":"Feature","id":294,"geometry":{"type":"Point","coordinates":[-122.40799,37.7840800000001]},"properties":{"OBJECTID":294,"stop_id":"15655","station_id":"mtc:market-5th","location_type":0,"stop_name":"Market St & 5th  St","agency_id":"SF","agency_name":"San Francisco Municipal Transportation Agency","route_short_name":"7, 9, 9R, F, FBUS, KBUS, LOWL, NBUS, NOWL","route_type":"0, 3","tod_tier":"Tier 2"}},{"type":"Feature","id":295,"geometry":{"type":"Point","coordinates":[-122.4104,37.7821000000001]},"properties":{"OBJECTID":295,"stop_id":"15647","station_id":"mtc:market-6th","location_type":0,"stop_name":"Market St & 6th St","agency_id":"SF","agency_name":"San Francisco Municipal Transportation Agency","route_short_name":"9, 9R, F, FBUS, KBUS, LOWL, NBUS, NOWL","route_type":"0, 3","tod_tier":"Tier 2"}},{"type":"Feature","id":296,"geometry":{"type":"Point","coordinates":[-122.41244,37.7805700000001]},"properties":{"OBJECTID":296,"stop_id":"15656","station_id":"mtc:market-7th","location_type":0,"stop_name":"Market St & 7th St","agency_id":"SF","agency_name":"San Francisco Municipal Transportation Agency","route_short_name":"7, 9, 9R, F, FBUS, KBUS, LOWL, NBUS, NOWL","route_type":"0, 3","tod_tier":"Tier 2"}},{"type":"Feature","id":297,"geometry":{"type":"Point","coordinates":[-122.41261,37.78036]},"properties":{"OBJECTID":297,"stop_id":"15650","station_id":"mtc:market-7th","location_type":0,"stop_name":"Market St & 7th St","agency_id":"SF","agency_name":"San Francisco Municipal Transportation Agency","route_short_name":"9, 9R, F, FBUS, KBUS, LOWL, NBUS, NOWL","route_type":"0, 3","tod_tier":"Tier 2"}},{"type":"Feature","id":298,"geometry":{"type":"Point","coordinates":[-122.41483,37.7786100000001]},"properties":{"OBJECTID":298,"stop_id":"15651","station_id":"mtc:market-8th","location_type":0,"stop_name":"Market St & 8th St","agency_id":"SF","agency_name":"San Francisco Municipal Transportation Agency","route_short_name":"7, 9, 9R, F, FBUS, KBUS, LOWL, NBUS, NOWL","route_type":"0, 3","tod_tier":"Tier 2"}},{"type":"Feature","id":299,"geometry":{"type":"Point","coordinates":[-122.41634,37.77741]},"properties":{"OBJECTID":299,"stop_id":"15652","station_id":"mtc:market-9th","location_type":0,"stop_name":"Market St & 9th St","agency_id":"SF","agency_name":"San Francisco Municipal Transportation Agency","route_short_name":"7, 9, 9R, F, FBUS, KBUS, LOWL, NBUS, NOWL","route_type":"0, 3","tod_tier":"Tier 2"}},{"type":"Feature","id":300,"geometry":{"type":"Point","coordinates":[-122.39907,37.7911100000001]},"properties":{"OBJECTID":300,"stop_id":"15657","station_id":"mtc:market-1st","location_type":0,"stop_name":"Market St & Battery St","agency_id":"SF","agency_name":"San Francisco Municipal Transportation Agency","route_short_name":"7, 9, 9R, F, FBUS, KBUS, LOWL, NBUS, NOWL","route_type":"0, 3","tod_tier":"Tier 2"}},{"type":"Feature","id":301,"geometry":{"type":"Point","coordinates":[-122.42615,37.7697900000001]},"properties":{"OBJECTID":301,"stop_id":"15659","station_id":"mtc:market-dolores","location_type":0,"stop_name":"Market St & Buchanan St","agency_id":"SF","agency_name":"San Francisco Municipal Transportation Agency","route_short_name":"F, FBUS, KBUS, LOWL, NBUS, NOWL","route_type":"0, 3","tod_tier":"Tier 2"}},{"type":"Feature","id":302,"geometry":{"type":"Point","coordinates":[-122.42921,37.76725]},"properties":{"OBJECTID":302,"stop_id":"15662","station_id":"mtc:church-market","location_type":0,"stop_name":"Market St & Church St","agency_id":"SF","agency_name":"San Francisco Municipal Transportation Agency","route_short_name":"F, FBUS","route_type":"0","tod_tier":"Tier 2"}},{"type":"Feature","id":303,"geometry":{"type":"Point","coordinates":[-122.42878,37.7677]},"properties":{"OBJECTID":303,"stop_id":"15661","station_id":"mtc:church-market","location_type":0,"stop_name":"Market St & Church St","agency_id":"SF","agency_name":"San Francisco Municipal Transportation Agency","route_short_name":"F, FBUS, KBUS, LOWL","route_type":"0, 3","tod_tier":"Tier 2"}},{"type":"Feature","id":304,"geometry":{"type":"Point","coordinates":[-122.4271,37.76888]},"properties":{"OBJECTID":304,"stop_id":"15668","station_id":"mtc:market-dolores","location_type":0,"stop_name":"Market St & Dolores St","agency_id":"SF","agency_name":"San Francisco Municipal Transportation Agency","route_short_name":"F, FBUS, KBUS, LOWL, NBUS, NOWL","route_type":"0, 3","tod_tier":"Tier 2"}},{"type":"Feature","id":305,"geometry":{"type":"Point","coordinates":[-122.39618,37.7934700000001]},"properties":{"OBJECTID":305,"stop_id":"15669","station_id":"mtc:market-main","location_type":0,"stop_name":"Market St & Drumm St","agency_id":"SF","agency_name":"San Francisco Municipal Transportation Agency","route_short_name":"2, 9, F, FBUS, KBUS, LOWL, NBUS, NOWL","route_type":"0, 3","tod_tier":"Tier 2"}},{"type":"Feature","id":306,"geometry":{"type":"Point","coordinates":[-122.39815,37.7919200000001]},"properties":{"OBJECTID":306,"stop_id":"15671","station_id":"mtc:market-front","location_type":0,"stop_name":"Market St & Front St","agency_id":"SF","agency_name":"San Francisco Municipal Transportation Agency","route_short_name":"2","route_type":"3","tod_tier":"Tier 2"}},{"type":"Feature","id":307,"geometry":{"type":"Point","coordinates":[-122.42177,37.77327]},"properties":{"OBJECTID":307,"stop_id":"15672","station_id":"mtc:market-gough","location_type":0,"stop_name":"Market St & Gough St","agency_id":"SF","agency_name":"San Francisco Municipal Transportation Agency","route_short_name":"F, FBUS, KBUS, LOWL, NBUS, NOWL","route_type":"0, 3","tod_tier":"Tier 2"}},{"type":"Feature","id":308,"geometry":{"type":"Point","coordinates":[-122.42199,37.7728700000001]},"properties":{"OBJECTID":308,"stop_id":"15673","station_id":"mtc:market-gough","location_type":0,"stop_name":"Market St & Gough St","agency_id":"SF","agency_name":"San Francisco Municipal Transportation Agency","route_short_name":"F, FBUS, KBUS, LOWL, NBUS, NOWL","route_type":"0, 3","tod_tier":"Tier 2"}},{"type":"Feature","id":309,"geometry":{"type":"Point","coordinates":[-122.42497,37.7705700000001]},"properties":{"OBJECTID":309,"stop_id":"15675","station_id":"mtc:market-guerrero","location_type":0,"stop_name":"Market St & Guerrero St","agency_id":"SF","agency_name":"San Francisco Municipal Transportation Agency","route_short_name":"F, FBUS, KBUS, LOWL, NBUS, NOWL","route_type":"0, 3","tod_tier":"Tier 2"}},{"type":"Feature","id":310,"geometry":{"type":"Point","coordinates":[-122.41438,37.7791100000001]},"properties":{"OBJECTID":310,"stop_id":"15676","station_id":"mtc:market-hyde","location_type":0,"stop_name":"Market St & Hyde St","agency_id":"SF","agency_name":"San Francisco Municipal Transportation Agency","route_short_name":"7, 9, 9R, F, FBUS, KBUS, LOWL, NBUS, NOWL","route_type":"0, 3","tod_tier":"Tier 2"}},{"type":"Feature","id":311,"geometry":{"type":"Point","coordinates":[-122.40337,37.7877300000001]},"properties":{"OBJECTID":311,"stop_id":"15678","station_id":"mtc:market-Kearny","location_type":0,"stop_name":"Market St & Kearny St","agency_id":"SF","agency_name":"San Francisco Municipal Transportation Agency","route_short_name":"7, 9, 9R, F, FBUS, KBUS, LOWL, NBUS, NOWL","route_type":"0, 3","tod_tier":"Tier 2"}},{"type":"Feature","id":312,"geometry":{"type":"Point","coordinates":[-122.42467,37.77095]},"properties":{"OBJECTID":312,"stop_id":"15681","station_id":"mtc:market-guerrero","location_type":0,"stop_name":"Market St & Laguna St","agency_id":"SF","agency_name":"San Francisco Municipal Transportation Agency","route_short_name":"F, FBUS, KBUS, LOWL, NBUS, NOWL","route_type":"0, 3","tod_tier":"Tier 2"}},{"type":"Feature","id":313,"geometry":{"type":"Point","coordinates":[-122.41624,37.7776000000001]},"properties":{"OBJECTID":313,"stop_id":"15680","station_id":"mtc:market-9th","location_type":0,"stop_name":"Market St & Larkin St","agency_id":"SF","agency_name":"San Francisco Municipal Transportation Agency","route_short_name":"7, 9, 9R, F, FBUS, KBUS, LOWL, NBUS","route_type":"0, 3","tod_tier":"Tier 2"}},{"type":"Feature","id":314,"geometry":{"type":"Point","coordinates":[-122.39663,37.7929800000001]},"properties":{"OBJECTID":314,"stop_id":"15682","station_id":"mtc:market-main","location_type":0,"stop_name":"Market St & Main St","agency_id":"SF","agency_name":"San Francisco Municipal Transportation Agency","route_short_name":"F, FBUS","route_type":"0","tod_tier":"Tier 2"}},{"type":"Feature","id":315,"geometry":{"type":"Point","coordinates":[-122.40216,37.7886100000001]},"properties":{"OBJECTID":315,"stop_id":"15685","station_id":"mtc:market-new-montgomery","location_type":0,"stop_name":"Market St & New Montgomery St","agency_id":"SF","agency_name":"San Francisco Municipal Transportation Agency","route_short_name":"9, 9R, F, FBUS, KBUS, LOWL, NBUS, NOWL","route_type":"0, 3","tod_tier":"Tier 2"}},{"type":"Feature","id":316,"geometry":{"type":"Point","coordinates":[-122.43281,37.7644900000001]},"properties":{"OBJECTID":316,"stop_id":"15686","station_id":"mtc:market-noe","location_type":0,"stop_name":"Market St & Noe St","agency_id":"SF","agency_name":"San Francisco Municipal Transportation Agency","route_short_name":"F, FBUS","route_type":"0","tod_tier":"Tier 2"}},{"type":"Feature","id":317,"geometry":{"type":"Point","coordinates":[-122.43332,37.7639600000001]},"properties":{"OBJECTID":317,"stop_id":"15687","station_id":"mtc:market-noe","location_type":0,"stop_name":"Market St & Noe St","agency_id":"SF","agency_name":"San Francisco Municipal Transportation Agency","route_short_name":"37, F, FBUS, KBUS, LOWL","route_type":"0, 3","tod_tier":"Tier 2"}},{"type":"Feature","id":318,"geometry":{"type":"Point","coordinates":[-122.43114,37.7656900000001]},"properties":{"OBJECTID":318,"stop_id":"15691","station_id":"mtc:market-sanchez","location_type":0,"stop_name":"Market St & Sanchez St","agency_id":"SF","agency_name":"San Francisco Municipal Transportation Agency","route_short_name":"37, FBUS, KBUS, LOWL","route_type":"0, 3","tod_tier":"Tier 2"}},{"type":"Feature","id":319,"geometry":{"type":"Point","coordinates":[-122.43122,37.76563]},"properties":{"OBJECTID":319,"stop_id":"17123","station_id":"mtc:market-sanchez","location_type":0,"stop_name":"Market St & Sanchez St","agency_id":"SF","agency_name":"San Francisco Municipal Transportation Agency","route_short_name":"F","route_type":"0","tod_tier":"Tier 2"}},{"type":"Feature","id":320,"geometry":{"type":"Point","coordinates":[-122.43071,37.7661900000001]},"properties":{"OBJECTID":320,"stop_id":"15690","station_id":"mtc:market-sanchez","location_type":0,"stop_name":"Market St & Sanchez St","agency_id":"SF","agency_name":"San Francisco Municipal Transportation Agency","route_short_name":"F, FBUS, KBUS, LOWL","route_type":"0, 3","tod_tier":"Tier 2"}},{"type":"Feature","id":321,"geometry":{"type":"Point","coordinates":[-122.41932,37.7750600000001]},"properties":{"OBJECTID":321,"stop_id":"15692","station_id":"mtc:south-van-ness-market","location_type":0,"stop_name":"Market St & South Van Ness Ave","agency_id":"SF","agency_name":"San Francisco Municipal Transportation Agency","route_short_name":"7, F, FBUS, KBUS, LOWL, NBUS, NOWL","route_type":"0, 3","tod_tier":"Tier 2"}},{"type":"Feature","id":322,"geometry":{"type":"Point","coordinates":[-122.40586,37.78578]},"properties":{"OBJECTID":322,"stop_id":"15694","station_id":"mtc:market-4th","location_type":0,"stop_name":"Market St & Stockton St","agency_id":"SF","agency_name":"San Francisco Municipal Transportation Agency","route_short_name":"7, 9, 9R, F, FBUS, KBUS, LOWL, NBUS, NOWL","route_type":"0, 3","tod_tier":"Tier 2"}},{"type":"Feature","id":323,"geometry":{"type":"Point","coordinates":[-122.41023,37.78232]},"properties":{"OBJECTID":323,"stop_id":"15695","station_id":"mtc:market-6th","location_type":0,"stop_name":"Market St & Taylor St","agency_id":"SF","agency_name":"San Francisco Municipal Transportation Agency","route_short_name":"7, 9, 9R, F, FBUS, KBUS, LOWL, NBUS, NOWL","route_type":"0, 3","tod_tier":"Tier 2"}},{"type":"Feature","id":324,"geometry":{"type":"Point","coordinates":[-122.41925,37.7752]},"properties":{"OBJECTID":324,"stop_id":"15696","station_id":"mtc:south-van-ness-market","location_type":0,"stop_name":"Market St & Van Ness Ave","agency_id":"SF","agency_name":"San Francisco Municipal Transportation Agency","route_short_name":"7, F, FBUS, KBUS, LOWL, NBUS, NOWL","route_type":"0, 3","tod_tier":"Tier 2"}},{"type":"Feature","id":325,"geometry":{"type":"Point","coordinates":[-122.43523,37.76262]},"properties":{"OBJECTID":325,"stop_id":"15728","station_id":"mtc:castro","location_type":0,"stop_name":"Metro Castro Station/Downtown","agency_id":"SF","agency_name":"San Francisco Municipal Transportation Agency","route_short_name":"K, L, M","route_type":"0","tod_tier":"Tier 2"}},{"type":"Feature","id":326,"geometry":{"type":"Point","coordinates":[-122.43529,37.76268]},"properties":{"OBJECTID":326,"stop_id":"16991","station_id":"mtc:castro","location_type":0,"stop_name":"Metro Castro Station/Outbound","agency_id":"SF","agency_name":"San Francisco Municipal Transportation Agency","route_short_name":"K, L, M","route_type":"0","tod_tier":"Tier 2"}},{"type":"Feature","id":327,"geometry":{"type":"Point","coordinates":[-122.42917,37.76719]},"properties":{"OBJECTID":327,"stop_id":"15726","station_id":"mtc:church","location_type":0,"stop_name":"Metro Church Station/Downtown","agency_id":"SF","agency_name":"San Francisco Municipal Transportation Agency","route_short_name":"K, L, M","route_type":"0","tod_tier":"Tier 2"}},{"type":"Feature","id":328,"geometry":{"type":"Point","coordinates":[-122.42932,37.7673300000001]},"properties":{"OBJECTID":328,"stop_id":"16998","station_id":"mtc:church","location_type":0,"stop_name":"Metro Church Station/Outbound","agency_id":"SF","agency_name":"San Francisco Municipal Transportation Agency","route_short_name":"K, L, M","route_type":"0","tod_tier":"Tier 2"}},{"type":"Feature","id":329,"geometry":{"type":"Point","coordinates":[-122.45862,37.7483500000001]},"properties":{"OBJECTID":329,"stop_id":"15730","station_id":"mtc:forest-hill","location_type":0,"stop_name":"Metro Forest Hill Station/Downtown","agency_id":"SF","agency_name":"San Francisco Municipal Transportation Agency","route_short_name":"K, L, M","route_type":"0","tod_tier":"Tier 2"}},{"type":"Feature","id":330,"geometry":{"type":"Point","coordinates":[-122.41925,37.77513]},"properties":{"OBJECTID":330,"stop_id":"15419","station_id":"mtc:van-ness","location_type":0,"stop_name":"Metro Van Ness Station","agency_id":"SF","agency_name":"San Francisco Municipal Transportation Agency","route_short_name":"J, K, L, M, N","route_type":"0","tod_tier":"Tier 2"}},{"type":"Feature","id":331,"geometry":{"type":"Point","coordinates":[-122.41729,37.7743100000001]},"properties":{"OBJECTID":331,"stop_id":"15545","station_id":"mtc:mission-11th","location_type":0,"stop_name":"Mission St & 11th St","agency_id":"SF","agency_name":"San Francisco Municipal Transportation Agency","route_short_name":"14, 14R, 90","route_type":"3","tod_tier":"Tier 2"}},{"type":"Feature","id":332,"geometry":{"type":"Point","coordinates":[-122.41628,37.77491]},"properties":{"OBJECTID":332,"stop_id":"15544","station_id":"mtc:mission-11th","location_type":0,"stop_name":"Mission St & 11th St","agency_id":"SF","agency_name":"San Francisco Municipal Transportation Agency","route_short_name":"14, 14R","route_type":"3","tod_tier":"Tier 2"}},{"type":"Feature","id":333,"geometry":{"type":"Point","coordinates":[-122.42002,37.7678000000001]},"properties":{"OBJECTID":333,"stop_id":"15548","station_id":"mtc:mission-14th","location_type":0,"stop_name":"Mission St & 14th St","agency_id":"SF","agency_name":"San Francisco Municipal Transportation Agency","route_short_name":"14, 49","route_type":"3","tod_tier":"Tier 2"}},{"type":"Feature","id":334,"geometry":{"type":"Point","coordinates":[-122.41974,37.7648]},"properties":{"OBJECTID":334,"stop_id":"15552","station_id":"901509","location_type":0,"stop_name":"Mission St & 16th St","agency_id":"SF","agency_name":"San Francisco Municipal Transportation Agency","route_short_name":"14, 14R, 33, 49, 714","route_type":"3","tod_tier":"Tier 2"}},{"type":"Feature","id":335,"geometry":{"type":"Point","coordinates":[-122.41946,37.76176]},"properties":{"OBJECTID":335,"stop_id":"15554","station_id":"mtc:mission-18th","location_type":0,"stop_name":"Mission St & 18th St","agency_id":"SF","agency_name":"San Francisco Municipal Transportation Agency","route_short_name":"14, 49","route_type":"3","tod_tier":"Tier 2"}},{"type":"Feature","id":336,"geometry":{"type":"Point","coordinates":[-122.41909,37.7581700000001]},"properties":{"OBJECTID":336,"stop_id":"15558","station_id":"mtc:mission-20th","location_type":0,"stop_name":"Mission St & 20th St","agency_id":"SF","agency_name":"San Francisco Municipal Transportation Agency","route_short_name":"14, 14R, 49","route_type":"3","tod_tier":"Tier 2"}},{"type":"Feature","id":337,"geometry":{"type":"Point","coordinates":[-122.4188,37.7551700000001]},"properties":{"OBJECTID":337,"stop_id":"15562","station_id":"mtc:mission-22nd","location_type":0,"stop_name":"Mission St & 22nd St","agency_id":"SF","agency_name":"San Francisco Municipal Transportation Agency","route_short_name":"14, 49","route_type":"3","tod_tier":"Tier 2"}},{"type":"Feature","id":338,"geometry":{"type":"Point","coordinates":[-122.41853,37.7519600000001]},"properties":{"OBJECTID":338,"stop_id":"15566","station_id":"901609","location_type":0,"stop_name":"Mission St & 24th St","agency_id":"SF","agency_name":"San Francisco Municipal Transportation Agency","route_short_name":"14, 14R, 49, 714","route_type":"3","tod_tier":"Tier 2"}},{"type":"Feature","id":339,"geometry":{"type":"Point","coordinates":[-122.41818,37.74857]},"properties":{"OBJECTID":339,"stop_id":"15568","station_id":"mtc:mission-26th","location_type":0,"stop_name":"Mission St & 26th St","agency_id":"SF","agency_name":"San Francisco Municipal Transportation Agency","route_short_name":"14, 49","route_type":"3","tod_tier":"Tier 2"}},{"type":"Feature","id":340,"geometry":{"type":"Point","coordinates":[-122.42194,37.7424100000001]},"properties":{"OBJECTID":340,"stop_id":"15571","station_id":"mtc:mission-30th","location_type":0,"stop_name":"Mission St & 30th St","agency_id":"SF","agency_name":"San Francisco Municipal Transportation Agency","route_short_name":"14, 14R, 36, 49","route_type":"3","tod_tier":"Tier 2"}},{"type":"Feature","id":341,"geometry":{"type":"Point","coordinates":[-122.42199,37.74242]},"properties":{"OBJECTID":341,"stop_id":"15572","station_id":"mtc:mission-30th","location_type":0,"stop_name":"Mission St & 30th St","agency_id":"SF","agency_name":"San Francisco Municipal Transportation Agency","route_short_name":"14, 14R, 49","route_type":"3","tod_tier":"Tier 2"}},{"type":"Feature","id":342,"geometry":{"type":"Point","coordinates":[-122.40249,37.7859700000001]},"properties":{"OBJECTID":342,"stop_id":"15532","station_id":"mtc:mission-3rd","location_type":0,"stop_name":"Mission St & 3rd St","agency_id":"SF","agency_name":"San Francisco Municipal Transportation Agency","route_short_name":"14, 14R","route_type":"3","tod_tier":"Tier 2"}},{"type":"Feature","id":343,"geometry":{"type":"Point","coordinates":[-122.40393,37.78464]},"properties":{"OBJECTID":343,"stop_id":"15533","station_id":"mtc:mission-4th","location_type":0,"stop_name":"Mission St & 4th St","agency_id":"SF","agency_name":"San Francisco Municipal Transportation Agency","route_short_name":"14, 14R","route_type":"3","tod_tier":"Tier 2"}},{"type":"Feature","id":344,"geometry":{"type":"Point","coordinates":[-122.40653,37.78272]},"properties":{"OBJECTID":344,"stop_id":"15535","station_id":"mtc:mission-5th","location_type":0,"stop_name":"Mission St & 5th St","agency_id":"SF","agency_name":"San Francisco Municipal Transportation Agency","route_short_name":"14, 14R, 714","route_type":"3","tod_tier":"Tier 2"}},{"type":"Feature","id":345,"geometry":{"type":"Point","coordinates":[-122.40664,37.78272]},"properties":{"OBJECTID":345,"stop_id":"15536","station_id":"mtc:mission-5th","location_type":0,"stop_name":"Mission St & 5th St","agency_id":"SF","agency_name":"San Francisco Municipal Transportation Agency","route_short_name":"14, 14R, 714","route_type":"3","tod_tier":"Tier 2"}},{"type":"Feature","id":346,"geometry":{"type":"Point","coordinates":[-122.4091,37.7807500000001]},"properties":{"OBJECTID":346,"stop_id":"15538","station_id":"mtc:mission-6th","location_type":0,"stop_name":"Mission St & 6th St","agency_id":"SF","agency_name":"San Francisco Municipal Transportation Agency","route_short_name":"14","route_type":"3","tod_tier":"Tier 2"}},{"type":"Feature","id":347,"geometry":{"type":"Point","coordinates":[-122.40831,37.78119]},"properties":{"OBJECTID":347,"stop_id":"15537","station_id":"mtc:mission-6th","location_type":0,"stop_name":"Mission St & 6th St","agency_id":"SF","agency_name":"San Francisco Municipal Transportation Agency","route_short_name":"14","route_type":"3","tod_tier":"Tier 2"}},{"type":"Feature","id":348,"geometry":{"type":"Point","coordinates":[-122.41135,37.7789700000001]},"properties":{"OBJECTID":348,"stop_id":"15539","station_id":"mtc:mission-7th","location_type":0,"stop_name":"Mission St & 7th St","agency_id":"SF","agency_name":"San Francisco Municipal Transportation Agency","route_short_name":"14","route_type":"3","tod_tier":"Tier 2"}},{"type":"Feature","id":349,"geometry":{"type":"Point","coordinates":[-122.41051,37.7793500000001]},"properties":{"OBJECTID":349,"stop_id":"17129","station_id":"mtc:mission-7th","location_type":0,"stop_name":"Mission St & 7th St","agency_id":"SF","agency_name":"San Francisco Municipal Transportation Agency","route_short_name":"14","route_type":"3","tod_tier":"Tier 2"}},{"type":"Feature","id":350,"geometry":{"type":"Point","coordinates":[-122.41273,37.7777]},"properties":{"OBJECTID":350,"stop_id":"15541","station_id":"mtc:mission-8th","location_type":0,"stop_name":"Mission St & 8th St","agency_id":"SF","agency_name":"San Francisco Municipal Transportation Agency","route_short_name":"14, 14R, 714","route_type":"3","tod_tier":"Tier 2"}},{"type":"Feature","id":351,"geometry":{"type":"Point","coordinates":[-122.41355,37.77723]},"properties":{"OBJECTID":351,"stop_id":"15540","station_id":"mtc:mission-8th","location_type":0,"stop_name":"Mission St & 8th St","agency_id":"SF","agency_name":"San Francisco Municipal Transportation Agency","route_short_name":"14, 14R, 714","route_type":"3","tod_tier":"Tier 2"}},{"type":"Feature","id":352,"geometry":{"type":"Point","coordinates":[-122.41431,37.7764500000001]},"properties":{"OBJECTID":352,"stop_id":"15542","station_id":"mtc:mission-9th","location_type":0,"stop_name":"Mission St & 9th St","agency_id":"SF","agency_name":"San Francisco Municipal Transportation Agency","route_short_name":"14","route_type":"3","tod_tier":"Tier 2"}},{"type":"Feature","id":353,"geometry":{"type":"Point","coordinates":[-122.41518,37.77594]},"properties":{"OBJECTID":353,"stop_id":"15543","station_id":"mtc:mission-9th","location_type":0,"stop_name":"Mission St & 9th St","agency_id":"SF","agency_name":"San Francisco Municipal Transportation Agency","route_short_name":"14","route_type":"3","tod_tier":"Tier 2"}},{"type":"Feature","id":354,"geometry":{"type":"Point","coordinates":[-122.4194,37.74625]},"properties":{"OBJECTID":354,"stop_id":"17841","station_id":"mtc:mission-power","location_type":0,"stop_name":"Mission St & Power St","agency_id":"SF","agency_name":"San Francisco Municipal Transportation Agency","route_short_name":"12, 14, 49","route_type":"3","tod_tier":"Tier 2"}},{"type":"Feature","id":355,"geometry":{"type":"Point","coordinates":[-122.4203,37.74508]},"properties":{"OBJECTID":355,"stop_id":"15626","station_id":"mtc:mission-valencia","location_type":0,"stop_name":"Mission St & Valencia St","agency_id":"SF","agency_name":"San Francisco Municipal Transportation Agency","route_short_name":"14, 36, 49","route_type":"3","tod_tier":"Tier 2"}},{"type":"Feature","id":356,"geometry":{"type":"Point","coordinates":[-122.46787,37.7283800000001]},"properties":{"OBJECTID":356,"stop_id":"15780","station_id":"mtc:ocean-aptos","location_type":0,"stop_name":"Ocean Ave & Aptos Ave","agency_id":"SF","agency_name":"San Francisco Municipal Transportation Agency","route_short_name":"91, K, KBUS","route_type":"0, 3","tod_tier":"Tier 2"}},{"type":"Feature","id":357,"geometry":{"type":"Point","coordinates":[-122.46756,37.72828]},"properties":{"OBJECTID":357,"stop_id":"15779","station_id":"mtc:ocean-aptos","location_type":0,"stop_name":"Ocean Ave & Aptos Ave","agency_id":"SF","agency_name":"San Francisco Municipal Transportation Agency","route_short_name":"91, K, KBUS","route_type":"0, 3","tod_tier":"Tier 2"}},{"type":"Feature","id":358,"geometry":{"type":"Point","coordinates":[-122.45087,37.72295]},"properties":{"OBJECTID":358,"stop_id":"15785","station_id":"mtc:ocean-ccsf","location_type":0,"stop_name":"Ocean Ave/Ccsf Pedestrian Bridge","agency_id":"SF","agency_name":"San Francisco Municipal Transportation Agency","route_short_name":"K","route_type":"0","tod_tier":"Tier 2"}},{"type":"Feature","id":359,"geometry":{"type":"Point","coordinates":[-122.45145,37.72304]},"properties":{"OBJECTID":359,"stop_id":"15784","station_id":"mtc:ocean-ccsf","location_type":0,"stop_name":"Ocean Ave/Ccsf Pedestrian Bridge","agency_id":"SF","agency_name":"San Francisco Municipal Transportation Agency","route_short_name":"K","route_type":"0","tod_tier":"Tier 2"}},{"type":"Feature","id":360,"geometry":{"type":"Point","coordinates":[-122.46106,37.7249600000001]},"properties":{"OBJECTID":360,"stop_id":"15787","station_id":"mtc:ocean-dorado","location_type":0,"stop_name":"Ocean Ave & Dorado Ter","agency_id":"SF","agency_name":"San Francisco Municipal Transportation Agency","route_short_name":"91, K, KBUS","route_type":"0, 3","tod_tier":"Tier 2"}},{"type":"Feature","id":361,"geometry":{"type":"Point","coordinates":[-122.46407,37.72601]},"properties":{"OBJECTID":361,"stop_id":"15788","station_id":"mtc:ocean-fairfield","location_type":0,"stop_name":"Ocean Ave & Fairfield Way","agency_id":"SF","agency_name":"San Francisco Municipal Transportation Agency","route_short_name":"91, K, KBUS","route_type":"0, 3","tod_tier":"Tier 2"}},{"type":"Feature","id":362,"geometry":{"type":"Point","coordinates":[-122.46139,37.7249600000001]},"properties":{"OBJECTID":362,"stop_id":"15793","station_id":"mtc:ocean-dorado","location_type":0,"stop_name":"Ocean Ave & Jules Ave","agency_id":"SF","agency_name":"San Francisco Municipal Transportation Agency","route_short_name":"91, K, KBUS","route_type":"0, 3","tod_tier":"Tier 2"}},{"type":"Feature","id":363,"geometry":{"type":"Point","coordinates":[-122.454,37.72346]},"properties":{"OBJECTID":363,"stop_id":"15794","station_id":"mtc:ocean-lee","location_type":0,"stop_name":"Ocean Ave & Lee St","agency_id":"SF","agency_name":"San Francisco Municipal Transportation Agency","route_short_name":"29, 91, K, KBUS","route_type":"0, 3","tod_tier":"Tier 2"}},{"type":"Feature","id":364,"geometry":{"type":"Point","coordinates":[-122.45442,37.7234]},"properties":{"OBJECTID":364,"stop_id":"15795","station_id":"mtc:ocean-lee","location_type":0,"stop_name":"Ocean Ave & Lee St","agency_id":"SF","agency_name":"San Francisco Municipal Transportation Agency","route_short_name":"91, K, KBUS","route_type":"0, 3","tod_tier":"Tier 2"}},{"type":"Feature","id":365,"geometry":{"type":"Point","coordinates":[-122.45831,37.7242600000001]},"properties":{"OBJECTID":365,"stop_id":"15798","station_id":"mtc:ocean-miramar","location_type":0,"stop_name":"Ocean Ave & Miramar Ave","agency_id":"SF","agency_name":"San Francisco Municipal Transportation Agency","route_short_name":"91, K, KBUS","route_type":"0, 3","tod_tier":"Tier 2"}},{"type":"Feature","id":366,"geometry":{"type":"Point","coordinates":[-122.45808,37.72439]},"properties":{"OBJECTID":366,"stop_id":"15797","station_id":"mtc:ocean-miramar","location_type":0,"stop_name":"Ocean Ave & Miramar Ave","agency_id":"SF","agency_name":"San Francisco Municipal Transportation Agency","route_short_name":"91, K, KBUS","route_type":"0, 3","tod_tier":"Tier 2"}},{"type":"Feature","id":367,"geometry":{"type":"Point","coordinates":[-122.4691,37.72999]},"properties":{"OBJECTID":367,"stop_id":"15806","station_id":"mtc:ocean-san-leandro","location_type":0,"stop_name":"Ocean Ave & San Leandro Way","agency_id":"SF","agency_name":"San Francisco Municipal Transportation Agency","route_short_name":"91, K, KBUS","route_type":"0, 3","tod_tier":"Tier 2"}},{"type":"Feature","id":368,"geometry":{"type":"Point","coordinates":[-122.46948,37.72995]},"properties":{"OBJECTID":368,"stop_id":"15807","station_id":"mtc:ocean-san-leandro","location_type":0,"stop_name":"Ocean Ave & San Leandro Way","agency_id":"SF","agency_name":"San Francisco Municipal Transportation Agency","route_short_name":"91, K, KBUS","route_type":"0, 3","tod_tier":"Tier 2"}},{"type":"Feature","id":369,"geometry":{"type":"Point","coordinates":[-122.46434,37.72603]},"properties":{"OBJECTID":369,"stop_id":"15808","station_id":"mtc:ocean-fairfield","location_type":0,"stop_name":"Ocean Ave & Victoria St","agency_id":"SF","agency_name":"San Francisco Municipal Transportation Agency","route_short_name":"91, K, KBUS","route_type":"0, 3","tod_tier":"Tier 2"}},{"type":"Feature","id":370,"geometry":{"type":"Point","coordinates":[-122.4177,37.7851400000001]},"properties":{"OBJECTID":370,"stop_id":"15813","station_id":"mtc:ofarrell-larkin","location_type":0,"stop_name":"O'Farrell St & Larkin St","agency_id":"SF","agency_name":"San Francisco Municipal Transportation Agency","route_short_name":"38","route_type":"3","tod_tier":"Tier 2"}},{"type":"Feature","id":371,"geometry":{"type":"Point","coordinates":[-122.41445,37.78554]},"properties":{"OBJECTID":371,"stop_id":"15814","station_id":"mtc:ofarrell-leavenworth","location_type":0,"stop_name":"O'Farrell St & Leavenworth St","agency_id":"SF","agency_name":"San Francisco Municipal Transportation Agency","route_short_name":"38","route_type":"3","tod_tier":"Tier 2"}},{"type":"Feature","id":372,"geometry":{"type":"Point","coordinates":[-122.40814,37.78632]},"properties":{"OBJECTID":372,"stop_id":"15817","station_id":"mtc:ofarrell-powell","location_type":0,"stop_name":"O'Farrell St & Powell St","agency_id":"SF","agency_name":"San Francisco Municipal Transportation Agency","route_short_name":"38, 38R","route_type":"3","tod_tier":"Tier 2"}},{"type":"Feature","id":373,"geometry":{"type":"Point","coordinates":[-122.41198,37.78585]},"properties":{"OBJECTID":373,"stop_id":"17301","station_id":"mtc:ofarrell-taylor","location_type":0,"stop_name":"O'Farrell St & Taylor St","agency_id":"SF","agency_name":"San Francisco Municipal Transportation Agency","route_short_name":"38, 38R","route_type":"3","tod_tier":"Tier 2"}},{"type":"Feature","id":374,"geometry":{"type":"Point","coordinates":[-122.46259,37.71333]},"properties":{"OBJECTID":374,"stop_id":"15825","station_id":"mtc:broad-orizaba","location_type":0,"stop_name":"Orizaba Ave & Broad St","agency_id":"SF","agency_name":"San Francisco Municipal Transportation Agency","route_short_name":"M","route_type":"0","tod_tier":"Tier 2"}},{"type":"Feature","id":375,"geometry":{"type":"Point","coordinates":[-122.42037,37.7716]},"properties":{"OBJECTID":375,"stop_id":"17870","station_id":"mtc:otis-mccoppin","location_type":0,"stop_name":"Otis & Mccoppin St","agency_id":"SF","agency_name":"San Francisco Municipal Transportation Agency","route_short_name":"14, 49","route_type":"3","tod_tier":"Tier 2"}},{"type":"Feature","id":376,"geometry":{"type":"Point","coordinates":[-122.41917,37.77281]},"properties":{"OBJECTID":376,"stop_id":"15836","station_id":"mtc:otis-12th","location_type":0,"stop_name":"Otis St & 12th St","agency_id":"SF","agency_name":"San Francisco Municipal Transportation Agency","route_short_name":"14, 49","route_type":"3","tod_tier":"Tier 2"}},{"type":"Feature","id":377,"geometry":{"type":"Point","coordinates":[-122.40599,37.78855]},"properties":{"OBJECTID":377,"stop_id":"16125","station_id":"mtc:post-grant","location_type":0,"stop_name":"Post St & Grant Ave","agency_id":"SF","agency_name":"San Francisco Municipal Transportation Agency","route_short_name":"2","route_type":"3","tod_tier":"Tier 2"}},{"type":"Feature","id":378,"geometry":{"type":"Point","coordinates":[-122.41626,37.7872400000001]},"properties":{"OBJECTID":378,"stop_id":"16126","station_id":"mtc:post-hyde","location_type":0,"stop_name":"Post St & Hyde St","agency_id":"SF","agency_name":"San Francisco Municipal Transportation Agency","route_short_name":"2","route_type":"3","tod_tier":"Tier 2"}},{"type":"Feature","id":379,"geometry":{"type":"Point","coordinates":[-122.41295,37.78765]},"properties":{"OBJECTID":379,"stop_id":"16127","station_id":"mtc:post-jones","location_type":0,"stop_name":"Post St & Jones St","agency_id":"SF","agency_name":"San Francisco Municipal Transportation Agency","route_short_name":"2","route_type":"3","tod_tier":"Tier 2"}},{"type":"Feature","id":380,"geometry":{"type":"Point","coordinates":[-122.40274,37.78896]},"properties":{"OBJECTID":380,"stop_id":"16019","station_id":"mtc:post-kearny","location_type":0,"stop_name":"Post St & Kearny St","agency_id":"SF","agency_name":"San Francisco Municipal Transportation Agency","route_short_name":"2","route_type":"3","tod_tier":"Tier 2"}},{"type":"Feature","id":381,"geometry":{"type":"Point","coordinates":[-122.41772,37.7870500000001]},"properties":{"OBJECTID":381,"stop_id":"16016","station_id":"mtc:post-larkin","location_type":0,"stop_name":"Post St & Larkin St","agency_id":"SF","agency_name":"San Francisco Municipal Transportation Agency","route_short_name":"2","route_type":"3","tod_tier":"Tier 2"}},{"type":"Feature","id":382,"geometry":{"type":"Point","coordinates":[-122.41459,37.78745]},"properties":{"OBJECTID":382,"stop_id":"16017","station_id":"mtc:post-leavenworth","location_type":0,"stop_name":"Post St & Leavenworth St","agency_id":"SF","agency_name":"San Francisco Municipal Transportation Agency","route_short_name":"2","route_type":"3","tod_tier":"Tier 2"}},{"type":"Feature","id":383,"geometry":{"type":"Point","coordinates":[-122.41956,37.7868]},"properties":{"OBJECTID":383,"stop_id":"16021","station_id":"mtc:post-polk","location_type":0,"stop_name":"Post St & Polk St","agency_id":"SF","agency_name":"San Francisco Municipal Transportation Agency","route_short_name":"2","route_type":"3","tod_tier":"Tier 2"}},{"type":"Feature","id":384,"geometry":{"type":"Point","coordinates":[-122.41132,37.78788]},"properties":{"OBJECTID":384,"stop_id":"16023","station_id":"mtc:post-taylor","location_type":0,"stop_name":"Post St & Taylor St","agency_id":"SF","agency_name":"San Francisco Municipal Transportation Agency","route_short_name":"2","route_type":"3","tod_tier":"Tier 2"}},{"type":"Feature","id":385,"geometry":{"type":"Point","coordinates":[-122.40717,37.76061]},"properties":{"OBJECTID":385,"stop_id":"17912","station_id":"mtc:potrero-19th","location_type":0,"stop_name":"Potrero Ave & 19th St","agency_id":"SF","agency_name":"San Francisco Municipal Transportation Agency","route_short_name":"33, 9, 90","route_type":"3","tod_tier":"Tier 2"}},{"type":"Feature","id":386,"geometry":{"type":"Point","coordinates":[-122.40694,37.7575000000001]},"properties":{"OBJECTID":386,"stop_id":"16034","station_id":"mtc:potrero-21st","location_type":0,"stop_name":"Potrero Ave & 21st St","agency_id":"SF","agency_name":"San Francisco Municipal Transportation Agency","route_short_name":"33, 9, 90","route_type":"3","tod_tier":"Tier 2"}},{"type":"Feature","id":387,"geometry":{"type":"Point","coordinates":[-122.4067,37.7550600000001]},"properties":{"OBJECTID":387,"stop_id":"16037","station_id":"mtc:potrero-23rd","location_type":0,"stop_name":"Potrero Ave & 23rd St","agency_id":"SF","agency_name":"San Francisco Municipal Transportation Agency","route_short_name":"33, 9, 90, 9R","route_type":"3","tod_tier":"Tier 2"}},{"type":"Feature","id":388,"geometry":{"type":"Point","coordinates":[-122.46698,37.71434]},"properties":{"OBJECTID":388,"stop_id":"16172","station_id":"mtc:randolph-arch","location_type":0,"stop_name":"Randolph St & Arch St","agency_id":"SF","agency_name":"San Francisco Municipal Transportation Agency","route_short_name":"M","route_type":"0","tod_tier":"Tier 2"}},{"type":"Feature","id":389,"geometry":{"type":"Point","coordinates":[-122.46722,37.7142000000001]},"properties":{"OBJECTID":389,"stop_id":"16173","station_id":"mtc:randolph-arch","location_type":0,"stop_name":"Randolph St & Arch St","agency_id":"SF","agency_name":"San Francisco Municipal Transportation Agency","route_short_name":"M","route_type":"0","tod_tier":"Tier 2"}},{"type":"Feature","id":390,"geometry":{"type":"Point","coordinates":[-122.46339,37.71435]},"properties":{"OBJECTID":390,"stop_id":"16174","station_id":"mtc:randolph-bright","location_type":0,"stop_name":"Randolph St & Bright St","agency_id":"SF","agency_name":"San Francisco Municipal Transportation Agency","route_short_name":"M","route_type":"0","tod_tier":"Tier 2"}},{"type":"Feature","id":391,"geometry":{"type":"Point","coordinates":[-122.46367,37.71425]},"properties":{"OBJECTID":391,"stop_id":"16175","station_id":"mtc:randolph-bright","location_type":0,"stop_name":"Randolph St & Bright St","agency_id":"SF","agency_name":"San Francisco Municipal Transportation Agency","route_short_name":"M","route_type":"0","tod_tier":"Tier 2"}},{"type":"Feature","id":392,"geometry":{"type":"Point","coordinates":[-122.42818,37.7611900000001]},"properties":{"OBJECTID":392,"stop_id":"16213","station_id":"mtc:row-18th","location_type":0,"stop_name":"Right Of Way/18th St","agency_id":"SF","agency_name":"San Francisco Municipal Transportation Agency","route_short_name":"J","route_type":"0","tod_tier":"Tier 2"}},{"type":"Feature","id":393,"geometry":{"type":"Point","coordinates":[-122.42792,37.7582600000001]},"properties":{"OBJECTID":393,"stop_id":"16214","station_id":"mtc:row-20th","location_type":0,"stop_name":"Right Of Way/20th St","agency_id":"SF","agency_name":"San Francisco Municipal Transportation Agency","route_short_name":"J","route_type":"0","tod_tier":"Tier 2"}},{"type":"Feature","id":394,"geometry":{"type":"Point","coordinates":[-122.4278,37.75823]},"properties":{"OBJECTID":394,"stop_id":"16215","station_id":"mtc:row-20th","location_type":0,"stop_name":"Right Of Way/20th St","agency_id":"SF","agency_name":"San Francisco Municipal Transportation Agency","route_short_name":"J","route_type":"0","tod_tier":"Tier 2"}},{"type":"Feature","id":395,"geometry":{"type":"Point","coordinates":[-122.42682,37.7564400000001]},"properties":{"OBJECTID":395,"stop_id":"16217","station_id":"mtc:row-21st","location_type":0,"stop_name":"Right Of Way/21st St","agency_id":"SF","agency_name":"San Francisco Municipal Transportation Agency","route_short_name":"J","route_type":"0","tod_tier":"Tier 2"}},{"type":"Feature","id":396,"geometry":{"type":"Point","coordinates":[-122.42692,37.7566400000001]},"properties":{"OBJECTID":396,"stop_id":"16216","station_id":"mtc:row-21st","location_type":0,"stop_name":"Right Of Way/21st St","agency_id":"SF","agency_name":"San Francisco Municipal Transportation Agency","route_short_name":"J","route_type":"0","tod_tier":"Tier 2"}},{"type":"Feature","id":397,"geometry":{"type":"Point","coordinates":[-122.47435,37.73119]},"properties":{"OBJECTID":397,"stop_id":"16219","station_id":"mtc:row-eucalyptus","location_type":0,"stop_name":"Right Of Way/Eucalyptus Dr","agency_id":"SF","agency_name":"San Francisco Municipal Transportation Agency","route_short_name":"M","route_type":"0","tod_tier":"Tier 2"}},{"type":"Feature","id":398,"geometry":{"type":"Point","coordinates":[-122.47437,37.7309900000001]},"properties":{"OBJECTID":398,"stop_id":"16220","station_id":"mtc:row-eucalyptus","location_type":0,"stop_name":"Right Of Way/Eucalyptus Dr","agency_id":"SF","agency_name":"San Francisco Municipal Transportation Agency","route_short_name":"M","route_type":"0","tod_tier":"Tier 2"}},{"type":"Feature","id":399,"geometry":{"type":"Point","coordinates":[-122.427,37.7574500000001]},"properties":{"OBJECTID":399,"stop_id":"16221","station_id":"mtc:row-liberty","location_type":0,"stop_name":"Right Of Way/Liberty St","agency_id":"SF","agency_name":"San Francisco Municipal Transportation Agency","route_short_name":"J","route_type":"0","tod_tier":"Tier 2"}},{"type":"Feature","id":400,"geometry":{"type":"Point","coordinates":[-122.42687,37.75724]},"properties":{"OBJECTID":400,"stop_id":"16222","station_id":"mtc:row-liberty","location_type":0,"stop_name":"Right Of Way/Liberty St","agency_id":"SF","agency_name":"San Francisco Municipal Transportation Agency","route_short_name":"J","route_type":"0","tod_tier":"Tier 2"}},{"type":"Feature","id":401,"geometry":{"type":"Point","coordinates":[-122.47382,37.7318100000001]},"properties":{"OBJECTID":401,"stop_id":"16224","station_id":"mtc:row-ocean","location_type":0,"stop_name":"Right Of Way/Ocean Ave","agency_id":"SF","agency_name":"San Francisco Municipal Transportation Agency","route_short_name":"M","route_type":"0","tod_tier":"Tier 2"}},{"type":"Feature","id":402,"geometry":{"type":"Point","coordinates":[-122.47372,37.73202]},"properties":{"OBJECTID":402,"stop_id":"16223","station_id":"mtc:row-ocean","location_type":0,"stop_name":"Right Of Way/Ocean Ave","agency_id":"SF","agency_name":"San Francisco Municipal Transportation Agency","route_short_name":"M","route_type":"0","tod_tier":"Tier 2"}},{"type":"Feature","id":403,"geometry":{"type":"Point","coordinates":[-122.40028,37.79418]},"properties":{"OBJECTID":403,"stop_id":"16290","station_id":"mtc:sacramento-battery","location_type":0,"stop_name":"Sacramento St & Battery St","agency_id":"SF","agency_name":"San Francisco Municipal Transportation Agency","route_short_name":"1, 12, 1X","route_type":"3","tod_tier":"Tier 2"}},{"type":"Feature","id":404,"geometry":{"type":"Point","coordinates":[-122.3976,37.7945500000001]},"properties":{"OBJECTID":404,"stop_id":"16294","station_id":"mtc:sacramento-davis","location_type":0,"stop_name":"Sacramento St & Davis St","agency_id":"SF","agency_name":"San Francisco Municipal Transportation Agency","route_short_name":"1, 12, 1X","route_type":"3","tod_tier":"Tier 2"}},{"type":"Feature","id":405,"geometry":{"type":"Point","coordinates":[-122.42407,37.7911800000001]},"properties":{"OBJECTID":405,"stop_id":"16297","station_id":"mtc:sacramento-franklin","location_type":0,"stop_name":"Sacramento St & Franklin St","agency_id":"SF","agency_name":"San Francisco Municipal Transportation Agency","route_short_name":"1","route_type":"3","tod_tier":"Tier 2"}},{"type":"Feature","id":406,"geometry":{"type":"Point","coordinates":[-122.4031,37.79382]},"properties":{"OBJECTID":406,"stop_id":"16307","station_id":"mtc:sacramento-montgomery","location_type":0,"stop_name":"Sacramento St & Montgomery St","agency_id":"SF","agency_name":"San Francisco Municipal Transportation Agency","route_short_name":"1","route_type":"3","tod_tier":"Tier 2"}},{"type":"Feature","id":407,"geometry":{"type":"Point","coordinates":[-122.42118,37.79155]},"properties":{"OBJECTID":407,"stop_id":"16311","station_id":"mtc:sacramento-polk","location_type":0,"stop_name":"Sacramento St & Polk St","agency_id":"SF","agency_name":"San Francisco Municipal Transportation Agency","route_short_name":"1","route_type":"3","tod_tier":"Tier 2"}},{"type":"Feature","id":408,"geometry":{"type":"Point","coordinates":[-122.42227,37.79141]},"properties":{"OBJECTID":408,"stop_id":"16317","station_id":"mtc:van-ness-sacramento","location_type":0,"stop_name":"Sacramento St & Van Ness Ave","agency_id":"SF","agency_name":"San Francisco Municipal Transportation Agency","route_short_name":"1","route_type":"3","tod_tier":"Tier 2"}},{"type":"Feature","id":409,"geometry":{"type":"Point","coordinates":[-122.45215,37.7141500000001]},"properties":{"OBJECTID":409,"stop_id":"16257","station_id":"mtc:san-jose-farallones","location_type":0,"stop_name":"San Jose Ave & Farallones St","agency_id":"SF","agency_name":"San Francisco Municipal Transportation Agency","route_short_name":"M","route_type":"0","tod_tier":"Tier 2"}},{"type":"Feature","id":410,"geometry":{"type":"Point","coordinates":[-122.45228,37.71396]},"properties":{"OBJECTID":410,"stop_id":"16259","station_id":"mtc:san-jose-farallones","location_type":0,"stop_name":"San Jose Ave & Farallones St","agency_id":"SF","agency_name":"San Francisco Municipal Transportation Agency","route_short_name":"M","route_type":"0","tod_tier":"Tier 2"}},{"type":"Feature","id":411,"geometry":{"type":"Point","coordinates":[-122.44655,37.72063]},"properties":{"OBJECTID":411,"stop_id":"17164","station_id":"mtc:san-jose-geneva","location_type":0,"stop_name":"San Jose Ave & Geneva Ave","agency_id":"SF","agency_name":"San Francisco Municipal Transportation Agency","route_short_name":"M","route_type":"0","tod_tier":"Tier 2"}},{"type":"Feature","id":412,"geometry":{"type":"Point","coordinates":[-122.44622,37.7212400000001]},"properties":{"OBJECTID":412,"stop_id":"17778","station_id":"mtc:san-jose-geneva","location_type":0,"stop_name":"San Jose Ave & Geneva Ave","agency_id":"SF","agency_name":"San Francisco Municipal Transportation Agency","route_short_name":"J, K","route_type":"0","tod_tier":"Tier 2"}},{"type":"Feature","id":413,"geometry":{"type":"Point","coordinates":[-122.4472,37.7201000000001]},"properties":{"OBJECTID":413,"stop_id":"16262","station_id":"mtc:san-jose-geneva","location_type":0,"stop_name":"San Jose Ave & Geneva Ave","agency_id":"SF","agency_name":"San Francisco Municipal Transportation Agency","route_short_name":"M","route_type":"0","tod_tier":"Tier 2"}},{"type":"Feature","id":414,"geometry":{"type":"Point","coordinates":[-122.43385,37.7324]},"properties":{"OBJECTID":414,"stop_id":"14788","station_id":"mtc:san-jose-glen-park","location_type":0,"stop_name":"San Jose Ave/Glen Park Station","agency_id":"SF","agency_name":"San Francisco Municipal Transportation Agency","route_short_name":"J","route_type":"0","tod_tier":"Tier 2"}},{"type":"Feature","id":415,"geometry":{"type":"Point","coordinates":[-122.43342,37.7325300000001]},"properties":{"OBJECTID":415,"stop_id":"14787","station_id":"mtc:san-jose-glen-park","location_type":0,"stop_name":"San Jose Ave/Glen Park Station","agency_id":"SF","agency_name":"San Francisco Municipal Transportation Agency","route_short_name":"J","route_type":"0","tod_tier":"Tier 2"}},{"type":"Feature","id":416,"geometry":{"type":"Point","coordinates":[-122.45043,37.71608]},"properties":{"OBJECTID":416,"stop_id":"16266","station_id":"mtc:san-jose-lakeview","location_type":0,"stop_name":"San Jose Ave & Lakeview Ave","agency_id":"SF","agency_name":"San Francisco Municipal Transportation Agency","route_short_name":"M","route_type":"0","tod_tier":"Tier 2"}},{"type":"Feature","id":417,"geometry":{"type":"Point","coordinates":[-122.45037,37.71633]},"properties":{"OBJECTID":417,"stop_id":"16265","station_id":"mtc:san-jose-lakeview","location_type":0,"stop_name":"San Jose Ave & Lakeview Ave","agency_id":"SF","agency_name":"San Francisco Municipal Transportation Agency","route_short_name":"M","route_type":"0","tod_tier":"Tier 2"}},{"type":"Feature","id":418,"geometry":{"type":"Point","coordinates":[-122.44765,37.7194200000001]},"properties":{"OBJECTID":418,"stop_id":"16269","station_id":"mtc:san-jose-niagra","location_type":0,"stop_name":"San Jose Ave & Niagra Ave","agency_id":"SF","agency_name":"San Francisco Municipal Transportation Agency","route_short_name":"M","route_type":"0","tod_tier":"Tier 2"}},{"type":"Feature","id":419,"geometry":{"type":"Point","coordinates":[-122.4447,37.72308]},"properties":{"OBJECTID":419,"stop_id":"16274","station_id":"mtc:san-jose-ocean","location_type":0,"stop_name":"San Jose Ave & Ocean Ave","agency_id":"SF","agency_name":"San Francisco Municipal Transportation Agency","route_short_name":"J","route_type":"0","tod_tier":"Tier 2"}},{"type":"Feature","id":420,"geometry":{"type":"Point","coordinates":[-122.44479,37.72286]},"properties":{"OBJECTID":420,"stop_id":"16275","station_id":"mtc:san-jose-ocean","location_type":0,"stop_name":"San Jose Ave & Ocean Ave","agency_id":"SF","agency_name":"San Francisco Municipal Transportation Agency","route_short_name":"J","route_type":"0","tod_tier":"Tier 2"}},{"type":"Feature","id":421,"geometry":{"type":"Point","coordinates":[-122.42416,37.73974]},"properties":{"OBJECTID":421,"stop_id":"16277","station_id":"mtc:san-jose-randall","location_type":0,"stop_name":"San Jose Ave & Randall St","agency_id":"SF","agency_name":"San Francisco Municipal Transportation Agency","route_short_name":"J","route_type":"0","tod_tier":"Tier 2"}},{"type":"Feature","id":422,"geometry":{"type":"Point","coordinates":[-122.42432,37.73938]},"properties":{"OBJECTID":422,"stop_id":"16280","station_id":"mtc:san-jose-randall","location_type":0,"stop_name":"San Jose Ave & Randall St","agency_id":"SF","agency_name":"San Francisco Municipal Transportation Agency","route_short_name":"J","route_type":"0","tod_tier":"Tier 2"}},{"type":"Feature","id":423,"geometry":{"type":"Point","coordinates":[-122.44002,37.729]},"properties":{"OBJECTID":423,"stop_id":"16285","station_id":"mtc:san-jose-santa-rosa","location_type":0,"stop_name":"San Jose Ave & Santa Rosa Ave","agency_id":"SF","agency_name":"San Francisco Municipal Transportation Agency","route_short_name":"J","route_type":"0","tod_tier":"Tier 2"}},{"type":"Feature","id":424,"geometry":{"type":"Point","coordinates":[-122.43992,37.7289900000001]},"properties":{"OBJECTID":424,"stop_id":"16284","station_id":"mtc:san-jose-santa-rosa","location_type":0,"stop_name":"San Jose Ave & Santa Rosa Ave","agency_id":"SF","agency_name":"San Francisco Municipal Transportation Agency","route_short_name":"J","route_type":"0","tod_tier":"Tier 2"}},{"type":"Feature","id":425,"geometry":{"type":"Point","coordinates":[-122.44236,37.7258800000001]},"properties":{"OBJECTID":425,"stop_id":"16287","station_id":"mtc:san-jose-santa-ynez","location_type":0,"stop_name":"San Jose Ave & Santa Ynez Ave","agency_id":"SF","agency_name":"San Francisco Municipal Transportation Agency","route_short_name":"J","route_type":"0","tod_tier":"Tier 2"}},{"type":"Feature","id":426,"geometry":{"type":"Point","coordinates":[-122.44244,37.7256800000001]},"properties":{"OBJECTID":426,"stop_id":"16288","station_id":"mtc:san-jose-santa-ynez","location_type":0,"stop_name":"San Jose Ave & Santa Ynez Ave","agency_id":"SF","agency_name":"San Francisco Municipal Transportation Agency","route_short_name":"J","route_type":"0","tod_tier":"Tier 2"}},{"type":"Feature","id":427,"geometry":{"type":"Point","coordinates":[-122.41924,37.7751000000001]},"properties":{"OBJECTID":427,"stop_id":"18088","station_id":"mtc:market-van-ness-nb","location_type":0,"stop_name":"South Van Ness Ave & Market St","agency_id":"SF","agency_name":"San Francisco Municipal Transportation Agency","route_short_name":"49, 90","route_type":"3","tod_tier":"Tier 2"}},{"type":"Feature","id":428,"geometry":{"type":"Point","coordinates":[-122.40673,37.7877]},"properties":{"OBJECTID":428,"stop_id":"16516","station_id":"mtc:union-square","location_type":0,"stop_name":"Stockton St & Geary St","agency_id":"SF","agency_name":"San Francisco Municipal Transportation Agency","route_short_name":"15, 30, 45, 8, 8AX, 8BX, 91, TBUS","route_type":"3","tod_tier":"Tier 2"}},{"type":"Feature","id":429,"geometry":{"type":"Point","coordinates":[-122.43351,37.7692900000001]},"properties":{"OBJECTID":429,"stop_id":"17318","station_id":"mtc:duboce-and-noe","location_type":0,"stop_name":"Sunset Tunnel East Portal","agency_id":"SF","agency_name":"San Francisco Municipal Transportation Agency","route_short_name":"N","route_type":"0","tod_tier":"Tier 2"}},{"type":"Feature","id":430,"geometry":{"type":"Point","coordinates":[-122.41691,37.78822]},"properties":{"OBJECTID":430,"stop_id":"16594","station_id":"mtc:sutter-hyde","location_type":0,"stop_name":"Sutter St & Hyde St","agency_id":"SF","agency_name":"San Francisco Municipal Transportation Agency","route_short_name":"2","route_type":"3","tod_tier":"Tier 2"}},{"type":"Feature","id":431,"geometry":{"type":"Point","coordinates":[-122.41362,37.78864]},"properties":{"OBJECTID":431,"stop_id":"16595","station_id":"mtc:sutter-jones","location_type":0,"stop_name":"Sutter St & Jones St","agency_id":"SF","agency_name":"San Francisco Municipal Transportation Agency","route_short_name":"2","route_type":"3","tod_tier":"Tier 2"}},{"type":"Feature","id":432,"geometry":{"type":"Point","coordinates":[-122.41527,37.7884300000001]},"properties":{"OBJECTID":432,"stop_id":"16598","station_id":"mtc:sutter-leavenworth","location_type":0,"stop_name":"Sutter St & Leavenworth St","agency_id":"SF","agency_name":"San Francisco Municipal Transportation Agency","route_short_name":"2","route_type":"3","tod_tier":"Tier 2"}},{"type":"Feature","id":433,"geometry":{"type":"Point","coordinates":[-122.41032,37.7890600000001]},"properties":{"OBJECTID":433,"stop_id":"16601","station_id":"mtc:sutter-mason","location_type":0,"stop_name":"Sutter St & Mason St","agency_id":"SF","agency_name":"San Francisco Municipal Transportation Agency","route_short_name":"2","route_type":"3","tod_tier":"Tier 2"}},{"type":"Feature","id":434,"geometry":{"type":"Point","coordinates":[-122.4202,37.7878000000001]},"properties":{"OBJECTID":434,"stop_id":"16603","station_id":"mtc:sutter-polk","location_type":0,"stop_name":"Sutter St & Polk St","agency_id":"SF","agency_name":"San Francisco Municipal Transportation Agency","route_short_name":"2","route_type":"3","tod_tier":"Tier 2"}},{"type":"Feature","id":435,"geometry":{"type":"Point","coordinates":[-122.40868,37.78927]},"properties":{"OBJECTID":435,"stop_id":"16604","station_id":"mtc:sutter-mason","location_type":0,"stop_name":"Sutter St & Powell St","agency_id":"SF","agency_name":"San Francisco Municipal Transportation Agency","route_short_name":"2","route_type":"3","tod_tier":"Tier 2"}},{"type":"Feature","id":436,"geometry":{"type":"Point","coordinates":[-122.41196,37.7888600000001]},"properties":{"OBJECTID":436,"stop_id":"16612","station_id":"mtc:sutter-taylor","location_type":0,"stop_name":"Sutter St & Taylor St","agency_id":"SF","agency_name":"San Francisco Municipal Transportation Agency","route_short_name":"2","route_type":"3","tod_tier":"Tier 2"}},{"type":"Feature","id":437,"geometry":{"type":"Point","coordinates":[-122.47331,37.7431300000001]},"properties":{"OBJECTID":437,"stop_id":"16615","station_id":"mtc:taraval-16th","location_type":0,"stop_name":"Taraval St & 17th Ave","agency_id":"SF","agency_name":"San Francisco Municipal Transportation Agency","route_short_name":"L, LOWL","route_type":"0, 3","tod_tier":"Tier 2"}},{"type":"Feature","id":438,"geometry":{"type":"Point","coordinates":[-122.47544,37.7431100000001]},"properties":{"OBJECTID":438,"stop_id":"16616","station_id":"mtc:taraval-19th","location_type":0,"stop_name":"Taraval St & 19th Ave","agency_id":"SF","agency_name":"San Francisco Municipal Transportation Agency","route_short_name":"L, LOWL","route_type":"0, 3","tod_tier":"Tier 2"}},{"type":"Feature","id":439,"geometry":{"type":"Point","coordinates":[-122.47582,37.7429700000001]},"properties":{"OBJECTID":439,"stop_id":"16617","station_id":"mtc:taraval-19th","location_type":0,"stop_name":"Taraval St & 19th Ave","agency_id":"SF","agency_name":"San Francisco Municipal Transportation Agency","route_short_name":"L, LOWL","route_type":"0, 3","tod_tier":"Tier 2"}},{"type":"Feature","id":440,"geometry":{"type":"Point","coordinates":[-122.47843,37.74289]},"properties":{"OBJECTID":440,"stop_id":"16619","station_id":"mtc:taraval-22nd-23rd","location_type":0,"stop_name":"Taraval St & 22nd Ave","agency_id":"SF","agency_name":"San Francisco Municipal Transportation Agency","route_short_name":"L, LOWL","route_type":"0, 3","tod_tier":"Tier 2"}},{"type":"Feature","id":441,"geometry":{"type":"Point","coordinates":[-122.48045,37.74287]},"properties":{"OBJECTID":441,"stop_id":"16620","station_id":"mtc:taraval-22nd-23rd","location_type":0,"stop_name":"Taraval St & 23rd Ave","agency_id":"SF","agency_name":"San Francisco Municipal Transportation Agency","route_short_name":"L, LOWL","route_type":"0, 3","tod_tier":"Tier 2"}},{"type":"Feature","id":442,"geometry":{"type":"Point","coordinates":[-122.48308,37.74278]},"properties":{"OBJECTID":442,"stop_id":"16622","station_id":"mtc:taraval-26th","location_type":0,"stop_name":"Taraval St & 26th Ave","agency_id":"SF","agency_name":"San Francisco Municipal Transportation Agency","route_short_name":"L, LOWL","route_type":"0, 3","tod_tier":"Tier 2"}},{"type":"Feature","id":443,"geometry":{"type":"Point","coordinates":[-122.48338,37.7426800000001]},"properties":{"OBJECTID":443,"stop_id":"16623","station_id":"mtc:taraval-26th","location_type":0,"stop_name":"Taraval St & 26th Ave","agency_id":"SF","agency_name":"San Francisco Municipal Transportation Agency","route_short_name":"L, LOWL","route_type":"0, 3","tod_tier":"Tier 2"}},{"type":"Feature","id":444,"geometry":{"type":"Point","coordinates":[-122.48768,37.74249]},"properties":{"OBJECTID":444,"stop_id":"16627","station_id":"mtc:taraval-30th","location_type":0,"stop_name":"Taraval St & 30th Ave","agency_id":"SF","agency_name":"San Francisco Municipal Transportation Agency","route_short_name":"L, LOWL","route_type":"0, 3","tod_tier":"Tier 2"}},{"type":"Feature","id":445,"geometry":{"type":"Point","coordinates":[-122.48734,37.7425900000001]},"properties":{"OBJECTID":445,"stop_id":"16626","station_id":"mtc:taraval-30th","location_type":0,"stop_name":"Taraval St & 30th Ave","agency_id":"SF","agency_name":"San Francisco Municipal Transportation Agency","route_short_name":"L, LOWL","route_type":"0, 3","tod_tier":"Tier 2"}},{"type":"Feature","id":446,"geometry":{"type":"Point","coordinates":[-122.4895,37.74249]},"properties":{"OBJECTID":446,"stop_id":"16628","station_id":"mtc:taraval-32nd","location_type":0,"stop_name":"Taraval St & 32nd Ave","agency_id":"SF","agency_name":"San Francisco Municipal Transportation Agency","route_short_name":"L, LOWL","route_type":"0, 3","tod_tier":"Tier 2"}},{"type":"Feature","id":447,"geometry":{"type":"Point","coordinates":[-122.4898,37.7424]},"properties":{"OBJECTID":447,"stop_id":"16629","station_id":"mtc:taraval-32nd","location_type":0,"stop_name":"Taraval St & 32nd Ave","agency_id":"SF","agency_name":"San Francisco Municipal Transportation Agency","route_short_name":"L, LOWL","route_type":"0, 3","tod_tier":"Tier 2"}},{"type":"Feature","id":448,"geometry":{"type":"Point","coordinates":[-122.49805,37.7421200000001]},"properties":{"OBJECTID":448,"stop_id":"16632","station_id":"mtc:taraval-40th","location_type":0,"stop_name":"Taraval St & 40th Ave","agency_id":"SF","agency_name":"San Francisco Municipal Transportation Agency","route_short_name":"L, LOWL","route_type":"0, 3","tod_tier":"Tier 2"}},{"type":"Feature","id":449,"geometry":{"type":"Point","coordinates":[-122.49832,37.74199]},"properties":{"OBJECTID":449,"stop_id":"16633","station_id":"mtc:taraval-40th","location_type":0,"stop_name":"Taraval St & 40th Ave","agency_id":"SF","agency_name":"San Francisco Municipal Transportation Agency","route_short_name":"L, LOWL","route_type":"0, 3","tod_tier":"Tier 2"}},{"type":"Feature","id":450,"geometry":{"type":"Point","coordinates":[-122.5002,37.74202]},"properties":{"OBJECTID":450,"stop_id":"16634","station_id":"mtc:taraval-42nd","location_type":0,"stop_name":"Taraval St & 42nd Ave","agency_id":"SF","agency_name":"San Francisco Municipal Transportation Agency","route_short_name":"L, LOWL","route_type":"0, 3","tod_tier":"Tier 2"}},{"type":"Feature","id":451,"geometry":{"type":"Point","coordinates":[-122.50046,37.7419]},"properties":{"OBJECTID":451,"stop_id":"16635","station_id":"mtc:taraval-42nd","location_type":0,"stop_name":"Taraval St & 42nd Ave","agency_id":"SF","agency_name":"San Francisco Municipal Transportation Agency","route_short_name":"L, LOWL","route_type":"0, 3","tod_tier":"Tier 2"}},{"type":"Feature","id":452,"geometry":{"type":"Point","coordinates":[-122.50235,37.7419200000001]},"properties":{"OBJECTID":452,"stop_id":"16636","station_id":"mtc:taraval-44th","location_type":0,"stop_name":"Taraval St & 44th Ave","agency_id":"SF","agency_name":"San Francisco Municipal Transportation Agency","route_short_name":"L, LOWL","route_type":"0, 3","tod_tier":"Tier 2"}},{"type":"Feature","id":453,"geometry":{"type":"Point","coordinates":[-122.50261,37.7418000000001]},"properties":{"OBJECTID":453,"stop_id":"16637","station_id":"mtc:taraval-44th","location_type":0,"stop_name":"Taraval St & 44th Ave","agency_id":"SF","agency_name":"San Francisco Municipal Transportation Agency","route_short_name":"L, LOWL","route_type":"0, 3","tod_tier":"Tier 2"}},{"type":"Feature","id":454,"geometry":{"type":"Point","coordinates":[-122.50449,37.7418200000001]},"properties":{"OBJECTID":454,"stop_id":"16638","station_id":"mtc:taraval-46th","location_type":0,"stop_name":"Taraval St & 46th Ave","agency_id":"SF","agency_name":"San Francisco Municipal Transportation Agency","route_short_name":"L, LOWL","route_type":"0, 3","tod_tier":"Tier 2"}},{"type":"Feature","id":455,"geometry":{"type":"Point","coordinates":[-122.49436,37.74229]},"properties":{"OBJECTID":455,"stop_id":"16640","station_id":"mtc:taraval-sunset","location_type":0,"stop_name":"Taraval St & Sunset Blvd","agency_id":"SF","agency_name":"San Francisco Municipal Transportation Agency","route_short_name":"L, LOWL","route_type":"0, 3","tod_tier":"Tier 2"}},{"type":"Feature","id":456,"geometry":{"type":"Point","coordinates":[-122.49451,37.7421900000001]},"properties":{"OBJECTID":456,"stop_id":"16641","station_id":"mtc:taraval-sunset","location_type":0,"stop_name":"Taraval St & Sunset Blvd","agency_id":"SF","agency_name":"San Francisco Municipal Transportation Agency","route_short_name":"L, LOWL","route_type":"0, 3","tod_tier":"Tier 2"}},{"type":"Feature","id":457,"geometry":{"type":"Point","coordinates":[-122.40628,37.8069400000001]},"properties":{"OBJECTID":457,"stop_id":"14501","station_id":"mtc:embarcadero-bay","location_type":0,"stop_name":"The Embarcadero & Bay St","agency_id":"SF","agency_name":"San Francisco Municipal Transportation Agency","route_short_name":"F, FBUS, LOWL","route_type":"0, 3","tod_tier":"Tier 2"}},{"type":"Feature","id":458,"geometry":{"type":"Point","coordinates":[-122.40603,37.80663]},"properties":{"OBJECTID":458,"stop_id":"14502","station_id":"mtc:embarcadero-bay","location_type":0,"stop_name":"The Embarcadero & Bay St","agency_id":"SF","agency_name":"San Francisco Municipal Transportation Agency","route_short_name":"F, FBUS, LOWL","route_type":"0, 3","tod_tier":"Tier 2"}},{"type":"Feature","id":459,"geometry":{"type":"Point","coordinates":[-122.38798,37.78463]},"properties":{"OBJECTID":459,"stop_id":"17145","station_id":"mtc:embarcadero-brannan","location_type":0,"stop_name":"The Embarcadero & Brannan St","agency_id":"SF","agency_name":"San Francisco Municipal Transportation Agency","route_short_name":"N","route_type":"0","tod_tier":"Tier 2"}},{"type":"Feature","id":460,"geometry":{"type":"Point","coordinates":[-122.38814,37.78436]},"properties":{"OBJECTID":460,"stop_id":"14506","station_id":"mtc:embarcadero-brannan","location_type":0,"stop_name":"The Embarcadero & Brannan St","agency_id":"SF","agency_name":"San Francisco Municipal Transportation Agency","route_short_name":"N","route_type":"0","tod_tier":"Tier 2"}},{"type":"Feature","id":461,"geometry":{"type":"Point","coordinates":[-122.39743,37.7989000000001]},"properties":{"OBJECTID":461,"stop_id":"14504","station_id":"mtc:embarcadero-broadway","location_type":0,"stop_name":"The Embarcadero & Broadway","agency_id":"SF","agency_name":"San Francisco Municipal Transportation Agency","route_short_name":"F, FBUS, LOWL","route_type":"0, 3","tod_tier":"Tier 2"}},{"type":"Feature","id":462,"geometry":{"type":"Point","coordinates":[-122.39787,37.7995500000001]},"properties":{"OBJECTID":462,"stop_id":"14503","station_id":"mtc:embarcadero-broadway","location_type":0,"stop_name":"The Embarcadero & Broadway","agency_id":"SF","agency_name":"San Francisco Municipal Transportation Agency","route_short_name":"F, FBUS, LOWL","route_type":"0, 3","tod_tier":"Tier 2"}},{"type":"Feature","id":463,"geometry":{"type":"Point","coordinates":[-122.39355,37.7948900000001]},"properties":{"OBJECTID":463,"stop_id":"14513","station_id":"mtc:embarcadero-ferry-building","location_type":0,"stop_name":"The Embarcadero & Ferry Building","agency_id":"SF","agency_name":"San Francisco Municipal Transportation Agency","route_short_name":"F, FBUS, LOWL","route_type":"0, 3","tod_tier":"Tier 2"}},{"type":"Feature","id":464,"geometry":{"type":"Point","coordinates":[-122.39377,37.79483]},"properties":{"OBJECTID":464,"stop_id":"17283","station_id":"mtc:embarcadero-ferry-building","location_type":0,"stop_name":"The Embarcadero & Ferry Building","agency_id":"SF","agency_name":"San Francisco Municipal Transportation Agency","route_short_name":"F, FBUS, LOWL","route_type":"0, 3","tod_tier":"Tier 2"}},{"type":"Feature","id":465,"geometry":{"type":"Point","coordinates":[-122.38984,37.7907500000001]},"properties":{"OBJECTID":465,"stop_id":"14510","station_id":"mtc:embarcadero-folsom","location_type":0,"stop_name":"The Embarcadero & Folsom St","agency_id":"SF","agency_name":"San Francisco Municipal Transportation Agency","route_short_name":"K, L, M, N","route_type":"0","tod_tier":"Tier 2"}},{"type":"Feature","id":466,"geometry":{"type":"Point","coordinates":[-122.38969,37.7904800000001]},"properties":{"OBJECTID":466,"stop_id":"14509","station_id":"mtc:embarcadero-folsom","location_type":0,"stop_name":"The Embarcadero & Folsom St","agency_id":"SF","agency_name":"San Francisco Municipal Transportation Agency","route_short_name":"K, L, M, N","route_type":"0","tod_tier":"Tier 2"}},{"type":"Feature","id":467,"geometry":{"type":"Point","coordinates":[-122.39937,37.8012600000001]},"properties":{"OBJECTID":467,"stop_id":"14517","station_id":"mtc:embarcadero-green","location_type":0,"stop_name":"The Embarcadero & Green St","agency_id":"SF","agency_name":"San Francisco Municipal Transportation Agency","route_short_name":"F, FBUS, LOWL","route_type":"0, 3","tod_tier":"Tier 2"}},{"type":"Feature","id":468,"geometry":{"type":"Point","coordinates":[-122.39892,37.8006]},"properties":{"OBJECTID":468,"stop_id":"14518","station_id":"mtc:embarcadero-green","location_type":0,"stop_name":"The Embarcadero & Green St","agency_id":"SF","agency_name":"San Francisco Municipal Transportation Agency","route_short_name":"F, FBUS, LOWL","route_type":"0, 3","tod_tier":"Tier 2"}},{"type":"Feature","id":469,"geometry":{"type":"Point","coordinates":[-122.40103,37.80296]},"properties":{"OBJECTID":469,"stop_id":"14516","station_id":"mtc:embarcadero-greenwich","location_type":0,"stop_name":"The Embarcadero & Greenwich St","agency_id":"SF","agency_name":"San Francisco Municipal Transportation Agency","route_short_name":"F, FBUS, LOWL","route_type":"0, 3","tod_tier":"Tier 2"}},{"type":"Feature","id":470,"geometry":{"type":"Point","coordinates":[-122.40111,37.8032600000001]},"properties":{"OBJECTID":470,"stop_id":"14515","station_id":"mtc:embarcadero-greenwich","location_type":0,"stop_name":"The Embarcadero & Greenwich St","agency_id":"SF","agency_name":"San Francisco Municipal Transportation Agency","route_short_name":"F, FBUS, LOWL","route_type":"0, 3","tod_tier":"Tier 2"}},{"type":"Feature","id":471,"geometry":{"type":"Point","coordinates":[-122.40331,37.8050200000001]},"properties":{"OBJECTID":471,"stop_id":"14529","station_id":"mtc:embarcadero-sansome","location_type":0,"stop_name":"The Embarcadero & Sansome St","agency_id":"SF","agency_name":"San Francisco Municipal Transportation Agency","route_short_name":"F, FBUS, LOWL","route_type":"0, 3","tod_tier":"Tier 2"}},{"type":"Feature","id":472,"geometry":{"type":"Point","coordinates":[-122.41029,37.8083500000001]},"properties":{"OBJECTID":472,"stop_id":"14530","station_id":"mtc:embarcadero-stockton","location_type":0,"stop_name":"The Embarcadero & Stockton St","agency_id":"SF","agency_name":"San Francisco Municipal Transportation Agency","route_short_name":"39, F, FBUS, LOWL","route_type":"0, 3","tod_tier":"Tier 2"}},{"type":"Feature","id":473,"geometry":{"type":"Point","coordinates":[-122.39567,37.79709]},"properties":{"OBJECTID":473,"stop_id":"14532","station_id":"mtc:embarcadero-washington","location_type":0,"stop_name":"The Embarcadero & Washington St","agency_id":"SF","agency_name":"San Francisco Municipal Transportation Agency","route_short_name":"F, FBUS, LOWL","route_type":"0, 3","tod_tier":"Tier 2"}},{"type":"Feature","id":474,"geometry":{"type":"Point","coordinates":[-122.39518,37.7963500000001]},"properties":{"OBJECTID":474,"stop_id":"14534","station_id":"mtc:embarcadero-washington","location_type":0,"stop_name":"The Embarcadero & Washington St","agency_id":"SF","agency_name":"San Francisco Municipal Transportation Agency","route_short_name":"F, FBUS, LOWL","route_type":"0, 3","tod_tier":"Tier 2"}},{"type":"Feature","id":475,"geometry":{"type":"Point","coordinates":[-122.38856,37.76052]},"properties":{"OBJECTID":475,"stop_id":"17355","station_id":"mtc:third-20th","location_type":0,"stop_name":"Third Street & 20th St","agency_id":"SF","agency_name":"San Francisco Municipal Transportation Agency","route_short_name":"T","route_type":"0","tod_tier":"Tier 2"}},{"type":"Feature","id":476,"geometry":{"type":"Point","coordinates":[-122.38859,37.7603700000001]},"properties":{"OBJECTID":476,"stop_id":"17362","station_id":"mtc:third-20th","location_type":0,"stop_name":"Third Street & 20th St","agency_id":"SF","agency_name":"San Francisco Municipal Transportation Agency","route_short_name":"T","route_type":"0","tod_tier":"Tier 2"}},{"type":"Feature","id":477,"geometry":{"type":"Point","coordinates":[-122.388,37.75541]},"properties":{"OBJECTID":477,"stop_id":"17354","station_id":"mtc:third-23rd","location_type":0,"stop_name":"Third Street & 23rd St","agency_id":"SF","agency_name":"San Francisco Municipal Transportation Agency","route_short_name":"T","route_type":"0","tod_tier":"Tier 2"}},{"type":"Feature","id":478,"geometry":{"type":"Point","coordinates":[-122.38805,37.7552600000001]},"properties":{"OBJECTID":478,"stop_id":"17363","station_id":"mtc:third-23rd","location_type":0,"stop_name":"Third Street & 23rd St","agency_id":"SF","agency_name":"San Francisco Municipal Transportation Agency","route_short_name":"T","route_type":"0","tod_tier":"Tier 2"}},{"type":"Feature","id":479,"geometry":{"type":"Point","coordinates":[-122.39422,37.72549]},"properties":{"OBJECTID":479,"stop_id":"17343","station_id":"mtc:third-carroll","location_type":0,"stop_name":"Third Street & Carroll Ave","agency_id":"SF","agency_name":"San Francisco Municipal Transportation Agency","route_short_name":"T","route_type":"0","tod_tier":"Tier 2"}},{"type":"Feature","id":480,"geometry":{"type":"Point","coordinates":[-122.39439,37.72524]},"properties":{"OBJECTID":480,"stop_id":"17344","station_id":"mtc:third-carroll","location_type":0,"stop_name":"Third Street & Carroll Ave","agency_id":"SF","agency_name":"San Francisco Municipal Transportation Agency","route_short_name":"T","route_type":"0","tod_tier":"Tier 2"}},{"type":"Feature","id":481,"geometry":{"type":"Point","coordinates":[-122.38803,37.7427300000001]},"properties":{"OBJECTID":481,"stop_id":"17365","station_id":"mtc:third-evans","location_type":0,"stop_name":"Third Street & Evans Ave","agency_id":"SF","agency_name":"San Francisco Municipal Transportation Agency","route_short_name":"T","route_type":"0","tod_tier":"Tier 2"}},{"type":"Feature","id":482,"geometry":{"type":"Point","coordinates":[-122.38792,37.7427300000001]},"properties":{"OBJECTID":482,"stop_id":"17352","station_id":"mtc:third-evans","location_type":0,"stop_name":"Third Street & Evans Ave","agency_id":"SF","agency_name":"San Francisco Municipal Transportation Agency","route_short_name":"T","route_type":"0","tod_tier":"Tier 2"}},{"type":"Feature","id":483,"geometry":{"type":"Point","coordinates":[-122.39578,37.7222]},"properties":{"OBJECTID":483,"stop_id":"17342","station_id":"mtc:third-gilman-paul","location_type":0,"stop_name":"Third Street/Gilman/Paul","agency_id":"SF","agency_name":"San Francisco Municipal Transportation Agency","route_short_name":"T","route_type":"0","tod_tier":"Tier 2"}},{"type":"Feature","id":484,"geometry":{"type":"Point","coordinates":[-122.39561,37.72245]},"properties":{"OBJECTID":484,"stop_id":"17347","station_id":"mtc:third-gilman-paul","location_type":0,"stop_name":"Third Street/Gilman/Paul","agency_id":"SF","agency_name":"San Francisco Municipal Transportation Agency","route_short_name":"T","route_type":"0","tod_tier":"Tier 2"}},{"type":"Feature","id":485,"geometry":{"type":"Point","coordinates":[-122.38888,37.73992]},"properties":{"OBJECTID":485,"stop_id":"17404","station_id":"mtc:third-hudson-innes","location_type":0,"stop_name":"Third Street/Hudson/Innes","agency_id":"SF","agency_name":"San Francisco Municipal Transportation Agency","route_short_name":"T","route_type":"0","tod_tier":"Tier 2"}},{"type":"Feature","id":486,"geometry":{"type":"Point","coordinates":[-122.38893,37.7399300000001]},"properties":{"OBJECTID":486,"stop_id":"17390","station_id":"mtc:third-hudson-innes","location_type":0,"stop_name":"Third Street/Hudson/Innes","agency_id":"SF","agency_name":"San Francisco Municipal Transportation Agency","route_short_name":"T","route_type":"0","tod_tier":"Tier 2"}},{"type":"Feature","id":487,"geometry":{"type":"Point","coordinates":[-122.38973,37.73765]},"properties":{"OBJECTID":487,"stop_id":"17391","station_id":"mtc:third-kirkwood-la-salle","location_type":0,"stop_name":"Third Street/Kirkwood/La Salle","agency_id":"SF","agency_name":"San Francisco Municipal Transportation Agency","route_short_name":"T","route_type":"0","tod_tier":"Tier 2"}},{"type":"Feature","id":488,"geometry":{"type":"Point","coordinates":[-122.38969,37.7376400000001]},"properties":{"OBJECTID":488,"stop_id":"17403","station_id":"mtc:third-kirkwood-la-salle","location_type":0,"stop_name":"Third Street/Kirkwood/La Salle","agency_id":"SF","agency_name":"San Francisco Municipal Transportation Agency","route_short_name":"T","route_type":"0","tod_tier":"Tier 2"}},{"type":"Feature","id":489,"geometry":{"type":"Point","coordinates":[-122.39747,37.7188100000001]},"properties":{"OBJECTID":489,"stop_id":"17400","station_id":"mtc:third-le-conte","location_type":0,"stop_name":"Third Street & Le Conte Ave","agency_id":"SF","agency_name":"San Francisco Municipal Transportation Agency","route_short_name":"T","route_type":"0","tod_tier":"Tier 2"}},{"type":"Feature","id":490,"geometry":{"type":"Point","coordinates":[-122.3977,37.7186400000001]},"properties":{"OBJECTID":490,"stop_id":"17394","station_id":"mtc:third-le-conte","location_type":0,"stop_name":"Third Street & Le Conte Ave","agency_id":"SF","agency_name":"San Francisco Municipal Transportation Agency","route_short_name":"T","route_type":"0","tod_tier":"Tier 2"}},{"type":"Feature","id":491,"geometry":{"type":"Point","coordinates":[-122.38744,37.7490000000001]},"properties":{"OBJECTID":491,"stop_id":"17353","station_id":"mtc:third-marin","location_type":0,"stop_name":"Third Street & Marin St","agency_id":"SF","agency_name":"San Francisco Municipal Transportation Agency","route_short_name":"T","route_type":"0","tod_tier":"Tier 2"}},{"type":"Feature","id":492,"geometry":{"type":"Point","coordinates":[-122.38752,37.7491000000001]},"properties":{"OBJECTID":492,"stop_id":"17364","station_id":"mtc:third-marin","location_type":0,"stop_name":"Third Street & Marin St","agency_id":"SF","agency_name":"San Francisco Municipal Transportation Agency","route_short_name":"T","route_type":"0","tod_tier":"Tier 2"}},{"type":"Feature","id":493,"geometry":{"type":"Point","coordinates":[-122.38968,37.7729800000001]},"properties":{"OBJECTID":493,"stop_id":"17358","station_id":"mtc:third-mission-rock","location_type":0,"stop_name":"Third Street & Mission Rock St","agency_id":"SF","agency_name":"San Francisco Municipal Transportation Agency","route_short_name":"T","route_type":"0","tod_tier":"Tier 2"}},{"type":"Feature","id":494,"geometry":{"type":"Point","coordinates":[-122.38972,37.7728300000001]},"properties":{"OBJECTID":494,"stop_id":"17359","station_id":"mtc:third-mission-rock","location_type":0,"stop_name":"Third Street & Mission Rock St","agency_id":"SF","agency_name":"San Francisco Municipal Transportation Agency","route_short_name":"T","route_type":"0","tod_tier":"Tier 2"}},{"type":"Feature","id":495,"geometry":{"type":"Point","coordinates":[-122.39084,37.73436]},"properties":{"OBJECTID":495,"stop_id":"17402","station_id":"mtc:third-oakdale-palou","location_type":0,"stop_name":"Third Street/Oakdale/Palou","agency_id":"SF","agency_name":"San Francisco Municipal Transportation Agency","route_short_name":"T","route_type":"0","tod_tier":"Tier 2"}},{"type":"Feature","id":496,"geometry":{"type":"Point","coordinates":[-122.39089,37.7343500000001]},"properties":{"OBJECTID":496,"stop_id":"17392","station_id":"mtc:third-oakdale-palou","location_type":0,"stop_name":"Third Street/Oakdale/Palou","agency_id":"SF","agency_name":"San Francisco Municipal Transportation Agency","route_short_name":"T","route_type":"0","tod_tier":"Tier 2"}},{"type":"Feature","id":497,"geometry":{"type":"Point","coordinates":[-122.3915,37.7322600000001]},"properties":{"OBJECTID":497,"stop_id":"17401","station_id":"mtc:third-revere-shafter","location_type":0,"stop_name":"Third Street/Revere/Shafter","agency_id":"SF","agency_name":"San Francisco Municipal Transportation Agency","route_short_name":"T","route_type":"0","tod_tier":"Tier 2"}},{"type":"Feature","id":498,"geometry":{"type":"Point","coordinates":[-122.3916,37.73229]},"properties":{"OBJECTID":498,"stop_id":"17393","station_id":"mtc:third-revere-shafter","location_type":0,"stop_name":"Third Street/Revere/Shafter","agency_id":"SF","agency_name":"San Francisco Municipal Transportation Agency","route_short_name":"T","route_type":"0","tod_tier":"Tier 2"}},{"type":"Feature","id":499,"geometry":{"type":"Point","coordinates":[-122.3926,37.72929]},"properties":{"OBJECTID":499,"stop_id":"17345","station_id":"mtc:third-williams","location_type":0,"stop_name":"Third Street & Williams Ave","agency_id":"SF","agency_name":"San Francisco Municipal Transportation Agency","route_short_name":"T","route_type":"0","tod_tier":"Tier 2"}},{"type":"Feature","id":500,"geometry":{"type":"Point","coordinates":[-122.39268,37.7292100000001]},"properties":{"OBJECTID":500,"stop_id":"17346","station_id":"mtc:third-williams","location_type":0,"stop_name":"Third Street & Williams Ave","agency_id":"SF","agency_name":"San Francisco Municipal Transportation Agency","route_short_name":"T","route_type":"0","tod_tier":"Tier 2"}},{"type":"Feature","id":501,"geometry":{"type":"Point","coordinates":[-122.38918,37.7685000000001]},"properties":{"OBJECTID":501,"stop_id":"17357","station_id":"mtc:ucsf-16th","location_type":0,"stop_name":"Ucsf / Chase Center (16th St)","agency_id":"SF","agency_name":"San Francisco Municipal Transportation Agency","route_short_name":"T","route_type":"0","tod_tier":"Tier 2"}},{"type":"Feature","id":502,"geometry":{"type":"Point","coordinates":[-122.38937,37.76824]},"properties":{"OBJECTID":502,"stop_id":"17360","station_id":"mtc:ucsf-16th","location_type":0,"stop_name":"Ucsf / Chase Center (16th Street)","agency_id":"SF","agency_name":"San Francisco Municipal Transportation Agency","route_short_name":"T","route_type":"0","tod_tier":"Tier 2"}},{"type":"Feature","id":503,"geometry":{"type":"Point","coordinates":[-122.38885,37.76439]},"properties":{"OBJECTID":503,"stop_id":"17356","station_id":"mtc:ucsf-mariposa","location_type":0,"stop_name":"Ucsf Medical Center (Mariposa)","agency_id":"SF","agency_name":"San Francisco Municipal Transportation Agency","route_short_name":"T","route_type":"0","tod_tier":"Tier 2"}},{"type":"Feature","id":504,"geometry":{"type":"Point","coordinates":[-122.38886,37.76424]},"properties":{"OBJECTID":504,"stop_id":"17361","station_id":"mtc:ucsf-mariposa","location_type":0,"stop_name":"Ucsf Medical Center (Mariposa)","agency_id":"SF","agency_name":"San Francisco Municipal Transportation Agency","route_short_name":"T","route_type":"0","tod_tier":"Tier 2"}},{"type":"Feature","id":505,"geometry":{"type":"Point","coordinates":[-122.47021,37.74136]},"properties":{"OBJECTID":505,"stop_id":"18137","station_id":"mtc:ulloa-14th","location_type":0,"stop_name":"Ulloa St & 14th Ave","agency_id":"SF","agency_name":"San Francisco Municipal Transportation Agency","route_short_name":"L","route_type":"0","tod_tier":"Tier 2"}},{"type":"Feature","id":506,"geometry":{"type":"Point","coordinates":[-122.46997,37.7415]},"properties":{"OBJECTID":506,"stop_id":"18136","station_id":"mtc:ulloa-14th","location_type":0,"stop_name":"Ulloa St & 14th Ave","agency_id":"SF","agency_name":"San Francisco Municipal Transportation Agency","route_short_name":"L","route_type":"0","tod_tier":"Tier 2"}},{"type":"Feature","id":507,"geometry":{"type":"Point","coordinates":[-122.46616,37.7411200000001]},"properties":{"OBJECTID":507,"stop_id":"16738","station_id":"mtc:ulloa-lenox","location_type":0,"stop_name":"Ulloa St & Lenox Way","agency_id":"SF","agency_name":"San Francisco Municipal Transportation Agency","route_short_name":"48, L, LOWL, M","route_type":"0, 3","tod_tier":"Tier 2"}},{"type":"Feature","id":508,"geometry":{"type":"Point","coordinates":[-122.46617,37.7410100000001]},"properties":{"OBJECTID":508,"stop_id":"16744","station_id":"mtc:ulloa-lenox","location_type":0,"stop_name":"Ulloa St & West Portal Ave","agency_id":"SF","agency_name":"San Francisco Municipal Transportation Agency","route_short_name":"57, L, M","route_type":"0, 3","tod_tier":"Tier 2"}},{"type":"Feature","id":509,"geometry":{"type":"Point","coordinates":[-122.40648,37.7871500000001]},"properties":{"OBJECTID":509,"stop_id":"17877","station_id":"mtc:union-square","location_type":0,"stop_name":"Union Square/Market St Station Northbound","agency_id":"SF","agency_name":"San Francisco Municipal Transportation Agency","route_short_name":"T","route_type":"0","tod_tier":"Tier 2"}},{"type":"Feature","id":510,"geometry":{"type":"Point","coordinates":[-122.40652,37.78713]},"properties":{"OBJECTID":510,"stop_id":"17874","station_id":"mtc:union-square","location_type":0,"stop_name":"Union Square/Market St Station Southbound","agency_id":"SF","agency_name":"San Francisco Municipal Transportation Agency","route_short_name":"T","route_type":"0","tod_tier":"Tier 2"}},{"type":"Feature","id":511,"geometry":{"type":"Point","coordinates":[-122.42192,37.7884500000001]},"properties":{"OBJECTID":511,"stop_id":"18092","station_id":"mtc:van-ness-bush","location_type":0,"stop_name":"Van Ness Ave & Bush St","agency_id":"SF","agency_name":"San Francisco Municipal Transportation Agency","route_short_name":"49, 90","route_type":"3","tod_tier":"Tier 2"}},{"type":"Feature","id":512,"geometry":{"type":"Point","coordinates":[-122.42266,37.79213]},"properties":{"OBJECTID":512,"stop_id":"18093","station_id":"mtc:van-ness-clay","location_type":0,"stop_name":"Van Ness Ave & Clay St","agency_id":"SF","agency_name":"San Francisco Municipal Transportation Agency","route_short_name":"49, 90","route_type":"3","tod_tier":"Tier 2"}},{"type":"Feature","id":513,"geometry":{"type":"Point","coordinates":[-122.42078,37.7828500000001]},"properties":{"OBJECTID":513,"stop_id":"18090","station_id":"mtc:van-ness-eddy","location_type":0,"stop_name":"Van Ness Ave & Eddy St","agency_id":"SF","agency_name":"San Francisco Municipal Transportation Agency","route_short_name":"49, 90","route_type":"3","tod_tier":"Tier 2"}},{"type":"Feature","id":514,"geometry":{"type":"Point","coordinates":[-122.42087,37.78292]},"properties":{"OBJECTID":514,"stop_id":"18103","station_id":"mtc:van-ness-eddy","location_type":0,"stop_name":"Van Ness Ave & Eddy St","agency_id":"SF","agency_name":"San Francisco Municipal Transportation Agency","route_short_name":"49, 90","route_type":"3","tod_tier":"Tier 2"}},{"type":"Feature","id":515,"geometry":{"type":"Point","coordinates":[-122.42137,37.78565]},"properties":{"OBJECTID":515,"stop_id":"18091","station_id":"mtc:van-ness-gearey","location_type":0,"stop_name":"Van Ness Ave & Geary Blvd","agency_id":"SF","agency_name":"San Francisco Municipal Transportation Agency","route_short_name":"49, 90","route_type":"3","tod_tier":"Tier 2"}},{"type":"Feature","id":516,"geometry":{"type":"Point","coordinates":[-122.4231,37.79396]},"properties":{"OBJECTID":516,"stop_id":"18099","station_id":"mtc:van-ness-jackson","location_type":0,"stop_name":"Van Ness Ave & Jackson St","agency_id":"SF","agency_name":"San Francisco Municipal Transportation Agency","route_short_name":"49, 90","route_type":"3","tod_tier":"Tier 2"}},{"type":"Feature","id":517,"geometry":{"type":"Point","coordinates":[-122.41931,37.7751700000001]},"properties":{"OBJECTID":517,"stop_id":"18105","station_id":"mtc:market-van-ness-sb","location_type":0,"stop_name":"Van Ness Ave & Market St","agency_id":"SF","agency_name":"San Francisco Municipal Transportation Agency","route_short_name":"49, 90","route_type":"3","tod_tier":"Tier 2"}},{"type":"Feature","id":518,"geometry":{"type":"Point","coordinates":[-122.42022,37.7800300000001]},"properties":{"OBJECTID":518,"stop_id":"18089","station_id":"mtc:van-ness-mcallister","location_type":0,"stop_name":"Van Ness Ave & Mcallister St","agency_id":"SF","agency_name":"San Francisco Municipal Transportation Agency","route_short_name":"49, 90","route_type":"3","tod_tier":"Tier 2"}},{"type":"Feature","id":519,"geometry":{"type":"Point","coordinates":[-122.4203,37.7801000000001]},"properties":{"OBJECTID":519,"stop_id":"18104","station_id":"mtc:van-ness-mcallister","location_type":0,"stop_name":"Van Ness Ave & Mcallister St","agency_id":"SF","agency_name":"San Francisco Municipal Transportation Agency","route_short_name":"49, 90","route_type":"3","tod_tier":"Tier 2"}},{"type":"Feature","id":520,"geometry":{"type":"Point","coordinates":[-122.42121,37.7847800000001]},"properties":{"OBJECTID":520,"stop_id":"18102","station_id":"mtc:van-ness-ofarrell","location_type":0,"stop_name":"Van Ness Ave & O'Farrell St","agency_id":"SF","agency_name":"San Francisco Municipal Transportation Agency","route_short_name":"49, 90","route_type":"3","tod_tier":"Tier 2"}},{"type":"Feature","id":521,"geometry":{"type":"Point","coordinates":[-122.4232,37.7947800000001]},"properties":{"OBJECTID":521,"stop_id":"18094","station_id":"mtc:van-ness-pacific","location_type":0,"stop_name":"Van Ness Ave & Pacific St","agency_id":"SF","agency_name":"San Francisco Municipal Transportation Agency","route_short_name":"49, 90","route_type":"3","tod_tier":"Tier 2"}},{"type":"Feature","id":522,"geometry":{"type":"Point","coordinates":[-122.42257,37.7913100000001]},"properties":{"OBJECTID":522,"stop_id":"18100","station_id":"mtc:van-ness-sacramento","location_type":0,"stop_name":"Van Ness Ave & Sacramento St","agency_id":"SF","agency_name":"San Francisco Municipal Transportation Agency","route_short_name":"49, 90","route_type":"3","tod_tier":"Tier 2"}},{"type":"Feature","id":523,"geometry":{"type":"Point","coordinates":[-122.42404,37.7985800000001]},"properties":{"OBJECTID":523,"stop_id":"18097","station_id":"mtc:van-ness-union","location_type":0,"stop_name":"Van Ness Ave & Union St","agency_id":"SF","agency_name":"San Francisco Municipal Transportation Agency","route_short_name":"49, 90","route_type":"3","tod_tier":"Tier 2"}},{"type":"Feature","id":524,"geometry":{"type":"Point","coordinates":[-122.42396,37.7985100000001]},"properties":{"OBJECTID":524,"stop_id":"18096","station_id":"mtc:van-ness-union","location_type":0,"stop_name":"Van Ness Ave & Union St","agency_id":"SF","agency_name":"San Francisco Municipal Transportation Agency","route_short_name":"49, 90","route_type":"3","tod_tier":"Tier 2"}},{"type":"Feature","id":525,"geometry":{"type":"Point","coordinates":[-122.42366,37.7967200000001]},"properties":{"OBJECTID":525,"stop_id":"18098","station_id":"mtc:van-ness-vallejo","location_type":0,"stop_name":"Van Ness Ave & Vallejo St","agency_id":"SF","agency_name":"San Francisco Municipal Transportation Agency","route_short_name":"49, 90","route_type":"3","tod_tier":"Tier 2"}},{"type":"Feature","id":526,"geometry":{"type":"Point","coordinates":[-122.4236,37.7968000000001]},"properties":{"OBJECTID":526,"stop_id":"18095","station_id":"mtc:van-ness-vallejo","location_type":0,"stop_name":"Van Ness Ave & Vallejo St","agency_id":"SF","agency_name":"San Francisco Municipal Transportation Agency","route_short_name":"49, 90","route_type":"3","tod_tier":"Tier 2"}},{"type":"Feature","id":527,"geometry":{"type":"Point","coordinates":[-122.41934,37.7752300000001]},"properties":{"OBJECTID":527,"stop_id":"16996","station_id":"mtc:van-ness","location_type":0,"stop_name":"Van Ness Station Outbound","agency_id":"SF","agency_name":"San Francisco Municipal Transportation Agency","route_short_name":"J, K, L, M, N","route_type":"0","tod_tier":"Tier 2"}},{"type":"Feature","id":528,"geometry":{"type":"Point","coordinates":[-122.50435,37.7361300000001]},"properties":{"OBJECTID":528,"stop_id":"16932","station_id":"mtc:wawona-46th-sfzoo","location_type":0,"stop_name":"Wawona/46th Ave /Sf Zoo","agency_id":"SF","agency_name":"San Francisco Municipal Transportation Agency","route_short_name":"L, LOWL","route_type":"0, 3","tod_tier":"Tier 2"}},{"type":"Feature","id":529,"geometry":{"type":"Point","coordinates":[-122.46898,37.7380600000001]},"properties":{"OBJECTID":529,"stop_id":"17125","station_id":"mtc:west-portal-14th","location_type":0,"stop_name":"West Portal Ave & 14th Ave","agency_id":"SF","agency_name":"San Francisco Municipal Transportation Agency","route_short_name":"91, K, KBUS, M","route_type":"0, 3","tod_tier":"Tier 2"}},{"type":"Feature","id":530,"geometry":{"type":"Point","coordinates":[-122.46904,37.7378600000001]},"properties":{"OBJECTID":530,"stop_id":"16898","station_id":"mtc:west-portal-14th","location_type":0,"stop_name":"West Portal Ave & 14th Ave","agency_id":"SF","agency_name":"San Francisco Municipal Transportation Agency","route_short_name":"91, K, KBUS, M","route_type":"0, 3","tod_tier":"Tier 2"}},{"type":"Feature","id":531,"geometry":{"type":"Point","coordinates":[-122.47162,37.73481]},"properties":{"OBJECTID":531,"stop_id":"16503","station_id":"mtc:west-portal-sloat-stfrancis","location_type":0,"stop_name":"West Portal/Sloat/St Francis Circle","agency_id":"SF","agency_name":"San Francisco Municipal Transportation Agency","route_short_name":"91, K, KBUS, M","route_type":"0, 3","tod_tier":"Tier 2"}},{"type":"Feature","id":532,"geometry":{"type":"Point","coordinates":[-122.47145,37.73483]},"properties":{"OBJECTID":532,"stop_id":"17109","station_id":"mtc:west-portal-sloat-stfrancis","location_type":0,"stop_name":"West Portal/Sloat/St Francis Circle","agency_id":"SF","agency_name":"San Francisco Municipal Transportation Agency","route_short_name":"K, M","route_type":"0","tod_tier":"Tier 2"}},{"type":"Feature","id":533,"geometry":{"type":"Point","coordinates":[-122.46522,37.74152]},"properties":{"OBJECTID":533,"stop_id":"16740","station_id":"mtc:west-portal","location_type":0,"stop_name":"West Portal Station","agency_id":"SF","agency_name":"San Francisco Municipal Transportation Agency","route_short_name":"K, L, M","route_type":"0","tod_tier":"Tier 2"}},{"type":"Feature","id":534,"geometry":{"type":"Point","coordinates":[-122.46553,37.74139]},"properties":{"OBJECTID":534,"stop_id":"16739","station_id":"mtc:west-portal","location_type":0,"stop_name":"West Portal Station","agency_id":"SF","agency_name":"San Francisco Municipal Transportation Agency","route_short_name":"K, L, M","route_type":"0","tod_tier":"Tier 2"}},{"type":"Feature","id":535,"geometry":{"type":"Point","coordinates":[-122.40155,37.78236]},"properties":{"OBJECTID":535,"stop_id":"17878","station_id":"mtc:yerba-buena","location_type":0,"stop_name":"Yerba Buena/Moscone Station Northbound","agency_id":"SF","agency_name":"San Francisco Municipal Transportation Agency","route_short_name":"T","route_type":"0","tod_tier":"Tier 2"}},{"type":"Feature","id":536,"geometry":{"type":"Point","coordinates":[-122.40173,37.78238]},"properties":{"OBJECTID":536,"stop_id":"17873","station_id":"mtc:yerba-buena","location_type":0,"stop_name":"Yerba Buena/Moscone Station Southbound","agency_id":"SF","agency_name":"San Francisco Municipal Transportation Agency","route_short_name":"T","route_type":"0","tod_tier":"Tier 2"}},{"type":"Feature","id":537,"geometry":{"type":"Point","coordinates":[-122.16776,37.74064]},"properties":{"OBJECTID":537,"stop_id":"52437","station_id":"mtc:international-103rd","location_type":0,"stop_name":"103rd Avenue","agency_id":"AC","agency_name":"AC TRANSIT","route_short_name":"1T","route_type":"3","tod_tier":"Tier 2"}},{"type":"Feature","id":538,"geometry":{"type":"Point","coordinates":[-122.16778,37.74073]},"properties":{"OBJECTID":538,"stop_id":"52435","station_id":"mtc:international-103rd","location_type":0,"stop_name":"103rd Avenue","agency_id":"AC","agency_name":"AC TRANSIT","route_short_name":"1T","route_type":"3","tod_tier":"Tier 2"}},{"type":"Feature","id":539,"geometry":{"type":"Point","coordinates":[-122.24948,37.7919600000001]},"properties":{"OBJECTID":539,"stop_id":"52538","station_id":"mtc:international-10th","location_type":0,"stop_name":"10th Avenue NB","agency_id":"AC","agency_name":"AC TRANSIT","route_short_name":"1T","route_type":"3","tod_tier":"Tier 2"}},{"type":"Feature","id":540,"geometry":{"type":"Point","coordinates":[-122.24967,37.79042]},"properties":{"OBJECTID":540,"stop_id":"52539","station_id":"mtc:12th-10th","location_type":0,"stop_name":"10th Avenue SB","agency_id":"AC","agency_name":"AC TRANSIT","route_short_name":"1T","route_type":"3","tod_tier":"Tier 2"}},{"type":"Feature","id":541,"geometry":{"type":"Point","coordinates":[-122.27219,37.8020300000001]},"properties":{"OBJECTID":541,"stop_id":"52728","station_id":"mtc:11th-broadway","location_type":0,"stop_name":"11th St & Broadway","agency_id":"AC","agency_name":"AC TRANSIT","route_short_name":"40","route_type":"3","tod_tier":"Tier 2"}},{"type":"Feature","id":542,"geometry":{"type":"Point","coordinates":[-122.27087,37.80154]},"properties":{"OBJECTID":542,"stop_id":"53334","station_id":"mtc:11th-franklin","location_type":0,"stop_name":"11th St & Franklin St","agency_id":"AC","agency_name":"AC TRANSIT","route_short_name":"18, 22, 633, 840, 96","route_type":"3","tod_tier":"Tier 2"}},{"type":"Feature","id":543,"geometry":{"type":"Point","coordinates":[-122.26833,37.80053]},"properties":{"OBJECTID":543,"stop_id":"58888","station_id":"mtc:11th-harrison","location_type":0,"stop_name":"11th St & Harrison St","agency_id":"AC","agency_name":"AC TRANSIT","route_short_name":"18, 22, 40, 633, 840, 96","route_type":"3","tod_tier":"Tier 2"}},{"type":"Feature","id":544,"geometry":{"type":"Point","coordinates":[-122.26626,37.79972]},"properties":{"OBJECTID":544,"stop_id":"52643","station_id":"52643","location_type":0,"stop_name":"11th St & Jackson St","agency_id":"AC","agency_name":"AC TRANSIT","route_short_name":"18, 22, 40, 633, 840, 96","route_type":"3","tod_tier":"Tier 2"}},{"type":"Feature","id":545,"geometry":{"type":"Point","coordinates":[-122.27111,37.80269]},"properties":{"OBJECTID":545,"stop_id":"52642","station_id":"mtc:12th-franklin","location_type":0,"stop_name":"12th St & Franklin St","agency_id":"AC","agency_name":"AC TRANSIT","route_short_name":"18, 633, 840","route_type":"3","tod_tier":"Tier 2"}},{"type":"Feature","id":546,"geometry":{"type":"Point","coordinates":[-122.26877,37.8017300000001]},"properties":{"OBJECTID":546,"stop_id":"58858","station_id":"mtc:12th-harrison_local","location_type":0,"stop_name":"12th St & Harrison St","agency_id":"AC","agency_name":"AC TRANSIT","route_short_name":"18, 19, 22, 30, 40, 633, 840, 96","route_type":"3","tod_tier":"Tier 2"}},{"type":"Feature","id":547,"geometry":{"type":"Point","coordinates":[-122.26405,37.7999]},"properties":{"OBJECTID":547,"stop_id":"55570","station_id":"55570","location_type":0,"stop_name":"12th St & Oak St","agency_id":"AC","agency_name":"AC TRANSIT","route_short_name":"18, 22, 40, 633, 840, 96","route_type":"3","tod_tier":"Tier 2"}},{"type":"Feature","id":548,"geometry":{"type":"Point","coordinates":[-122.24578,37.7893100000001]},"properties":{"OBJECTID":548,"stop_id":"52536","station_id":"mtc:international-14th","location_type":0,"stop_name":"14th Avenue NB","agency_id":"AC","agency_name":"AC TRANSIT","route_short_name":"1T","route_type":"3","tod_tier":"Tier 2"}},{"type":"Feature","id":549,"geometry":{"type":"Point","coordinates":[-122.24642,37.78878]},"properties":{"OBJECTID":549,"stop_id":"52537","station_id":"mtc:14th-12th","location_type":0,"stop_name":"14th Avenue SB","agency_id":"AC","agency_name":"AC TRANSIT","route_short_name":"1T","route_type":"3","tod_tier":"Tier 2"}},{"type":"Feature","id":550,"geometry":{"type":"Point","coordinates":[-122.27089,37.80458]},"properties":{"OBJECTID":550,"stop_id":"52581","station_id":"mtc:broadway-14th","location_type":0,"stop_name":"14th Street NB","agency_id":"AC","agency_name":"AC TRANSIT","route_short_name":"1T","route_type":"3","tod_tier":"Tier 2"}},{"type":"Feature","id":551,"geometry":{"type":"Point","coordinates":[-122.27149,37.80409]},"properties":{"OBJECTID":551,"stop_id":"52583","station_id":"mtc:broadway-14th","location_type":0,"stop_name":"14th Street SB","agency_id":"AC","agency_name":"AC TRANSIT","route_short_name":"1T","route_type":"3","tod_tier":"Tier 2"}},{"type":"Feature","id":552,"geometry":{"type":"Point","coordinates":[-122.23974,37.7857000000001]},"properties":{"OBJECTID":552,"stop_id":"52519","station_id":"mtc:international-20th","location_type":0,"stop_name":"20th Avenue","agency_id":"AC","agency_name":"AC TRANSIT","route_short_name":"1T","route_type":"3","tod_tier":"Tier 2"}},{"type":"Feature","id":553,"geometry":{"type":"Point","coordinates":[-122.23967,37.7856200000001]},"properties":{"OBJECTID":553,"stop_id":"52531","station_id":"mtc:international-20th","location_type":0,"stop_name":"20th Avenue","agency_id":"AC","agency_name":"AC TRANSIT","route_short_name":"1T","route_type":"3","tod_tier":"Tier 2"}},{"type":"Feature","id":554,"geometry":{"type":"Point","coordinates":[-122.23453,37.7825500000001]},"properties":{"OBJECTID":554,"stop_id":"52518","station_id":"mtc:international-24th","location_type":0,"stop_name":"24th Avenue","agency_id":"AC","agency_name":"AC TRANSIT","route_short_name":"1T","route_type":"3","tod_tier":"Tier 2"}},{"type":"Feature","id":555,"geometry":{"type":"Point","coordinates":[-122.2346,37.7826200000001]},"properties":{"OBJECTID":555,"stop_id":"52517","station_id":"mtc:international-24th","location_type":0,"stop_name":"24th Avenue","agency_id":"AC","agency_name":"AC TRANSIT","route_short_name":"1T","route_type":"3","tod_tier":"Tier 2"}},{"type":"Feature","id":556,"geometry":{"type":"Point","coordinates":[-122.2302,37.7799600000001]},"properties":{"OBJECTID":556,"stop_id":"52516","station_id":"mtc:international-28th","location_type":0,"stop_name":"28th Avenue","agency_id":"AC","agency_name":"AC TRANSIT","route_short_name":"1T","route_type":"3","tod_tier":"Tier 2"}},{"type":"Feature","id":557,"geometry":{"type":"Point","coordinates":[-122.23033,37.7800700000001]},"properties":{"OBJECTID":557,"stop_id":"52514","station_id":"mtc:international-28th","location_type":0,"stop_name":"28th Avenue","agency_id":"AC","agency_name":"AC TRANSIT","route_short_name":"1T","route_type":"3","tod_tier":"Tier 2"}},{"type":"Feature","id":558,"geometry":{"type":"Point","coordinates":[-122.25611,37.79783]},"properties":{"OBJECTID":558,"stop_id":"52549","station_id":"mtc:international-2nd","location_type":0,"stop_name":"2nd Avenue NB","agency_id":"AC","agency_name":"AC TRANSIT","route_short_name":"1T","route_type":"3","tod_tier":"Tier 2"}},{"type":"Feature","id":559,"geometry":{"type":"Point","coordinates":[-122.2571,37.79697]},"properties":{"OBJECTID":559,"stop_id":"52548","station_id":"mtc:12th-2nd","location_type":0,"stop_name":"2nd Avenue SB","agency_id":"AC","agency_name":"AC TRANSIT","route_short_name":"1T","route_type":"3","tod_tier":"Tier 2"}},{"type":"Feature","id":560,"geometry":{"type":"Point","coordinates":[-122.22684,37.7780700000001]},"properties":{"OBJECTID":560,"stop_id":"52596","station_id":"mtc:international-31st","location_type":0,"stop_name":"31st  Avenue","agency_id":"AC","agency_name":"AC TRANSIT","route_short_name":"1T","route_type":"3","tod_tier":"Tier 2"}},{"type":"Feature","id":561,"geometry":{"type":"Point","coordinates":[-122.22693,37.77813]},"properties":{"OBJECTID":561,"stop_id":"52594","station_id":"mtc:international-31st","location_type":0,"stop_name":"31st  Avenue","agency_id":"AC","agency_name":"AC TRANSIT","route_short_name":"1T","route_type":"3","tod_tier":"Tier 2"}},{"type":"Feature","id":562,"geometry":{"type":"Point","coordinates":[-122.21928,37.7744500000001]},"properties":{"OBJECTID":562,"stop_id":"52605","station_id":"mtc:international-39th","location_type":0,"stop_name":"39th Avenue","agency_id":"AC","agency_name":"AC TRANSIT","route_short_name":"1T","route_type":"3","tod_tier":"Tier 2"}},{"type":"Feature","id":563,"geometry":{"type":"Point","coordinates":[-122.21935,37.7745]},"properties":{"OBJECTID":563,"stop_id":"52602","station_id":"mtc:international-39th","location_type":0,"stop_name":"39th Avenue","agency_id":"AC","agency_name":"AC TRANSIT","route_short_name":"1T","route_type":"3","tod_tier":"Tier 2"}},{"type":"Feature","id":564,"geometry":{"type":"Point","coordinates":[-122.20905,37.76957]},"properties":{"OBJECTID":564,"stop_id":"52508","station_id":"mtc:international-48th","location_type":0,"stop_name":"48th Avenue","agency_id":"AC","agency_name":"AC TRANSIT","route_short_name":"1T","route_type":"3","tod_tier":"Tier 2"}},{"type":"Feature","id":565,"geometry":{"type":"Point","coordinates":[-122.20913,37.76964]},"properties":{"OBJECTID":565,"stop_id":"52507","station_id":"mtc:international-48th","location_type":0,"stop_name":"48th Avenue","agency_id":"AC","agency_name":"AC TRANSIT","route_short_name":"1T","route_type":"3","tod_tier":"Tier 2"}},{"type":"Feature","id":566,"geometry":{"type":"Point","coordinates":[-122.20574,37.7680100000001]},"properties":{"OBJECTID":566,"stop_id":"52615","station_id":"mtc:international-54th","location_type":0,"stop_name":"54th Avenue","agency_id":"AC","agency_name":"AC TRANSIT","route_short_name":"1T","route_type":"3","tod_tier":"Tier 2"}},{"type":"Feature","id":567,"geometry":{"type":"Point","coordinates":[-122.20583,37.7680800000001]},"properties":{"OBJECTID":567,"stop_id":"52606","station_id":"mtc:international-54th","location_type":0,"stop_name":"54th Avenue","agency_id":"AC","agency_name":"AC TRANSIT","route_short_name":"1T","route_type":"3","tod_tier":"Tier 2"}},{"type":"Feature","id":568,"geometry":{"type":"Point","coordinates":[-122.25403,37.796]},"properties":{"OBJECTID":568,"stop_id":"52547","station_id":"mtc:international-5th","location_type":0,"stop_name":"5th Avenue NB","agency_id":"AC","agency_name":"AC TRANSIT","route_short_name":"1T","route_type":"3","tod_tier":"Tier 2"}},{"type":"Feature","id":569,"geometry":{"type":"Point","coordinates":[-122.25336,37.79369]},"properties":{"OBJECTID":569,"stop_id":"52546","station_id":"mtc:12th-5th","location_type":0,"stop_name":"5th Avenue SB","agency_id":"AC","agency_name":"AC TRANSIT","route_short_name":"1T","route_type":"3","tod_tier":"Tier 2"}},{"type":"Feature","id":570,"geometry":{"type":"Point","coordinates":[-122.19613,37.7635000000001]},"properties":{"OBJECTID":570,"stop_id":"52498","station_id":"mtc:international-63rd","location_type":0,"stop_name":"63rd Avenue","agency_id":"AC","agency_name":"AC TRANSIT","route_short_name":"1T","route_type":"3","tod_tier":"Tier 2"}},{"type":"Feature","id":571,"geometry":{"type":"Point","coordinates":[-122.19605,37.7634400000001]},"properties":{"OBJECTID":571,"stop_id":"52503","station_id":"mtc:international-63rd","location_type":0,"stop_name":"63rd Avenue","agency_id":"AC","agency_name":"AC TRANSIT","route_short_name":"1T","route_type":"3","tod_tier":"Tier 2"}},{"type":"Feature","id":572,"geometry":{"type":"Point","coordinates":[-122.19159,37.7613700000001]},"properties":{"OBJECTID":572,"stop_id":"52494","station_id":"mtc:international-67th","location_type":0,"stop_name":"67th Avenue","agency_id":"AC","agency_name":"AC TRANSIT","route_short_name":"1T","route_type":"3","tod_tier":"Tier 2"}},{"type":"Feature","id":573,"geometry":{"type":"Point","coordinates":[-122.19151,37.7613000000001]},"properties":{"OBJECTID":573,"stop_id":"52495","station_id":"mtc:international-67th","location_type":0,"stop_name":"67th Avenue","agency_id":"AC","agency_name":"AC TRANSIT","route_short_name":"1T","route_type":"3","tod_tier":"Tier 2"}},{"type":"Feature","id":574,"geometry":{"type":"Point","coordinates":[-122.18838,37.7598100000001]},"properties":{"OBJECTID":574,"stop_id":"52492","station_id":"mtc:international-73rd","location_type":0,"stop_name":"73rd Avenue","agency_id":"AC","agency_name":"AC TRANSIT","route_short_name":"1T","route_type":"3","tod_tier":"Tier 2"}},{"type":"Feature","id":575,"geometry":{"type":"Point","coordinates":[-122.18852,37.7599000000001]},"properties":{"OBJECTID":575,"stop_id":"52489","station_id":"mtc:international-73rd","location_type":0,"stop_name":"73rd Avenue","agency_id":"AC","agency_name":"AC TRANSIT","route_short_name":"1T","route_type":"3","tod_tier":"Tier 2"}},{"type":"Feature","id":576,"geometry":{"type":"Point","coordinates":[-122.18474,37.7581000000001]},"properties":{"OBJECTID":576,"stop_id":"52485","station_id":"mtc:international-77th","location_type":0,"stop_name":"77th Avenue","agency_id":"AC","agency_name":"AC TRANSIT","route_short_name":"1T","route_type":"3","tod_tier":"Tier 2"}},{"type":"Feature","id":577,"geometry":{"type":"Point","coordinates":[-122.18465,37.7580300000001]},"properties":{"OBJECTID":577,"stop_id":"52487","station_id":"mtc:international-77th","location_type":0,"stop_name":"77th Avenue","agency_id":"AC","agency_name":"AC TRANSIT","route_short_name":"1T","route_type":"3","tod_tier":"Tier 2"}},{"type":"Feature","id":578,"geometry":{"type":"Point","coordinates":[-122.17974,37.7557]},"properties":{"OBJECTID":578,"stop_id":"52484","station_id":"mtc:international-82nd","location_type":0,"stop_name":"82nd Avenue","agency_id":"AC","agency_name":"AC TRANSIT","route_short_name":"1T","route_type":"3","tod_tier":"Tier 2"}},{"type":"Feature","id":579,"geometry":{"type":"Point","coordinates":[-122.17982,37.7557600000001]},"properties":{"OBJECTID":579,"stop_id":"52482","station_id":"mtc:international-82nd","location_type":0,"stop_name":"82nd Avenue","agency_id":"AC","agency_name":"AC TRANSIT","route_short_name":"1T","route_type":"3","tod_tier":"Tier 2"}},{"type":"Feature","id":580,"geometry":{"type":"Point","coordinates":[-122.17641,37.75235]},"properties":{"OBJECTID":580,"stop_id":"52476","station_id":"mtc:international-86th","location_type":0,"stop_name":"86th Avenue","agency_id":"AC","agency_name":"AC TRANSIT","route_short_name":"1T","route_type":"3","tod_tier":"Tier 2"}},{"type":"Feature","id":581,"geometry":{"type":"Point","coordinates":[-122.17639,37.75226]},"properties":{"OBJECTID":581,"stop_id":"52478","station_id":"mtc:international-86th","location_type":0,"stop_name":"86th Avenue","agency_id":"AC","agency_name":"AC TRANSIT","route_short_name":"1T","route_type":"3","tod_tier":"Tier 2"}},{"type":"Feature","id":582,"geometry":{"type":"Point","coordinates":[-122.17423,37.7494]},"properties":{"OBJECTID":582,"stop_id":"52474","station_id":"mtc:international-90th","location_type":0,"stop_name":"90th Avenue","agency_id":"AC","agency_name":"AC TRANSIT","route_short_name":"1T","route_type":"3","tod_tier":"Tier 2"}},{"type":"Feature","id":583,"geometry":{"type":"Point","coordinates":[-122.1742,37.7493000000001]},"properties":{"OBJECTID":583,"stop_id":"52475","station_id":"mtc:international-90th","location_type":0,"stop_name":"90th Avenue","agency_id":"AC","agency_name":"AC TRANSIT","route_short_name":"1T","route_type":"3","tod_tier":"Tier 2"}},{"type":"Feature","id":584,"geometry":{"type":"Point","coordinates":[-122.17176,37.74607]},"properties":{"OBJECTID":584,"stop_id":"52467","station_id":"mtc:international-95th","location_type":0,"stop_name":"95th Avenue","agency_id":"AC","agency_name":"AC TRANSIT","route_short_name":"1T","route_type":"3","tod_tier":"Tier 2"}},{"type":"Feature","id":585,"geometry":{"type":"Point","coordinates":[-122.17173,37.74598]},"properties":{"OBJECTID":585,"stop_id":"52472","station_id":"mtc:international-95th","location_type":0,"stop_name":"95th Avenue","agency_id":"AC","agency_name":"AC TRANSIT","route_short_name":"1T","route_type":"3","tod_tier":"Tier 2"}},{"type":"Feature","id":586,"geometry":{"type":"Point","coordinates":[-122.16979,37.74334]},"properties":{"OBJECTID":586,"stop_id":"52464","station_id":"mtc:international-98th","location_type":0,"stop_name":"98th Avenue","agency_id":"AC","agency_name":"AC TRANSIT","route_short_name":"1T","route_type":"3","tod_tier":"Tier 2"}},{"type":"Feature","id":587,"geometry":{"type":"Point","coordinates":[-122.16982,37.7434400000001]},"properties":{"OBJECTID":587,"stop_id":"52462","station_id":"mtc:international-98th","location_type":0,"stop_name":"98th Avenue","agency_id":"AC","agency_name":"AC TRANSIT","route_short_name":"1T","route_type":"3","tod_tier":"Tier 2"}},{"type":"Feature","id":588,"geometry":{"type":"Point","coordinates":[-122.26191,37.86846]},"properties":{"OBJECTID":588,"stop_id":"55593","station_id":"mtc:station_bancroft_dana","location_type":0,"stop_name":"Bancroft Way & Dana St","agency_id":"AC","agency_name":"AC TRANSIT","route_short_name":"22, 27, 36, 51B, 52, 6, 604, 605, 851, F","route_type":"3","tod_tier":"Tier 2"}},{"type":"Feature","id":589,"geometry":{"type":"Point","coordinates":[-122.26408,37.8681700000001]},"properties":{"OBJECTID":589,"stop_id":"54655","station_id":"mtc:station_bancroft_ellsworth","location_type":0,"stop_name":"Bancroft Way & Ellsworth St","agency_id":"AC","agency_name":"AC TRANSIT","route_short_name":"22, 27, 36, 51B, 52, 6, 604, 605, 851, F","route_type":"3","tod_tier":"Tier 2"}},{"type":"Feature","id":590,"geometry":{"type":"Point","coordinates":[-122.26026,37.8686500000001]},"properties":{"OBJECTID":590,"stop_id":"56888","station_id":"mtc:station_bancroft_telegraph","location_type":0,"stop_name":"Bancroft Way & Telegraph Av","agency_id":"AC","agency_name":"AC TRANSIT","route_short_name":"52, 6","route_type":"3","tod_tier":"Tier 2"}},{"type":"Feature","id":591,"geometry":{"type":"Point","coordinates":[-122.26876,37.808]},"properties":{"OBJECTID":591,"stop_id":"51155","station_id":"mtc:uptown-oakland-nb","location_type":0,"stop_name":"Broadway & 19th St","agency_id":"AC","agency_name":"AC TRANSIT","route_short_name":"1T","route_type":"3","tod_tier":"Tier 2"}},{"type":"Feature","id":593,"geometry":{"type":"Point","coordinates":[-122.27151,37.8028200000001]},"properties":{"OBJECTID":593,"stop_id":"52584","station_id":"mtc:12th-broadway","location_type":0,"stop_name":"City Center NB","agency_id":"AC","agency_name":"AC TRANSIT","route_short_name":"1T","route_type":"3","tod_tier":"Tier 2"}},{"type":"Feature","id":594,"geometry":{"type":"Point","coordinates":[-122.2718,37.8018900000001]},"properties":{"OBJECTID":594,"stop_id":"52586","station_id":"mtc:11th-broadway","location_type":0,"stop_name":"City Center SB","agency_id":"AC","agency_name":"AC TRANSIT","route_short_name":"1T","route_type":"3","tod_tier":"Tier 2"}},{"type":"Feature","id":595,"geometry":{"type":"Point","coordinates":[-122.15757,37.72538]},"properties":{"OBJECTID":595,"stop_id":"52404","station_id":"mtc:downtown-san-leandro","location_type":0,"stop_name":"Downtown San Leandro NB","agency_id":"AC","agency_name":"AC TRANSIT","route_short_name":"1T","route_type":"3","tod_tier":"Tier 2"}},{"type":"Feature","id":596,"geometry":{"type":"Point","coordinates":[-122.15793,37.72544]},"properties":{"OBJECTID":596,"stop_id":"52405","station_id":"mtc:downtown-san-leandro","location_type":0,"stop_name":"Downtown San Leandro SB","agency_id":"AC","agency_name":"AC TRANSIT","route_short_name":"1T","route_type":"3","tod_tier":"Tier 2"}},{"type":"Feature","id":597,"geometry":{"type":"Point","coordinates":[-122.25463,37.8683]},"properties":{"OBJECTID":597,"stop_id":"52333","station_id":"mtc:station_durant_college","location_type":0,"stop_name":"Durant Av & College Av","agency_id":"AC","agency_name":"AC TRANSIT","route_short_name":"22, 27, 36, 51B, 604, 605, 851","route_type":"3","tod_tier":"Tier 2"}},{"type":"Feature","id":598,"geometry":{"type":"Point","coordinates":[-122.26084,37.86749]},"properties":{"OBJECTID":598,"stop_id":"51606","station_id":"mtc:station_durant_dana","location_type":0,"stop_name":"Durant Av & Dana St","agency_id":"AC","agency_name":"AC TRANSIT","route_short_name":"22, 27, 36, 51B, 604, 605, 851","route_type":"3","tod_tier":"Tier 2"}},{"type":"Feature","id":599,"geometry":{"type":"Point","coordinates":[-122.26322,37.8672]},"properties":{"OBJECTID":599,"stop_id":"51584","station_id":"mtc:station_durant_ellsworth","location_type":0,"stop_name":"Durant Av & Ellsworth St","agency_id":"AC","agency_name":"AC TRANSIT","route_short_name":"22, 36, 51B, 6, 604, 605, 851","route_type":"3","tod_tier":"Tier 2"}},{"type":"Feature","id":600,"geometry":{"type":"Point","coordinates":[-122.16401,37.73562]},"properties":{"OBJECTID":600,"stop_id":"52429","station_id":"mtc:e14th-durant","location_type":0,"stop_name":"Durant Avenue","agency_id":"AC","agency_name":"AC TRANSIT","route_short_name":"1T","route_type":"3","tod_tier":"Tier 2"}},{"type":"Feature","id":601,"geometry":{"type":"Point","coordinates":[-122.16405,37.73571]},"properties":{"OBJECTID":601,"stop_id":"52428","station_id":"mtc:e14th-durant","location_type":0,"stop_name":"Durant Avenue","agency_id":"AC","agency_name":"AC TRANSIT","route_short_name":"1T","route_type":"3","tod_tier":"Tier 2"}},{"type":"Feature","id":602,"geometry":{"type":"Point","coordinates":[-122.25864,37.8678400000001]},"properties":{"OBJECTID":602,"stop_id":"51579","station_id":"mtc:station_durant_telegraph","location_type":0,"stop_name":"Durant Av & Telegraph Av","agency_id":"AC","agency_name":"AC TRANSIT","route_short_name":"22, 27, 36, 51B, 604, 605, 851","route_type":"3","tod_tier":"Tier 2"}},{"type":"Feature","id":603,"geometry":{"type":"Point","coordinates":[-122.22344,37.77644]},"properties":{"OBJECTID":603,"stop_id":"52601","station_id":"mtc:international-fruitvale","location_type":0,"stop_name":"Fruitvale","agency_id":"AC","agency_name":"AC TRANSIT","route_short_name":"1T","route_type":"3","tod_tier":"Tier 2"}},{"type":"Feature","id":604,"geometry":{"type":"Point","coordinates":[-122.22358,37.7765400000001]},"properties":{"OBJECTID":604,"stop_id":"52597","station_id":"mtc:international-fruitvale","location_type":0,"stop_name":"Fruitvale","agency_id":"AC","agency_name":"AC TRANSIT","route_short_name":"1T","route_type":"3","tod_tier":"Tier 2"}},{"type":"Feature","id":605,"geometry":{"type":"Point","coordinates":[-122.16086,37.7315100000001]},"properties":{"OBJECTID":605,"stop_id":"52426","station_id":"mtc:e14th-georgia-way","location_type":0,"stop_name":"Georgia Way NB","agency_id":"AC","agency_name":"AC TRANSIT","route_short_name":"1T","route_type":"3","tod_tier":"Tier 2"}},{"type":"Feature","id":606,"geometry":{"type":"Point","coordinates":[-122.16148,37.7320300000001]},"properties":{"OBJECTID":606,"stop_id":"52427","station_id":"mtc:e14th-georgia-way","location_type":0,"stop_name":"Georgia Way SB","agency_id":"AC","agency_name":"AC TRANSIT","route_short_name":"1T","route_type":"3","tod_tier":"Tier 2"}},{"type":"Feature","id":607,"geometry":{"type":"Point","coordinates":[-122.26941,37.80193]},"properties":{"OBJECTID":607,"stop_id":"52593","station_id":"mtc:12th-harrison","location_type":0,"stop_name":"Harrison NB","agency_id":"AC","agency_name":"AC TRANSIT","route_short_name":"1T","route_type":"3","tod_tier":"Tier 2"}},{"type":"Feature","id":608,"geometry":{"type":"Point","coordinates":[-122.26799,37.8004300000001]},"properties":{"OBJECTID":608,"stop_id":"52591","station_id":"mtc:11th-harrison","location_type":0,"stop_name":"Harrison SB","agency_id":"AC","agency_name":"AC TRANSIT","route_short_name":"1T","route_type":"3","tod_tier":"Tier 2"}},{"type":"Feature","id":609,"geometry":{"type":"Point","coordinates":[-122.21333,37.77164]},"properties":{"OBJECTID":609,"stop_id":"52509","station_id":"mtc:international-high","location_type":0,"stop_name":"High Street","agency_id":"AC","agency_name":"AC TRANSIT","route_short_name":"1T","route_type":"3","tod_tier":"Tier 2"}},{"type":"Feature","id":610,"geometry":{"type":"Point","coordinates":[-122.21318,37.7715400000001]},"properties":{"OBJECTID":610,"stop_id":"52513","station_id":"mtc:international-high","location_type":0,"stop_name":"High Street","agency_id":"AC","agency_name":"AC TRANSIT","route_short_name":"1T","route_type":"3","tod_tier":"Tier 2"}},{"type":"Feature","id":611,"geometry":{"type":"Point","coordinates":[-122.26464,37.8001]},"properties":{"OBJECTID":611,"stop_id":"52571","station_id":"mtc:12th-Madison","location_type":0,"stop_name":"Madison NB","agency_id":"AC","agency_name":"AC TRANSIT","route_short_name":"1T","route_type":"3","tod_tier":"Tier 2"}},{"type":"Feature","id":612,"geometry":{"type":"Point","coordinates":[-122.26564,37.7995100000001]},"properties":{"OBJECTID":612,"stop_id":"52573","station_id":"mtc:11th-madison","location_type":0,"stop_name":"Madison SB","agency_id":"AC","agency_name":"AC TRANSIT","route_short_name":"1T","route_type":"3","tod_tier":"Tier 2"}},{"type":"Feature","id":613,"geometry":{"type":"Point","coordinates":[-122.16017,37.72157]},"properties":{"OBJECTID":613,"stop_id":"52541","station_id":"902409","location_type":0,"stop_name":"San Leandro BART","agency_id":"AC","agency_name":"AC TRANSIT","route_short_name":"1T","route_type":"3","tod_tier":"Tier 2"}},{"type":"Feature","id":614,"geometry":{"type":"Point","coordinates":[-122.15834,37.7281300000001]},"properties":{"OBJECTID":614,"stop_id":"52414","station_id":"mtc:san-leandro-civic-center","location_type":0,"stop_name":"San Leandro Civic Center NB","agency_id":"AC","agency_name":"AC TRANSIT","route_short_name":"1T","route_type":"3","tod_tier":"Tier 2"}},{"type":"Feature","id":615,"geometry":{"type":"Point","coordinates":[-122.1588,37.7284500000001]},"properties":{"OBJECTID":615,"stop_id":"52415","station_id":"mtc:san-leandro-civic-center","location_type":0,"stop_name":"San Leandro Civic Center SB","agency_id":"AC","agency_name":"AC TRANSIT","route_short_name":"1T","route_type":"3","tod_tier":"Tier 2"}},{"type":"Feature","id":616,"geometry":{"type":"Point","coordinates":[-122.20064,37.76566]},"properties":{"OBJECTID":616,"stop_id":"52504","station_id":"mtc:international-seminary","location_type":0,"stop_name":"Seminary","agency_id":"AC","agency_name":"AC TRANSIT","route_short_name":"1T","route_type":"3","tod_tier":"Tier 2"}},{"type":"Feature","id":617,"geometry":{"type":"Point","coordinates":[-122.20055,37.76559]},"properties":{"OBJECTID":617,"stop_id":"52506","station_id":"mtc:international-seminary","location_type":0,"stop_name":"Seminary","agency_id":"AC","agency_name":"AC TRANSIT","route_short_name":"1T","route_type":"3","tod_tier":"Tier 2"}},{"type":"Feature","id":618,"geometry":{"type":"Point","coordinates":[-122.26868,37.8085400000001]},"properties":{"OBJECTID":618,"stop_id":"52579","station_id":"mtc:uptown-oakland-sb","location_type":0,"stop_name":"Uptown Oakland SB","agency_id":"AC","agency_name":"AC TRANSIT","route_short_name":"1T","route_type":"3","tod_tier":"Tier 2"}},{"type":"Feature","id":619,"geometry":{"type":"Point","coordinates":[-122.2684,37.8090800000001]},"properties":{"OBJECTID":619,"stop_id":"53888","station_id":"mtc:uptown-transit-center","location_type":0,"stop_name":"Uptown Transit Center","agency_id":"AC","agency_name":"AC TRANSIT","route_short_name":"72, 72L, 72M, 802","route_type":"3","tod_tier":"Tier 2"}},{"type":"Feature","id":620,"geometry":{"type":"Point","coordinates":[-122.26901,37.8094300000001]},"properties":{"OBJECTID":620,"stop_id":"55558","station_id":"mtc:uptown-transit-center","location_type":0,"stop_name":"Uptown Transit Center","agency_id":"AC","agency_name":"AC TRANSIT","route_short_name":"18, 72, 72L, 72M, 802, NL","route_type":"3","tod_tier":"Tier 2"}},{"type":"Feature","id":621,"geometry":{"type":"Point","coordinates":[-122.26941,37.8095900000001]},"properties":{"OBJECTID":621,"stop_id":"57999","station_id":"mtc:uptown-transit-center","location_type":0,"stop_name":"Uptown Transit Center","agency_id":"AC","agency_name":"AC TRANSIT","route_short_name":"6, 800","route_type":"3","tod_tier":"Tier 2"}},{"type":"Feature","id":622,"geometry":{"type":"Point","coordinates":[-122.26878,37.8091600000001]},"properties":{"OBJECTID":622,"stop_id":"55777","station_id":"mtc:uptown-transit-center","location_type":0,"stop_name":"Uptown Transit Center","agency_id":"AC","agency_name":"AC TRANSIT","route_short_name":"18, 6, 800","route_type":"3","tod_tier":"Tier 2"}},{"type":"Feature","id":623,"geometry":{"type":"Point","coordinates":[-122.27637,37.7802]},"properties":{"OBJECTID":623,"stop_id":"59400","station_id":"mtc:station_webster_atlantic","location_type":0,"stop_name":"Webster St & Atlantic Av","agency_id":"AC","agency_name":"AC TRANSIT","route_short_name":"19, 30, 51A, 851, 96, O, W","route_type":"3","tod_tier":"Tier 2"}},{"type":"Feature","id":624,"geometry":{"type":"Point","coordinates":[-122.27639,37.78317]},"properties":{"OBJECTID":624,"stop_id":"50542","station_id":"mtc:station_webster_willie_stargell","location_type":0,"stop_name":"Webster St & Willie Stargell Av","agency_id":"AC","agency_name":"AC TRANSIT","route_short_name":"19, 30, 51A, 851, O, W","route_type":"3","tod_tier":"Tier 2"}},{"type":"Feature","id":625,"geometry":{"type":"Point","coordinates":[-121.9177,37.41313]},"properties":{"OBJECTID":625,"stop_id":"64804","station_id":"PS_ALDR","location_type":0,"stop_name":"Alder Station","agency_id":"SC","agency_name":"VTA","route_short_name":"Orange Line, OrangeE","route_type":"0","tod_tier":"Tier 2"}},{"type":"Feature","id":626,"geometry":{"type":"Point","coordinates":[-121.91712,37.41357]},"properties":{"OBJECTID":626,"stop_id":"64803","station_id":"PS_ALDR","location_type":0,"stop_name":"Alder Station","agency_id":"SC","agency_name":"VTA","route_short_name":"Orange Line, OrangeE","route_type":"0","tod_tier":"Tier 2"}},{"type":"Feature","id":627,"geometry":{"type":"Point","coordinates":[-121.843,37.3587200000001]},"properties":{"OBJECTID":627,"stop_id":"65858","station_id":"mtc:alum-rock-jackson","location_type":0,"stop_name":"Alum Rock & Jackson","agency_id":"SC","agency_name":"VTA","route_short_name":"Rapid 522","route_type":"3","tod_tier":"Tier 2"}},{"type":"Feature","id":628,"geometry":{"type":"Point","coordinates":[-121.84407,37.3582900000001]},"properties":{"OBJECTID":628,"stop_id":"65859","station_id":"mtc:alum-rock-jackson","location_type":0,"stop_name":"Alum Rock & Jackson","agency_id":"SC","agency_name":"VTA","route_short_name":"Rapid 522","route_type":"3","tod_tier":"Tier 2"}},{"type":"Feature","id":629,"geometry":{"type":"Point","coordinates":[-121.85504,37.3530200000001]},"properties":{"OBJECTID":629,"stop_id":"65856","station_id":"mtc:alum-rock-king","location_type":0,"stop_name":"Alum Rock & King","agency_id":"SC","agency_name":"VTA","route_short_name":"Rapid 522","route_type":"3","tod_tier":"Tier 2"}},{"type":"Feature","id":630,"geometry":{"type":"Point","coordinates":[-121.85618,37.35256]},"properties":{"OBJECTID":630,"stop_id":"65857","station_id":"mtc:alum-rock-king","location_type":0,"stop_name":"Alum Rock & King","agency_id":"SC","agency_name":"VTA","route_short_name":"Rapid 522","route_type":"3","tod_tier":"Tier 2"}},{"type":"Feature","id":631,"geometry":{"type":"Point","coordinates":[-121.83212,37.3581300000001]},"properties":{"OBJECTID":631,"stop_id":"65242","station_id":"PS_ALUM","location_type":0,"stop_name":"Alum Rock Station","agency_id":"SC","agency_name":"VTA","route_short_name":"Orange Line, OrangeE","route_type":"0","tod_tier":"Tier 2"}},{"type":"Feature","id":632,"geometry":{"type":"Point","coordinates":[-121.83224,37.35837]},"properties":{"OBJECTID":632,"stop_id":"65243","station_id":"PS_ALUM","location_type":0,"stop_name":"Alum Rock Station","agency_id":"SC","agency_name":"VTA","route_short_name":"Orange Line, OrangeE","route_type":"0","tod_tier":"Tier 2"}},{"type":"Feature","id":633,"geometry":{"type":"Point","coordinates":[-121.9303,37.29947]},"properties":{"OBJECTID":633,"stop_id":"65384","station_id":"PS_BASC","location_type":0,"stop_name":"Bascom Station","agency_id":"SC","agency_name":"VTA","route_short_name":"Green Line, GreenN, GreenS","route_type":"0","tod_tier":"Tier 2"}},{"type":"Feature","id":634,"geometry":{"type":"Point","coordinates":[-121.92983,37.29985]},"properties":{"OBJECTID":634,"stop_id":"65377","station_id":"PS_BASC","location_type":0,"stop_name":"Bascom Station","agency_id":"SC","agency_name":"VTA","route_short_name":"Green Line, GreenN, GreenS","route_type":"0","tod_tier":"Tier 2"}},{"type":"Feature","id":635,"geometry":{"type":"Point","coordinates":[-121.94153,37.41078]},"properties":{"OBJECTID":635,"stop_id":"64760","station_id":"PS_BAYP","location_type":0,"stop_name":"Baypointe Station","agency_id":"SC","agency_name":"VTA","route_short_name":"Orange Line, OrangeE","route_type":"0","tod_tier":"Tier 2"}},{"type":"Feature","id":636,"geometry":{"type":"Point","coordinates":[-121.94232,37.4105300000001]},"properties":{"OBJECTID":636,"stop_id":"64806","station_id":"PS_BAYP","location_type":0,"stop_name":"Baypointe Station","agency_id":"SC","agency_name":"VTA","route_short_name":"Orange Line, OrangeE","route_type":"0","tod_tier":"Tier 2"}},{"type":"Feature","id":637,"geometry":{"type":"Point","coordinates":[-121.94231,37.4104400000001]},"properties":{"OBJECTID":637,"stop_id":"64761","station_id":"PS_BAYP","location_type":0,"stop_name":"Baypointe Station","agency_id":"SC","agency_name":"VTA","route_short_name":"Blue Line, BlueS, GreenN","route_type":"0","tod_tier":"Tier 2"}},{"type":"Feature","id":638,"geometry":{"type":"Point","coordinates":[-121.94152,37.4108800000001]},"properties":{"OBJECTID":638,"stop_id":"64801","station_id":"PS_BAYP","location_type":0,"stop_name":"Baypointe Station","agency_id":"SC","agency_name":"VTA","route_short_name":"Blue Line, GreenN, Orange Line","route_type":"0","tod_tier":"Tier 2"}},{"type":"Feature","id":639,"geometry":{"type":"Point","coordinates":[-122.04999,37.4047]},"properties":{"OBJECTID":639,"stop_id":"64817","station_id":"PS_NASA","location_type":0,"stop_name":"Bayshore Nasa Station","agency_id":"SC","agency_name":"VTA","route_short_name":"Orange Line, OrangeW","route_type":"0","tod_tier":"Tier 2"}},{"type":"Feature","id":640,"geometry":{"type":"Point","coordinates":[-122.04917,37.4043300000001]},"properties":{"OBJECTID":640,"stop_id":"64790","station_id":"PS_NASA","location_type":0,"stop_name":"Bayshore Nasa Station","agency_id":"SC","agency_name":"VTA","route_short_name":"Orange Line, OrangeW","route_type":"0","tod_tier":"Tier 2"}},{"type":"Feature","id":641,"geometry":{"type":"Point","coordinates":[-121.86148,37.38739]},"properties":{"OBJECTID":641,"stop_id":"65239","station_id":"PS_BRRS","location_type":0,"stop_name":"Berryessa Station","agency_id":"SC","agency_name":"VTA","route_short_name":"Orange Line, OrangeE","route_type":"0","tod_tier":"Tier 2"}},{"type":"Feature","id":642,"geometry":{"type":"Point","coordinates":[-121.86311,37.3890900000001]},"properties":{"OBJECTID":642,"stop_id":"65246","station_id":"PS_BRRS","location_type":0,"stop_name":"Berryessa Station","agency_id":"SC","agency_name":"VTA","route_short_name":"Orange Line, OrangeE","route_type":"0","tod_tier":"Tier 2"}},{"type":"Feature","id":643,"geometry":{"type":"Point","coordinates":[-121.84181,37.2531500000001]},"properties":{"OBJECTID":643,"stop_id":"64739","station_id":"PS_BLSM","location_type":0,"stop_name":"Blossom Hill Station","agency_id":"SC","agency_name":"VTA","route_short_name":"Blue Line, BlueS","route_type":"0","tod_tier":"Tier 2"}},{"type":"Feature","id":644,"geometry":{"type":"Point","coordinates":[-121.84103,37.2527700000001]},"properties":{"OBJECTID":644,"stop_id":"64782","station_id":"PS_BLSM","location_type":0,"stop_name":"Blossom Hill Station","agency_id":"SC","agency_name":"VTA","route_short_name":"Blue Line, BlueS","route_type":"0","tod_tier":"Tier 2"}},{"type":"Feature","id":645,"geometry":{"type":"Point","coordinates":[-121.92871,37.3872000000001]},"properties":{"OBJECTID":645,"stop_id":"64765","station_id":"PS_BONA","location_type":0,"stop_name":"Bonaventura Station","agency_id":"SC","agency_name":"VTA","route_short_name":"Blue Line, BlueS, Green Line, GreenN","route_type":"0","tod_tier":"Tier 2"}},{"type":"Feature","id":646,"geometry":{"type":"Point","coordinates":[-121.92974,37.3887500000001]},"properties":{"OBJECTID":646,"stop_id":"64756","station_id":"PS_BONA","location_type":0,"stop_name":"Bonaventura Station","agency_id":"SC","agency_name":"VTA","route_short_name":"Blue Line, Green Line, GreenN","route_type":"0","tod_tier":"Tier 2"}},{"type":"Feature","id":647,"geometry":{"type":"Point","coordinates":[-122.0167,37.4113300000001]},"properties":{"OBJECTID":647,"stop_id":"64792","station_id":"PS_BORR","location_type":0,"stop_name":"Borregas Station","agency_id":"SC","agency_name":"VTA","route_short_name":"Orange Line, OrangeW","route_type":"0","tod_tier":"Tier 2"}},{"type":"Feature","id":648,"geometry":{"type":"Point","coordinates":[-122.01932,37.4119900000001]},"properties":{"OBJECTID":648,"stop_id":"64815","station_id":"PS_BORR","location_type":0,"stop_name":"Borregas Station","agency_id":"SC","agency_name":"VTA","route_short_name":"Orange Line, OrangeW","route_type":"0","tod_tier":"Tier 2"}},{"type":"Feature","id":649,"geometry":{"type":"Point","coordinates":[-121.85921,37.26658]},"properties":{"OBJECTID":649,"stop_id":"64781","station_id":"PS_BRNM","location_type":0,"stop_name":"Branham Station","agency_id":"SC","agency_name":"VTA","route_short_name":"Blue Line, BlueS","route_type":"0","tod_tier":"Tier 2"}},{"type":"Feature","id":650,"geometry":{"type":"Point","coordinates":[-121.85938,37.2673]},"properties":{"OBJECTID":650,"stop_id":"64740","station_id":"PS_BRNM","location_type":0,"stop_name":"Branham Station","agency_id":"SC","agency_name":"VTA","route_short_name":"Blue Line, BlueS","route_type":"0","tod_tier":"Tier 2"}},{"type":"Feature","id":651,"geometry":{"type":"Point","coordinates":[-121.94303,37.2859]},"properties":{"OBJECTID":651,"stop_id":"65379","station_id":"PS_CMBL","location_type":0,"stop_name":"Campbell Station","agency_id":"SC","agency_name":"VTA","route_short_name":"Green Line, GreenN, GreenS","route_type":"0","tod_tier":"Tier 2"}},{"type":"Feature","id":652,"geometry":{"type":"Point","coordinates":[-121.94339,37.2854800000001]},"properties":{"OBJECTID":652,"stop_id":"65386","station_id":"PS_CMBL","location_type":0,"stop_name":"Campbell Station","agency_id":"SC","agency_name":"VTA","route_short_name":"Green Line, GreenN, GreenS","route_type":"0","tod_tier":"Tier 2"}},{"type":"Feature","id":653,"geometry":{"type":"Point","coordinates":[-121.86327,37.27529]},"properties":{"OBJECTID":653,"stop_id":"64741","station_id":"PS_CPTL","location_type":0,"stop_name":"Capitol Station","agency_id":"SC","agency_name":"VTA","route_short_name":"Blue Line, BlueS","route_type":"0","tod_tier":"Tier 2"}},{"type":"Feature","id":654,"geometry":{"type":"Point","coordinates":[-121.86296,37.2739]},"properties":{"OBJECTID":654,"stop_id":"64780","station_id":"PS_CPTL","location_type":0,"stop_name":"Capitol Station","agency_id":"SC","agency_name":"VTA","route_short_name":"Blue Line, BlueS","route_type":"0","tod_tier":"Tier 2"}},{"type":"Feature","id":655,"geometry":{"type":"Point","coordinates":[-121.95194,37.4089000000001]},"properties":{"OBJECTID":655,"stop_id":"64800","station_id":"PS_CHMP","location_type":0,"stop_name":"Champion Station","agency_id":"SC","agency_name":"VTA","route_short_name":"Green Line, GreenN, Orange Line, OrangeE","route_type":"0","tod_tier":"Tier 2"}},{"type":"Feature","id":656,"geometry":{"type":"Point","coordinates":[-121.95262,37.4094200000001]},"properties":{"OBJECTID":656,"stop_id":"64807","station_id":"PS_CHMP","location_type":0,"stop_name":"Champion Station","agency_id":"SC","agency_name":"VTA","route_short_name":"Green Line, GreenN, Orange Line, OrangeE","route_type":"0","tod_tier":"Tier 2"}},{"type":"Feature","id":657,"geometry":{"type":"Point","coordinates":[-121.89311,37.3272200000001]},"properties":{"OBJECTID":657,"stop_id":"64776","station_id":"PS_CDMS","location_type":0,"stop_name":"Children's Discovery Museum Station","agency_id":"SC","agency_name":"VTA","route_short_name":"Blue Line, BlueS","route_type":"0","tod_tier":"Tier 2"}},{"type":"Feature","id":658,"geometry":{"type":"Point","coordinates":[-121.89366,37.3277600000001]},"properties":{"OBJECTID":658,"stop_id":"64745","station_id":"PS_CDMS","location_type":0,"stop_name":"Children's Discovery Museum Station","agency_id":"SC","agency_name":"VTA","route_short_name":"Blue Line, BlueS","route_type":"0","tod_tier":"Tier 2"}},{"type":"Feature","id":659,"geometry":{"type":"Point","coordinates":[-121.92831,37.4123500000001]},"properties":{"OBJECTID":659,"stop_id":"64802","station_id":"PS_CISC","location_type":0,"stop_name":"Cisco Station","agency_id":"SC","agency_name":"VTA","route_short_name":"Orange Line, OrangeE","route_type":"0","tod_tier":"Tier 2"}},{"type":"Feature","id":660,"geometry":{"type":"Point","coordinates":[-121.92905,37.4126600000001]},"properties":{"OBJECTID":660,"stop_id":"64805","station_id":"PS_CISC","location_type":0,"stop_name":"Cisco Station","agency_id":"SC","agency_name":"VTA","route_short_name":"Orange Line, OrangeE","route_type":"0","tod_tier":"Tier 2"}},{"type":"Feature","id":661,"geometry":{"type":"Point","coordinates":[-121.90243,37.35202]},"properties":{"OBJECTID":661,"stop_id":"64751","station_id":"PS_CIVC","location_type":0,"stop_name":"Civic Center Station","agency_id":"SC","agency_name":"VTA","route_short_name":"Blue Line, BlueS, Green Line, GreenN","route_type":"0","tod_tier":"Tier 2"}},{"type":"Feature","id":662,"geometry":{"type":"Point","coordinates":[-121.90196,37.3513800000001]},"properties":{"OBJECTID":662,"stop_id":"64770","station_id":"PS_CIVC","location_type":0,"stop_name":"Civic Center Station","agency_id":"SC","agency_name":"VTA","route_short_name":"Blue Line, BlueS, Green Line, GreenN","route_type":"0","tod_tier":"Tier 2"}},{"type":"Feature","id":663,"geometry":{"type":"Point","coordinates":[-121.92578,37.3834800000001]},"properties":{"OBJECTID":663,"stop_id":"64755","station_id":"PS_COMP","location_type":0,"stop_name":"Component Station","agency_id":"SC","agency_name":"VTA","route_short_name":"Blue Line, Green Line, GreenN","route_type":"0","tod_tier":"Tier 2"}},{"type":"Feature","id":664,"geometry":{"type":"Point","coordinates":[-121.92476,37.38194]},"properties":{"OBJECTID":664,"stop_id":"64766","station_id":"PS_COMP","location_type":0,"stop_name":"Component Station","agency_id":"SC","agency_name":"VTA","route_short_name":"Blue Line, BlueS, Green Line, GreenN","route_type":"0","tod_tier":"Tier 2"}},{"type":"Feature","id":665,"geometry":{"type":"Point","coordinates":[-121.89054,37.3298100000001]},"properties":{"OBJECTID":665,"stop_id":"64775","station_id":"PS_CONV","location_type":0,"stop_name":"Convention Center Station","agency_id":"SC","agency_name":"VTA","route_short_name":"Blue Line, BlueS, Green Line, GreenN","route_type":"0","tod_tier":"Tier 2"}},{"type":"Feature","id":666,"geometry":{"type":"Point","coordinates":[-121.88975,37.3301700000001]},"properties":{"OBJECTID":666,"stop_id":"64746","station_id":"PS_CONV","location_type":0,"stop_name":"Convention Center Station","agency_id":"SC","agency_name":"VTA","route_short_name":"Blue Line, BlueS, Green Line, GreenN","route_type":"0","tod_tier":"Tier 2"}},{"type":"Feature","id":667,"geometry":{"type":"Point","coordinates":[-121.80225,37.24251]},"properties":{"OBJECTID":667,"stop_id":"64784","station_id":"PS_CTTL","location_type":0,"stop_name":"Cottle Station","agency_id":"SC","agency_name":"VTA","route_short_name":"Blue Line, BlueS","route_type":"0","tod_tier":"Tier 2"}},{"type":"Feature","id":668,"geometry":{"type":"Point","coordinates":[-121.80316,37.2427300000001]},"properties":{"OBJECTID":668,"stop_id":"64737","station_id":"PS_CTTL","location_type":0,"stop_name":"Cottle Station","agency_id":"SC","agency_name":"VTA","route_short_name":"Blue Line, BlueS","route_type":"0","tod_tier":"Tier 2"}},{"type":"Feature","id":669,"geometry":{"type":"Point","coordinates":[-121.88107,37.4026400000001]},"properties":{"OBJECTID":669,"stop_id":"65237","station_id":"PS_CROP","location_type":0,"stop_name":"Cropley Station","agency_id":"SC","agency_name":"VTA","route_short_name":"Orange Line, OrangeE","route_type":"0","tod_tier":"Tier 2"}},{"type":"Feature","id":670,"geometry":{"type":"Point","coordinates":[-121.88308,37.40401]},"properties":{"OBJECTID":670,"stop_id":"65248","station_id":"PS_CROP","location_type":0,"stop_name":"Cropley Station","agency_id":"SC","agency_name":"VTA","route_short_name":"Orange Line, OrangeE","route_type":"0","tod_tier":"Tier 2"}},{"type":"Feature","id":671,"geometry":{"type":"Point","coordinates":[-122.0117,37.4094700000001]},"properties":{"OBJECTID":671,"stop_id":"64814","station_id":"PS_CRSS","location_type":0,"stop_name":"Crossman Station","agency_id":"SC","agency_name":"VTA","route_short_name":"Orange Line, OrangeW","route_type":"0","tod_tier":"Tier 2"}},{"type":"Feature","id":672,"geometry":{"type":"Point","coordinates":[-122.01118,37.4088400000001]},"properties":{"OBJECTID":672,"stop_id":"64793","station_id":"PS_CRSS","location_type":0,"stop_name":"Crossman Station","agency_id":"SC","agency_name":"VTA","route_short_name":"Orange Line, OrangeW","route_type":"0","tod_tier":"Tier 2"}},{"type":"Feature","id":673,"geometry":{"type":"Point","coordinates":[-121.8727,37.2939500000001]},"properties":{"OBJECTID":673,"stop_id":"64742","station_id":"PS_CURT","location_type":0,"stop_name":"Curtner Station","agency_id":"SC","agency_name":"VTA","route_short_name":"Blue Line, BlueS","route_type":"0","tod_tier":"Tier 2"}},{"type":"Feature","id":674,"geometry":{"type":"Point","coordinates":[-121.87234,37.2930400000001]},"properties":{"OBJECTID":674,"stop_id":"64779","station_id":"PS_CURT","location_type":0,"stop_name":"Curtner Station","agency_id":"SC","agency_name":"VTA","route_short_name":"Blue Line, BlueS","route_type":"0","tod_tier":"Tier 2"}},{"type":"Feature","id":675,"geometry":{"type":"Point","coordinates":[-122.00955,37.4027800000001]},"properties":{"OBJECTID":675,"stop_id":"64813","station_id":"PS_FAIR","location_type":0,"stop_name":"Fair Oaks Station","agency_id":"SC","agency_name":"VTA","route_short_name":"Orange Line, OrangeW","route_type":"0","tod_tier":"Tier 2"}},{"type":"Feature","id":676,"geometry":{"type":"Point","coordinates":[-122.00864,37.4025800000001]},"properties":{"OBJECTID":676,"stop_id":"64794","station_id":"PS_FAIR","location_type":0,"stop_name":"Fair Oaks Station","agency_id":"SC","agency_name":"VTA","route_short_name":"Orange Line, OrangeW","route_type":"0","tod_tier":"Tier 2"}},{"type":"Feature","id":677,"geometry":{"type":"Point","coordinates":[-121.91802,37.31048]},"properties":{"OBJECTID":677,"stop_id":"65376","station_id":"PS_FRTD","location_type":0,"stop_name":"Fruitdale Station","agency_id":"SC","agency_name":"VTA","route_short_name":"Green Line, GreenN, GreenS","route_type":"0","tod_tier":"Tier 2"}},{"type":"Feature","id":678,"geometry":{"type":"Point","coordinates":[-121.91848,37.31012]},"properties":{"OBJECTID":678,"stop_id":"65383","station_id":"PS_FRTD","location_type":0,"stop_name":"Fruitdale Station","agency_id":"SC","agency_name":"VTA","route_short_name":"Green Line, GreenN, GreenS","route_type":"0","tod_tier":"Tier 2"}},{"type":"Feature","id":679,"geometry":{"type":"Point","coordinates":[-121.9091,37.36094]},"properties":{"OBJECTID":679,"stop_id":"64769","station_id":"PS_GISH","location_type":0,"stop_name":"Gish Station","agency_id":"SC","agency_name":"VTA","route_short_name":"Blue Line, BlueS, Green Line, GreenN","route_type":"0","tod_tier":"Tier 2"}},{"type":"Feature","id":680,"geometry":{"type":"Point","coordinates":[-121.91016,37.36254]},"properties":{"OBJECTID":680,"stop_id":"64752","station_id":"PS_GISH","location_type":0,"stop_name":"Gish Station","agency_id":"SC","agency_name":"VTA","route_short_name":"Blue Line, Green Line, GreenN","route_type":"0","tod_tier":"Tier 2"}},{"type":"Feature","id":681,"geometry":{"type":"Point","coordinates":[-121.97406,37.4035500000001]},"properties":{"OBJECTID":681,"stop_id":"64798","station_id":"PS_GRAM","location_type":0,"stop_name":"Great America Station","agency_id":"SC","agency_name":"VTA","route_short_name":"Green Line, Orange Line, OrangeW","route_type":"0","tod_tier":"Tier 2"}},{"type":"Feature","id":682,"geometry":{"type":"Point","coordinates":[-121.97491,37.40347]},"properties":{"OBJECTID":682,"stop_id":"64809","station_id":"PS_GRAM","location_type":0,"stop_name":"Great America Station","agency_id":"SC","agency_name":"VTA","route_short_name":"Green Line, Orange Line, OrangeW","route_type":"0","tod_tier":"Tier 2"}},{"type":"Feature","id":683,"geometry":{"type":"Point","coordinates":[-121.90212,37.41439]},"properties":{"OBJECTID":683,"stop_id":"65250","station_id":"PS_GRML","location_type":0,"stop_name":"Great Mall Station","agency_id":"SC","agency_name":"VTA","route_short_name":"Orange Line, OrangeE","route_type":"0","tod_tier":"Tier 2"}},{"type":"Feature","id":684,"geometry":{"type":"Point","coordinates":[-121.90143,37.4139200000001]},"properties":{"OBJECTID":684,"stop_id":"65235","station_id":"PS_GRML","location_type":0,"stop_name":"Great Mall Station","agency_id":"SC","agency_name":"VTA","route_short_name":"Orange Line, OrangeE","route_type":"0","tod_tier":"Tier 2"}},{"type":"Feature","id":685,"geometry":{"type":"Point","coordinates":[-121.93617,37.2940600000001]},"properties":{"OBJECTID":685,"stop_id":"65378","station_id":"PS_HAML","location_type":0,"stop_name":"Hamilton Station","agency_id":"SC","agency_name":"VTA","route_short_name":"Green Line, GreenN, GreenS","route_type":"0","tod_tier":"Tier 2"}},{"type":"Feature","id":686,"geometry":{"type":"Point","coordinates":[-121.93658,37.29369]},"properties":{"OBJECTID":686,"stop_id":"65385","station_id":"PS_HAML","location_type":0,"stop_name":"Hamilton Station","agency_id":"SC","agency_name":"VTA","route_short_name":"Green Line, GreenN, GreenS","route_type":"0","tod_tier":"Tier 2"}},{"type":"Feature","id":687,"geometry":{"type":"Point","coordinates":[-121.87029,37.39565]},"properties":{"OBJECTID":687,"stop_id":"65238","station_id":"PS_HOST","location_type":0,"stop_name":"Hostetter Station","agency_id":"SC","agency_name":"VTA","route_short_name":"Orange Line, OrangeE","route_type":"0","tod_tier":"Tier 2"}},{"type":"Feature","id":688,"geometry":{"type":"Point","coordinates":[-121.86963,37.3951200000001]},"properties":{"OBJECTID":688,"stop_id":"65247","station_id":"PS_HOST","location_type":0,"stop_name":"Hostetter Station","agency_id":"SC","agency_name":"VTA","route_short_name":"Orange Line, OrangeE","route_type":"0","tod_tier":"Tier 2"}},{"type":"Feature","id":689,"geometry":{"type":"Point","coordinates":[-121.89756,37.34556]},"properties":{"OBJECTID":689,"stop_id":"64750","station_id":"PS_JAPN","location_type":0,"stop_name":"Japantown/Ayer Station","agency_id":"SC","agency_name":"VTA","route_short_name":"Blue Line, BlueS, Green Line, GreenN","route_type":"0","tod_tier":"Tier 2"}},{"type":"Feature","id":690,"geometry":{"type":"Point","coordinates":[-121.89712,37.3449600000001]},"properties":{"OBJECTID":690,"stop_id":"64771","station_id":"PS_JAPN","location_type":0,"stop_name":"Japantown/Ayer Station","agency_id":"SC","agency_name":"VTA","route_short_name":"Blue Line, BlueS, Green Line, GreenN","route_type":"0","tod_tier":"Tier 2"}},{"type":"Feature","id":691,"geometry":{"type":"Point","coordinates":[-121.91932,37.3746100000001]},"properties":{"OBJECTID":691,"stop_id":"64767","station_id":"PS_KRNA","location_type":0,"stop_name":"Karina Station","agency_id":"SC","agency_name":"VTA","route_short_name":"Blue Line, BlueS, Green Line, GreenN","route_type":"0","tod_tier":"Tier 2"}},{"type":"Feature","id":692,"geometry":{"type":"Point","coordinates":[-121.92041,37.3762800000001]},"properties":{"OBJECTID":692,"stop_id":"64754","station_id":"PS_KRNA","location_type":0,"stop_name":"Karina Station","agency_id":"SC","agency_name":"VTA","route_short_name":"Blue Line, Green Line, GreenN","route_type":"0","tod_tier":"Tier 2"}},{"type":"Feature","id":693,"geometry":{"type":"Point","coordinates":[-121.96292,37.4078000000001]},"properties":{"OBJECTID":693,"stop_id":"64799","station_id":"PS_LICK","location_type":0,"stop_name":"Lick Mill Station","agency_id":"SC","agency_name":"VTA","route_short_name":"Green Line, GreenN, Orange Line, OrangeE","route_type":"0","tod_tier":"Tier 2"}},{"type":"Feature","id":694,"geometry":{"type":"Point","coordinates":[-121.96368,37.4076200000001]},"properties":{"OBJECTID":694,"stop_id":"64808","station_id":"PS_LICK","location_type":0,"stop_name":"Lick Mill Station","agency_id":"SC","agency_name":"VTA","route_short_name":"Green Line, GreenN, Orange Line, OrangeE","route_type":"0","tod_tier":"Tier 2"}},{"type":"Feature","id":695,"geometry":{"type":"Point","coordinates":[-122.02713,37.4094000000001]},"properties":{"OBJECTID":695,"stop_id":"64816","station_id":"PS_LOCK","location_type":0,"stop_name":"Lockheed Martin Station","agency_id":"SC","agency_name":"VTA","route_short_name":"Orange Line, OrangeW","route_type":"0","tod_tier":"Tier 2"}},{"type":"Feature","id":696,"geometry":{"type":"Point","coordinates":[-122.02689,37.4100500000001]},"properties":{"OBJECTID":696,"stop_id":"64791","station_id":"PS_LOCK","location_type":0,"stop_name":"Lockheed Martin Station","agency_id":"SC","agency_name":"VTA","route_short_name":"Orange Line, OrangeW","route_type":"0","tod_tier":"Tier 2"}},{"type":"Feature","id":697,"geometry":{"type":"Point","coordinates":[-121.84404,37.3710600000001]},"properties":{"OBJECTID":697,"stop_id":"65241","station_id":"PS_MKEE","location_type":0,"stop_name":"Mckee Station","agency_id":"SC","agency_name":"VTA","route_short_name":"Orange Line, OrangeE","route_type":"0","tod_tier":"Tier 2"}},{"type":"Feature","id":698,"geometry":{"type":"Point","coordinates":[-121.84548,37.3726500000001]},"properties":{"OBJECTID":698,"stop_id":"65244","station_id":"PS_MKEE","location_type":0,"stop_name":"Mckee Station","agency_id":"SC","agency_name":"VTA","route_short_name":"Orange Line, OrangeE","route_type":"0","tod_tier":"Tier 2"}},{"type":"Feature","id":699,"geometry":{"type":"Point","coordinates":[-121.91488,37.36866]},"properties":{"OBJECTID":699,"stop_id":"64768","station_id":"PS_METR","location_type":0,"stop_name":"Metro/Airport Station","agency_id":"SC","agency_name":"VTA","route_short_name":"Blue Line, BlueS, Green Line, GreenN","route_type":"0","tod_tier":"Tier 2"}},{"type":"Feature","id":700,"geometry":{"type":"Point","coordinates":[-121.91599,37.3703600000001]},"properties":{"OBJECTID":700,"stop_id":"64753","station_id":"PS_METR","location_type":0,"stop_name":"Metro/Airport Station","agency_id":"SC","agency_name":"VTA","route_short_name":"Blue Line, Green Line, GreenN","route_type":"0","tod_tier":"Tier 2"}},{"type":"Feature","id":701,"geometry":{"type":"Point","coordinates":[-122.05221,37.39543]},"properties":{"OBJECTID":701,"stop_id":"64818","station_id":"PS_MIDD","location_type":0,"stop_name":"Middlefield Station","agency_id":"SC","agency_name":"VTA","route_short_name":"Orange Line, OrangeW","route_type":"0","tod_tier":"Tier 2"}},{"type":"Feature","id":702,"geometry":{"type":"Point","coordinates":[-122.05196,37.3960700000001]},"properties":{"OBJECTID":702,"stop_id":"64789","station_id":"PS_MIDD","location_type":0,"stop_name":"Middlefield Station","agency_id":"SC","agency_name":"VTA","route_short_name":"Orange Line, OrangeW","route_type":"0","tod_tier":"Tier 2"}},{"type":"Feature","id":703,"geometry":{"type":"Point","coordinates":[-122.03433,37.4024400000001]},"properties":{"OBJECTID":703,"stop_id":"65024","station_id":"PS_MOFF","location_type":0,"stop_name":"Moffett Park Station","agency_id":"SC","agency_name":"VTA","route_short_name":"Orange Line, OrangeW","route_type":"0","tod_tier":"Tier 2"}},{"type":"Feature","id":704,"geometry":{"type":"Point","coordinates":[-122.03346,37.4023700000001]},"properties":{"OBJECTID":704,"stop_id":"65023","station_id":"PS_MOFF","location_type":0,"stop_name":"Moffett Park Station","agency_id":"SC","agency_name":"VTA","route_short_name":"Orange Line, OrangeW","route_type":"0","tod_tier":"Tier 2"}},{"type":"Feature","id":705,"geometry":{"type":"Point","coordinates":[-121.86028,37.25742]},"properties":{"OBJECTID":705,"stop_id":"64733","station_id":"PS_OHLO","location_type":0,"stop_name":"Ohlone-Chynoweth Station","agency_id":"SC","agency_name":"VTA","route_short_name":"Blue Line, BlueS","route_type":"0","tod_tier":"Tier 2"}},{"type":"Feature","id":706,"geometry":{"type":"Point","coordinates":[-121.85967,37.2579900000001]},"properties":{"OBJECTID":706,"stop_id":"64731","station_id":"PS_OHLO","location_type":0,"stop_name":"Ohlone-Chynoweth Station","agency_id":"SC","agency_name":"VTA","route_short_name":"Blue Line, BlueS","route_type":"0","tod_tier":"Tier 2"}},{"type":"Feature","id":707,"geometry":{"type":"Point","coordinates":[-121.97887,37.4033000000001]},"properties":{"OBJECTID":707,"stop_id":"64797","station_id":"PS_OLDI","location_type":0,"stop_name":"Old Ironsides Station","agency_id":"SC","agency_name":"VTA","route_short_name":"Green Line, Orange Line, OrangeW","route_type":"0","tod_tier":"Tier 2"}},{"type":"Feature","id":708,"geometry":{"type":"Point","coordinates":[-121.97986,37.40331]},"properties":{"OBJECTID":708,"stop_id":"64810","station_id":"PS_OLDI","location_type":0,"stop_name":"Old Ironsides Station","agency_id":"SC","agency_name":"VTA","route_short_name":"Green Line, Orange Line, OrangeW","route_type":"0","tod_tier":"Tier 2"}},{"type":"Feature","id":709,"geometry":{"type":"Point","coordinates":[-121.93384,37.39408]},"properties":{"OBJECTID":709,"stop_id":"64764","station_id":"PS_ORCH","location_type":0,"stop_name":"Orchard Station","agency_id":"SC","agency_name":"VTA","route_short_name":"Blue Line, BlueS, Green Line, GreenN","route_type":"0","tod_tier":"Tier 2"}},{"type":"Feature","id":710,"geometry":{"type":"Point","coordinates":[-121.93487,37.3957300000001]},"properties":{"OBJECTID":710,"stop_id":"64757","station_id":"PS_ORCH","location_type":0,"stop_name":"Orchard Station","agency_id":"SC","agency_name":"VTA","route_short_name":"Blue Line, Green Line, GreenN","route_type":"0","tod_tier":"Tier 2"}},{"type":"Feature","id":711,"geometry":{"type":"Point","coordinates":[-121.85442,37.3809600000001]},"properties":{"OBJECTID":711,"stop_id":"65240","station_id":"PS_PENC","location_type":0,"stop_name":"Penitencia Creek Station","agency_id":"SC","agency_name":"VTA","route_short_name":"Orange Line, OrangeE","route_type":"0","tod_tier":"Tier 2"}},{"type":"Feature","id":712,"geometry":{"type":"Point","coordinates":[-121.8554,37.3820200000001]},"properties":{"OBJECTID":712,"stop_id":"65245","station_id":"PS_PENC","location_type":0,"stop_name":"Penitencia Creek Station","agency_id":"SC","agency_name":"VTA","route_short_name":"Orange Line, OrangeE","route_type":"0","tod_tier":"Tier 2"}},{"type":"Feature","id":713,"geometry":{"type":"Point","coordinates":[-121.91075,37.31715]},"properties":{"OBJECTID":713,"stop_id":"65382","station_id":"PS_RACE","location_type":0,"stop_name":"Race Station","agency_id":"SC","agency_name":"VTA","route_short_name":"Green Line, GreenN, GreenS","route_type":"0","tod_tier":"Tier 2"}},{"type":"Feature","id":714,"geometry":{"type":"Point","coordinates":[-121.91031,37.31757]},"properties":{"OBJECTID":714,"stop_id":"65375","station_id":"PS_RACE","location_type":0,"stop_name":"Race Station","agency_id":"SC","agency_name":"VTA","route_short_name":"Green Line, GreenN, GreenS","route_type":"0","tod_tier":"Tier 2"}},{"type":"Feature","id":715,"geometry":{"type":"Point","coordinates":[-121.98741,37.40351]},"properties":{"OBJECTID":715,"stop_id":"64796","station_id":"PS_REAM","location_type":0,"stop_name":"Reamwood Station","agency_id":"SC","agency_name":"VTA","route_short_name":"Orange Line, OrangeW","route_type":"0","tod_tier":"Tier 2"}},{"type":"Feature","id":716,"geometry":{"type":"Point","coordinates":[-121.98966,37.4035700000001]},"properties":{"OBJECTID":716,"stop_id":"64811","station_id":"PS_REAM","location_type":0,"stop_name":"Reamwood Station","agency_id":"SC","agency_name":"VTA","route_short_name":"Orange Line, OrangeW","route_type":"0","tod_tier":"Tier 2"}},{"type":"Feature","id":717,"geometry":{"type":"Point","coordinates":[-121.93897,37.40119]},"properties":{"OBJECTID":717,"stop_id":"64763","station_id":"PS_ROAK","location_type":0,"stop_name":"River Oaks Station","agency_id":"SC","agency_name":"VTA","route_short_name":"Blue Line, BlueS, Green Line, GreenN","route_type":"0","tod_tier":"Tier 2"}},{"type":"Feature","id":718,"geometry":{"type":"Point","coordinates":[-121.94003,37.4028500000001]},"properties":{"OBJECTID":718,"stop_id":"64758","station_id":"PS_ROAK","location_type":0,"stop_name":"River Oaks Station","agency_id":"SC","agency_name":"VTA","route_short_name":"Blue Line, Green Line, GreenN","route_type":"0","tod_tier":"Tier 2"}},{"type":"Feature","id":719,"geometry":{"type":"Point","coordinates":[-121.89218,37.3384]},"properties":{"OBJECTID":719,"stop_id":"64749","station_id":"mtc:saint-james-eb","location_type":0,"stop_name":"Saint James Station","agency_id":"SC","agency_name":"VTA","route_short_name":"Blue Line, BlueS, Green Line, GreenN","route_type":"0","tod_tier":"Tier 2"}},{"type":"Feature","id":720,"geometry":{"type":"Point","coordinates":[-121.89081,37.3383600000001]},"properties":{"OBJECTID":720,"stop_id":"64772","station_id":"mtc:saint-james-wb","location_type":0,"stop_name":"Saint James Station","agency_id":"SC","agency_name":"VTA","route_short_name":"Blue Line, BlueS, Green Line, GreenN","route_type":"0","tod_tier":"Tier 2"}},{"type":"Feature","id":721,"geometry":{"type":"Point","coordinates":[-121.88719,37.3334800000001]},"properties":{"OBJECTID":721,"stop_id":"64774","station_id":"mtc:san-antonio-wb","location_type":0,"stop_name":"San Antonio Station","agency_id":"SC","agency_name":"VTA","route_short_name":"Blue Line, BlueS, Green Line, GreenN","route_type":"0","tod_tier":"Tier 2"}},{"type":"Feature","id":722,"geometry":{"type":"Point","coordinates":[-121.88798,37.3327800000001]},"properties":{"OBJECTID":722,"stop_id":"64747","station_id":"mtc:san-antonio-eb","location_type":0,"stop_name":"San Antonio Station","agency_id":"SC","agency_name":"VTA","route_short_name":"Blue Line, BlueS, Green Line, GreenN","route_type":"0","tod_tier":"Tier 2"}},{"type":"Feature","id":723,"geometry":{"type":"Point","coordinates":[-121.89812,37.3303700000001]},"properties":{"OBJECTID":723,"stop_id":"65388","station_id":"PS_SFND","location_type":0,"stop_name":"San Fernando Station","agency_id":"SC","agency_name":"VTA","route_short_name":"Green Line, GreenN","route_type":"0","tod_tier":"Tier 2"}},{"type":"Feature","id":724,"geometry":{"type":"Point","coordinates":[-121.89905,37.33025]},"properties":{"OBJECTID":724,"stop_id":"65389","station_id":"PS_SFND","location_type":0,"stop_name":"San Fernando Station","agency_id":"SC","agency_name":"VTA","route_short_name":"Green Line, GreenN","route_type":"0","tod_tier":"Tier 2"}},{"type":"Feature","id":725,"geometry":{"type":"Point","coordinates":[-121.89035,37.33592]},"properties":{"OBJECTID":725,"stop_id":"64748","station_id":"mtc:santa-clara-eb","location_type":0,"stop_name":"Santa Clara Station","agency_id":"SC","agency_name":"VTA","route_short_name":"Blue Line, BlueS, Green Line, GreenN","route_type":"0","tod_tier":"Tier 2"}},{"type":"Feature","id":726,"geometry":{"type":"Point","coordinates":[-121.88891,37.3358000000001]},"properties":{"OBJECTID":726,"stop_id":"64773","station_id":"mtc:santa-clara-wb","location_type":0,"stop_name":"Santa Clara Station","agency_id":"SC","agency_name":"VTA","route_short_name":"Blue Line, BlueS, Green Line, GreenN","route_type":"0","tod_tier":"Tier 2"}},{"type":"Feature","id":727,"geometry":{"type":"Point","coordinates":[-121.78914,37.2366700000001]},"properties":{"OBJECTID":727,"stop_id":"64736","station_id":"PS_TRSA","location_type":0,"stop_name":"Santa Teresa Station","agency_id":"SC","agency_name":"VTA","route_short_name":"Blue Line, BlueS","route_type":"0","tod_tier":"Tier 2"}},{"type":"Feature","id":728,"geometry":{"type":"Point","coordinates":[-121.78949,37.2359700000001]},"properties":{"OBJECTID":728,"stop_id":"64785","station_id":"PS_TRSA","location_type":0,"stop_name":"Santa Teresa Station","agency_id":"SC","agency_name":"VTA","route_short_name":"Blue Line, BlueS","route_type":"0","tod_tier":"Tier 2"}},{"type":"Feature","id":729,"geometry":{"type":"Point","coordinates":[-121.83134,37.2480600000001]},"properties":{"OBJECTID":729,"stop_id":"64738","station_id":"PS_SNLL","location_type":0,"stop_name":"Snell Station","agency_id":"SC","agency_name":"VTA","route_short_name":"Blue Line, BlueS","route_type":"0","tod_tier":"Tier 2"}},{"type":"Feature","id":730,"geometry":{"type":"Point","coordinates":[-121.83055,37.24764]},"properties":{"OBJECTID":730,"stop_id":"64783","station_id":"PS_SNLL","location_type":0,"stop_name":"Snell Station","agency_id":"SC","agency_name":"VTA","route_short_name":"Blue Line, BlueS","route_type":"0","tod_tier":"Tier 2"}},{"type":"Feature","id":731,"geometry":{"type":"Point","coordinates":[-121.88481,37.3119300000001]},"properties":{"OBJECTID":731,"stop_id":"64743","station_id":"PS_TAMN","location_type":0,"stop_name":"Tamien Station","agency_id":"SC","agency_name":"VTA","route_short_name":"Blue Line, BlueS","route_type":"0","tod_tier":"Tier 2"}},{"type":"Feature","id":732,"geometry":{"type":"Point","coordinates":[-121.8843,37.3112600000001]},"properties":{"OBJECTID":732,"stop_id":"64778","station_id":"PS_TAMN","location_type":0,"stop_name":"Tamien Station","agency_id":"SC","agency_name":"VTA","route_short_name":"Blue Line, BlueS","route_type":"0","tod_tier":"Tier 2"}},{"type":"Feature","id":733,"geometry":{"type":"Point","coordinates":[-121.944,37.40806]},"properties":{"OBJECTID":733,"stop_id":"64762","station_id":"PS_TASM","location_type":0,"stop_name":"Tasman Station","agency_id":"SC","agency_name":"VTA","route_short_name":"Blue Line, BlueS, Green Line, GreenN","route_type":"0","tod_tier":"Tier 2"}},{"type":"Feature","id":734,"geometry":{"type":"Point","coordinates":[-121.94446,37.40867]},"properties":{"OBJECTID":734,"stop_id":"64759","station_id":"PS_TASM","location_type":0,"stop_name":"Tasman Station","agency_id":"SC","agency_name":"VTA","route_short_name":"Blue Line, Green Line, GreenN","route_type":"0","tod_tier":"Tier 2"}},{"type":"Feature","id":735,"geometry":{"type":"Point","coordinates":[-121.99825,37.40335]},"properties":{"OBJECTID":735,"stop_id":"64795","station_id":"PS_VIEN","location_type":0,"stop_name":"Vienna Station","agency_id":"SC","agency_name":"VTA","route_short_name":"Orange Line, OrangeW","route_type":"0","tod_tier":"Tier 2"}},{"type":"Feature","id":736,"geometry":{"type":"Point","coordinates":[-122.00087,37.4034]},"properties":{"OBJECTID":736,"stop_id":"64812","station_id":"PS_VIEN","location_type":0,"stop_name":"Vienna Station","agency_id":"SC","agency_name":"VTA","route_short_name":"Orange Line, OrangeW","route_type":"0","tod_tier":"Tier 2"}},{"type":"Feature","id":737,"geometry":{"type":"Point","coordinates":[-121.8901,37.31983]},"properties":{"OBJECTID":737,"stop_id":"64744","station_id":"PS_VIRG","location_type":0,"stop_name":"Virginia Station","agency_id":"SC","agency_name":"VTA","route_short_name":"Blue Line, BlueS","route_type":"0","tod_tier":"Tier 2"}},{"type":"Feature","id":738,"geometry":{"type":"Point","coordinates":[-121.88995,37.3191600000001]},"properties":{"OBJECTID":738,"stop_id":"64777","station_id":"PS_VIRG","location_type":0,"stop_name":"Virginia Station","agency_id":"SC","agency_name":"VTA","route_short_name":"Blue Line, BlueS","route_type":"0","tod_tier":"Tier 2"}},{"type":"Feature","id":739,"geometry":{"type":"Point","coordinates":[-122.05822,37.3922000000001]},"properties":{"OBJECTID":739,"stop_id":"64788","station_id":"PS_WHIS","location_type":0,"stop_name":"Whisman Station","agency_id":"SC","agency_name":"VTA","route_short_name":"Orange Line, OrangeW","route_type":"0","tod_tier":"Tier 2"}},{"type":"Feature","id":740,"geometry":{"type":"Point","coordinates":[-122.059,37.3917700000001]},"properties":{"OBJECTID":740,"stop_id":"64819","station_id":"PS_WHIS","location_type":0,"stop_name":"Whisman Station","agency_id":"SC","agency_name":"VTA","route_short_name":"Orange Line, OrangeW","route_type":"0","tod_tier":"Tier 2"}},{"type":"Feature","id":741,"geometry":{"type":"Point","coordinates":[-121.94791,37.27961]},"properties":{"OBJECTID":741,"stop_id":"65380","station_id":"PS_WINC","location_type":0,"stop_name":"Winchester Station","agency_id":"SC","agency_name":"VTA","route_short_name":"Green Line, GreenN, GreenS","route_type":"0","tod_tier":"Tier 2"}},{"type":"Feature","id":742,"geometry":{"type":"Point","coordinates":[-121.94831,37.2791800000001]},"properties":{"OBJECTID":742,"stop_id":"65387","station_id":"PS_WINC","location_type":0,"stop_name":"Winchester Station","agency_id":"SC","agency_name":"VTA","route_short_name":"Green Line, GreenN, GreenS","route_type":"0","tod_tier":"Tier 2"}},{"type":"Feature","id":743,"geometry":{"type":"Point","coordinates":[-122.39188,37.7576]},"properties":{"OBJECTID":743,"stop_id":"70021","station_id":"22nd_street","location_type":0,"stop_name":"22nd Street Caltrain Station Northbound","agency_id":"CT","agency_name":"Caltrain","route_short_name":"Express, Limited, Local Weekday, Local Weekend","route_type":"2","tod_tier":"Tier 1"}},{"type":"Feature","id":744,"geometry":{"type":"Point","coordinates":[-122.3924,37.7575800000001]},"properties":{"OBJECTID":744,"stop_id":"70022","station_id":"22nd_street","location_type":0,"stop_name":"22nd Street Caltrain Station Southbound","agency_id":"CT","agency_name":"Caltrain","route_short_name":"Express, Limited, Local Weekday, Local Weekend","route_type":"2","tod_tier":"Tier 1"}},{"type":"Feature","id":745,"geometry":{"type":"Point","coordinates":[-122.40159,37.7095400000001]},"properties":{"OBJECTID":745,"stop_id":"70031","station_id":"bayshore","location_type":0,"stop_name":"Bayshore Caltrain Station Northbound","agency_id":"CT","agency_name":"Caltrain","route_short_name":"Local Weekday, Local Weekend","route_type":"2","tod_tier":"Tier 1"}},{"type":"Feature","id":746,"geometry":{"type":"Point","coordinates":[-122.40198,37.7095400000001]},"properties":{"OBJECTID":746,"stop_id":"70032","station_id":"bayshore","location_type":0,"stop_name":"Bayshore Caltrain Station Southbound","agency_id":"CT","agency_name":"Caltrain","route_short_name":"Local Weekday, Local Weekend","route_type":"2","tod_tier":"Tier 1"}},{"type":"Feature","id":747,"geometry":{"type":"Point","coordinates":[-122.27574,37.5208900000001]},"properties":{"OBJECTID":747,"stop_id":"70121","station_id":"belmont","location_type":0,"stop_name":"Belmont Caltrain Station Northbound","agency_id":"CT","agency_name":"Caltrain","route_short_name":"Local Weekday, Local Weekend","route_type":"2","tod_tier":"Tier 1"}},{"type":"Feature","id":748,"geometry":{"type":"Point","coordinates":[-122.27582,37.5208400000001]},"properties":{"OBJECTID":748,"stop_id":"70122","station_id":"belmont","location_type":0,"stop_name":"Belmont Caltrain Station Southbound","agency_id":"CT","agency_name":"Caltrain","route_short_name":"Local Weekday, Local Weekend","route_type":"2","tod_tier":"Tier 1"}},{"type":"Feature","id":749,"geometry":{"type":"Point","coordinates":[-122.3449,37.5802]},"properties":{"OBJECTID":749,"stop_id":"70081","station_id":"burlingame","location_type":0,"stop_name":"Burlingame Caltrain Station Northbound","agency_id":"CT","agency_name":"Caltrain","route_short_name":"Local Weekday, Local Weekend","route_type":"2","tod_tier":"Tier 1"}},{"type":"Feature","id":750,"geometry":{"type":"Point","coordinates":[-122.34507,37.5801900000001]},"properties":{"OBJECTID":750,"stop_id":"70082","station_id":"burlingame","location_type":0,"stop_name":"Burlingame Caltrain Station Southbound","agency_id":"CT","agency_name":"Caltrain","route_short_name":"Local Weekday, Local Weekend","route_type":"2","tod_tier":"Tier 1"}},{"type":"Feature","id":751,"geometry":{"type":"Point","coordinates":[-122.14193,37.42936]},"properties":{"OBJECTID":751,"stop_id":"70191","station_id":"california_ave","location_type":0,"stop_name":"California Avenue Caltrain Station Northbound","agency_id":"CT","agency_name":"Caltrain","route_short_name":"Limited, Local Weekday, Local Weekend","route_type":"2","tod_tier":"Tier 1"}},{"type":"Feature","id":752,"geometry":{"type":"Point","coordinates":[-122.14198,37.42933]},"properties":{"OBJECTID":752,"stop_id":"70192","station_id":"california_ave","location_type":0,"stop_name":"California Avenue Caltrain Station Southbound","agency_id":"CT","agency_name":"Caltrain","route_short_name":"Limited, Local Weekday, Local Weekend","route_type":"2","tod_tier":"Tier 1"}},{"type":"Feature","id":753,"geometry":{"type":"Point","coordinates":[-122.30934,37.55294]},"properties":{"OBJECTID":753,"stop_id":"70101","station_id":"hayward_park","location_type":0,"stop_name":"Hayward Park Caltrain Station Northbound","agency_id":"CT","agency_name":"Caltrain","route_short_name":"Local Weekday, Local Weekend","route_type":"2","tod_tier":"Tier 1"}},{"type":"Feature","id":754,"geometry":{"type":"Point","coordinates":[-122.30961,37.5529900000001]},"properties":{"OBJECTID":754,"stop_id":"70102","station_id":"hayward_park","location_type":0,"stop_name":"Hayward Park Caltrain Station Southbound","agency_id":"CT","agency_name":"Caltrain","route_short_name":"Local Weekday, Local Weekend","route_type":"2","tod_tier":"Tier 1"}},{"type":"Feature","id":755,"geometry":{"type":"Point","coordinates":[-122.3015,37.54261]},"properties":{"OBJECTID":755,"stop_id":"70111","station_id":"hillsdale","location_type":0,"stop_name":"Hillsdale Caltrain Station Northbound","agency_id":"CT","agency_name":"Caltrain","route_short_name":"Express, Limited, Local Weekday, Local Weekend","route_type":"2","tod_tier":"Tier 1"}},{"type":"Feature","id":756,"geometry":{"type":"Point","coordinates":[-122.30167,37.54254]},"properties":{"OBJECTID":756,"stop_id":"70112","station_id":"hillsdale","location_type":0,"stop_name":"Hillsdale Caltrain Station Southbound","agency_id":"CT","agency_name":"Caltrain","route_short_name":"Express, Limited, Local Weekday, Local Weekend","route_type":"2","tod_tier":"Tier 1"}},{"type":"Feature","id":757,"geometry":{"type":"Point","coordinates":[-121.99711,37.3706]},"properties":{"OBJECTID":757,"stop_id":"70231","station_id":"lawrence","location_type":0,"stop_name":"Lawrence Caltrain Station Northbound","agency_id":"CT","agency_name":"Caltrain","route_short_name":"Limited, Local Weekday, Local Weekend","route_type":"2","tod_tier":"Tier 1"}},{"type":"Feature","id":758,"geometry":{"type":"Point","coordinates":[-121.99714,37.37048]},"properties":{"OBJECTID":758,"stop_id":"70232","station_id":"lawrence","location_type":0,"stop_name":"Lawrence Caltrain Station Southbound","agency_id":"CT","agency_name":"Caltrain","route_short_name":"Limited, Local Weekday, Local Weekend","route_type":"2","tod_tier":"Tier 1"}},{"type":"Feature","id":759,"geometry":{"type":"Point","coordinates":[-122.1823,37.4548600000001]},"properties":{"OBJECTID":759,"stop_id":"70161","station_id":"menlo_park","location_type":0,"stop_name":"Menlo Park Caltrain Station Northbound","agency_id":"CT","agency_name":"Caltrain","route_short_name":"Limited, Local Weekday, Local Weekend","route_type":"2","tod_tier":"Tier 1"}},{"type":"Feature","id":760,"geometry":{"type":"Point","coordinates":[-122.18241,37.45475]},"properties":{"OBJECTID":760,"stop_id":"70162","station_id":"menlo_park","location_type":0,"stop_name":"Menlo Park Caltrain Station Southbound","agency_id":"CT","agency_name":"Caltrain","route_short_name":"Limited, Local Weekday, Local Weekend","route_type":"2","tod_tier":"Tier 1"}},{"type":"Feature","id":761,"geometry":{"type":"Point","coordinates":[-122.23194,37.48616]},"properties":{"OBJECTID":761,"stop_id":"70141","station_id":"redwood_city","location_type":0,"stop_name":"Redwood City Caltrain Station Northbound","agency_id":"CT","agency_name":"Caltrain","route_short_name":"Express, Limited, Local Weekday, Local Weekend","route_type":"2","tod_tier":"Tier 1"}},{"type":"Feature","id":762,"geometry":{"type":"Point","coordinates":[-122.232,37.4861000000001]},"properties":{"OBJECTID":762,"stop_id":"70142","station_id":"redwood_city","location_type":0,"stop_name":"Redwood City Caltrain Station Southbound","agency_id":"CT","agency_name":"Caltrain","route_short_name":"Express, Limited, Local Weekday, Local Weekend","route_type":"2","tod_tier":"Tier 1"}},{"type":"Feature","id":763,"geometry":{"type":"Point","coordinates":[-122.107,37.4073300000001]},"properties":{"OBJECTID":763,"stop_id":"70201","station_id":"san_antonio","location_type":0,"stop_name":"San Antonio Caltrain Station Northbound","agency_id":"CT","agency_name":"Caltrain","route_short_name":"Limited, Local Weekday, Local Weekend","route_type":"2","tod_tier":"Tier 1"}},{"type":"Feature","id":764,"geometry":{"type":"Point","coordinates":[-122.10712,37.4072400000001]},"properties":{"OBJECTID":764,"stop_id":"70202","station_id":"san_antonio","location_type":0,"stop_name":"San Antonio Caltrain Station Southbound","agency_id":"CT","agency_name":"Caltrain","route_short_name":"Limited, Local Weekday, Local Weekend","route_type":"2","tod_tier":"Tier 1"}},{"type":"Feature","id":765,"geometry":{"type":"Point","coordinates":[-122.41159,37.6305]},"properties":{"OBJECTID":765,"stop_id":"70051","station_id":"san_bruno","location_type":0,"stop_name":"San Bruno Caltrain Station Northbound","agency_id":"CT","agency_name":"Caltrain","route_short_name":"Local Weekday, Local Weekend","route_type":"2","tod_tier":"Tier 1"}},{"type":"Feature","id":766,"geometry":{"type":"Point","coordinates":[-122.41171,37.63046]},"properties":{"OBJECTID":766,"stop_id":"70052","station_id":"san_bruno","location_type":0,"stop_name":"San Bruno Caltrain Station Southbound","agency_id":"CT","agency_name":"Caltrain","route_short_name":"Local Weekday, Local Weekend","route_type":"2","tod_tier":"Tier 1"}},{"type":"Feature","id":767,"geometry":{"type":"Point","coordinates":[-122.26015,37.50805]},"properties":{"OBJECTID":767,"stop_id":"70131","station_id":"san_carlos","location_type":0,"stop_name":"San Carlos Caltrain Station Northbound","agency_id":"CT","agency_name":"Caltrain","route_short_name":"Local Weekday, Local Weekend","route_type":"2","tod_tier":"Tier 1"}},{"type":"Feature","id":768,"geometry":{"type":"Point","coordinates":[-122.26027,37.50793]},"properties":{"OBJECTID":768,"stop_id":"70132","station_id":"san_carlos","location_type":0,"stop_name":"San Carlos Caltrain Station Southbound","agency_id":"CT","agency_name":"Caltrain","route_short_name":"Local Weekday, Local Weekend","route_type":"2","tod_tier":"Tier 1"}},{"type":"Feature","id":769,"geometry":{"type":"Point","coordinates":[-122.32385,37.56809]},"properties":{"OBJECTID":769,"stop_id":"70091","station_id":"san_mateo","location_type":0,"stop_name":"San Mateo Caltrain Station Northbound","agency_id":"CT","agency_name":"Caltrain","route_short_name":"Express, Limited, Local Weekday, Local Weekend","route_type":"2","tod_tier":"Tier 1"}},{"type":"Feature","id":770,"geometry":{"type":"Point","coordinates":[-122.32409,37.56829]},"properties":{"OBJECTID":770,"stop_id":"70092","station_id":"san_mateo","location_type":0,"stop_name":"San Mateo Caltrain Station Southbound","agency_id":"CT","agency_name":"Caltrain","route_short_name":"Express, Limited, Local Weekday, Local Weekend","route_type":"2","tod_tier":"Tier 1"}},{"type":"Feature","id":771,"geometry":{"type":"Point","coordinates":[-122.40498,37.65594]},"properties":{"OBJECTID":771,"stop_id":"70041","station_id":"south_sf","location_type":0,"stop_name":"South San Francisco Caltrain Station Northbound","agency_id":"CT","agency_name":"Caltrain","route_short_name":"Express, Limited, Local Weekday, Local Weekend","route_type":"2","tod_tier":"Tier 1"}},{"type":"Feature","id":772,"geometry":{"type":"Point","coordinates":[-122.40498,37.65594]},"properties":{"OBJECTID":772,"stop_id":"70042","station_id":"south_sf","location_type":0,"stop_name":"South San Francisco Caltrain Station Southbound","agency_id":"CT","agency_name":"Caltrain","route_short_name":"Express, Limited, Local Weekday, Local Weekend","route_type":"2","tod_tier":"Tier 1"}},{"type":"Feature","id":773,"geometry":{"type":"Point","coordinates":[-122.03137,37.3789200000001]},"properties":{"OBJECTID":773,"stop_id":"70221","station_id":"sunnyvale","location_type":0,"stop_name":"Sunnyvale Caltrain Station Northbound","agency_id":"CT","agency_name":"Caltrain","route_short_name":"Express, Limited, Local Weekday, Local Weekend","route_type":"2","tod_tier":"Tier 1"}},{"type":"Feature","id":774,"geometry":{"type":"Point","coordinates":[-122.03142,37.37879]},"properties":{"OBJECTID":774,"stop_id":"70222","station_id":"sunnyvale","location_type":0,"stop_name":"Sunnyvale Caltrain Station Southbound","agency_id":"CT","agency_name":"Caltrain","route_short_name":"Express, Limited, Local Weekday, Local Weekend","route_type":"2","tod_tier":"Tier 1"}},{"type":"Feature","id":775,"geometry":{"type":"Point","coordinates":[-121.88372,37.31174]},"properties":{"OBJECTID":775,"stop_id":"70271","station_id":"tamien","location_type":0,"stop_name":"Tamien Caltrain Station Northbound","agency_id":"CT","agency_name":"Caltrain","route_short_name":"Local Weekday, Local Weekend, South County","route_type":"2","tod_tier":"Tier 1"}},{"type":"Feature","id":776,"geometry":{"type":"Point","coordinates":[-121.884,37.3117500000001]},"properties":{"OBJECTID":776,"stop_id":"70272","station_id":"tamien","location_type":0,"stop_name":"Tamien Caltrain Station Southbound","agency_id":"CT","agency_name":"Caltrain","route_short_name":"Local Weekday, Local Weekend, South County","route_type":"2","tod_tier":"Tier 1"}},{"type":"Feature","id":777,"geometry":{"type":"Point","coordinates":[-122.39476543,37.7106221980001]},"properties":{"OBJECTID":777,"stop_id":"mtc:executive-park","station_id":"mtc:executive-park","location_type":0,"stop_name":"Executive Park BRT Stop (Future)","agency_id":"SF","agency_name":"San Francisco Municipal Transportation Agency","route_short_name":null,"route_type":null,"tod_tier":"Tier 2"}},{"type":"Feature","id":778,"geometry":{"type":"Point","coordinates":[-122.386375022,37.711050244]},"properties":{"OBJECTID":778,"stop_id":"mtc:harney-jamestown","station_id":"mtc:harney-jamestown","location_type":0,"stop_name":"Harney-Jamestown BRT Stop (Future)","agency_id":"SF","agency_name":"San Francisco Municipal Transportation Agency","route_short_name":null,"route_type":null,"tod_tier":"Tier 2"}},{"type":"Feature","id":779,"geometry":{"type":"Point","coordinates":[-122.364628563,37.7262511600001]},"properties":{"OBJECTID":779,"stop_id":"mtc:spear-blandy","station_id":"mtc:spear-blandy","location_type":0,"stop_name":"Spear-Blandy BRT Stop (Future)","agency_id":"SF","agency_name":"San Francisco Municipal Transportation Agency","route_short_name":null,"route_type":null,"tod_tier":"Tier 2"}},{"type":"Feature","id":780,"geometry":{"type":"Point","coordinates":[-121.730777953,37.706070557]},"properties":{"OBJECTID":780,"stop_id":"New_Southfront_ValleyLInk","station_id":"New_Southfront_ValleyLInk","location_type":0,"stop_name":"Southfront Valley Link (Future)","agency_id":"VL","agency_name":"Valley Link","route_short_name":null,"route_type":null,"tod_tier":"Tier 1"}},{"type":"Feature","id":781,"geometry":{"type":"Point","coordinates":[-121.799736424,37.700817182]},"properties":{"OBJECTID":781,"stop_id":"New_Isabel_ValleyLink","station_id":"New_Isabel_ValleyLink","location_type":0,"stop_name":"Isabel Valley Link (Future)","agency_id":"VL","agency_name":"Valley Link","route_short_name":null,"route_type":null,"tod_tier":"Tier 1"}},{"type":"Feature","id":782,"geometry":{"type":"Point","coordinates":[-121.897953283,37.7012466910001]},"properties":{"OBJECTID":782,"stop_id":"New_DublinPleasanton_ValleyLink","station_id":"New_DublinPleasanton_ValleyLink","location_type":0,"stop_name":"Dublin/Pleasanton Valley Link (Future)","agency_id":"VL","agency_name":"Valley Link","route_short_name":null,"route_type":null,"tod_tier":"Tier 1"}},{"type":"Feature","id":783,"geometry":{"type":"Point","coordinates":[-121.81091,37.32741]},"properties":{"OBJECTID":783,"stop_id":"PS_ERTC","station_id":"PS_ERTC","location_type":0,"stop_name":"Eastridge Transit Center","agency_id":"SC","agency_name":"VTA","route_short_name":null,"route_type":null,"tod_tier":"Tier 2"}},{"type":"Feature","id":784,"geometry":{"type":"Point","coordinates":[-121.826954392,37.350864158]},"properties":{"OBJECTID":784,"stop_id":"New_VTA_StoryRd_LRT_Station","station_id":"New_VTA_StoryRd_LRT_Station","location_type":0,"stop_name":"Story Road","agency_id":"SC","agency_name":"VTA","route_short_name":null,"route_type":null,"tod_tier":"Tier 2"}},{"type":"Feature","id":785,"geometry":{"type":"Point","coordinates":[-121.86416201,37.3487489180001]},"properties":{"OBJECTID":785,"stop_id":"Future_BART_Station_28thSt","station_id":"Future_BART_Station_28thSt","location_type":0,"stop_name":"28th Street/Littl Portugal (Future)","agency_id":"BA","agency_name":"BART","route_short_name":null,"route_type":null,"tod_tier":"Tier 1"}},{"type":"Feature","id":786,"geometry":{"type":"Point","coordinates":[-122.39736,37.78876]},"properties":{"OBJECTID":786,"stop_id":"mtc:salesforce-transit-center1","station_id":"mtc:salesforce-transit-center","location_type":0,"stop_name":"mtc:salesforce-transit-center","agency_id":"CT","agency_name":"CT","route_short_name":null,"route_type":null,"tod_tier":"Tier 1"}},{"type":"Feature","id":787,"geometry":{"type":"Point","coordinates":[-121.901740117,37.3315865700001]},"properties":{"OBJECTID":787,"stop_id":"Future_BART_Station_Diridon1","station_id":"Future_BART_Station_Diridon","location_type":0,"stop_name":"Diridon BART (Future)","agency_id":"BA","agency_name":"Bay Area Rapid Transit","route_short_name":null,"route_type":null,"tod_tier":"Tier 1"}},{"type":"Feature","id":788,"geometry":{"type":"Point","coordinates":[-121.890564002,37.3361664930001]},"properties":{"OBJECTID":788,"stop_id":"Future_BART_Station_DowntownSanJose1","station_id":"Future_BART_Station_DowntownSanJose","location_type":0,"stop_name":"Downtown San Jose BART (Future)","agency_id":"BA","agency_name":"BA","route_short_name":null,"route_type":null,"tod_tier":"Tier 1"}},{"type":"Feature","id":789,"geometry":{"type":"Point","coordinates":[-121.953551274,37.5309095580001]},"properties":{"OBJECTID":789,"stop_id":"Future_BART_Station_Irvington1","station_id":"Future_BART_Station_Irvington","location_type":0,"stop_name":"Irvington BART (Future)","agency_id":"BA","agency_name":"BA","route_short_name":null,"route_type":null,"tod_tier":"Tier 1"}},{"type":"Feature","id":790,"geometry":{"type":"Point","coordinates":[-121.936408683,37.3545834500001]},"properties":{"OBJECTID":790,"stop_id":"Future_BART_Station_SantaClara1","station_id":"Future_BART_Station_SantaClara","location_type":0,"stop_name":"Santa Clara BART (Future)","agency_id":"BA","agency_name":"BA","route_short_name":null,"route_type":null,"tod_tier":"Tier 1"}},{"type":"Feature","id":791,"geometry":{"type":"Point","coordinates":[-122.367291475,37.7255548260001]},"properties":{"OBJECTID":791,"stop_id":"mtc:future-brt-spear-cochrane","station_id":"mtc:future-brt-station-spear-cochrane","location_type":0,"stop_name":"Spear Ave & Cochrane St BRT Stop (Future)","agency_id":"SF","agency_name":"San Francisco Municipal Transportation Agency","route_short_name":null,"route_type":null,"tod_tier":"Tier 2"}},{"type":"Feature","id":792,"geometry":{"type":"Point","coordinates":[-122.372691442,37.7257510150001]},"properties":{"OBJECTID":792,"stop_id":"mtc:future-brt-crispt","station_id":"mtc:future-brt-station-crisp","location_type":0,"stop_name":"Crisp Rd BRT Stop (Future)","agency_id":"SF","agency_name":"San Francisco Municipal Transportation Agency","route_short_name":null,"route_type":null,"tod_tier":"Tier 2"}},{"type":"Feature","id":793,"geometry":{"type":"Point","coordinates":[-122.378414998,37.725948321]},"properties":{"OBJECTID":793,"stop_id":"mtc:future-brt-fitch-quesanda","station_id":" mtc:future-brt-station-fitch-quesanda","location_type":0,"stop_name":"Fitch St & Quesanda Ave BRT Stop (Future)","agency_id":"SF","agency_name":"San Francisco Municipal Transportation Agency","route_short_name":null,"route_type":null,"tod_tier":"Tier 2"}},{"type":"Feature","id":794,"geometry":{"type":"Point","coordinates":[-122.384610831,37.719068506]},"properties":{"OBJECTID":794,"stop_id":"mtc:future-brt-donner-arelious-walker","station_id":" mtc:future-brt-station-donner-arelious-walker","location_type":0,"stop_name":"Donner Ave & Arelious Walker Dr BRT Stop (Future)","agency_id":"SF","agency_name":"San Francisco Municipal Transportation Agency","route_short_name":null,"route_type":null,"tod_tier":"Tier 2"}},{"type":"Feature","id":795,"geometry":{"type":"Point","coordinates":[-122.380461747,37.71683676]},"properties":{"OBJECTID":795,"stop_id":"mtc:future-brt-donner-harney","station_id":" mtc:future-brt-station-donner-harney","location_type":0,"stop_name":"Donner Ave & Harney Way BRT Stop (Future)","agency_id":"SF","agency_name":"San Francisco Municipal Transportation Agency","route_short_name":null,"route_type":null,"tod_tier":"Tier 2"}},{"type":"Feature","id":796,"geometry":{"type":"Point","coordinates":[-122.383410161,37.7136074580001]},"properties":{"OBJECTID":796,"stop_id":"mtc:future-brt-ingerson-harney","station_id":" mtc:future-brt-station-ingerson-harney","location_type":0,"stop_name":"Ingerson Ave & Harney Way BRT Stop (Future)","agency_id":"SF","agency_name":"San Francisco Municipal Transportation Agency","route_short_name":null,"route_type":null,"tod_tier":"Tier 2"}},{"type":"Feature","id":797,"geometry":{"type":"Point","coordinates":[-122.255213581,37.8692814360001]},"properties":{"OBJECTID":797,"stop_id":"59555","station_id":"mtc:station_bancroft_college","location_type":0,"stop_name":"Bancroft Way & College Ave","agency_id":"AC","agency_name":"AC TRANSIT","route_short_name":null,"route_type":"3","tod_tier":"Tier 2"}},{"type":"Feature","id":798,"geometry":{"type":"Point","coordinates":[-122.077214336,37.395110641]},"properties":{"OBJECTID":798,"stop_id":"mtc:downtown-mountain-view-station","station_id":"mtc:downtown-mountain-view-station","location_type":0,"stop_name":"Downtown Mountain View Station","agency_id":"SC","agency_name":"VTA","route_short_name":"Orange Line, OrangeW","route_type":"0","tod_tier":"Tier 2"}}]}