{"type":"FeatureCollection","features":[{"type":"Feature","id":1,"geometry":{"type":"Point","coordinates":[-118.59682825718497,34.190607851073871]},"properties":{"OBJECTID":1,"CITY":"Los Angeles","STOP_NAME":"Canoga Station","STOP_ID":"15458","TRN_MODE":"BRT","TRN_LINE":"G","SB79_TIER":"T2","HQTC_15M":" ","SOURCE":"GTFS (March 2026)","NAME":"Tier 2","YEAR":2026,"ML_FREQ":0,"PS_FREQ":0,"CR_FREQ":0,"FT_BRT_COR":" ","FT_BRT_CO1":" ","FT_BRT_CO2":" "}},{"type":"Feature","id":2,"geometry":{"type":"Point","coordinates":[-118.59624825725803,34.190978851162271]},"properties":{"OBJECTID":2,"CITY":"Los Angeles","STOP_NAME":"Canoga Station (SB)","STOP_ID":"15432","TRN_MODE":"BRT","TRN_LINE":"G","SB79_TIER":"T2","HQTC_15M":" ","SOURCE":"GTFS (March 2026)","NAME":"Tier 2","YEAR":2026,"ML_FREQ":0,"PS_FREQ":0,"CR_FREQ":0,"FT_BRT_COR":" ","FT_BRT_CO1":" ","FT_BRT_CO2":" "}},{"type":"Feature","id":3,"geometry":{"type":"Point","coordinates":[-118.59615725708385,34.191240851079058]},"properties":{"OBJECTID":3,"CITY":"Los Angeles","STOP_NAME":"Canoga Station (NB)","STOP_ID":"15444","TRN_MODE":"BRT","TRN_LINE":"G","SB79_TIER":"T2","HQTC_15M":" ","SOURCE":"GTFS (March 2026)","NAME":"Tier 2","YEAR":2026,"ML_FREQ":0,"PS_FREQ":0,"CR_FREQ":0,"FT_BRT_COR":" ","FT_BRT_CO1":" ","FT_BRT_CO2":" "}},{"type":"Feature","id":4,"geometry":{"type":"Point","coordinates":[-118.58925825578338,34.188740851685878]},"properties":{"OBJECTID":4,"CITY":"Los Angeles","STOP_NAME":"De Soto Station (WB)","STOP_ID":"15438","TRN_MODE":"BRT","TRN_LINE":"G","SB79_TIER":"T2","HQTC_15M":" ","SOURCE":"GTFS (March 2026)","NAME":"Tier 2","YEAR":2026,"ML_FREQ":0,"PS_FREQ":0,"CR_FREQ":0,"FT_BRT_COR":" ","FT_BRT_CO1":" ","FT_BRT_CO2":" "}},{"type":"Feature","id":5,"geometry":{"type":"Point","coordinates":[-118.587673255327,34.188572851288697]},"properties":{"OBJECTID":5,"CITY":"Los Angeles","STOP_NAME":"De Soto Station (EB)","STOP_ID":"15453","TRN_MODE":"BRT","TRN_LINE":"G","SB79_TIER":"T2","HQTC_15M":" ","SOURCE":"GTFS (March 2026)","NAME":"Tier 2","YEAR":2026,"ML_FREQ":0,"PS_FREQ":0,"CR_FREQ":0,"FT_BRT_COR":" ","FT_BRT_CO1":" ","FT_BRT_CO2":" "}},{"type":"Feature","id":6,"geometry":{"type":"Point","coordinates":[-118.59721725814718,34.200280851820295]},"properties":{"OBJECTID":6,"CITY":"Los Angeles","STOP_NAME":"Sherman Way Station (EB)","STOP_ID":"15600","TRN_MODE":"BRT","TRN_LINE":"G","SB79_TIER":"T2","HQTC_15M":" ","SOURCE":"GTFS (March 2026)","NAME":"Tier 2","YEAR":2026,"ML_FREQ":0,"PS_FREQ":0,"CR_FREQ":0,"FT_BRT_COR":" ","FT_BRT_CO1":" ","FT_BRT_CO2":" "}},{"type":"Feature","id":7,"geometry":{"type":"Point","coordinates":[-118.59707125826989,34.200578852286426]},"properties":{"OBJECTID":7,"CITY":"Los Angeles","STOP_NAME":"Sherman Way Station (NB)","STOP_ID":"15601","TRN_MODE":"BRT","TRN_LINE":"G","SB79_TIER":"T2","HQTC_15M":" ","SOURCE":"GTFS (March 2026)","NAME":"Tier 2","YEAR":2026,"ML_FREQ":0,"PS_FREQ":0,"CR_FREQ":0,"FT_BRT_COR":" ","FT_BRT_CO1":" ","FT_BRT_CO2":" "}},{"type":"Feature","id":8,"geometry":{"type":"Point","coordinates":[-118.57167425284365,34.187475851831245]},"properties":{"OBJECTID":8,"CITY":"Los Angeles","STOP_NAME":"Pierce College Station (WB)","STOP_ID":"15312","TRN_MODE":"BRT","TRN_LINE":"G","SB79_TIER":"T2","HQTC_15M":" ","SOURCE":"GTFS (March 2026)","NAME":"Tier 2","YEAR":2026,"ML_FREQ":0,"PS_FREQ":0,"CR_FREQ":0,"FT_BRT_COR":" ","FT_BRT_CO1":" ","FT_BRT_CO2":" "}},{"type":"Feature","id":9,"geometry":{"type":"Point","coordinates":[-118.57022525273003,34.186877852220995]},"properties":{"OBJECTID":9,"CITY":"Los Angeles","STOP_NAME":"Pierce College Station (EB)","STOP_ID":"15313","TRN_MODE":"BRT","TRN_LINE":"G","SB79_TIER":"T2","HQTC_15M":" ","SOURCE":"GTFS (March 2026)","NAME":"Tier 2","YEAR":2026,"ML_FREQ":0,"PS_FREQ":0,"CR_FREQ":0,"FT_BRT_COR":" ","FT_BRT_CO1":" ","FT_BRT_CO2":" "}},{"type":"Feature","id":10,"geometry":{"type":"Point","coordinates":[-118.55272424918505,34.180968852216893]},"properties":{"OBJECTID":10,"CITY":"Los Angeles","STOP_NAME":"Tampa Station (EB)","STOP_ID":"15436","TRN_MODE":"BRT","TRN_LINE":"G","SB79_TIER":"T2","HQTC_15M":" ","SOURCE":"GTFS (March 2026)","NAME":"Tier 2","YEAR":2026,"ML_FREQ":0,"PS_FREQ":0,"CR_FREQ":0,"FT_BRT_COR":" ","FT_BRT_CO1":" ","FT_BRT_CO2":" "}},{"type":"Feature","id":11,"geometry":{"type":"Point","coordinates":[-118.55419924924169,34.181566852251898]},"properties":{"OBJECTID":11,"CITY":"Los Angeles","STOP_NAME":"Tampa Station (WB)","STOP_ID":"15435","TRN_MODE":"BRT","TRN_LINE":"G","SB79_TIER":"T2","HQTC_15M":" ","SOURCE":"GTFS (March 2026)","NAME":"Tier 2","YEAR":2026,"ML_FREQ":0,"PS_FREQ":0,"CR_FREQ":0,"FT_BRT_COR":" ","FT_BRT_CO1":" ","FT_BRT_CO2":" "}},{"type":"Feature","id":12,"geometry":{"type":"Point","coordinates":[-118.53681624687357,34.180449852972352]},"properties":{"OBJECTID":12,"CITY":"Los Angeles","STOP_NAME":"Reseda Station (WB)","STOP_ID":"15415","TRN_MODE":"BRT","TRN_LINE":"G","SB79_TIER":"T2","HQTC_15M":" ","SOURCE":"GTFS (March 2026)","NAME":"Tier 2","YEAR":2026,"ML_FREQ":0,"PS_FREQ":0,"CR_FREQ":0,"FT_BRT_COR":" ","FT_BRT_CO1":" ","FT_BRT_CO2":" "}},{"type":"Feature","id":13,"geometry":{"type":"Point","coordinates":[-118.53525224613375,34.180343853033065]},"properties":{"OBJECTID":13,"CITY":"Los Angeles","STOP_NAME":"Reseda Station (EB)","STOP_ID":"15416","TRN_MODE":"BRT","TRN_LINE":"G","SB79_TIER":"T2","HQTC_15M":" ","SOURCE":"GTFS (March 2026)","NAME":"Tier 2","YEAR":2026,"ML_FREQ":0,"PS_FREQ":0,"CR_FREQ":0,"FT_BRT_COR":" ","FT_BRT_CO1":" ","FT_BRT_CO2":" "}},{"type":"Feature","id":14,"geometry":{"type":"Point","coordinates":[-118.50073024072218,34.185976856404409]},"properties":{"OBJECTID":14,"CITY":"Los Angeles","STOP_NAME":"Balboa Station (WB)","STOP_ID":"15515","TRN_MODE":"BRT","TRN_LINE":"G","SB79_TIER":"T2","HQTC_15M":" ","SOURCE":"GTFS (March 2026)","NAME":"Tier 2","YEAR":2026,"ML_FREQ":0,"PS_FREQ":0,"CR_FREQ":0,"FT_BRT_COR":" ","FT_BRT_CO1":" ","FT_BRT_CO2":" "}},{"type":"Feature","id":15,"geometry":{"type":"Point","coordinates":[-118.50032324062319,34.185884855964716]},"properties":{"OBJECTID":15,"CITY":"Los Angeles","STOP_NAME":"Balboa Station (EB)","STOP_ID":"15516","TRN_MODE":"BRT","TRN_LINE":"G","SB79_TIER":"T2","HQTC_15M":" ","SOURCE":"GTFS (March 2026)","NAME":"Tier 2","YEAR":2026,"ML_FREQ":0,"PS_FREQ":0,"CR_FREQ":0,"FT_BRT_COR":" ","FT_BRT_CO1":" ","FT_BRT_CO2":" "}},{"type":"Feature","id":16,"geometry":{"type":"Point","coordinates":[-118.59730225992655,34.219051854423121]},"properties":{"OBJECTID":16,"CITY":"Los Angeles","STOP_NAME":"Roscoe Station (EB)","STOP_ID":"15590","TRN_MODE":"BRT","TRN_LINE":"G","SB79_TIER":"T2","HQTC_15M":" ","SOURCE":"GTFS (March 2026)","NAME":"Tier 2","YEAR":2026,"ML_FREQ":0,"PS_FREQ":0,"CR_FREQ":0,"FT_BRT_COR":" ","FT_BRT_CO1":" ","FT_BRT_CO2":" "}},{"type":"Feature","id":17,"geometry":{"type":"Point","coordinates":[-118.59718326006009,34.220497854251285]},"properties":{"OBJECTID":17,"CITY":"Los Angeles","STOP_NAME":"Roscoe Station (NB)","STOP_ID":"15607","TRN_MODE":"BRT","TRN_LINE":"G","SB79_TIER":"T2","HQTC_15M":" ","SOURCE":"GTFS (March 2026)","NAME":"Tier 2","YEAR":2026,"ML_FREQ":0,"PS_FREQ":0,"CR_FREQ":0,"FT_BRT_COR":" ","FT_BRT_CO1":" ","FT_BRT_CO2":" "}},{"type":"Feature","id":18,"geometry":{"type":"Point","coordinates":[-118.59733826121128,34.234692855968923]},"properties":{"OBJECTID":18,"CITY":"Los Angeles","STOP_NAME":"Nordhoff Station (EB)","STOP_ID":"15575","TRN_MODE":"BRT","TRN_LINE":"G","SB79_TIER":"T2","HQTC_15M":" ","SOURCE":"GTFS (March 2026)","NAME":"Tier 2","YEAR":2026,"ML_FREQ":0,"PS_FREQ":0,"CR_FREQ":0,"FT_BRT_COR":" ","FT_BRT_CO1":" ","FT_BRT_CO2":" "}},{"type":"Feature","id":19,"geometry":{"type":"Point","coordinates":[-118.59720626142166,34.236133856128347]},"properties":{"OBJECTID":19,"CITY":"Los Angeles","STOP_NAME":"Nordhoff Station (NB)","STOP_ID":"15608","TRN_MODE":"BRT","TRN_LINE":"G","SB79_TIER":"T2","HQTC_15M":" ","SOURCE":"GTFS (March 2026)","NAME":"Tier 2","YEAR":2026,"ML_FREQ":0,"PS_FREQ":0,"CR_FREQ":0,"FT_BRT_COR":" ","FT_BRT_CO1":" ","FT_BRT_CO2":" "}},{"type":"Feature","id":20,"geometry":{"type":"Point","coordinates":[-118.59934226305647,34.252071857640608]},"properties":{"OBJECTID":20,"CITY":"Los Angeles","STOP_NAME":"Chatsworth Station","STOP_ID":"15568","TRN_MODE":"BRT","TRN_LINE":"G","SB79_TIER":"T2","HQTC_15M":" ","SOURCE":"GTFS (March 2026)","NAME":"Tier 2","YEAR":2026,"ML_FREQ":0,"PS_FREQ":0,"CR_FREQ":0,"FT_BRT_COR":" ","FT_BRT_CO1":" ","FT_BRT_CO2":" "}},{"type":"Feature","id":21,"geometry":{"type":"Point","coordinates":[-118.48444423838498,34.186292857442147]},"properties":{"OBJECTID":21,"CITY":"Los Angeles","STOP_NAME":"Woodley Station (WB)","STOP_ID":"15588","TRN_MODE":"BRT","TRN_LINE":"G","SB79_TIER":"T2","HQTC_15M":" ","SOURCE":"GTFS (March 2026)","NAME":"Tier 2","YEAR":2026,"ML_FREQ":0,"PS_FREQ":0,"CR_FREQ":0,"FT_BRT_COR":" ","FT_BRT_CO1":" ","FT_BRT_CO2":" "}},{"type":"Feature","id":22,"geometry":{"type":"Point","coordinates":[-118.4828662379126,34.186197857523098]},"properties":{"OBJECTID":22,"CITY":"Los Angeles","STOP_NAME":"Woodley Station (EB)","STOP_ID":"15606","TRN_MODE":"BRT","TRN_LINE":"G","SB79_TIER":"T2","HQTC_15M":" ","SOURCE":"GTFS (March 2026)","NAME":"Tier 2","YEAR":2026,"ML_FREQ":0,"PS_FREQ":0,"CR_FREQ":0,"FT_BRT_COR":" ","FT_BRT_CO1":" ","FT_BRT_CO2":" "}},{"type":"Feature","id":23,"geometry":{"type":"Point","coordinates":[-118.46903823515046,34.180901857220292]},"properties":{"OBJECTID":23,"CITY":"Los Angeles","STOP_NAME":"Sepulveda Station (WB)","STOP_ID":"15535","TRN_MODE":"BRT","TRN_LINE":"G","SB79_TIER":"T2","HQTC_15M":" ","SOURCE":"GTFS (March 2026)","NAME":"Tier 2","YEAR":2026,"ML_FREQ":0,"PS_FREQ":0,"CR_FREQ":0,"FT_BRT_COR":" ","FT_BRT_CO1":" ","FT_BRT_CO2":" "}},{"type":"Feature","id":24,"geometry":{"type":"Point","coordinates":[-118.4687322350379,34.180688857002821]},"properties":{"OBJECTID":24,"CITY":"Los Angeles","STOP_NAME":"Sepulveda Station (EB)","STOP_ID":"15539","TRN_MODE":"BRT","TRN_LINE":"G","SB79_TIER":"T2","HQTC_15M":" ","SOURCE":"GTFS (March 2026)","NAME":"Tier 2","YEAR":2026,"ML_FREQ":0,"PS_FREQ":0,"CR_FREQ":0,"FT_BRT_COR":" ","FT_BRT_CO1":" ","FT_BRT_CO2":" "}},{"type":"Feature","id":25,"geometry":{"type":"Point","coordinates":[-118.44785523224698,34.18051685851696]},"properties":{"OBJECTID":25,"CITY":"Los Angeles","STOP_NAME":"Van Nuys (EB)","STOP_ID":" ","TRN_MODE":"BRT","TRN_LINE":"G","SB79_TIER":"T2","HQTC_15M":" ","SOURCE":" ","NAME":"Tier 2","YEAR":2026,"ML_FREQ":0,"PS_FREQ":0,"CR_FREQ":0,"FT_BRT_COR":" ","FT_BRT_CO1":" ","FT_BRT_CO2":" "}},{"type":"Feature","id":26,"geometry":{"type":"Point","coordinates":[-118.44826523224293,34.180644858302117]},"properties":{"OBJECTID":26,"CITY":"Los Angeles","STOP_NAME":"Van Nuys (WB)","STOP_ID":" ","TRN_MODE":"BRT","TRN_LINE":"G","SB79_TIER":"T2","HQTC_15M":" ","SOURCE":" ","NAME":"Tier 2","YEAR":2026,"ML_FREQ":0,"PS_FREQ":0,"CR_FREQ":0,"FT_BRT_COR":" ","FT_BRT_CO1":" ","FT_BRT_CO2":" "}},{"type":"Feature","id":27,"geometry":{"type":"Point","coordinates":[-118.42945022904247,34.17885385905339]},"properties":{"OBJECTID":27,"CITY":"Los Angeles","STOP_NAME":"Woodman Station (EB)","STOP_ID":"15584","TRN_MODE":"BRT","TRN_LINE":"G","SB79_TIER":"T2","HQTC_15M":" ","SOURCE":"GTFS (March 2026)","NAME":"Tier 2","YEAR":2026,"ML_FREQ":0,"PS_FREQ":0,"CR_FREQ":0,"FT_BRT_COR":" ","FT_BRT_CO1":" ","FT_BRT_CO2":" "}},{"type":"Feature","id":28,"geometry":{"type":"Point","coordinates":[-118.42961722878954,34.179168858951506]},"properties":{"OBJECTID":28,"CITY":"Los Angeles","STOP_NAME":"Woodman Station (WB)","STOP_ID":"15583","TRN_MODE":"BRT","TRN_LINE":"G","SB79_TIER":"T2","HQTC_15M":" ","SOURCE":"GTFS (March 2026)","NAME":"Tier 2","YEAR":2026,"ML_FREQ":0,"PS_FREQ":0,"CR_FREQ":0,"FT_BRT_COR":" ","FT_BRT_CO1":" ","FT_BRT_CO2":" "}},{"type":"Feature","id":29,"geometry":{"type":"Point","coordinates":[-118.42292922701951,34.172882859371214]},"properties":{"OBJECTID":29,"CITY":"Los Angeles","STOP_NAME":"Valley College Station (WB)","STOP_ID":"15661","TRN_MODE":"BRT","TRN_LINE":"G","SB79_TIER":"T2","HQTC_15M":" ","SOURCE":"GTFS (March 2026)","NAME":"Tier 2","YEAR":2026,"ML_FREQ":0,"PS_FREQ":0,"CR_FREQ":0,"FT_BRT_COR":" ","FT_BRT_CO1":" ","FT_BRT_CO2":" "}},{"type":"Feature","id":30,"geometry":{"type":"Point","coordinates":[-118.42179922732917,34.171669858552328]},"properties":{"OBJECTID":30,"CITY":"Los Angeles","STOP_NAME":"Valley College Station (EB)","STOP_ID":"15624","TRN_MODE":"BRT","TRN_LINE":"G","SB79_TIER":"T2","HQTC_15M":" ","SOURCE":"GTFS (March 2026)","NAME":"Tier 2","YEAR":2026,"ML_FREQ":0,"PS_FREQ":0,"CR_FREQ":0,"FT_BRT_COR":" ","FT_BRT_CO1":" ","FT_BRT_CO2":" "}},{"type":"Feature","id":31,"geometry":{"type":"Point","coordinates":[-118.39731322283492,34.168575860238981]},"properties":{"OBJECTID":31,"CITY":"Los Angeles","STOP_NAME":"Laurel Canyon Station (WB)","STOP_ID":"15611","TRN_MODE":"BRT","TRN_LINE":"G","SB79_TIER":"T2","HQTC_15M":" ","SOURCE":"GTFS (March 2026)","NAME":"Tier 2","YEAR":2026,"ML_FREQ":0,"PS_FREQ":0,"CR_FREQ":0,"FT_BRT_COR":" ","FT_BRT_CO1":" ","FT_BRT_CO2":" "}},{"type":"Feature","id":32,"geometry":{"type":"Point","coordinates":[-118.39568922225496,34.168474859807034]},"properties":{"OBJECTID":32,"CITY":"Los Angeles","STOP_NAME":"Laurel Canyon Station (EB)","STOP_ID":"15617","TRN_MODE":"BRT","TRN_LINE":"G","SB79_TIER":"T2","HQTC_15M":" ","SOURCE":"GTFS (March 2026)","NAME":"Tier 2","YEAR":2026,"ML_FREQ":0,"PS_FREQ":0,"CR_FREQ":0,"FT_BRT_COR":" ","FT_BRT_CO1":" ","FT_BRT_CO2":" "}},{"type":"Feature","id":33,"geometry":{"type":"Point","coordinates":[-118.37799921973244,34.168467861306311]},"properties":{"OBJECTID":33,"CITY":"Los Angeles","STOP_NAME":"North Hollywood Station","STOP_ID":"15684","TRN_MODE":"BRT","TRN_LINE":"G","SB79_TIER":"T2","HQTC_15M":" ","SOURCE":"GTFS (March 2026)","NAME":"Tier 2","YEAR":2026,"ML_FREQ":0,"PS_FREQ":0,"CR_FREQ":0,"FT_BRT_COR":" ","FT_BRT_CO1":" ","FT_BRT_CO2":" "}},{"type":"Feature","id":34,"geometry":{"type":"Point","coordinates":[-118.37039121716073,34.16181286125191]},"properties":{"OBJECTID":34,"CITY":"Los Angeles","STOP_NAME":"Vineland/Hesby (EB)","STOP_ID":" ","TRN_MODE":"BRT","TRN_LINE":"NoHo2Pas","SB79_TIER":"T2","HQTC_15M":" ","SOURCE":"LA Metro","NAME":"Tier 2","YEAR":2026,"ML_FREQ":0,"PS_FREQ":0,"CR_FREQ":0,"FT_BRT_COR":" ","FT_BRT_CO1":" ","FT_BRT_CO2":" "}},{"type":"Feature","id":35,"geometry":{"type":"Point","coordinates":[-118.308453208439,34.181011866552517]},"properties":{"OBJECTID":35,"CITY":"Burbank","STOP_NAME":"Olive/San Fernando (EB)","STOP_ID":" ","TRN_MODE":"BRT","TRN_LINE":"NoHo2Pas","SB79_TIER":"T2","HQTC_15M":" ","SOURCE":"LA Metro","NAME":"Tier 2","YEAR":2026,"ML_FREQ":0,"PS_FREQ":0,"CR_FREQ":0,"FT_BRT_COR":" ","FT_BRT_CO1":" ","FT_BRT_CO2":" "}},{"type":"Feature","id":36,"geometry":{"type":"Point","coordinates":[-118.29723620677099,34.176563867046774]},"properties":{"OBJECTID":36,"CITY":"Burbank","STOP_NAME":"Glenaoks/Alameda (EB)","STOP_ID":" ","TRN_MODE":"BRT","TRN_LINE":"NoHo2Pas","SB79_TIER":"T2","HQTC_15M":" ","SOURCE":"LA Metro","NAME":"Tier 2","YEAR":2026,"ML_FREQ":0,"PS_FREQ":0,"CR_FREQ":0,"FT_BRT_COR":" ","FT_BRT_CO1":" ","FT_BRT_CO2":" "}},{"type":"Feature","id":37,"geometry":{"type":"Point","coordinates":[-118.26358619895042,34.159419866463274]},"properties":{"OBJECTID":37,"CITY":"Glendale","STOP_NAME":"Glenoaks/Pacific (EB)","STOP_ID":" ","TRN_MODE":"BRT","TRN_LINE":"NoHo2Pas","SB79_TIER":"T2","HQTC_15M":" ","SOURCE":"LA Metro","NAME":"Tier 2","YEAR":2026,"ML_FREQ":0,"PS_FREQ":0,"CR_FREQ":0,"FT_BRT_COR":" ","FT_BRT_CO1":" ","FT_BRT_CO2":" "}},{"type":"Feature","id":38,"geometry":{"type":"Point","coordinates":[-118.25810419786104,34.151450866489157]},"properties":{"OBJECTID":38,"CITY":"Glendale","STOP_NAME":"Central/Lexington (EB)","STOP_ID":" ","TRN_MODE":"BRT","TRN_LINE":"NoHo2Pas","SB79_TIER":"T2","HQTC_15M":" ","SOURCE":"LA Metro","NAME":"Tier 2","YEAR":2026,"ML_FREQ":0,"PS_FREQ":0,"CR_FREQ":0,"FT_BRT_COR":" ","FT_BRT_CO1":" ","FT_BRT_CO2":" "}},{"type":"Feature","id":39,"geometry":{"type":"Point","coordinates":[-118.31396720886889,34.175779866046007]},"properties":{"OBJECTID":39,"CITY":"Burbank","STOP_NAME":"Olive/Lake (EB)","STOP_ID":" ","TRN_MODE":"BRT","TRN_LINE":"NoHo2Pas","SB79_TIER":"T2","HQTC_15M":" ","SOURCE":"LA Metro","NAME":"Tier 2","YEAR":2026,"ML_FREQ":0,"PS_FREQ":0,"CR_FREQ":0,"FT_BRT_COR":" ","FT_BRT_CO1":" ","FT_BRT_CO2":" "}},{"type":"Feature","id":40,"geometry":{"type":"Point","coordinates":[-118.28120720248381,34.164905866635252]},"properties":{"OBJECTID":40,"CITY":"Glendale","STOP_NAME":"Glenoaks/Grandview (EB)","STOP_ID":" ","TRN_MODE":"BRT","TRN_LINE":"NoHo2Pas","SB79_TIER":"T2","HQTC_15M":" ","SOURCE":"LA Metro","NAME":"Tier 2","YEAR":2026,"ML_FREQ":0,"PS_FREQ":0,"CR_FREQ":0,"FT_BRT_COR":" ","FT_BRT_CO1":" ","FT_BRT_CO2":" "}},{"type":"Feature","id":41,"geometry":{"type":"Point","coordinates":[-118.21365418890166,34.139149867019228]},"properties":{"OBJECTID":41,"CITY":"Los Angeles","STOP_NAME":"Colorado/Caspar (WB)","STOP_ID":" ","TRN_MODE":"BRT","TRN_LINE":"NoHo2Pas","SB79_TIER":"T2","HQTC_15M":" ","SOURCE":"LA Metro","NAME":"Tier 2","YEAR":2026,"ML_FREQ":0,"PS_FREQ":0,"CR_FREQ":0,"FT_BRT_COR":" ","FT_BRT_CO1":" ","FT_BRT_CO2":" "}},{"type":"Feature","id":42,"geometry":{"type":"Point","coordinates":[-118.20301918796414,34.139407867962582]},"properties":{"OBJECTID":42,"CITY":"Los Angeles","STOP_NAME":"Colorado/Mount Royal (EB)","STOP_ID":" ","TRN_MODE":"BRT","TRN_LINE":"NoHo2Pas","SB79_TIER":"T2","HQTC_15M":" ","SOURCE":"LA Metro","NAME":"Tier 2","YEAR":2026,"ML_FREQ":0,"PS_FREQ":0,"CR_FREQ":0,"FT_BRT_COR":" ","FT_BRT_CO1":" ","FT_BRT_CO2":" "}},{"type":"Feature","id":43,"geometry":{"type":"Point","coordinates":[-118.28952220495157,34.170967866541083]},"properties":{"OBJECTID":43,"CITY":"Glendale","STOP_NAME":"Glenoaks/Western (EB)","STOP_ID":" ","TRN_MODE":"BRT","TRN_LINE":"NoHo2Pas","SB79_TIER":"T2","HQTC_15M":" ","SOURCE":"LA Metro","NAME":"Tier 2","YEAR":2026,"ML_FREQ":0,"PS_FREQ":0,"CR_FREQ":0,"FT_BRT_COR":" ","FT_BRT_CO1":" ","FT_BRT_CO2":" "}},{"type":"Feature","id":44,"geometry":{"type":"Point","coordinates":[-118.32268020968486,34.167866864128392]},"properties":{"OBJECTID":44,"CITY":"Burbank","STOP_NAME":"Olive/Verdugo (WB)","STOP_ID":" ","TRN_MODE":"BRT","TRN_LINE":"NoHo2Pas","SB79_TIER":"T2","HQTC_15M":" ","SOURCE":"LA Metro","NAME":"Tier 2","YEAR":2026,"ML_FREQ":0,"PS_FREQ":0,"CR_FREQ":0,"FT_BRT_COR":" ","FT_BRT_CO1":" ","FT_BRT_CO2":" "}},{"type":"Feature","id":45,"geometry":{"type":"Point","coordinates":[-118.32245921021295,34.167728864405838]},"properties":{"OBJECTID":45,"CITY":"Burbank","STOP_NAME":"Olive/Verdugo (EB)","STOP_ID":" ","TRN_MODE":"BRT","TRN_LINE":"NoHo2Pas","SB79_TIER":"T2","HQTC_15M":" ","SOURCE":"LA Metro","NAME":"Tier 2","YEAR":2026,"ML_FREQ":0,"PS_FREQ":0,"CR_FREQ":0,"FT_BRT_COR":" ","FT_BRT_CO1":" ","FT_BRT_CO2":" "}},{"type":"Feature","id":46,"geometry":{"type":"Point","coordinates":[-118.25438619672829,34.146209866010238]},"properties":{"OBJECTID":46,"CITY":"Glendale","STOP_NAME":"Broadway/Brand (EB)","STOP_ID":" ","TRN_MODE":"BRT","TRN_LINE":"NoHo2Pas","SB79_TIER":"T2","HQTC_15M":" ","SOURCE":"LA Metro","NAME":"Tier 2","YEAR":2026,"ML_FREQ":0,"PS_FREQ":0,"CR_FREQ":0,"FT_BRT_COR":" ","FT_BRT_CO1":" ","FT_BRT_CO2":" "}},{"type":"Feature","id":47,"geometry":{"type":"Point","coordinates":[-118.24686819518428,34.146275865901622]},"properties":{"OBJECTID":47,"CITY":"Glendale","STOP_NAME":"Broadway/Glendale (EB)","STOP_ID":" ","TRN_MODE":"BRT","TRN_LINE":"NoHo2Pas","SB79_TIER":"T2","HQTC_15M":" ","SOURCE":"LA Metro","NAME":"Tier 2","YEAR":2026,"ML_FREQ":0,"PS_FREQ":0,"CR_FREQ":0,"FT_BRT_COR":" ","FT_BRT_CO1":" ","FT_BRT_CO2":" "}},{"type":"Feature","id":48,"geometry":{"type":"Point","coordinates":[-118.23452119296925,34.146085866481023]},"properties":{"OBJECTID":48,"CITY":"Glendale","STOP_NAME":"Broadway/Verdugo (EB)","STOP_ID":" ","TRN_MODE":"BRT","TRN_LINE":"NoHo2Pas","SB79_TIER":"T2","HQTC_15M":" ","SOURCE":"LA Metro","NAME":"Tier 2","YEAR":2026,"ML_FREQ":0,"PS_FREQ":0,"CR_FREQ":0,"FT_BRT_COR":" ","FT_BRT_CO1":" ","FT_BRT_CO2":" "}},{"type":"Feature","id":49,"geometry":{"type":"Point","coordinates":[-118.22427819135305,34.142839867260548]},"properties":{"OBJECTID":49,"CITY":"Los Angeles","STOP_NAME":"Colorado/Broadway (WB)","STOP_ID":" ","TRN_MODE":"BRT","TRN_LINE":"NoHo2Pas","SB79_TIER":"T2","HQTC_15M":" ","SOURCE":"LA Metro","NAME":"Tier 2","YEAR":2026,"ML_FREQ":0,"PS_FREQ":0,"CR_FREQ":0,"FT_BRT_COR":" ","FT_BRT_CO1":" ","FT_BRT_CO2":" "}},{"type":"Feature","id":50,"geometry":{"type":"Point","coordinates":[-118.37023621790077,34.162427861131]},"properties":{"OBJECTID":50,"CITY":"Los Angeles","STOP_NAME":"Vineland/Hesby (WB)","STOP_ID":" ","TRN_MODE":"BRT","TRN_LINE":"NoHo2Pas","SB79_TIER":"T2","HQTC_15M":" ","SOURCE":"LA Metro","NAME":"Tier 2","YEAR":2026,"ML_FREQ":0,"PS_FREQ":0,"CR_FREQ":0,"FT_BRT_COR":" ","FT_BRT_CO1":" ","FT_BRT_CO2":" "}},{"type":"Feature","id":51,"geometry":{"type":"Point","coordinates":[-118.33902221145927,34.152419861178913]},"properties":{"OBJECTID":51,"CITY":"Burbank","STOP_NAME":"Olive/Riverside (WB)","STOP_ID":" ","TRN_MODE":"BRT","TRN_LINE":"NoHo2Pas","SB79_TIER":"T2","HQTC_15M":" ","SOURCE":"LA Metro","NAME":"Tier 2","YEAR":2026,"ML_FREQ":0,"PS_FREQ":0,"CR_FREQ":0,"FT_BRT_COR":" ","FT_BRT_CO1":" ","FT_BRT_CO2":" "}},{"type":"Feature","id":52,"geometry":{"type":"Point","coordinates":[-118.29187518803936,33.959574843136224]},"properties":{"OBJECTID":52,"CITY":"Los Angeles","STOP_NAME":"Vermont/Manchester (SB)","STOP_ID":" ","TRN_MODE":"BRT","TRN_LINE":"Vermont BRT","SB79_TIER":"T2","HQTC_15M":" ","SOURCE":"LA Metro","NAME":"Tier 2","YEAR":2026,"ML_FREQ":0,"PS_FREQ":0,"CR_FREQ":0,"FT_BRT_COR":" ","FT_BRT_CO1":" ","FT_BRT_CO2":" "}},{"type":"Feature","id":53,"geometry":{"type":"Point","coordinates":[-118.29149218568475,33.928697840076126]},"properties":{"OBJECTID":53,"CITY":"Los Angeles","STOP_NAME":"Vermont/Athens (NB)","STOP_ID":" ","TRN_MODE":"BRT","TRN_LINE":"Vermont BRT","SB79_TIER":"T2","HQTC_15M":" ","SOURCE":"LA Metro","NAME":"Tier 2","YEAR":2026,"ML_FREQ":0,"PS_FREQ":0,"CR_FREQ":0,"FT_BRT_COR":" ","FT_BRT_CO1":" ","FT_BRT_CO2":" "}},{"type":"Feature","id":54,"geometry":{"type":"Point","coordinates":[-118.29149018639198,33.945866841359077]},"properties":{"OBJECTID":54,"CITY":"Los Angeles","STOP_NAME":"Vermont/Century (NB)","STOP_ID":" ","TRN_MODE":"BRT","TRN_LINE":"Vermont BRT","SB79_TIER":"T2","HQTC_15M":" ","SOURCE":"LA Metro","NAME":"Tier 2","YEAR":2026,"ML_FREQ":0,"PS_FREQ":0,"CR_FREQ":0,"FT_BRT_COR":" ","FT_BRT_CO1":" ","FT_BRT_CO2":" "}},{"type":"Feature","id":55,"geometry":{"type":"Point","coordinates":[-118.29151518791514,33.960513843009302]},"properties":{"OBJECTID":55,"CITY":"Los Angeles","STOP_NAME":"Vermont/Manchester (NB)","STOP_ID":" ","TRN_MODE":"BRT","TRN_LINE":"Vermont BRT","SB79_TIER":"T2","HQTC_15M":" ","SOURCE":"LA Metro","NAME":"Tier 2","YEAR":2026,"ML_FREQ":0,"PS_FREQ":0,"CR_FREQ":0,"FT_BRT_COR":" ","FT_BRT_CO1":" ","FT_BRT_CO2":" "}},{"type":"Feature","id":56,"geometry":{"type":"Point","coordinates":[-118.2914871884629,33.974999844698566]},"properties":{"OBJECTID":56,"CITY":"Los Angeles","STOP_NAME":"Vermont/Florence (NB)","STOP_ID":" ","TRN_MODE":"BRT","TRN_LINE":"Vermont BRT","SB79_TIER":"T2","HQTC_15M":" ","SOURCE":"LA Metro","NAME":"Tier 2","YEAR":2026,"ML_FREQ":0,"PS_FREQ":0,"CR_FREQ":0,"FT_BRT_COR":" ","FT_BRT_CO1":" ","FT_BRT_CO2":" "}},{"type":"Feature","id":57,"geometry":{"type":"Point","coordinates":[-118.29136419000422,33.988649845944884]},"properties":{"OBJECTID":57,"CITY":"Los Angeles","STOP_NAME":"Vermont/Slauson (NB)","STOP_ID":" ","TRN_MODE":"BRT","TRN_LINE":"Vermont BRT","SB79_TIER":"T2","HQTC_15M":" ","SOURCE":"LA Metro","NAME":"Tier 2","YEAR":2026,"ML_FREQ":0,"PS_FREQ":0,"CR_FREQ":0,"FT_BRT_COR":" ","FT_BRT_CO1":" ","FT_BRT_CO2":" "}},{"type":"Feature","id":58,"geometry":{"type":"Point","coordinates":[-118.29168519078154,34.003364848325425]},"properties":{"OBJECTID":58,"CITY":"Los Angeles","STOP_NAME":"Vermont/Vernon (SB)","STOP_ID":" ","TRN_MODE":"BRT","TRN_LINE":"Vermont BRT","SB79_TIER":"T2","HQTC_15M":" ","SOURCE":"LA Metro","NAME":"Tier 2","YEAR":2026,"ML_FREQ":0,"PS_FREQ":0,"CR_FREQ":0,"FT_BRT_COR":" ","FT_BRT_CO1":" ","FT_BRT_CO2":" "}},{"type":"Feature","id":59,"geometry":{"type":"Point","coordinates":[-118.29168919217169,34.018603849874332]},"properties":{"OBJECTID":59,"CITY":"Los Angeles","STOP_NAME":"Vermont/Exposition (SB)","STOP_ID":" ","TRN_MODE":"BRT","TRN_LINE":"Vermont BRT","SB79_TIER":"T2","HQTC_15M":" ","SOURCE":"LA Metro","NAME":"Tier 2","YEAR":2026,"ML_FREQ":0,"PS_FREQ":0,"CR_FREQ":0,"FT_BRT_COR":" ","FT_BRT_CO1":" ","FT_BRT_CO2":" "}},{"type":"Feature","id":60,"geometry":{"type":"Point","coordinates":[-118.29145119349067,34.033309851309859]},"properties":{"OBJECTID":60,"CITY":"Los Angeles","STOP_NAME":"Vermont/Adams (NB)","STOP_ID":" ","TRN_MODE":"BRT","TRN_LINE":"Vermont BRT","SB79_TIER":"T2","HQTC_15M":" ","SOURCE":"LA Metro","NAME":"Tier 2","YEAR":2026,"ML_FREQ":0,"PS_FREQ":0,"CR_FREQ":0,"FT_BRT_COR":" ","FT_BRT_CO1":" ","FT_BRT_CO2":" "}},{"type":"Feature","id":61,"geometry":{"type":"Point","coordinates":[-118.29149019529808,34.047843853133521]},"properties":{"OBJECTID":61,"CITY":"Los Angeles","STOP_NAME":"Vermont/Pico (NB)","STOP_ID":" ","TRN_MODE":"BRT","TRN_LINE":"Vermont BRT","SB79_TIER":"T2","HQTC_15M":" ","SOURCE":"LA Metro","NAME":"Tier 2","YEAR":2026,"ML_FREQ":0,"PS_FREQ":0,"CR_FREQ":0,"FT_BRT_COR":" ","FT_BRT_CO1":" ","FT_BRT_CO2":" "}},{"type":"Feature","id":62,"geometry":{"type":"Point","coordinates":[-118.29154819690245,34.069454855615234]},"properties":{"OBJECTID":62,"CITY":"Los Angeles","STOP_NAME":"Vermont/3rd Street (NB)","STOP_ID":" ","TRN_MODE":"BRT","TRN_LINE":"Vermont BRT","SB79_TIER":"T2","HQTC_15M":" ","SOURCE":"LA Metro","NAME":"Tier 2","YEAR":2026,"ML_FREQ":0,"PS_FREQ":0,"CR_FREQ":0,"FT_BRT_COR":" ","FT_BRT_CO1":" ","FT_BRT_CO2":" "}},{"type":"Feature","id":63,"geometry":{"type":"Point","coordinates":[-118.29152019560127,34.062163854463925]},"properties":{"OBJECTID":63,"CITY":"Los Angeles","STOP_NAME":"Vermont/Wilshire (NB)","STOP_ID":" ","TRN_MODE":"BRT","TRN_LINE":"Vermont BRT","SB79_TIER":"T2","HQTC_15M":" ","SOURCE":"LA Metro","NAME":"Tier 2","YEAR":2026,"ML_FREQ":0,"PS_FREQ":0,"CR_FREQ":0,"FT_BRT_COR":" ","FT_BRT_CO1":" ","FT_BRT_CO2":" "}},{"type":"Feature","id":64,"geometry":{"type":"Point","coordinates":[-118.29187919845511,34.090473857347064]},"properties":{"OBJECTID":64,"CITY":"Los Angeles","STOP_NAME":"Vermont/Santa Monica (SB)","STOP_ID":" ","TRN_MODE":"BRT","TRN_LINE":"Vermont BRT","SB79_TIER":"T2","HQTC_15M":" ","SOURCE":"LA Metro","NAME":"Tier 2","YEAR":2026,"ML_FREQ":0,"PS_FREQ":0,"CR_FREQ":0,"FT_BRT_COR":" ","FT_BRT_CO1":" ","FT_BRT_CO2":" "}},{"type":"Feature","id":65,"geometry":{"type":"Point","coordinates":[-118.2919101994714,34.097774858419235]},"properties":{"OBJECTID":65,"CITY":"Los Angeles","STOP_NAME":"Vermont/Sunset (SB)","STOP_ID":" ","TRN_MODE":"BRT","TRN_LINE":"Vermont BRT","SB79_TIER":"T2","HQTC_15M":" ","SOURCE":"LA Metro","NAME":"Tier 2","YEAR":2026,"ML_FREQ":0,"PS_FREQ":0,"CR_FREQ":0,"FT_BRT_COR":" ","FT_BRT_CO1":" ","FT_BRT_CO2":" "}},{"type":"Feature","id":66,"geometry":{"type":"Point","coordinates":[-118.29163019821993,34.091180857975239]},"properties":{"OBJECTID":66,"CITY":"Los Angeles","STOP_NAME":"Vermont/Santa Monica (NB)","STOP_ID":" ","TRN_MODE":"BRT","TRN_LINE":"Vermont BRT","SB79_TIER":"T2","HQTC_15M":" ","SOURCE":"LA Metro","NAME":"Tier 2","YEAR":2026,"ML_FREQ":0,"PS_FREQ":0,"CR_FREQ":0,"FT_BRT_COR":" ","FT_BRT_CO1":" ","FT_BRT_CO2":" "}},{"type":"Feature","id":67,"geometry":{"type":"Point","coordinates":[-118.29165319955628,34.098536858213286]},"properties":{"OBJECTID":67,"CITY":"Los Angeles","STOP_NAME":"Vermont/Sunset (NB)","STOP_ID":" ","TRN_MODE":"BRT","TRN_LINE":"Vermont BRT","SB79_TIER":"T2","HQTC_15M":" ","SOURCE":"LA Metro","NAME":"Tier 2","YEAR":2026,"ML_FREQ":0,"PS_FREQ":0,"CR_FREQ":0,"FT_BRT_COR":" ","FT_BRT_CO1":" ","FT_BRT_CO2":" "}},{"type":"Feature","id":68,"geometry":{"type":"Point","coordinates":[-118.29199018660449,33.944738841528746]},"properties":{"OBJECTID":68,"CITY":"Unincorporated","STOP_NAME":"Vermont/Century (SB)","STOP_ID":" ","TRN_MODE":"BRT","TRN_LINE":"Vermont BRT","SB79_TIER":"T2","HQTC_15M":" ","SOURCE":"LA Metro","NAME":"Tier 2","YEAR":2026,"ML_FREQ":0,"PS_FREQ":0,"CR_FREQ":0,"FT_BRT_COR":" ","FT_BRT_CO1":" ","FT_BRT_CO2":" "}},{"type":"Feature","id":69,"geometry":{"type":"Point","coordinates":[-118.2920621847823,33.928696839647785]},"properties":{"OBJECTID":69,"CITY":"Unincorporated","STOP_NAME":"Vermont/Athens (SB)","STOP_ID":" ","TRN_MODE":"BRT","TRN_LINE":"Vermont BRT","SB79_TIER":"T2","HQTC_15M":" ","SOURCE":"LA Metro","NAME":"Tier 2","YEAR":2026,"ML_FREQ":0,"PS_FREQ":0,"CR_FREQ":0,"FT_BRT_COR":" ","FT_BRT_CO1":" ","FT_BRT_CO2":" "}},{"type":"Feature","id":70,"geometry":{"type":"Point","coordinates":[-118.2918421890511,33.974158844210571]},"properties":{"OBJECTID":70,"CITY":"Los Angeles","STOP_NAME":"Vermont/Florence (SB)","STOP_ID":" ","TRN_MODE":"BRT","TRN_LINE":"Vermont BRT","SB79_TIER":"T2","HQTC_15M":" ","SOURCE":"LA Metro","NAME":"Tier 2","YEAR":2026,"ML_FREQ":0,"PS_FREQ":0,"CR_FREQ":0,"FT_BRT_COR":" ","FT_BRT_CO1":" ","FT_BRT_CO2":" "}},{"type":"Feature","id":71,"geometry":{"type":"Point","coordinates":[-118.4919022259777,34.013824837930329]},"properties":{"OBJECTID":71,"CITY":"Santa Monica","STOP_NAME":"Downtown Santa Monica Station - Northwest Stairs","STOP_ID":"80139C","TRN_MODE":"LR","TRN_LINE":"E","SB79_TIER":"T2","HQTC_15M":" ","SOURCE":"GTFS (March 2026)","NAME":"Tier 2","YEAR":2026,"ML_FREQ":0,"PS_FREQ":0,"CR_FREQ":0,"FT_BRT_COR":" ","FT_BRT_CO1":" ","FT_BRT_CO2":" "}},{"type":"Feature","id":72,"geometry":{"type":"Point","coordinates":[-118.49142222501138,34.013444837919714]},"properties":{"OBJECTID":72,"CITY":"Santa Monica","STOP_NAME":"Downtown Santa Monica Station - Southwest Stairs","STOP_ID":"80139E","TRN_MODE":"LR","TRN_LINE":"E","SB79_TIER":"T2","HQTC_15M":" ","SOURCE":"GTFS (March 2026)","NAME":"Tier 2","YEAR":2026,"ML_FREQ":0,"PS_FREQ":0,"CR_FREQ":0,"FT_BRT_COR":" ","FT_BRT_CO1":" ","FT_BRT_CO2":" "}},{"type":"Feature","id":73,"geometry":{"type":"Point","coordinates":[-118.49134222560231,34.013514838117963]},"properties":{"OBJECTID":73,"CITY":"Santa Monica","STOP_NAME":"Downtown Santa Monica Station - Southwest Ramp","STOP_ID":"80139D","TRN_MODE":"LR","TRN_LINE":"E","SB79_TIER":"T2","HQTC_15M":" ","SOURCE":"GTFS (March 2026)","NAME":"Tier 2","YEAR":2026,"ML_FREQ":0,"PS_FREQ":0,"CR_FREQ":0,"FT_BRT_COR":" ","FT_BRT_CO1":" ","FT_BRT_CO2":" "}},{"type":"Feature","id":74,"geometry":{"type":"Point","coordinates":[-118.49150222500205,34.014084837464779]},"properties":{"OBJECTID":74,"CITY":"Santa Monica","STOP_NAME":"Downtown Santa Monica Station - Northwest Ramp","STOP_ID":"80139B","TRN_MODE":"LR","TRN_LINE":"E","SB79_TIER":"T2","HQTC_15M":" ","SOURCE":"GTFS (March 2026)","NAME":"Tier 2","YEAR":2026,"ML_FREQ":0,"PS_FREQ":0,"CR_FREQ":0,"FT_BRT_COR":" ","FT_BRT_CO1":" ","FT_BRT_CO2":" "}},{"type":"Feature","id":75,"geometry":{"type":"Point","coordinates":[-118.49130222571482,34.01442483799557]},"properties":{"OBJECTID":75,"CITY":"Santa Monica","STOP_NAME":"Downtown Santa Monica Station - Northwest Entrance","STOP_ID":"80139A","TRN_MODE":"LR","TRN_LINE":"E","SB79_TIER":"T2","HQTC_15M":" ","SOURCE":"GTFS (March 2026)","NAME":"Tier 2","YEAR":2026,"ML_FREQ":0,"PS_FREQ":0,"CR_FREQ":0,"FT_BRT_COR":" ","FT_BRT_CO1":" ","FT_BRT_CO2":" "}},{"type":"Feature","id":76,"geometry":{"type":"Point","coordinates":[-118.38342919900791,33.905504831491456]},"properties":{"OBJECTID":76,"CITY":"El Segundo","STOP_NAME":"Douglas Station - Northwest Entrance","STOP_ID":"80302A","TRN_MODE":"LR","TRN_LINE":"K","SB79_TIER":"T2","HQTC_15M":" ","SOURCE":"GTFS (March 2026)","NAME":"Tier 2","YEAR":2026,"ML_FREQ":0,"PS_FREQ":0,"CR_FREQ":0,"FT_BRT_COR":" ","FT_BRT_CO1":" ","FT_BRT_CO2":" "}},{"type":"Feature","id":77,"geometry":{"type":"Point","coordinates":[-118.3829291980702,33.905071831837176]},"properties":{"OBJECTID":77,"CITY":"El Segundo","STOP_NAME":"Douglas Station - Southeast Entrance","STOP_ID":"80302B","TRN_MODE":"LR","TRN_LINE":"K","SB79_TIER":"T2","HQTC_15M":" ","SOURCE":"GTFS (March 2026)","NAME":"Tier 2","YEAR":2026,"ML_FREQ":0,"PS_FREQ":0,"CR_FREQ":0,"FT_BRT_COR":" ","FT_BRT_CO1":" ","FT_BRT_CO2":" "}},{"type":"Feature","id":78,"geometry":{"type":"Point","coordinates":[-118.36867919509302,33.894237831277124]},"properties":{"OBJECTID":78,"CITY":"Redondo Beach","STOP_NAME":"Redondo Beach Station - South Stairs","STOP_ID":"80301D","TRN_MODE":"LR","TRN_LINE":"K","SB79_TIER":"T2","HQTC_15M":" ","SOURCE":"GTFS (March 2026)","NAME":"Tier 2","YEAR":2026,"ML_FREQ":0,"PS_FREQ":0,"CR_FREQ":0,"FT_BRT_COR":" ","FT_BRT_CO1":" ","FT_BRT_CO2":" "}},{"type":"Feature","id":79,"geometry":{"type":"Point","coordinates":[-118.36942919569734,33.894804831137883]},"properties":{"OBJECTID":79,"CITY":"Hawthorne","STOP_NAME":"Redondo Beach Station - North Elevator","STOP_ID":"80301A","TRN_MODE":"LR","TRN_LINE":"K","SB79_TIER":"T2","HQTC_15M":" ","SOURCE":"GTFS (March 2026)","NAME":"Tier 2","YEAR":2026,"ML_FREQ":0,"PS_FREQ":0,"CR_FREQ":0,"FT_BRT_COR":" ","FT_BRT_CO1":" ","FT_BRT_CO2":" "}},{"type":"Feature","id":80,"geometry":{"type":"Point","coordinates":[-118.3696291956763,33.894971831141952]},"properties":{"OBJECTID":80,"CITY":"Hawthorne","STOP_NAME":"Redondo Beach Station - North Stairs","STOP_ID":"80301B","TRN_MODE":"LR","TRN_LINE":"K","SB79_TIER":"T2","HQTC_15M":" ","SOURCE":"GTFS (March 2026)","NAME":"Tier 2","YEAR":2026,"ML_FREQ":0,"PS_FREQ":0,"CR_FREQ":0,"FT_BRT_COR":" ","FT_BRT_CO1":" ","FT_BRT_CO2":" "}},{"type":"Feature","id":81,"geometry":{"type":"Point","coordinates":[-118.36892919552086,33.894404831511892]},"properties":{"OBJECTID":81,"CITY":"Redondo Beach","STOP_NAME":"Redondo Beach Station - South Elevator","STOP_ID":"80301C","TRN_MODE":"LR","TRN_LINE":"K","SB79_TIER":"T2","HQTC_15M":" ","SOURCE":"GTFS (March 2026)","NAME":"Tier 2","YEAR":2026,"ML_FREQ":0,"PS_FREQ":0,"CR_FREQ":0,"FT_BRT_COR":" ","FT_BRT_CO1":" ","FT_BRT_CO2":" "}},{"type":"Feature","id":82,"geometry":{"type":"Point","coordinates":[-118.38725119996619,33.916653832682158]},"properties":{"OBJECTID":82,"CITY":"El Segundo","STOP_NAME":"El Segundo Station - Northwest Entrance","STOP_ID":"80303A","TRN_MODE":"LR","TRN_LINE":"K","SB79_TIER":"T2","HQTC_15M":" ","SOURCE":"GTFS (March 2026)","NAME":"Tier 2","YEAR":2026,"ML_FREQ":0,"PS_FREQ":0,"CR_FREQ":0,"FT_BRT_COR":" ","FT_BRT_CO1":" ","FT_BRT_CO2":" "}},{"type":"Feature","id":83,"geometry":{"type":"Point","coordinates":[-118.38631219986431,33.915887833329052]},"properties":{"OBJECTID":83,"CITY":"El Segundo","STOP_NAME":"El Segundo Station - South Elevator","STOP_ID":"80303B","TRN_MODE":"LR","TRN_LINE":"K","SB79_TIER":"T2","HQTC_15M":" ","SOURCE":"GTFS (March 2026)","NAME":"Tier 2","YEAR":2026,"ML_FREQ":0,"PS_FREQ":0,"CR_FREQ":0,"FT_BRT_COR":" ","FT_BRT_CO1":" ","FT_BRT_CO2":" "}},{"type":"Feature","id":84,"geometry":{"type":"Point","coordinates":[-118.38612919986267,33.915737832960694]},"properties":{"OBJECTID":84,"CITY":"El Segundo","STOP_NAME":"El Segundo Station - Southeast Entrance","STOP_ID":"80303C","TRN_MODE":"LR","TRN_LINE":"K","SB79_TIER":"T2","HQTC_15M":" ","SOURCE":"GTFS (March 2026)","NAME":"Tier 2","YEAR":2026,"ML_FREQ":0,"PS_FREQ":0,"CR_FREQ":0,"FT_BRT_COR":" ","FT_BRT_CO1":" ","FT_BRT_CO2":" "}},{"type":"Feature","id":85,"geometry":{"type":"Point","coordinates":[-118.38755120040179,33.923087834081755]},"properties":{"OBJECTID":85,"CITY":"El Segundo","STOP_NAME":"Mariposa Station - South Entrance","STOP_ID":"80304B","TRN_MODE":"LR","TRN_LINE":"K","SB79_TIER":"T2","HQTC_15M":" ","SOURCE":"GTFS (March 2026)","NAME":"Tier 2","YEAR":2026,"ML_FREQ":0,"PS_FREQ":0,"CR_FREQ":0,"FT_BRT_COR":" ","FT_BRT_CO1":" ","FT_BRT_CO2":" "}},{"type":"Feature","id":86,"geometry":{"type":"Point","coordinates":[-118.38754420037374,33.923371833870902]},"properties":{"OBJECTID":86,"CITY":"El Segundo","STOP_NAME":"Mariposa Station - Nash & Mariposa Entrance","STOP_ID":"80304A","TRN_MODE":"LR","TRN_LINE":"K","SB79_TIER":"T2","HQTC_15M":" ","SOURCE":"GTFS (March 2026)","NAME":"Tier 2","YEAR":2026,"ML_FREQ":0,"PS_FREQ":0,"CR_FREQ":0,"FT_BRT_COR":" ","FT_BRT_CO1":" ","FT_BRT_CO2":" "}},{"type":"Feature","id":87,"geometry":{"type":"Point","coordinates":[-118.37764519961374,33.92963783535162]},"properties":{"OBJECTID":87,"CITY":"Los Angeles","STOP_NAME":"Aviation / Imperial Station - West Entrance","STOP_ID":"80305C","TRN_MODE":"LR","TRN_LINE":"C","SB79_TIER":"T2","HQTC_15M":" ","SOURCE":"GTFS (March 2026)","NAME":"Tier 2","YEAR":2026,"ML_FREQ":0,"PS_FREQ":0,"CR_FREQ":0,"FT_BRT_COR":" ","FT_BRT_CO1":" ","FT_BRT_CO2":" "}},{"type":"Feature","id":88,"geometry":{"type":"Point","coordinates":[-118.37714519982707,33.929687834796013]},"properties":{"OBJECTID":88,"CITY":"Los Angeles","STOP_NAME":"Aviation / Imperial Station - Central Elevator","STOP_ID":"80305A","TRN_MODE":"LR","TRN_LINE":"C","SB79_TIER":"T2","HQTC_15M":" ","SOURCE":"GTFS (March 2026)","NAME":"Tier 2","YEAR":2026,"ML_FREQ":0,"PS_FREQ":0,"CR_FREQ":0,"FT_BRT_COR":" ","FT_BRT_CO1":" ","FT_BRT_CO2":" "}},{"type":"Feature","id":89,"geometry":{"type":"Point","coordinates":[-118.37656219924214,33.929621835110815]},"properties":{"OBJECTID":89,"CITY":"Los Angeles","STOP_NAME":"Aviation / Imperial Station - East Entrance","STOP_ID":"80305B","TRN_MODE":"LR","TRN_LINE":"C","SB79_TIER":"T2","HQTC_15M":" ","SOURCE":"GTFS (March 2026)","NAME":"Tier 2","YEAR":2026,"ML_FREQ":0,"PS_FREQ":0,"CR_FREQ":0,"FT_BRT_COR":" ","FT_BRT_CO1":" ","FT_BRT_CO2":" "}},{"type":"Feature","id":90,"geometry":{"type":"Point","coordinates":[-118.37891120098529,33.945838836602043]},"properties":{"OBJECTID":90,"CITY":"Los Angeles","STOP_NAME":"Aviation / Century Station - Escalators","STOP_ID":"80701B","TRN_MODE":"LR","TRN_LINE":"C; K","SB79_TIER":"T2","HQTC_15M":" ","SOURCE":"GTFS (March 2026)","NAME":"Tier 2","YEAR":2026,"ML_FREQ":0,"PS_FREQ":0,"CR_FREQ":0,"FT_BRT_COR":" ","FT_BRT_CO1":" ","FT_BRT_CO2":" "}},{"type":"Feature","id":91,"geometry":{"type":"Point","coordinates":[-118.37872420151363,33.94600883672026]},"properties":{"OBJECTID":91,"CITY":"Los Angeles","STOP_NAME":"Aviation / Century Station - Dual Elevators","STOP_ID":"80701A","TRN_MODE":"LR","TRN_LINE":"C; K","SB79_TIER":"T2","HQTC_15M":" ","SOURCE":"GTFS (March 2026)","NAME":"Tier 2","YEAR":2026,"ML_FREQ":0,"PS_FREQ":0,"CR_FREQ":0,"FT_BRT_COR":" ","FT_BRT_CO1":" ","FT_BRT_CO2":" "}},{"type":"Feature","id":92,"geometry":{"type":"Point","coordinates":[-118.48104222470144,34.022644839429262]},"properties":{"OBJECTID":92,"CITY":"Santa Monica","STOP_NAME":"17th Street / SMC Station - West Ramp","STOP_ID":"80138B","TRN_MODE":"LR","TRN_LINE":"E","SB79_TIER":"T2","HQTC_15M":" ","SOURCE":"GTFS (March 2026)","NAME":"Tier 2","YEAR":2026,"ML_FREQ":0,"PS_FREQ":0,"CR_FREQ":0,"FT_BRT_COR":" ","FT_BRT_CO1":" ","FT_BRT_CO2":" "}},{"type":"Feature","id":93,"geometry":{"type":"Point","coordinates":[-118.47983222408685,34.023634839878099]},"properties":{"OBJECTID":93,"CITY":"Santa Monica","STOP_NAME":"17th Street / SMC Station - East Ramp","STOP_ID":"80138A","TRN_MODE":"LR","TRN_LINE":"E","SB79_TIER":"T2","HQTC_15M":" ","SOURCE":"GTFS (March 2026)","NAME":"Tier 2","YEAR":2026,"ML_FREQ":0,"PS_FREQ":0,"CR_FREQ":0,"FT_BRT_COR":" ","FT_BRT_CO1":" ","FT_BRT_CO2":" "}},{"type":"Feature","id":94,"geometry":{"type":"Point","coordinates":[-118.46987222302552,34.02768484041443]},"properties":{"OBJECTID":94,"CITY":"Santa Monica","STOP_NAME":"26th Street / Bergamot Station - Southwest Ramp","STOP_ID":"80137C","TRN_MODE":"LR","TRN_LINE":"E","SB79_TIER":"T2","HQTC_15M":" ","SOURCE":"GTFS (March 2026)","NAME":"Tier 2","YEAR":2026,"ML_FREQ":0,"PS_FREQ":0,"CR_FREQ":0,"FT_BRT_COR":" ","FT_BRT_CO1":" ","FT_BRT_CO2":" "}},{"type":"Feature","id":95,"geometry":{"type":"Point","coordinates":[-118.46981222285055,34.027874840557303]},"properties":{"OBJECTID":95,"CITY":"Santa Monica","STOP_NAME":"26th Street / Bergamot Station - Northwest Ramp","STOP_ID":"80137B","TRN_MODE":"LR","TRN_LINE":"E","SB79_TIER":"T2","HQTC_15M":" ","SOURCE":"GTFS (March 2026)","NAME":"Tier 2","YEAR":2026,"ML_FREQ":0,"PS_FREQ":0,"CR_FREQ":0,"FT_BRT_COR":" ","FT_BRT_CO1":" ","FT_BRT_CO2":" "}},{"type":"Feature","id":96,"geometry":{"type":"Point","coordinates":[-118.46868222321233,34.028234840244863]},"properties":{"OBJECTID":96,"CITY":"Santa Monica","STOP_NAME":"26th Street / Bergamot Station - East Stairs","STOP_ID":"80137A","TRN_MODE":"LR","TRN_LINE":"E","SB79_TIER":"T2","HQTC_15M":" ","SOURCE":"GTFS (March 2026)","NAME":"Tier 2","YEAR":2026,"ML_FREQ":0,"PS_FREQ":0,"CR_FREQ":0,"FT_BRT_COR":" ","FT_BRT_CO1":" ","FT_BRT_CO2":" "}},{"type":"Feature","id":97,"geometry":{"type":"Point","coordinates":[-118.45346222044522,34.031614841787061]},"properties":{"OBJECTID":97,"CITY":"Los Angeles","STOP_NAME":"Expo / Bundy Station - West Elevator - Elevator 2","STOP_ID":"80136G","TRN_MODE":"LR","TRN_LINE":"E","SB79_TIER":"T2","HQTC_15M":" ","SOURCE":"GTFS (March 2026)","NAME":"Tier 2","YEAR":2026,"ML_FREQ":0,"PS_FREQ":0,"CR_FREQ":0,"FT_BRT_COR":" ","FT_BRT_CO1":" ","FT_BRT_CO2":" "}},{"type":"Feature","id":98,"geometry":{"type":"Point","coordinates":[-118.45332222049909,34.031644841545521]},"properties":{"OBJECTID":98,"CITY":"Los Angeles","STOP_NAME":"Expo / Bundy Station - Northwest Entrance","STOP_ID":"80136D","TRN_MODE":"LR","TRN_LINE":"E","SB79_TIER":"T2","HQTC_15M":" ","SOURCE":"GTFS (March 2026)","NAME":"Tier 2","YEAR":2026,"ML_FREQ":0,"PS_FREQ":0,"CR_FREQ":0,"FT_BRT_COR":" ","FT_BRT_CO1":" ","FT_BRT_CO2":" "}},{"type":"Feature","id":99,"geometry":{"type":"Point","coordinates":[-118.45326222034426,34.031644842015289]},"properties":{"OBJECTID":99,"CITY":"Los Angeles","STOP_NAME":"Expo / Bundy Station - Southwest Entrance","STOP_ID":"80136F","TRN_MODE":"LR","TRN_LINE":"E","SB79_TIER":"T2","HQTC_15M":" ","SOURCE":"GTFS (March 2026)","NAME":"Tier 2","YEAR":2026,"ML_FREQ":0,"PS_FREQ":0,"CR_FREQ":0,"FT_BRT_COR":" ","FT_BRT_CO1":" ","FT_BRT_CO2":" "}},{"type":"Feature","id":100,"geometry":{"type":"Point","coordinates":[-118.45313222023856,34.031684842205259]},"properties":{"OBJECTID":100,"CITY":"Los Angeles","STOP_NAME":"Expo / Bundy Station - West Stairs","STOP_ID":"80136H","TRN_MODE":"LR","TRN_LINE":"E","SB79_TIER":"T2","HQTC_15M":" ","SOURCE":"GTFS (March 2026)","NAME":"Tier 2","YEAR":2026,"ML_FREQ":0,"PS_FREQ":0,"CR_FREQ":0,"FT_BRT_COR":" ","FT_BRT_CO1":" ","FT_BRT_CO2":" "}},{"type":"Feature","id":101,"geometry":{"type":"Point","coordinates":[-118.45275222004092,34.031734842286497]},"properties":{"OBJECTID":101,"CITY":"Los Angeles","STOP_NAME":"Expo / Bundy Station - East Stairs","STOP_ID":"80136B","TRN_MODE":"LR","TRN_LINE":"E","SB79_TIER":"T2","HQTC_15M":" ","SOURCE":"GTFS (March 2026)","NAME":"Tier 2","YEAR":2026,"ML_FREQ":0,"PS_FREQ":0,"CR_FREQ":0,"FT_BRT_COR":" ","FT_BRT_CO1":" ","FT_BRT_CO2":" "}},{"type":"Feature","id":102,"geometry":{"type":"Point","coordinates":[-118.45252222028752,34.031804841592482]},"properties":{"OBJECTID":102,"CITY":"Los Angeles","STOP_NAME":"Expo / Bundy Station - East Elevator - Elevator 1","STOP_ID":"80136A","TRN_MODE":"LR","TRN_LINE":"E","SB79_TIER":"T2","HQTC_15M":" ","SOURCE":"GTFS (March 2026)","NAME":"Tier 2","YEAR":2026,"ML_FREQ":0,"PS_FREQ":0,"CR_FREQ":0,"FT_BRT_COR":" ","FT_BRT_CO1":" ","FT_BRT_CO2":" "}},{"type":"Feature","id":103,"geometry":{"type":"Point","coordinates":[-118.45244222092464,34.031774842224159]},"properties":{"OBJECTID":103,"CITY":"Los Angeles","STOP_NAME":"Expo / Bundy Station - Southeast Entrance","STOP_ID":"80136E","TRN_MODE":"LR","TRN_LINE":"E","SB79_TIER":"T2","HQTC_15M":" ","SOURCE":"GTFS (March 2026)","NAME":"Tier 2","YEAR":2026,"ML_FREQ":0,"PS_FREQ":0,"CR_FREQ":0,"FT_BRT_COR":" ","FT_BRT_CO1":" ","FT_BRT_CO2":" "}},{"type":"Feature","id":104,"geometry":{"type":"Point","coordinates":[-118.45243222002233,34.031794841883091]},"properties":{"OBJECTID":104,"CITY":"Los Angeles","STOP_NAME":"Expo / Bundy Station - Northeast Entrance","STOP_ID":"80136C","TRN_MODE":"LR","TRN_LINE":"E","SB79_TIER":"T2","HQTC_15M":" ","SOURCE":"GTFS (March 2026)","NAME":"Tier 2","YEAR":2026,"ML_FREQ":0,"PS_FREQ":0,"CR_FREQ":0,"FT_BRT_COR":" ","FT_BRT_CO1":" ","FT_BRT_CO2":" "}},{"type":"Feature","id":105,"geometry":{"type":"Point","coordinates":[-118.43476221756117,34.035354843173117]},"properties":{"OBJECTID":105,"CITY":"Los Angeles","STOP_NAME":"Expo / Sepulveda Station - West Elevator - Elevator 2","STOP_ID":"80135G","TRN_MODE":"LR","TRN_LINE":"E","SB79_TIER":"T2","HQTC_15M":" ","SOURCE":"GTFS (March 2026)","NAME":"Tier 2","YEAR":2026,"ML_FREQ":0,"PS_FREQ":0,"CR_FREQ":0,"FT_BRT_COR":" ","FT_BRT_CO1":" ","FT_BRT_CO2":" "}},{"type":"Feature","id":106,"geometry":{"type":"Point","coordinates":[-118.43471221791684,34.035334843564847]},"properties":{"OBJECTID":106,"CITY":"Los Angeles","STOP_NAME":"Expo / Sepulveda Station - Northwest Entrance","STOP_ID":"80135D","TRN_MODE":"LR","TRN_LINE":"E","SB79_TIER":"T2","HQTC_15M":" ","SOURCE":"GTFS (March 2026)","NAME":"Tier 2","YEAR":2026,"ML_FREQ":0,"PS_FREQ":0,"CR_FREQ":0,"FT_BRT_COR":" ","FT_BRT_CO1":" ","FT_BRT_CO2":" "}},{"type":"Feature","id":107,"geometry":{"type":"Point","coordinates":[-118.434692218238,34.035294843131261]},"properties":{"OBJECTID":107,"CITY":"Los Angeles","STOP_NAME":"Expo / Sepulveda Station - Southwest Entrance","STOP_ID":"80135F","TRN_MODE":"LR","TRN_LINE":"E","SB79_TIER":"T2","HQTC_15M":" ","SOURCE":"GTFS (March 2026)","NAME":"Tier 2","YEAR":2026,"ML_FREQ":0,"PS_FREQ":0,"CR_FREQ":0,"FT_BRT_COR":" ","FT_BRT_CO1":" ","FT_BRT_CO2":" "}},{"type":"Feature","id":108,"geometry":{"type":"Point","coordinates":[-118.4344422178455,34.035374843761296]},"properties":{"OBJECTID":108,"CITY":"Los Angeles","STOP_NAME":"Expo / Sepulveda Station - West Stairs","STOP_ID":"80135H","TRN_MODE":"LR","TRN_LINE":"E","SB79_TIER":"T2","HQTC_15M":" ","SOURCE":"GTFS (March 2026)","NAME":"Tier 2","YEAR":2026,"ML_FREQ":0,"PS_FREQ":0,"CR_FREQ":0,"FT_BRT_COR":" ","FT_BRT_CO1":" ","FT_BRT_CO2":" "}},{"type":"Feature","id":109,"geometry":{"type":"Point","coordinates":[-118.4340522177155,34.035434843369934]},"properties":{"OBJECTID":109,"CITY":"Los Angeles","STOP_NAME":"Expo / Sepulveda Station - East Stairs","STOP_ID":"80135B","TRN_MODE":"LR","TRN_LINE":"E","SB79_TIER":"T2","HQTC_15M":" ","SOURCE":"GTFS (March 2026)","NAME":"Tier 2","YEAR":2026,"ML_FREQ":0,"PS_FREQ":0,"CR_FREQ":0,"FT_BRT_COR":" ","FT_BRT_CO1":" ","FT_BRT_CO2":" "}},{"type":"Feature","id":110,"geometry":{"type":"Point","coordinates":[-118.43376221804915,34.035414843646507]},"properties":{"OBJECTID":110,"CITY":"Los Angeles","STOP_NAME":"Expo / Sepulveda Station - Southeast Entrance","STOP_ID":"80135E","TRN_MODE":"LR","TRN_LINE":"E","SB79_TIER":"T2","HQTC_15M":" ","SOURCE":"GTFS (March 2026)","NAME":"Tier 2","YEAR":2026,"ML_FREQ":0,"PS_FREQ":0,"CR_FREQ":0,"FT_BRT_COR":" ","FT_BRT_CO1":" ","FT_BRT_CO2":" "}},{"type":"Feature","id":111,"geometry":{"type":"Point","coordinates":[-118.43376221742872,34.035484843471522]},"properties":{"OBJECTID":111,"CITY":"Los Angeles","STOP_NAME":"Expo / Sepulveda Station - East Elevator - Elevator 1","STOP_ID":"80135A","TRN_MODE":"LR","TRN_LINE":"E","SB79_TIER":"T2","HQTC_15M":" ","SOURCE":"GTFS (March 2026)","NAME":"Tier 2","YEAR":2026,"ML_FREQ":0,"PS_FREQ":0,"CR_FREQ":0,"FT_BRT_COR":" ","FT_BRT_CO1":" ","FT_BRT_CO2":" "}},{"type":"Feature","id":112,"geometry":{"type":"Point","coordinates":[-118.43378221785261,34.035554843586986]},"properties":{"OBJECTID":112,"CITY":"Los Angeles","STOP_NAME":"Expo / Sepulveda Station - Northeast Entrance","STOP_ID":"80135C","TRN_MODE":"LR","TRN_LINE":"E","SB79_TIER":"T2","HQTC_15M":" ","SOURCE":"GTFS (March 2026)","NAME":"Tier 2","YEAR":2026,"ML_FREQ":0,"PS_FREQ":0,"CR_FREQ":0,"FT_BRT_COR":" ","FT_BRT_CO1":" ","FT_BRT_CO2":" "}},{"type":"Feature","id":113,"geometry":{"type":"Point","coordinates":[-118.42552221619545,34.036674843753637]},"properties":{"OBJECTID":113,"CITY":"Los Angeles","STOP_NAME":"Westwood / Rancho Park Station - East Ramp","STOP_ID":"80134A","TRN_MODE":"LR","TRN_LINE":"E","SB79_TIER":"T2","HQTC_15M":" ","SOURCE":"GTFS (March 2026)","NAME":"Tier 2","YEAR":2026,"ML_FREQ":0,"PS_FREQ":0,"CR_FREQ":0,"FT_BRT_COR":" ","FT_BRT_CO1":" ","FT_BRT_CO2":" "}},{"type":"Feature","id":114,"geometry":{"type":"Point","coordinates":[-118.37832220118382,33.949354837263456]},"properties":{"OBJECTID":114,"CITY":"Los Angeles","STOP_NAME":"LAX / Metro Transit Center - Bike Hub","STOP_ID":"80702K","TRN_MODE":"LR","TRN_LINE":"C; K","SB79_TIER":"T2","HQTC_15M":" ","SOURCE":"GTFS (March 2026)","NAME":"Tier 2","YEAR":2026,"ML_FREQ":0,"PS_FREQ":0,"CR_FREQ":0,"FT_BRT_COR":" ","FT_BRT_CO1":" ","FT_BRT_CO2":" "}},{"type":"Feature","id":115,"geometry":{"type":"Point","coordinates":[-118.37822220083366,33.949424837469842]},"properties":{"OBJECTID":115,"CITY":"Los Angeles","STOP_NAME":"LAX / Metro Transit Center - South Pedestrian Entrance","STOP_ID":"80702I","TRN_MODE":"LR","TRN_LINE":"C; K","SB79_TIER":"T2","HQTC_15M":" ","SOURCE":"GTFS (March 2026)","NAME":"Tier 2","YEAR":2026,"ML_FREQ":0,"PS_FREQ":0,"CR_FREQ":0,"FT_BRT_COR":" ","FT_BRT_CO1":" ","FT_BRT_CO2":" "}},{"type":"Feature","id":116,"geometry":{"type":"Point","coordinates":[-118.37822220188505,33.949444836689594]},"properties":{"OBJECTID":116,"CITY":"Los Angeles","STOP_NAME":"LAX / Metro Transit Center - South Pedestrian Elevators","STOP_ID":"80702J","TRN_MODE":"LR","TRN_LINE":"C; K","SB79_TIER":"T2","HQTC_15M":" ","SOURCE":"GTFS (March 2026)","NAME":"Tier 2","YEAR":2026,"ML_FREQ":0,"PS_FREQ":0,"CR_FREQ":0,"FT_BRT_COR":" ","FT_BRT_CO1":" ","FT_BRT_CO2":" "}},{"type":"Feature","id":117,"geometry":{"type":"Point","coordinates":[-118.37819220101282,33.950024837379864]},"properties":{"OBJECTID":117,"CITY":"Los Angeles","STOP_NAME":"LAX / Metro Transit Center - Main Escalators","STOP_ID":"80702C","TRN_MODE":"LR","TRN_LINE":"C; K","SB79_TIER":"T2","HQTC_15M":" ","SOURCE":"GTFS (March 2026)","NAME":"Tier 2","YEAR":2026,"ML_FREQ":0,"PS_FREQ":0,"CR_FREQ":0,"FT_BRT_COR":" ","FT_BRT_CO1":" ","FT_BRT_CO2":" "}},{"type":"Feature","id":118,"geometry":{"type":"Point","coordinates":[-118.37817220143737,33.950024836768641]},"properties":{"OBJECTID":118,"CITY":"Los Angeles","STOP_NAME":"LAX / Metro Transit Center - Main Pedestrian Entrance","STOP_ID":"80702A","TRN_MODE":"LR","TRN_LINE":"C; K","SB79_TIER":"T2","HQTC_15M":" ","SOURCE":"GTFS (March 2026)","NAME":"Tier 2","YEAR":2026,"ML_FREQ":0,"PS_FREQ":0,"CR_FREQ":0,"FT_BRT_COR":" ","FT_BRT_CO1":" ","FT_BRT_CO2":" "}},{"type":"Feature","id":119,"geometry":{"type":"Point","coordinates":[-118.37817220141471,33.95004483690051]},"properties":{"OBJECTID":119,"CITY":"Los Angeles","STOP_NAME":"LAX / Metro Transit Center - Main Stairs","STOP_ID":"80702D","TRN_MODE":"LR","TRN_LINE":"C; K","SB79_TIER":"T2","HQTC_15M":" ","SOURCE":"GTFS (March 2026)","NAME":"Tier 2","YEAR":2026,"ML_FREQ":0,"PS_FREQ":0,"CR_FREQ":0,"FT_BRT_COR":" ","FT_BRT_CO1":" ","FT_BRT_CO2":" "}},{"type":"Feature","id":120,"geometry":{"type":"Point","coordinates":[-118.37814220101384,33.95002483721025]},"properties":{"OBJECTID":120,"CITY":"Los Angeles","STOP_NAME":"LAX / Metro Transit Center - Main Elevators","STOP_ID":"80702B","TRN_MODE":"LR","TRN_LINE":"C; K","SB79_TIER":"T2","HQTC_15M":" ","SOURCE":"GTFS (March 2026)","NAME":"Tier 2","YEAR":2026,"ML_FREQ":0,"PS_FREQ":0,"CR_FREQ":0,"FT_BRT_COR":" ","FT_BRT_CO1":" ","FT_BRT_CO2":" "}},{"type":"Feature","id":121,"geometry":{"type":"Point","coordinates":[-118.37819220155494,33.950624836784435]},"properties":{"OBJECTID":121,"CITY":"Los Angeles","STOP_NAME":"LAX / Metro Transit Center - Bus Plaza Escalators","STOP_ID":"80702G","TRN_MODE":"LR","TRN_LINE":"C; K","SB79_TIER":"T2","HQTC_15M":" ","SOURCE":"GTFS (March 2026)","NAME":"Tier 2","YEAR":2026,"ML_FREQ":0,"PS_FREQ":0,"CR_FREQ":0,"FT_BRT_COR":" ","FT_BRT_CO1":" ","FT_BRT_CO2":" "}},{"type":"Feature","id":122,"geometry":{"type":"Point","coordinates":[-118.37817220185359,33.950624837078323]},"properties":{"OBJECTID":122,"CITY":"Los Angeles","STOP_NAME":"LAX / Metro Transit Center - Bus Plaza Entrance","STOP_ID":"80702E","TRN_MODE":"LR","TRN_LINE":"C; K","SB79_TIER":"T2","HQTC_15M":" ","SOURCE":"GTFS (March 2026)","NAME":"Tier 2","YEAR":2026,"ML_FREQ":0,"PS_FREQ":0,"CR_FREQ":0,"FT_BRT_COR":" ","FT_BRT_CO1":" ","FT_BRT_CO2":" "}},{"type":"Feature","id":123,"geometry":{"type":"Point","coordinates":[-118.37817220183592,33.95064483720828]},"properties":{"OBJECTID":123,"CITY":"Los Angeles","STOP_NAME":"LAX / Metro Transit Center - Bus Plaza Stairs","STOP_ID":"80702H","TRN_MODE":"LR","TRN_LINE":"C; K","SB79_TIER":"T2","HQTC_15M":" ","SOURCE":"GTFS (March 2026)","NAME":"Tier 2","YEAR":2026,"ML_FREQ":0,"PS_FREQ":0,"CR_FREQ":0,"FT_BRT_COR":" ","FT_BRT_CO1":" ","FT_BRT_CO2":" "}},{"type":"Feature","id":124,"geometry":{"type":"Point","coordinates":[-118.37814220121945,33.950624837525154]},"properties":{"OBJECTID":124,"CITY":"Los Angeles","STOP_NAME":"LAX / Metro Transit Center - Bus Plaza Elevators","STOP_ID":"80702F","TRN_MODE":"LR","TRN_LINE":"C; K","SB79_TIER":"T2","HQTC_15M":" ","SOURCE":"GTFS (March 2026)","NAME":"Tier 2","YEAR":2026,"ML_FREQ":0,"PS_FREQ":0,"CR_FREQ":0,"FT_BRT_COR":" ","FT_BRT_CO1":" ","FT_BRT_CO2":" "}},{"type":"Feature","id":125,"geometry":{"type":"Point","coordinates":[-118.37376220147247,33.962244838697558]},"properties":{"OBJECTID":125,"CITY":"Inglewood","STOP_NAME":"Westchester / Veterans Station - NB Ramp to Hindry","STOP_ID":"80703A","TRN_MODE":"LR","TRN_LINE":"K","SB79_TIER":"T2","HQTC_15M":" ","SOURCE":"GTFS (March 2026)","NAME":"Tier 2","YEAR":2026,"ML_FREQ":0,"PS_FREQ":0,"CR_FREQ":0,"FT_BRT_COR":" ","FT_BRT_CO1":" ","FT_BRT_CO2":" "}},{"type":"Feature","id":126,"geometry":{"type":"Point","coordinates":[-118.3737322019057,33.962384838868552]},"properties":{"OBJECTID":126,"CITY":"Los Angeles","STOP_NAME":"Westchester / Veterans Station - SB Ramp to Hindry","STOP_ID":"80703B","TRN_MODE":"LR","TRN_LINE":"K","SB79_TIER":"T2","HQTC_15M":" ","SOURCE":"GTFS (March 2026)","NAME":"Tier 2","YEAR":2026,"ML_FREQ":0,"PS_FREQ":0,"CR_FREQ":0,"FT_BRT_COR":" ","FT_BRT_CO1":" ","FT_BRT_CO2":" "}},{"type":"Feature","id":127,"geometry":{"type":"Point","coordinates":[-118.40410221172428,34.029254844474551]},"properties":{"OBJECTID":127,"CITY":"Los Angeles","STOP_NAME":"Palms Station - National Blvd - East Ramp","STOP_ID":"80133C","TRN_MODE":"LR","TRN_LINE":"E","SB79_TIER":"T2","HQTC_15M":" ","SOURCE":"GTFS (March 2026)","NAME":"Tier 2","YEAR":2026,"ML_FREQ":0,"PS_FREQ":0,"CR_FREQ":0,"FT_BRT_COR":" ","FT_BRT_CO1":" ","FT_BRT_CO2":" "}},{"type":"Feature","id":128,"geometry":{"type":"Point","coordinates":[-118.40389221227433,34.029214844216845]},"properties":{"OBJECTID":128,"CITY":"Los Angeles","STOP_NAME":"Palms Station - National Blvd - East Stairs","STOP_ID":"80133D","TRN_MODE":"LR","TRN_LINE":"E","SB79_TIER":"T2","HQTC_15M":" ","SOURCE":"GTFS (March 2026)","NAME":"Tier 2","YEAR":2026,"ML_FREQ":0,"PS_FREQ":0,"CR_FREQ":0,"FT_BRT_COR":" ","FT_BRT_CO1":" ","FT_BRT_CO2":" "}},{"type":"Feature","id":129,"geometry":{"type":"Point","coordinates":[-118.40386221262101,34.029254844607202]},"properties":{"OBJECTID":129,"CITY":"Los Angeles","STOP_NAME":"Palms Station - National Blvd - East Elevator 1","STOP_ID":"80133A","TRN_MODE":"LR","TRN_LINE":"E","SB79_TIER":"T2","HQTC_15M":" ","SOURCE":"GTFS (March 2026)","NAME":"Tier 2","YEAR":2026,"ML_FREQ":0,"PS_FREQ":0,"CR_FREQ":0,"FT_BRT_COR":" ","FT_BRT_CO1":" ","FT_BRT_CO2":" "}},{"type":"Feature","id":130,"geometry":{"type":"Point","coordinates":[-118.40380221264714,34.029264844247258]},"properties":{"OBJECTID":130,"CITY":"Los Angeles","STOP_NAME":"Palms Station - National Blvd - East Elevator 2","STOP_ID":"80133B","TRN_MODE":"LR","TRN_LINE":"E","SB79_TIER":"T2","HQTC_15M":" ","SOURCE":"GTFS (March 2026)","NAME":"Tier 2","YEAR":2026,"ML_FREQ":0,"PS_FREQ":0,"CR_FREQ":0,"FT_BRT_COR":" ","FT_BRT_CO1":" ","FT_BRT_CO2":" "}},{"type":"Feature","id":131,"geometry":{"type":"Point","coordinates":[-118.38932620927039,34.027923844698037]},"properties":{"OBJECTID":131,"CITY":"Culver City","STOP_NAME":"Culver City Station - West Entrance","STOP_ID":"80132B","TRN_MODE":"LR","TRN_LINE":"E","SB79_TIER":"T2","HQTC_15M":" ","SOURCE":"GTFS (March 2026)","NAME":"Tier 2","YEAR":2026,"ML_FREQ":0,"PS_FREQ":0,"CR_FREQ":0,"FT_BRT_COR":" ","FT_BRT_CO1":" ","FT_BRT_CO2":" "}},{"type":"Feature","id":132,"geometry":{"type":"Point","coordinates":[-118.38848320940967,34.027841845210666]},"properties":{"OBJECTID":132,"CITY":"Culver City","STOP_NAME":"Culver City Station - East Entrance","STOP_ID":"80132A","TRN_MODE":"LR","TRN_LINE":"E","SB79_TIER":"T2","HQTC_15M":" ","SOURCE":"GTFS (March 2026)","NAME":"Tier 2","YEAR":2026,"ML_FREQ":0,"PS_FREQ":0,"CR_FREQ":0,"FT_BRT_COR":" ","FT_BRT_CO1":" ","FT_BRT_CO2":" "}},{"type":"Feature","id":133,"geometry":{"type":"Point","coordinates":[-118.37258220683266,34.02634484553694]},"properties":{"OBJECTID":133,"CITY":"Los Angeles","STOP_NAME":"La Cienega / Jefferson Station - West Entrance","STOP_ID":"80131B","TRN_MODE":"LR","TRN_LINE":"E","SB79_TIER":"T2","HQTC_15M":" ","SOURCE":"GTFS (March 2026)","NAME":"Tier 2","YEAR":2026,"ML_FREQ":0,"PS_FREQ":0,"CR_FREQ":0,"FT_BRT_COR":" ","FT_BRT_CO1":" ","FT_BRT_CO2":" "}},{"type":"Feature","id":134,"geometry":{"type":"Point","coordinates":[-118.37166220622731,34.026414846254369]},"properties":{"OBJECTID":134,"CITY":"Los Angeles","STOP_NAME":"La Cienega / Jefferson Station - East Entrance","STOP_ID":"80131A","TRN_MODE":"LR","TRN_LINE":"E","SB79_TIER":"T2","HQTC_15M":" ","SOURCE":"GTFS (March 2026)","NAME":"Tier 2","YEAR":2026,"ML_FREQ":0,"PS_FREQ":0,"CR_FREQ":0,"FT_BRT_COR":" ","FT_BRT_CO1":" ","FT_BRT_CO2":" "}},{"type":"Feature","id":135,"geometry":{"type":"Point","coordinates":[-118.35289819635655,33.933583836980702]},"properties":{"OBJECTID":135,"CITY":"Hawthorne","STOP_NAME":"Hawthorne / Lennox Station - Hawthorne West Entrance","STOP_ID":"80306B","TRN_MODE":"LR","TRN_LINE":"C","SB79_TIER":"T2","HQTC_15M":" ","SOURCE":"GTFS (March 2026)","NAME":"Tier 2","YEAR":2026,"ML_FREQ":0,"PS_FREQ":0,"CR_FREQ":0,"FT_BRT_COR":" ","FT_BRT_CO1":" ","FT_BRT_CO2":" "}},{"type":"Feature","id":136,"geometry":{"type":"Point","coordinates":[-118.35232919528536,33.933571836785376]},"properties":{"OBJECTID":136,"CITY":"Hawthorne","STOP_NAME":"Hawthorne / Lennox Station - Hawthorne East Entrance","STOP_ID":"80306A","TRN_MODE":"LR","TRN_LINE":"C","SB79_TIER":"T2","HQTC_15M":" ","SOURCE":"GTFS (March 2026)","NAME":"Tier 2","YEAR":2026,"ML_FREQ":0,"PS_FREQ":0,"CR_FREQ":0,"FT_BRT_COR":" ","FT_BRT_CO1":" ","FT_BRT_CO2":" "}},{"type":"Feature","id":137,"geometry":{"type":"Point","coordinates":[-118.32697919106712,33.92518783735882]},"properties":{"OBJECTID":137,"CITY":"Hawthorne","STOP_NAME":"Crenshaw Station - West Entrance","STOP_ID":"80307B","TRN_MODE":"LR","TRN_LINE":"C","SB79_TIER":"T2","HQTC_15M":" ","SOURCE":"GTFS (March 2026)","NAME":"Tier 2","YEAR":2026,"ML_FREQ":0,"PS_FREQ":0,"CR_FREQ":0,"FT_BRT_COR":" ","FT_BRT_CO1":" ","FT_BRT_CO2":" "}},{"type":"Feature","id":138,"geometry":{"type":"Point","coordinates":[-118.32611219085237,33.925237837175111]},"properties":{"OBJECTID":138,"CITY":"Hawthorne","STOP_NAME":"Crenshaw Station - East Entrance","STOP_ID":"80307A","TRN_MODE":"LR","TRN_LINE":"C","SB79_TIER":"T2","HQTC_15M":" ","SOURCE":"GTFS (March 2026)","NAME":"Tier 2","YEAR":2026,"ML_FREQ":0,"PS_FREQ":0,"CR_FREQ":0,"FT_BRT_COR":" ","FT_BRT_CO1":" ","FT_BRT_CO2":" "}},{"type":"Feature","id":139,"geometry":{"type":"Point","coordinates":[-118.29202918535805,33.928687839524052]},"properties":{"OBJECTID":139,"CITY":"Los Angeles","STOP_NAME":"Vermont / Athens Station - West Entrance","STOP_ID":"80308B","TRN_MODE":"LR","TRN_LINE":"C","SB79_TIER":"T2","HQTC_15M":" ","SOURCE":"GTFS (March 2026)","NAME":"Tier 2","YEAR":2026,"ML_FREQ":0,"PS_FREQ":0,"CR_FREQ":0,"FT_BRT_COR":" ","FT_BRT_CO1":" ","FT_BRT_CO2":" "}},{"type":"Feature","id":140,"geometry":{"type":"Point","coordinates":[-118.29149918469766,33.928687839475295]},"properties":{"OBJECTID":140,"CITY":"Los Angeles","STOP_NAME":"Vermont / Athens Station - East Entrance","STOP_ID":"80308A","TRN_MODE":"LR","TRN_LINE":"C","SB79_TIER":"T2","HQTC_15M":" ","SOURCE":"GTFS (March 2026)","NAME":"Tier 2","YEAR":2026,"ML_FREQ":0,"PS_FREQ":0,"CR_FREQ":0,"FT_BRT_COR":" ","FT_BRT_CO1":" ","FT_BRT_CO2":" "}},{"type":"Feature","id":141,"geometry":{"type":"Point","coordinates":[-118.28156218321301,33.928704840457797]},"properties":{"OBJECTID":141,"CITY":"Los Angeles","STOP_NAME":"Harbor Freeway Station - West Entrance (Figueroa)","STOP_ID":"80309B","TRN_MODE":"LR","TRN_LINE":"C","SB79_TIER":"T2","HQTC_15M":" ","SOURCE":"GTFS (March 2026)","NAME":"Tier 2","YEAR":2026,"ML_FREQ":0,"PS_FREQ":0,"CR_FREQ":0,"FT_BRT_COR":" ","FT_BRT_CO1":" ","FT_BRT_CO2":" "}},{"type":"Feature","id":142,"geometry":{"type":"Point","coordinates":[-118.28071218353115,33.928704839891438]},"properties":{"OBJECTID":142,"CITY":"Los Angeles","STOP_NAME":"Harbor Freeway Station - East Entrance (Harbor Transitway)","STOP_ID":"80309A","TRN_MODE":"LR","TRN_LINE":"C","SB79_TIER":"T2","HQTC_15M":" ","SOURCE":"GTFS (March 2026)","NAME":"Tier 2","YEAR":2026,"ML_FREQ":0,"PS_FREQ":0,"CR_FREQ":0,"FT_BRT_COR":" ","FT_BRT_CO1":" ","FT_BRT_CO2":" "}},{"type":"Feature","id":143,"geometry":{"type":"Point","coordinates":[-118.26556218092837,33.92747184125249]},"properties":{"OBJECTID":143,"CITY":"Los Angeles","STOP_NAME":"Avalon Station - West Entrance","STOP_ID":"80310B","TRN_MODE":"LR","TRN_LINE":"C","SB79_TIER":"T2","HQTC_15M":" ","SOURCE":"GTFS (March 2026)","NAME":"Tier 2","YEAR":2026,"ML_FREQ":0,"PS_FREQ":0,"CR_FREQ":0,"FT_BRT_COR":" ","FT_BRT_CO1":" ","FT_BRT_CO2":" "}},{"type":"Feature","id":144,"geometry":{"type":"Point","coordinates":[-118.26486218048507,33.927471841323801]},"properties":{"OBJECTID":144,"CITY":"Los Angeles","STOP_NAME":"Avalon Station - East Entrance","STOP_ID":"80310A","TRN_MODE":"LR","TRN_LINE":"C","SB79_TIER":"T2","HQTC_15M":" ","SOURCE":"GTFS (March 2026)","NAME":"Tier 2","YEAR":2026,"ML_FREQ":0,"PS_FREQ":0,"CR_FREQ":0,"FT_BRT_COR":" ","FT_BRT_CO1":" ","FT_BRT_CO2":" "}},{"type":"Feature","id":145,"geometry":{"type":"Point","coordinates":[-118.23942917589045,33.928337842769629]},"properties":{"OBJECTID":145,"CITY":"Unincorporated","STOP_NAME":"Willowbrook - Rosa Parks Station - Wilmington Elevator","STOP_ID":"80311C","TRN_MODE":"LR","TRN_LINE":"C","SB79_TIER":"T2","HQTC_15M":" ","SOURCE":"GTFS (March 2026)","NAME":"Tier 2","YEAR":2026,"ML_FREQ":0,"PS_FREQ":0,"CR_FREQ":0,"FT_BRT_COR":" ","FT_BRT_CO1":" ","FT_BRT_CO2":" "}},{"type":"Feature","id":146,"geometry":{"type":"Point","coordinates":[-118.2385121766762,33.928304842332963]},"properties":{"OBJECTID":146,"CITY":"Unincorporated","STOP_NAME":"Willowbrook - Rosa Parks Station - Willowbrook West Elevator","STOP_ID":"80311B","TRN_MODE":"LR","TRN_LINE":"C","SB79_TIER":"T2","HQTC_15M":" ","SOURCE":"GTFS (March 2026)","NAME":"Tier 2","YEAR":2026,"ML_FREQ":0,"PS_FREQ":0,"CR_FREQ":0,"FT_BRT_COR":" ","FT_BRT_CO1":" ","FT_BRT_CO2":" "}},{"type":"Feature","id":147,"geometry":{"type":"Point","coordinates":[-118.23780217628261,33.928544842624099]},"properties":{"OBJECTID":147,"CITY":"Unincorporated","STOP_NAME":"Willowbrook - Rosa Parks Station - Willowbrook Entrance","STOP_ID":"80311D","TRN_MODE":"LR","TRN_LINE":"A","SB79_TIER":"T2","HQTC_15M":" ","SOURCE":"GTFS (March 2026)","NAME":"Tier 2","YEAR":2026,"ML_FREQ":0,"PS_FREQ":0,"CR_FREQ":0,"FT_BRT_COR":" ","FT_BRT_CO1":" ","FT_BRT_CO2":" "}},{"type":"Feature","id":148,"geometry":{"type":"Point","coordinates":[-118.23752917650938,33.928237842295353]},"properties":{"OBJECTID":148,"CITY":"Unincorporated","STOP_NAME":"Willowbrook - Rosa Parks Station - Willowbrook East Elevator","STOP_ID":"80311A","TRN_MODE":"LR","TRN_LINE":"C","SB79_TIER":"T2","HQTC_15M":" ","SOURCE":"GTFS (March 2026)","NAME":"Tier 2","YEAR":2026,"ML_FREQ":0,"PS_FREQ":0,"CR_FREQ":0,"FT_BRT_COR":" ","FT_BRT_CO1":" ","FT_BRT_CO2":" "}},{"type":"Feature","id":149,"geometry":{"type":"Point","coordinates":[-118.2431621777249,33.943044843973503]},"properties":{"OBJECTID":149,"CITY":"Los Angeles","STOP_NAME":"103rd Street / Watts Towers  Station - 103rd & Graham Entrance","STOP_ID":"80113A","TRN_MODE":"LR","TRN_LINE":"A","SB79_TIER":"T2","HQTC_15M":" ","SOURCE":"GTFS (March 2026)","NAME":"Tier 2","YEAR":2026,"ML_FREQ":0,"PS_FREQ":0,"CR_FREQ":0,"FT_BRT_COR":" ","FT_BRT_CO1":" ","FT_BRT_CO2":" "}},{"type":"Feature","id":150,"geometry":{"type":"Point","coordinates":[-118.35159219793758,33.966864840790564]},"properties":{"OBJECTID":150,"CITY":"Inglewood","STOP_NAME":"Downtown Inglewood Station - West Portal","STOP_ID":"80704B","TRN_MODE":"LR","TRN_LINE":"K","SB79_TIER":"T2","HQTC_15M":" ","SOURCE":"GTFS (March 2026)","NAME":"Tier 2","YEAR":2026,"ML_FREQ":0,"PS_FREQ":0,"CR_FREQ":0,"FT_BRT_COR":" ","FT_BRT_CO1":" ","FT_BRT_CO2":" "}},{"type":"Feature","id":151,"geometry":{"type":"Point","coordinates":[-118.3508521983012,33.967594840877354]},"properties":{"OBJECTID":151,"CITY":"Inglewood","STOP_NAME":"Downtown Inglewood Station - East Portal","STOP_ID":"80704A","TRN_MODE":"LR","TRN_LINE":"K","SB79_TIER":"T2","HQTC_15M":" ","SOURCE":"GTFS (March 2026)","NAME":"Tier 2","YEAR":2026,"ML_FREQ":0,"PS_FREQ":0,"CR_FREQ":0,"FT_BRT_COR":" ","FT_BRT_CO1":" ","FT_BRT_CO2":" "}},{"type":"Feature","id":152,"geometry":{"type":"Point","coordinates":[-118.33680219639665,33.975024841796127]},"properties":{"OBJECTID":152,"CITY":"Inglewood","STOP_NAME":"Fairview Heights Station - West Portal Calgary Gates","STOP_ID":"80705B","TRN_MODE":"LR","TRN_LINE":"K","SB79_TIER":"T2","HQTC_15M":" ","SOURCE":"GTFS (March 2026)","NAME":"Tier 2","YEAR":2026,"ML_FREQ":0,"PS_FREQ":0,"CR_FREQ":0,"FT_BRT_COR":" ","FT_BRT_CO1":" ","FT_BRT_CO2":" "}},{"type":"Feature","id":153,"geometry":{"type":"Point","coordinates":[-118.33543219620005,33.975594842452232]},"properties":{"OBJECTID":153,"CITY":"Inglewood","STOP_NAME":"Fairview Heights Station - East Portal Ramp","STOP_ID":"80705A","TRN_MODE":"LR","TRN_LINE":"K","SB79_TIER":"T2","HQTC_15M":" ","SOURCE":"GTFS (March 2026)","NAME":"Tier 2","YEAR":2026,"ML_FREQ":0,"PS_FREQ":0,"CR_FREQ":0,"FT_BRT_COR":" ","FT_BRT_CO1":" ","FT_BRT_CO2":" "}},{"type":"Feature","id":154,"geometry":{"type":"Point","coordinates":[-118.33086219682782,33.987294843490325]},"properties":{"OBJECTID":154,"CITY":"Los Angeles","STOP_NAME":"Hyde Park Station - South Portal Ramp","STOP_ID":"80706B","TRN_MODE":"LR","TRN_LINE":"K","SB79_TIER":"T2","HQTC_15M":" ","SOURCE":"GTFS (March 2026)","NAME":"Tier 2","YEAR":2026,"ML_FREQ":0,"PS_FREQ":0,"CR_FREQ":0,"FT_BRT_COR":" ","FT_BRT_CO1":" ","FT_BRT_CO2":" "}},{"type":"Feature","id":155,"geometry":{"type":"Point","coordinates":[-118.33084219692159,33.988904843873563]},"properties":{"OBJECTID":155,"CITY":"Los Angeles","STOP_NAME":"Hyde Park Station - North Portal Ramp","STOP_ID":"80706A","TRN_MODE":"LR","TRN_LINE":"K","SB79_TIER":"T2","HQTC_15M":" ","SOURCE":"GTFS (March 2026)","NAME":"Tier 2","YEAR":2026,"ML_FREQ":0,"PS_FREQ":0,"CR_FREQ":0,"FT_BRT_COR":" ","FT_BRT_CO1":" ","FT_BRT_CO2":" "}},{"type":"Feature","id":156,"geometry":{"type":"Point","coordinates":[-118.33539219884376,34.009844846411404]},"properties":{"OBJECTID":156,"CITY":"Los Angeles","STOP_NAME":"Martin Luther King Jr Station - Dual Elevators","STOP_ID":"80708A","TRN_MODE":"LR","TRN_LINE":"K","SB79_TIER":"T2","HQTC_15M":" ","SOURCE":"GTFS (March 2026)","NAME":"Tier 2","YEAR":2026,"ML_FREQ":0,"PS_FREQ":0,"CR_FREQ":0,"FT_BRT_COR":" ","FT_BRT_CO1":" ","FT_BRT_CO2":" "}},{"type":"Feature","id":157,"geometry":{"type":"Point","coordinates":[-118.33534219937907,34.010174845969772]},"properties":{"OBJECTID":157,"CITY":"Los Angeles","STOP_NAME":"Martin Luther King Jr Station - Escalator","STOP_ID":"80708B","TRN_MODE":"LR","TRN_LINE":"K","SB79_TIER":"T2","HQTC_15M":" ","SOURCE":"GTFS (March 2026)","NAME":"Tier 2","YEAR":2026,"ML_FREQ":0,"PS_FREQ":0,"CR_FREQ":0,"FT_BRT_COR":" ","FT_BRT_CO1":" ","FT_BRT_CO2":" "}},{"type":"Feature","id":158,"geometry":{"type":"Point","coordinates":[-118.33266319843391,34.00445884547613]},"properties":{"OBJECTID":158,"CITY":"Los Angeles","STOP_NAME":"Leimert Park Station - Dual Elevators","STOP_ID":"80707A","TRN_MODE":"LR","TRN_LINE":"K","SB79_TIER":"T2","HQTC_15M":" ","SOURCE":"GTFS (March 2026)","NAME":"Tier 2","YEAR":2026,"ML_FREQ":0,"PS_FREQ":0,"CR_FREQ":0,"FT_BRT_COR":" ","FT_BRT_CO1":" ","FT_BRT_CO2":" "}},{"type":"Feature","id":159,"geometry":{"type":"Point","coordinates":[-118.33275219841973,34.004574845371131]},"properties":{"OBJECTID":159,"CITY":"Los Angeles","STOP_NAME":"Leimert Park Station - Escalator","STOP_ID":"80707B","TRN_MODE":"LR","TRN_LINE":"K","SB79_TIER":"T2","HQTC_15M":" ","SOURCE":"GTFS (March 2026)","NAME":"Tier 2","YEAR":2026,"ML_FREQ":0,"PS_FREQ":0,"CR_FREQ":0,"FT_BRT_COR":" ","FT_BRT_CO1":" ","FT_BRT_CO2":" "}},{"type":"Feature","id":160,"geometry":{"type":"Point","coordinates":[-118.35570220403397,34.024814846353166]},"properties":{"OBJECTID":160,"CITY":"Los Angeles","STOP_NAME":"Expo / La Brea / Ethel Bradley Station - West Entrance","STOP_ID":"80130B","TRN_MODE":"LR","TRN_LINE":"E","SB79_TIER":"T2","HQTC_15M":" ","SOURCE":"GTFS (March 2026)","NAME":"Tier 2","YEAR":2026,"ML_FREQ":0,"PS_FREQ":0,"CR_FREQ":0,"FT_BRT_COR":" ","FT_BRT_CO1":" ","FT_BRT_CO2":" "}},{"type":"Feature","id":161,"geometry":{"type":"Point","coordinates":[-118.35468220347634,34.024724846928699]},"properties":{"OBJECTID":161,"CITY":"Los Angeles","STOP_NAME":"Expo / La Brea / Ethel Bradley Station - East Entrance","STOP_ID":"80130A","TRN_MODE":"LR","TRN_LINE":"E","SB79_TIER":"T2","HQTC_15M":" ","SOURCE":"GTFS (March 2026)","NAME":"Tier 2","YEAR":2026,"ML_FREQ":0,"PS_FREQ":0,"CR_FREQ":0,"FT_BRT_COR":" ","FT_BRT_CO1":" ","FT_BRT_CO2":" "}},{"type":"Feature","id":162,"geometry":{"type":"Point","coordinates":[-118.34635220261755,34.023914847075673]},"properties":{"OBJECTID":162,"CITY":"Los Angeles","STOP_NAME":"Farmdale Station - Eastbound Platform Entrance","STOP_ID":"80129A","TRN_MODE":"LR","TRN_LINE":"E","SB79_TIER":"T2","HQTC_15M":" ","SOURCE":"GTFS (March 2026)","NAME":"Tier 2","YEAR":2026,"ML_FREQ":0,"PS_FREQ":0,"CR_FREQ":0,"FT_BRT_COR":" ","FT_BRT_CO1":" ","FT_BRT_CO2":" "}},{"type":"Feature","id":163,"geometry":{"type":"Point","coordinates":[-118.34588220225287,34.023984846929515]},"properties":{"OBJECTID":163,"CITY":"Los Angeles","STOP_NAME":"Farmdale Station - Westbound Platform Entrance","STOP_ID":"80129B","TRN_MODE":"LR","TRN_LINE":"E","SB79_TIER":"T2","HQTC_15M":" ","SOURCE":"GTFS (March 2026)","NAME":"Tier 2","YEAR":2026,"ML_FREQ":0,"PS_FREQ":0,"CR_FREQ":0,"FT_BRT_COR":" ","FT_BRT_CO1":" ","FT_BRT_CO2":" "}},{"type":"Feature","id":164,"geometry":{"type":"Point","coordinates":[-118.33492220008714,34.021734847152075]},"properties":{"OBJECTID":164,"CITY":"Los Angeles","STOP_NAME":"Expo / Crenshaw K-Line Station - Dual Elevators","STOP_ID":"80709A","TRN_MODE":"LR","TRN_LINE":"K","SB79_TIER":"T2","HQTC_15M":" ","SOURCE":"GTFS (March 2026)","NAME":"Tier 2","YEAR":2026,"ML_FREQ":0,"PS_FREQ":0,"CR_FREQ":0,"FT_BRT_COR":" ","FT_BRT_CO1":" ","FT_BRT_CO2":" "}},{"type":"Feature","id":165,"geometry":{"type":"Point","coordinates":[-118.33494219990034,34.021984847931328]},"properties":{"OBJECTID":165,"CITY":"Los Angeles","STOP_NAME":"Expo / Crenshaw K-Line Station - Escalator","STOP_ID":"80709B","TRN_MODE":"LR","TRN_LINE":"K","SB79_TIER":"T2","HQTC_15M":" ","SOURCE":"GTFS (March 2026)","NAME":"Tier 2","YEAR":2026,"ML_FREQ":0,"PS_FREQ":0,"CR_FREQ":0,"FT_BRT_COR":" ","FT_BRT_CO1":" ","FT_BRT_CO2":" "}},{"type":"Feature","id":166,"geometry":{"type":"Point","coordinates":[-118.33529220035255,34.022524847163467]},"properties":{"OBJECTID":166,"CITY":"Los Angeles","STOP_NAME":"Expo / Crenshaw E-Line Station - Eastbound Platform Entrance","STOP_ID":"80128A","TRN_MODE":"LR","TRN_LINE":"E","SB79_TIER":"T2","HQTC_15M":" ","SOURCE":"GTFS (March 2026)","NAME":"Tier 2","YEAR":2026,"ML_FREQ":0,"PS_FREQ":0,"CR_FREQ":0,"FT_BRT_COR":" ","FT_BRT_CO1":" ","FT_BRT_CO2":" "}},{"type":"Feature","id":167,"geometry":{"type":"Point","coordinates":[-118.33493220007664,34.022564847770902]},"properties":{"OBJECTID":167,"CITY":"Los Angeles","STOP_NAME":"Expo / Crenshaw E-Line Station - Westbound Platform Entrance","STOP_ID":"80128B","TRN_MODE":"LR","TRN_LINE":"E","SB79_TIER":"T2","HQTC_15M":" ","SOURCE":"GTFS (March 2026)","NAME":"Tier 2","YEAR":2026,"ML_FREQ":0,"PS_FREQ":0,"CR_FREQ":0,"FT_BRT_COR":" ","FT_BRT_CO1":" ","FT_BRT_CO2":" "}},{"type":"Feature","id":168,"geometry":{"type":"Point","coordinates":[-118.30906219505179,34.018384848786503]},"properties":{"OBJECTID":168,"CITY":"Los Angeles","STOP_NAME":"Expo / Western Station - Westbound Platform Entrance","STOP_ID":"80127B","TRN_MODE":"LR","TRN_LINE":"E","SB79_TIER":"T2","HQTC_15M":" ","SOURCE":"GTFS (March 2026)","NAME":"Tier 2","YEAR":2026,"ML_FREQ":0,"PS_FREQ":0,"CR_FREQ":0,"FT_BRT_COR":" ","FT_BRT_CO1":" ","FT_BRT_CO2":" "}},{"type":"Feature","id":169,"geometry":{"type":"Point","coordinates":[-118.3087521954852,34.018284848130612]},"properties":{"OBJECTID":169,"CITY":"Los Angeles","STOP_NAME":"Expo / Western Station - Eastbound Platform Entrance","STOP_ID":"80127A","TRN_MODE":"LR","TRN_LINE":"E","SB79_TIER":"T2","HQTC_15M":" ","SOURCE":"GTFS (March 2026)","NAME":"Tier 2","YEAR":2026,"ML_FREQ":0,"PS_FREQ":0,"CR_FREQ":0,"FT_BRT_COR":" ","FT_BRT_CO1":" ","FT_BRT_CO2":" "}},{"type":"Feature","id":170,"geometry":{"type":"Point","coordinates":[-118.30877219935289,34.061914853399912]},"properties":{"OBJECTID":170,"CITY":"Los Angeles","STOP_NAME":"Wilshire / Western Station - Elevator","STOP_ID":"80216A","TRN_MODE":"HR","TRN_LINE":"D","SB79_TIER":"T1","HQTC_15M":" ","SOURCE":"GTFS (March 2026)","NAME":"Tier 1","YEAR":2026,"ML_FREQ":0,"PS_FREQ":0,"CR_FREQ":0,"FT_BRT_COR":" ","FT_BRT_CO1":" ","FT_BRT_CO2":" "}},{"type":"Feature","id":171,"geometry":{"type":"Point","coordinates":[-118.30884219902086,34.062164853707301]},"properties":{"OBJECTID":171,"CITY":"Los Angeles","STOP_NAME":"Wilshire / Western Station - Main Entrance","STOP_ID":"80216B","TRN_MODE":"HR","TRN_LINE":"D","SB79_TIER":"T1","HQTC_15M":" ","SOURCE":"GTFS (March 2026)","NAME":"Tier 1","YEAR":2026,"ML_FREQ":0,"PS_FREQ":0,"CR_FREQ":0,"FT_BRT_COR":" ","FT_BRT_CO1":" ","FT_BRT_CO2":" "}},{"type":"Feature","id":172,"geometry":{"type":"Point","coordinates":[-118.30099219776544,34.061574853502009]},"properties":{"OBJECTID":172,"CITY":"Los Angeles","STOP_NAME":"Wilshire / Normandie Station - Elevator","STOP_ID":"80215A","TRN_MODE":"HR","TRN_LINE":"D","SB79_TIER":"T1","HQTC_15M":" ","SOURCE":"GTFS (March 2026)","NAME":"Tier 1","YEAR":2026,"ML_FREQ":0,"PS_FREQ":0,"CR_FREQ":0,"FT_BRT_COR":" ","FT_BRT_CO1":" ","FT_BRT_CO2":" "}},{"type":"Feature","id":173,"geometry":{"type":"Point","coordinates":[-118.30092219706928,34.06140485392757]},"properties":{"OBJECTID":173,"CITY":"Los Angeles","STOP_NAME":"Wilshire / Normandie Station - Main Entrance","STOP_ID":"80215B","TRN_MODE":"HR","TRN_LINE":"D","SB79_TIER":"T1","HQTC_15M":" ","SOURCE":"GTFS (March 2026)","NAME":"Tier 1","YEAR":2026,"ML_FREQ":0,"PS_FREQ":0,"CR_FREQ":0,"FT_BRT_COR":" ","FT_BRT_CO1":" ","FT_BRT_CO2":" "}},{"type":"Feature","id":174,"geometry":{"type":"Point","coordinates":[-118.24319217975905,33.959484845876197]},"properties":{"OBJECTID":174,"CITY":"Unincorporated","STOP_NAME":"Firestone Station - South Entrance","STOP_ID":"80114B","TRN_MODE":"LR","TRN_LINE":"A","SB79_TIER":"T2","HQTC_15M":" ","SOURCE":"GTFS (March 2026)","NAME":"Tier 2","YEAR":2026,"ML_FREQ":0,"PS_FREQ":0,"CR_FREQ":0,"FT_BRT_COR":" ","FT_BRT_CO1":" ","FT_BRT_CO2":" "}},{"type":"Feature","id":175,"geometry":{"type":"Point","coordinates":[-118.24319217944068,33.959714845439976]},"properties":{"OBJECTID":175,"CITY":"Unincorporated","STOP_NAME":"Firestone Station - North Entrance","STOP_ID":"80114A","TRN_MODE":"LR","TRN_LINE":"A","SB79_TIER":"T2","HQTC_15M":" ","SOURCE":"GTFS (March 2026)","NAME":"Tier 2","YEAR":2026,"ML_FREQ":0,"PS_FREQ":0,"CR_FREQ":0,"FT_BRT_COR":" ","FT_BRT_CO1":" ","FT_BRT_CO2":" "}},{"type":"Feature","id":176,"geometry":{"type":"Point","coordinates":[-118.24327218037665,33.974614847429244]},"properties":{"OBJECTID":176,"CITY":"Unincorporated","STOP_NAME":"Florence Station - Florence & Graham Entrance","STOP_ID":"80115A","TRN_MODE":"LR","TRN_LINE":"A","SB79_TIER":"T2","HQTC_15M":" ","SOURCE":"GTFS (March 2026)","NAME":"Tier 2","YEAR":2026,"ML_FREQ":0,"PS_FREQ":0,"CR_FREQ":0,"FT_BRT_COR":" ","FT_BRT_CO1":" ","FT_BRT_CO2":" "}},{"type":"Feature","id":177,"geometry":{"type":"Point","coordinates":[-118.24335218204089,33.988354848878927]},"properties":{"OBJECTID":177,"CITY":"Unincorporated","STOP_NAME":"Slauson Station - South Entrance","STOP_ID":"80116B","TRN_MODE":"LR","TRN_LINE":"A","SB79_TIER":"T2","HQTC_15M":" ","SOURCE":"GTFS (March 2026)","NAME":"Tier 2","YEAR":2026,"ML_FREQ":0,"PS_FREQ":0,"CR_FREQ":0,"FT_BRT_COR":" ","FT_BRT_CO1":" ","FT_BRT_CO2":" "}},{"type":"Feature","id":178,"geometry":{"type":"Point","coordinates":[-118.24346218253476,33.989094849214567]},"properties":{"OBJECTID":178,"CITY":"Unincorporated","STOP_NAME":"Slauson Station - North Entrance","STOP_ID":"80116A","TRN_MODE":"LR","TRN_LINE":"A","SB79_TIER":"T2","HQTC_15M":" ","SOURCE":"GTFS (March 2026)","NAME":"Tier 2","YEAR":2026,"ML_FREQ":0,"PS_FREQ":0,"CR_FREQ":0,"FT_BRT_COR":" ","FT_BRT_CO1":" ","FT_BRT_CO2":" "}},{"type":"Feature","id":179,"geometry":{"type":"Point","coordinates":[-118.24330218358047,34.003784850836915]},"properties":{"OBJECTID":179,"CITY":"Los Angeles","STOP_NAME":"Vernon Station - Long Beach & Vernon Entrance","STOP_ID":"80117A","TRN_MODE":"LR","TRN_LINE":"A","SB79_TIER":"T2","HQTC_15M":" ","SOURCE":"GTFS (March 2026)","NAME":"Tier 2","YEAR":2026,"ML_FREQ":0,"PS_FREQ":0,"CR_FREQ":0,"FT_BRT_COR":" ","FT_BRT_CO1":" ","FT_BRT_CO2":" "}},{"type":"Feature","id":180,"geometry":{"type":"Point","coordinates":[-118.29174219212554,34.018304849556309]},"properties":{"OBJECTID":180,"CITY":"Los Angeles","STOP_NAME":"Expo / Vermont Station - Westbound Platform","STOP_ID":"80126C","TRN_MODE":"LR","TRN_LINE":"E","SB79_TIER":"T2","HQTC_15M":" ","SOURCE":"GTFS (March 2026)","NAME":"Tier 2","YEAR":2026,"ML_FREQ":0,"PS_FREQ":0,"CR_FREQ":0,"FT_BRT_COR":" ","FT_BRT_CO1":" ","FT_BRT_CO2":" "}},{"type":"Feature","id":181,"geometry":{"type":"Point","coordinates":[-118.29161219245162,34.018194849622311]},"properties":{"OBJECTID":181,"CITY":"Los Angeles","STOP_NAME":"Expo / Vermont Station - Eastbound Platform - West Entrance (Ramp)","STOP_ID":"80126B","TRN_MODE":"LR","TRN_LINE":"E","SB79_TIER":"T2","HQTC_15M":" ","SOURCE":"GTFS (March 2026)","NAME":"Tier 2","YEAR":2026,"ML_FREQ":0,"PS_FREQ":0,"CR_FREQ":0,"FT_BRT_COR":" ","FT_BRT_CO1":" ","FT_BRT_CO2":" "}},{"type":"Feature","id":182,"geometry":{"type":"Point","coordinates":[-118.29025219216471,34.018194849558064]},"properties":{"OBJECTID":182,"CITY":"Los Angeles","STOP_NAME":"Expo / Vermont Station - Eastbound Platform - East Entrance (Stairs)","STOP_ID":"80126A","TRN_MODE":"LR","TRN_LINE":"E","SB79_TIER":"T2","HQTC_15M":" ","SOURCE":"GTFS (March 2026)","NAME":"Tier 2","YEAR":2026,"ML_FREQ":0,"PS_FREQ":0,"CR_FREQ":0,"FT_BRT_COR":" ","FT_BRT_CO1":" ","FT_BRT_CO2":" "}},{"type":"Feature","id":183,"geometry":{"type":"Point","coordinates":[-118.28648219106223,34.018184850172425]},"properties":{"OBJECTID":183,"CITY":"Los Angeles","STOP_NAME":"Expo Park / USC Station - Eastbound Platform Entrance","STOP_ID":"80125A","TRN_MODE":"LR","TRN_LINE":"E","SB79_TIER":"T2","HQTC_15M":" ","SOURCE":"GTFS (March 2026)","NAME":"Tier 2","YEAR":2026,"ML_FREQ":0,"PS_FREQ":0,"CR_FREQ":0,"FT_BRT_COR":" ","FT_BRT_CO1":" ","FT_BRT_CO2":" "}},{"type":"Feature","id":184,"geometry":{"type":"Point","coordinates":[-118.28648219125971,34.018284850283472]},"properties":{"OBJECTID":184,"CITY":"Los Angeles","STOP_NAME":"Expo Park / USC Station - Westbound Platform Entrance","STOP_ID":"80125B","TRN_MODE":"LR","TRN_LINE":"E","SB79_TIER":"T2","HQTC_15M":" ","SOURCE":"GTFS (March 2026)","NAME":"Tier 2","YEAR":2026,"ML_FREQ":0,"PS_FREQ":0,"CR_FREQ":0,"FT_BRT_COR":" ","FT_BRT_CO1":" ","FT_BRT_CO2":" "}},{"type":"Feature","id":185,"geometry":{"type":"Point","coordinates":[-118.27857219037413,34.021474850895416]},"properties":{"OBJECTID":185,"CITY":"Los Angeles","STOP_NAME":"Jefferson / USC Station - Southbound Entrance","STOP_ID":"80124B","TRN_MODE":"LR","TRN_LINE":"E","SB79_TIER":"T2","HQTC_15M":" ","SOURCE":"GTFS (March 2026)","NAME":"Tier 2","YEAR":2026,"ML_FREQ":0,"PS_FREQ":0,"CR_FREQ":0,"FT_BRT_COR":" ","FT_BRT_CO1":" ","FT_BRT_CO2":" "}},{"type":"Feature","id":186,"geometry":{"type":"Point","coordinates":[-118.27850219030759,34.021424850433789]},"properties":{"OBJECTID":186,"CITY":"Los Angeles","STOP_NAME":"Jefferson / USC Station - Northbound Entrance","STOP_ID":"80124A","TRN_MODE":"LR","TRN_LINE":"E","SB79_TIER":"T2","HQTC_15M":" ","SOURCE":"GTFS (March 2026)","NAME":"Tier 2","YEAR":2026,"ML_FREQ":0,"PS_FREQ":0,"CR_FREQ":0,"FT_BRT_COR":" ","FT_BRT_CO1":" ","FT_BRT_CO2":" "}},{"type":"Feature","id":187,"geometry":{"type":"Point","coordinates":[-118.27392219072186,34.028494851651693]},"properties":{"OBJECTID":187,"CITY":"Los Angeles","STOP_NAME":"LATTC / Ortho Institute Station - South Entrance","STOP_ID":"80123B","TRN_MODE":"LR","TRN_LINE":"E","SB79_TIER":"T2","HQTC_15M":" ","SOURCE":"GTFS (March 2026)","NAME":"Tier 2","YEAR":2026,"ML_FREQ":0,"PS_FREQ":0,"CR_FREQ":0,"FT_BRT_COR":" ","FT_BRT_CO1":" ","FT_BRT_CO2":" "}},{"type":"Feature","id":188,"geometry":{"type":"Point","coordinates":[-118.27304219076296,34.030114851479844]},"properties":{"OBJECTID":188,"CITY":"Los Angeles","STOP_NAME":"LATTC / Ortho Institute Station - North Entrance","STOP_ID":"80123A","TRN_MODE":"LR","TRN_LINE":"E","SB79_TIER":"T2","HQTC_15M":" ","SOURCE":"GTFS (March 2026)","NAME":"Tier 2","YEAR":2026,"ML_FREQ":0,"PS_FREQ":0,"CR_FREQ":0,"FT_BRT_COR":" ","FT_BRT_CO1":" ","FT_BRT_CO2":" "}},{"type":"Feature","id":189,"geometry":{"type":"Point","coordinates":[-118.26977219043391,34.033334852623234]},"properties":{"OBJECTID":189,"CITY":"Los Angeles","STOP_NAME":"Grand / LATTC Station - Washington & Hope Entrance","STOP_ID":"80120B","TRN_MODE":"LR","TRN_LINE":"A","SB79_TIER":"T2","HQTC_15M":" ","SOURCE":"GTFS (March 2026)","NAME":"Tier 2","YEAR":2026,"ML_FREQ":0,"PS_FREQ":0,"CR_FREQ":0,"FT_BRT_COR":" ","FT_BRT_CO1":" ","FT_BRT_CO2":" "}},{"type":"Feature","id":190,"geometry":{"type":"Point","coordinates":[-118.26848218978868,34.032764852435236]},"properties":{"OBJECTID":190,"CITY":"Los Angeles","STOP_NAME":"Grand / LATTC Station - Washington & Grand Entrance","STOP_ID":"80120A","TRN_MODE":"LR","TRN_LINE":"A","SB79_TIER":"T2","HQTC_15M":" ","SOURCE":"GTFS (March 2026)","NAME":"Tier 2","YEAR":2026,"ML_FREQ":0,"PS_FREQ":0,"CR_FREQ":0,"FT_BRT_COR":" ","FT_BRT_CO1":" ","FT_BRT_CO2":" "}},{"type":"Feature","id":191,"geometry":{"type":"Point","coordinates":[-118.26638219048371,34.040334853461175]},"properties":{"OBJECTID":191,"CITY":"Los Angeles","STOP_NAME":"Pico Station - Flower & Pico Entrance","STOP_ID":"80121B","TRN_MODE":"LR","TRN_LINE":"A; E","SB79_TIER":"T2","HQTC_15M":" ","SOURCE":"GTFS (March 2026)","NAME":"Tier 2","YEAR":2026,"ML_FREQ":0,"PS_FREQ":0,"CR_FREQ":0,"FT_BRT_COR":" ","FT_BRT_CO1":" ","FT_BRT_CO2":" "}},{"type":"Feature","id":192,"geometry":{"type":"Point","coordinates":[-118.26574219001425,34.041044853139617]},"properties":{"OBJECTID":192,"CITY":"Los Angeles","STOP_NAME":"Pico Station - Flower & 12th Entrance","STOP_ID":"80121A","TRN_MODE":"LR","TRN_LINE":"A; E","SB79_TIER":"T2","HQTC_15M":" ","SOURCE":"GTFS (March 2026)","NAME":"Tier 2","YEAR":2026,"ML_FREQ":0,"PS_FREQ":0,"CR_FREQ":0,"FT_BRT_COR":" ","FT_BRT_CO1":" ","FT_BRT_CO2":" "}},{"type":"Feature","id":193,"geometry":{"type":"Point","coordinates":[-118.27622019344064,34.056947854550899]},"properties":{"OBJECTID":193,"CITY":"Los Angeles","STOP_NAME":"Westlake / MacArthur Park Station - South Entrance","STOP_ID":"80210C","TRN_MODE":"HR","TRN_LINE":"B; D","SB79_TIER":"T1","HQTC_15M":" ","SOURCE":"GTFS (March 2026)","NAME":"Tier 1","YEAR":2026,"ML_FREQ":0,"PS_FREQ":0,"CR_FREQ":0,"FT_BRT_COR":" ","FT_BRT_CO1":" ","FT_BRT_CO2":" "}},{"type":"Feature","id":194,"geometry":{"type":"Point","coordinates":[-118.29093219553499,34.062454854235092]},"properties":{"OBJECTID":194,"CITY":"Los Angeles","STOP_NAME":"Wilshire / Vermont Station - Vermont Entrance","STOP_ID":"80209B","TRN_MODE":"HR","TRN_LINE":"B; D","SB79_TIER":"T1","HQTC_15M":" ","SOURCE":"GTFS (March 2026)","NAME":"Tier 1","YEAR":2026,"ML_FREQ":0,"PS_FREQ":0,"CR_FREQ":0,"FT_BRT_COR":" ","FT_BRT_CO1":" ","FT_BRT_CO2":" "}},{"type":"Feature","id":195,"geometry":{"type":"Point","coordinates":[-118.29029219544455,34.062504854478895]},"properties":{"OBJECTID":195,"CITY":"Los Angeles","STOP_NAME":"Wilshire / Vermont Station - Shatto Entrance","STOP_ID":"80209A","TRN_MODE":"HR","TRN_LINE":"B; D","SB79_TIER":"T1","HQTC_15M":" ","SOURCE":"GTFS (March 2026)","NAME":"Tier 1","YEAR":2026,"ML_FREQ":0,"PS_FREQ":0,"CR_FREQ":0,"FT_BRT_COR":" ","FT_BRT_CO1":" ","FT_BRT_CO2":" "}},{"type":"Feature","id":196,"geometry":{"type":"Point","coordinates":[-118.29192219688782,34.076604855837452]},"properties":{"OBJECTID":196,"CITY":"Los Angeles","STOP_NAME":"Vermont / Beverly Station - Beverly Entrance","STOP_ID":"80208A","TRN_MODE":"HR","TRN_LINE":"B","SB79_TIER":"T1","HQTC_15M":" ","SOURCE":"GTFS (March 2026)","NAME":"Tier 1","YEAR":2026,"ML_FREQ":0,"PS_FREQ":0,"CR_FREQ":0,"FT_BRT_COR":" ","FT_BRT_CO1":" ","FT_BRT_CO2":" "}},{"type":"Feature","id":197,"geometry":{"type":"Point","coordinates":[-118.27598719344289,34.056904854642767]},"properties":{"OBJECTID":197,"CITY":"Los Angeles","STOP_NAME":"Westlake / MacArthur Park Station - Elevator","STOP_ID":"80210A","TRN_MODE":"HR","TRN_LINE":"B; D","SB79_TIER":"T1","HQTC_15M":" ","SOURCE":"GTFS (March 2026)","NAME":"Tier 1","YEAR":2026,"ML_FREQ":0,"PS_FREQ":0,"CR_FREQ":0,"FT_BRT_COR":" ","FT_BRT_CO1":" ","FT_BRT_CO2":" "}},{"type":"Feature","id":198,"geometry":{"type":"Point","coordinates":[-118.25621218765917,34.027144852781468]},"properties":{"OBJECTID":198,"CITY":"Los Angeles","STOP_NAME":"San Pedro Street Station - Washington & San Pedro Entrance","STOP_ID":"80119A","TRN_MODE":"LR","TRN_LINE":"A","SB79_TIER":"T2","HQTC_15M":" ","SOURCE":"GTFS (March 2026)","NAME":"Tier 2","YEAR":2026,"ML_FREQ":0,"PS_FREQ":0,"CR_FREQ":0,"FT_BRT_COR":" ","FT_BRT_CO1":" ","FT_BRT_CO2":" "}},{"type":"Feature","id":199,"geometry":{"type":"Point","coordinates":[-118.24310218412231,34.020474852309057]},"properties":{"OBJECTID":199,"CITY":"Los Angeles","STOP_NAME":"Washington Station - Long Beach & Washington Entrance","STOP_ID":"80118A","TRN_MODE":"LR","TRN_LINE":"A","SB79_TIER":"T2","HQTC_15M":" ","SOURCE":"GTFS (March 2026)","NAME":"Tier 2","YEAR":2026,"ML_FREQ":0,"PS_FREQ":0,"CR_FREQ":0,"FT_BRT_COR":" ","FT_BRT_CO1":" ","FT_BRT_CO2":" "}},{"type":"Feature","id":200,"geometry":{"type":"Point","coordinates":[-118.25967218982851,34.049364854369067]},"properties":{"OBJECTID":200,"CITY":"Los Angeles","STOP_NAME":"7th Street / Metro Center Station - 7th & Figueroa Entrance","STOP_ID":"80122B","TRN_MODE":"HR; LR","TRN_LINE":"A; B; E; D","SB79_TIER":"T1","HQTC_15M":" ","SOURCE":"GTFS (March 2026)","NAME":"Tier 1","YEAR":2026,"ML_FREQ":0,"PS_FREQ":0,"CR_FREQ":0,"FT_BRT_COR":" ","FT_BRT_CO1":" ","FT_BRT_CO2":" "}},{"type":"Feature","id":201,"geometry":{"type":"Point","coordinates":[-118.25934218912292,34.049164854909215]},"properties":{"OBJECTID":201,"CITY":"Los Angeles","STOP_NAME":"7th Street / Metro Center Station - 7th & Figueroa Elevator","STOP_ID":"80122A","TRN_MODE":"HR; LR","TRN_LINE":"A; B; E; D","SB79_TIER":"T1","HQTC_15M":" ","SOURCE":"GTFS (March 2026)","NAME":"Tier 1","YEAR":2026,"ML_FREQ":0,"PS_FREQ":0,"CR_FREQ":0,"FT_BRT_COR":" ","FT_BRT_CO1":" ","FT_BRT_CO2":" "}},{"type":"Feature","id":202,"geometry":{"type":"Point","coordinates":[-118.25832218880267,34.0481318543331]},"properties":{"OBJECTID":202,"CITY":"Los Angeles","STOP_NAME":"7th Street / Metro Center Station - Entrance to the Bloc","STOP_ID":"80122G","TRN_MODE":"HR; LR","TRN_LINE":"A; B; E; D","SB79_TIER":"T1","HQTC_15M":" ","SOURCE":"GTFS (March 2026)","NAME":"Tier 1","YEAR":2026,"ML_FREQ":0,"PS_FREQ":0,"CR_FREQ":0,"FT_BRT_COR":" ","FT_BRT_CO1":" ","FT_BRT_CO2":" "}},{"type":"Feature","id":203,"geometry":{"type":"Point","coordinates":[-118.25824018927466,34.04811785456198]},"properties":{"OBJECTID":203,"CITY":"Los Angeles","STOP_NAME":"7th Street / Metro Center Station - Elevator at the Bloc","STOP_ID":"80122F","TRN_MODE":"HR; LR","TRN_LINE":"A; B; E; D","SB79_TIER":"T1","HQTC_15M":" ","SOURCE":"GTFS (March 2026)","NAME":"Tier 1","YEAR":2026,"ML_FREQ":0,"PS_FREQ":0,"CR_FREQ":0,"FT_BRT_COR":" ","FT_BRT_CO1":" ","FT_BRT_CO2":" "}},{"type":"Feature","id":204,"geometry":{"type":"Point","coordinates":[-118.2585721894376,34.04870485447114]},"properties":{"OBJECTID":204,"CITY":"Los Angeles","STOP_NAME":"7th Street / Metro Center Station - 7th & Flower Entrance","STOP_ID":"80122D","TRN_MODE":"HR; LR","TRN_LINE":"A; B; E; D","SB79_TIER":"T1","HQTC_15M":" ","SOURCE":"GTFS (March 2026)","NAME":"Tier 1","YEAR":2026,"ML_FREQ":0,"PS_FREQ":0,"CR_FREQ":0,"FT_BRT_COR":" ","FT_BRT_CO1":" ","FT_BRT_CO2":" "}},{"type":"Feature","id":205,"geometry":{"type":"Point","coordinates":[-118.25840218895964,34.048904854626457]},"properties":{"OBJECTID":205,"CITY":"Los Angeles","STOP_NAME":"7th Street / Metro Center Station - 7th & Flower Elevator","STOP_ID":"80122C","TRN_MODE":"HR; LR","TRN_LINE":"A; B; E; D","SB79_TIER":"T1","HQTC_15M":" ","SOURCE":"GTFS (March 2026)","NAME":"Tier 1","YEAR":2026,"ML_FREQ":0,"PS_FREQ":0,"CR_FREQ":0,"FT_BRT_COR":" ","FT_BRT_CO1":" ","FT_BRT_CO2":" "}},{"type":"Feature","id":206,"geometry":{"type":"Point","coordinates":[-118.25172218798352,34.048444854863632]},"properties":{"OBJECTID":206,"CITY":"Los Angeles","STOP_NAME":"Pershing Square Station - Hill & 5th Elevator","STOP_ID":"80212C","TRN_MODE":"HR","TRN_LINE":"B; D","SB79_TIER":"T1","HQTC_15M":" ","SOURCE":"GTFS (March 2026)","NAME":"Tier 1","YEAR":2026,"ML_FREQ":0,"PS_FREQ":0,"CR_FREQ":0,"FT_BRT_COR":" ","FT_BRT_CO1":" ","FT_BRT_CO2":" "}},{"type":"Feature","id":207,"geometry":{"type":"Point","coordinates":[-118.25154318908544,34.054728855484896]},"properties":{"OBJECTID":207,"CITY":"Los Angeles","STOP_NAME":"Grand Ave Arts / Bunker Hill Station","STOP_ID":"81401","TRN_MODE":"LR","TRN_LINE":"A; E","SB79_TIER":"T2","HQTC_15M":" ","SOURCE":"GTFS (March 2026)","NAME":"Tier 2","YEAR":2026,"ML_FREQ":0,"PS_FREQ":0,"CR_FREQ":0,"FT_BRT_COR":" ","FT_BRT_CO1":" ","FT_BRT_CO2":" "}},{"type":"Feature","id":208,"geometry":{"type":"Point","coordinates":[-118.25149218833461,34.048364854881953]},"properties":{"OBJECTID":208,"CITY":"Los Angeles","STOP_NAME":"Pershing Square Station - Hill & 5th Entrance","STOP_ID":"80212D","TRN_MODE":"HR","TRN_LINE":"B; D","SB79_TIER":"T1","HQTC_15M":" ","SOURCE":"GTFS (March 2026)","NAME":"Tier 1","YEAR":2026,"ML_FREQ":0,"PS_FREQ":0,"CR_FREQ":0,"FT_BRT_COR":" ","FT_BRT_CO1":" ","FT_BRT_CO2":" "}},{"type":"Feature","id":209,"geometry":{"type":"Point","coordinates":[-118.24990218822087,34.050104855253601]},"properties":{"OBJECTID":209,"CITY":"Los Angeles","STOP_NAME":"Pershing Square Station - Hill & 4th NE Entrance","STOP_ID":"80212A","TRN_MODE":"HR","TRN_LINE":"B; D","SB79_TIER":"T1","HQTC_15M":" ","SOURCE":"GTFS (March 2026)","NAME":"Tier 1","YEAR":2026,"ML_FREQ":0,"PS_FREQ":0,"CR_FREQ":0,"FT_BRT_COR":" ","FT_BRT_CO1":" ","FT_BRT_CO2":" "}},{"type":"Feature","id":210,"geometry":{"type":"Point","coordinates":[-118.24633318765339,34.052160856173032]},"properties":{"OBJECTID":210,"CITY":"Los Angeles","STOP_NAME":"Historic Broadway Station","STOP_ID":"81402","TRN_MODE":"LR","TRN_LINE":"A; E","SB79_TIER":"T2","HQTC_15M":" ","SOURCE":"GTFS (March 2026)","NAME":"Tier 2","YEAR":2026,"ML_FREQ":0,"PS_FREQ":0,"CR_FREQ":0,"FT_BRT_COR":" ","FT_BRT_CO1":" ","FT_BRT_CO2":" "}},{"type":"Feature","id":211,"geometry":{"type":"Point","coordinates":[-118.24546218808527,34.055224855856551]},"properties":{"OBJECTID":211,"CITY":"Los Angeles","STOP_NAME":"Civic Center / Grand Park Station - Hill & Temple Elevator","STOP_ID":"80213B","TRN_MODE":"HR","TRN_LINE":"B; D","SB79_TIER":"T1","HQTC_15M":" ","SOURCE":"GTFS (March 2026)","NAME":"Tier 1","YEAR":2026,"ML_FREQ":0,"PS_FREQ":0,"CR_FREQ":0,"FT_BRT_COR":" ","FT_BRT_CO1":" ","FT_BRT_CO2":" "}},{"type":"Feature","id":212,"geometry":{"type":"Point","coordinates":[-118.24517218824471,34.055544856723351]},"properties":{"OBJECTID":212,"CITY":"Los Angeles","STOP_NAME":"Civic Center / Grand Park Station - Hill & Temple Main Entrance","STOP_ID":"80213C","TRN_MODE":"HR","TRN_LINE":"B; D","SB79_TIER":"T1","HQTC_15M":" ","SOURCE":"GTFS (March 2026)","NAME":"Tier 1","YEAR":2026,"ML_FREQ":0,"PS_FREQ":0,"CR_FREQ":0,"FT_BRT_COR":" ","FT_BRT_CO1":" ","FT_BRT_CO2":" "}},{"type":"Feature","id":213,"geometry":{"type":"Point","coordinates":[-118.2387691857808,34.04884985616934]},"properties":{"OBJECTID":213,"CITY":"Los Angeles","STOP_NAME":"Little Tokyo / Arts District Station","STOP_ID":"81403","TRN_MODE":"LR","TRN_LINE":"A; E","SB79_TIER":"T2","HQTC_15M":" ","SOURCE":"GTFS (March 2026)","NAME":"Tier 2","YEAR":2026,"ML_FREQ":0,"PS_FREQ":0,"CR_FREQ":0,"FT_BRT_COR":" ","FT_BRT_CO1":" ","FT_BRT_CO2":" "}},{"type":"Feature","id":214,"geometry":{"type":"Point","coordinates":[-118.23481218600649,34.055844857300613]},"properties":{"OBJECTID":214,"CITY":"Los Angeles","STOP_NAME":"Union Station - Tunnel Entrance","STOP_ID":"80409A","TRN_MODE":"HR; LR","TRN_LINE":"A; B; E; D","SB79_TIER":"T1","HQTC_15M":" ","SOURCE":"GTFS (March 2026)","NAME":"Tier 1","YEAR":2026,"ML_FREQ":0,"PS_FREQ":0,"CR_FREQ":0,"FT_BRT_COR":" ","FT_BRT_CO1":" ","FT_BRT_CO2":" "}},{"type":"Feature","id":215,"geometry":{"type":"Point","coordinates":[-118.23352218564565,34.055324856475494]},"properties":{"OBJECTID":215,"CITY":"Los Angeles","STOP_NAME":"Union Station - Vignes Elevator","STOP_ID":"80214B","TRN_MODE":"HR; LR","TRN_LINE":"A; B; E; D","SB79_TIER":"T1","HQTC_15M":" ","SOURCE":"GTFS (March 2026)","NAME":"Tier 1","YEAR":2026,"ML_FREQ":0,"PS_FREQ":0,"CR_FREQ":0,"FT_BRT_COR":" ","FT_BRT_CO1":" ","FT_BRT_CO2":" "}},{"type":"Feature","id":216,"geometry":{"type":"Point","coordinates":[-118.23347218522213,34.05540485693696]},"properties":{"OBJECTID":216,"CITY":"Los Angeles","STOP_NAME":"Union Station - Vignes Entrance","STOP_ID":"80214C","TRN_MODE":"HR; LR","TRN_LINE":"A; B; E; D","SB79_TIER":"T1","HQTC_15M":" ","SOURCE":"GTFS (March 2026)","NAME":"Tier 1","YEAR":2026,"ML_FREQ":0,"PS_FREQ":0,"CR_FREQ":0,"FT_BRT_COR":" ","FT_BRT_CO1":" ","FT_BRT_CO2":" "}},{"type":"Feature","id":217,"geometry":{"type":"Point","coordinates":[-118.2359721863284,34.063404857491527]},"properties":{"OBJECTID":217,"CITY":"Los Angeles","STOP_NAME":"Chinatown Station - South Entrance","STOP_ID":"80410C","TRN_MODE":"LR","TRN_LINE":"A","SB79_TIER":"T2","HQTC_15M":" ","SOURCE":"GTFS (March 2026)","NAME":"Tier 2","YEAR":2026,"ML_FREQ":0,"PS_FREQ":0,"CR_FREQ":0,"FT_BRT_COR":" ","FT_BRT_CO1":" ","FT_BRT_CO2":" "}},{"type":"Feature","id":218,"geometry":{"type":"Point","coordinates":[-118.23606218633977,34.063794857266132]},"properties":{"OBJECTID":218,"CITY":"Los Angeles","STOP_NAME":"Chinatown Station - Northwest Entrance","STOP_ID":"80410B","TRN_MODE":"LR","TRN_LINE":"A","SB79_TIER":"T2","HQTC_15M":" ","SOURCE":"GTFS (March 2026)","NAME":"Tier 2","YEAR":2026,"ML_FREQ":0,"PS_FREQ":0,"CR_FREQ":0,"FT_BRT_COR":" ","FT_BRT_CO1":" ","FT_BRT_CO2":" "}},{"type":"Feature","id":219,"geometry":{"type":"Point","coordinates":[-118.2357421867074,34.063994858058145]},"properties":{"OBJECTID":219,"CITY":"Los Angeles","STOP_NAME":"Chinatown Station - Northeast Entrance","STOP_ID":"80410A","TRN_MODE":"LR","TRN_LINE":"A","SB79_TIER":"T2","HQTC_15M":" ","SOURCE":"GTFS (March 2026)","NAME":"Tier 2","YEAR":2026,"ML_FREQ":0,"PS_FREQ":0,"CR_FREQ":0,"FT_BRT_COR":" ","FT_BRT_CO1":" ","FT_BRT_CO2":" "}},{"type":"Feature","id":220,"geometry":{"type":"Point","coordinates":[-118.19351215614724,33.768054826940741]},"properties":{"OBJECTID":220,"CITY":"Long Beach","STOP_NAME":"Downtown Long Beach Station - 1st & Pacific Entrance","STOP_ID":"80101A","TRN_MODE":"LR","TRN_LINE":"A","SB79_TIER":"T2","HQTC_15M":" ","SOURCE":"GTFS (March 2026)","NAME":"Tier 2","YEAR":2026,"ML_FREQ":0,"PS_FREQ":0,"CR_FREQ":0,"FT_BRT_COR":" ","FT_BRT_CO1":" ","FT_BRT_CO2":" "}},{"type":"Feature","id":221,"geometry":{"type":"Point","coordinates":[-118.19251215577457,33.768044827471627]},"properties":{"OBJECTID":221,"CITY":"Long Beach","STOP_NAME":"Downtown Long Beach Station - 1st & Pine Entrance","STOP_ID":"80101B","TRN_MODE":"LR","TRN_LINE":"A","SB79_TIER":"T2","HQTC_15M":" ","SOURCE":"GTFS (March 2026)","NAME":"Tier 2","YEAR":2026,"ML_FREQ":0,"PS_FREQ":0,"CR_FREQ":0,"FT_BRT_COR":" ","FT_BRT_CO1":" ","FT_BRT_CO2":" "}},{"type":"Feature","id":222,"geometry":{"type":"Point","coordinates":[-118.19374215618684,33.771864827962077]},"properties":{"OBJECTID":222,"CITY":"Long Beach","STOP_NAME":"Pacific Ave Station - Pacific & 4th Entrance","STOP_ID":"80102A","TRN_MODE":"LR","TRN_LINE":"A","SB79_TIER":"T2","HQTC_15M":" ","SOURCE":"GTFS (March 2026)","NAME":"Tier 2","YEAR":2026,"ML_FREQ":0,"PS_FREQ":0,"CR_FREQ":0,"FT_BRT_COR":" ","FT_BRT_CO1":" ","FT_BRT_CO2":" "}},{"type":"Feature","id":223,"geometry":{"type":"Point","coordinates":[-118.19374215665653,33.772824827579477]},"properties":{"OBJECTID":223,"CITY":"Long Beach","STOP_NAME":"Pacific Ave Station - Pacific & 5th Entrance","STOP_ID":"80102B","TRN_MODE":"LR","TRN_LINE":"A","SB79_TIER":"T2","HQTC_15M":" ","SOURCE":"GTFS (March 2026)","NAME":"Tier 2","YEAR":2026,"ML_FREQ":0,"PS_FREQ":0,"CR_FREQ":0,"FT_BRT_COR":" ","FT_BRT_CO1":" ","FT_BRT_CO2":" "}},{"type":"Feature","id":224,"geometry":{"type":"Point","coordinates":[-118.18942215545636,33.768274827285403]},"properties":{"OBJECTID":224,"CITY":"Long Beach","STOP_NAME":"1st Street Station - Long Beach & 1st Entrance","STOP_ID":"80153A","TRN_MODE":"LR","TRN_LINE":"A","SB79_TIER":"T2","HQTC_15M":" ","SOURCE":"GTFS (March 2026)","NAME":"Tier 2","YEAR":2026,"ML_FREQ":0,"PS_FREQ":0,"CR_FREQ":0,"FT_BRT_COR":" ","FT_BRT_CO1":" ","FT_BRT_CO2":" "}},{"type":"Feature","id":225,"geometry":{"type":"Point","coordinates":[-118.18939215576556,33.769154828063662]},"properties":{"OBJECTID":225,"CITY":"Long Beach","STOP_NAME":"1st Street Station - Long Beach & Broadway Entrance","STOP_ID":"80153B","TRN_MODE":"LR","TRN_LINE":"A","SB79_TIER":"T2","HQTC_15M":" ","SOURCE":"GTFS (March 2026)","NAME":"Tier 2","YEAR":2026,"ML_FREQ":0,"PS_FREQ":0,"CR_FREQ":0,"FT_BRT_COR":" ","FT_BRT_CO1":" ","FT_BRT_CO2":" "}},{"type":"Feature","id":226,"geometry":{"type":"Point","coordinates":[-118.18936215605682,33.773054827614601]},"properties":{"OBJECTID":226,"CITY":"Long Beach","STOP_NAME":"5th Street Station - Long Beach & 5th Entrance","STOP_ID":"80154A","TRN_MODE":"LR","TRN_LINE":"A","SB79_TIER":"T2","HQTC_15M":" ","SOURCE":"GTFS (March 2026)","NAME":"Tier 2","YEAR":2026,"ML_FREQ":0,"PS_FREQ":0,"CR_FREQ":0,"FT_BRT_COR":" ","FT_BRT_CO1":" ","FT_BRT_CO2":" "}},{"type":"Feature","id":227,"geometry":{"type":"Point","coordinates":[-118.18937215565671,33.774014827763949]},"properties":{"OBJECTID":227,"CITY":"Long Beach","STOP_NAME":"5th Street Station - Long Beach & 6th Entrance","STOP_ID":"80154B","TRN_MODE":"LR","TRN_LINE":"A","SB79_TIER":"T2","HQTC_15M":" ","SOURCE":"GTFS (March 2026)","NAME":"Tier 2","YEAR":2026,"ML_FREQ":0,"PS_FREQ":0,"CR_FREQ":0,"FT_BRT_COR":" ","FT_BRT_CO1":" ","FT_BRT_CO2":" "}},{"type":"Feature","id":228,"geometry":{"type":"Point","coordinates":[-118.18940215668931,33.781354828635322]},"properties":{"OBJECTID":228,"CITY":"Long Beach","STOP_NAME":"Anaheim Street Station - Long Beach & 12th Entrance","STOP_ID":"80105A","TRN_MODE":"LR","TRN_LINE":"A","SB79_TIER":"T2","HQTC_15M":" ","SOURCE":"GTFS (March 2026)","NAME":"Tier 2","YEAR":2026,"ML_FREQ":0,"PS_FREQ":0,"CR_FREQ":0,"FT_BRT_COR":" ","FT_BRT_CO1":" ","FT_BRT_CO2":" "}},{"type":"Feature","id":229,"geometry":{"type":"Point","coordinates":[-118.18938215650665,33.782454829405893]},"properties":{"OBJECTID":229,"CITY":"Long Beach","STOP_NAME":"Anaheim Street Station - Long Beach & Anaheim Entrance","STOP_ID":"80105B","TRN_MODE":"LR","TRN_LINE":"A","SB79_TIER":"T2","HQTC_15M":" ","SOURCE":"GTFS (March 2026)","NAME":"Tier 2","YEAR":2026,"ML_FREQ":0,"PS_FREQ":0,"CR_FREQ":0,"FT_BRT_COR":" ","FT_BRT_CO1":" ","FT_BRT_CO2":" "}},{"type":"Feature","id":230,"geometry":{"type":"Point","coordinates":[-118.18938215729916,33.789714830009814]},"properties":{"OBJECTID":230,"CITY":"Long Beach","STOP_NAME":"Pacific Coast Hwy Station - Long Beach & Pacific Coast Entrance","STOP_ID":"80106A","TRN_MODE":"LR","TRN_LINE":"A","SB79_TIER":"T2","HQTC_15M":" ","SOURCE":"GTFS (March 2026)","NAME":"Tier 2","YEAR":2026,"ML_FREQ":0,"PS_FREQ":0,"CR_FREQ":0,"FT_BRT_COR":" ","FT_BRT_CO1":" ","FT_BRT_CO2":" "}},{"type":"Feature","id":231,"geometry":{"type":"Point","coordinates":[-118.18958215827338,33.806504831901762]},"properties":{"OBJECTID":231,"CITY":"Long Beach","STOP_NAME":"Willow Street Station - Long Beach & Willow Entrance","STOP_ID":"80107A","TRN_MODE":"LR","TRN_LINE":"A","SB79_TIER":"T2","HQTC_15M":" ","SOURCE":"GTFS (March 2026)","NAME":"Tier 2","YEAR":2026,"ML_FREQ":0,"PS_FREQ":0,"CR_FREQ":0,"FT_BRT_COR":" ","FT_BRT_CO1":" ","FT_BRT_CO2":" "}},{"type":"Feature","id":232,"geometry":{"type":"Point","coordinates":[-118.21081216548795,33.847734834811853]},"properties":{"OBJECTID":232,"CITY":"Unincorporated","STOP_NAME":"Del Amo Station - Del Amo & Santa Fe Entrance","STOP_ID":"80109A","TRN_MODE":"LR","TRN_LINE":"A","SB79_TIER":"T2","HQTC_15M":" ","SOURCE":"GTFS (March 2026)","NAME":"Tier 2","YEAR":2026,"ML_FREQ":0,"PS_FREQ":0,"CR_FREQ":0,"FT_BRT_COR":" ","FT_BRT_CO1":" ","FT_BRT_CO2":" "}},{"type":"Feature","id":233,"geometry":{"type":"Point","coordinates":[-118.19637216004516,33.820274833248909]},"properties":{"OBJECTID":233,"CITY":"Long Beach","STOP_NAME":"Wardlow Station - North Entrance","STOP_ID":"80108A","TRN_MODE":"LR","TRN_LINE":"A","SB79_TIER":"T2","HQTC_15M":" ","SOURCE":"GTFS (March 2026)","NAME":"Tier 2","YEAR":2026,"ML_FREQ":0,"PS_FREQ":0,"CR_FREQ":0,"FT_BRT_COR":" ","FT_BRT_CO1":" ","FT_BRT_CO2":" "}},{"type":"Feature","id":234,"geometry":{"type":"Point","coordinates":[-118.19564216011604,33.819184832706647]},"properties":{"OBJECTID":234,"CITY":"Long Beach","STOP_NAME":"Wardlow Station - Pacific & Wardlow Entrance","STOP_ID":"80108B","TRN_MODE":"LR","TRN_LINE":"A","SB79_TIER":"T2","HQTC_15M":" ","SOURCE":"GTFS (March 2026)","NAME":"Tier 2","YEAR":2026,"ML_FREQ":0,"PS_FREQ":0,"CR_FREQ":0,"FT_BRT_COR":" ","FT_BRT_CO1":" ","FT_BRT_CO2":" "}},{"type":"Feature","id":235,"geometry":{"type":"Point","coordinates":[-118.2230821698825,33.876604837909888]},"properties":{"OBJECTID":235,"CITY":"Compton","STOP_NAME":"Artesia Station - Bus Plaza Side Entrance","STOP_ID":"80110A","TRN_MODE":"LR","TRN_LINE":"A","SB79_TIER":"T2","HQTC_15M":" ","SOURCE":"GTFS (March 2026)","NAME":"Tier 2","YEAR":2026,"ML_FREQ":0,"PS_FREQ":0,"CR_FREQ":0,"FT_BRT_COR":" ","FT_BRT_CO1":" ","FT_BRT_CO2":" "}},{"type":"Feature","id":236,"geometry":{"type":"Point","coordinates":[-118.22417217096756,33.898124840483689]},"properties":{"OBJECTID":236,"CITY":"Compton","STOP_NAME":"Compton Station - Main Entrance","STOP_ID":"80111A","TRN_MODE":"LR","TRN_LINE":"A","SB79_TIER":"T2","HQTC_15M":" ","SOURCE":"GTFS (March 2026)","NAME":"Tier 2","YEAR":2026,"ML_FREQ":0,"PS_FREQ":0,"CR_FREQ":0,"FT_BRT_COR":" ","FT_BRT_CO1":" ","FT_BRT_CO2":" "}},{"type":"Feature","id":237,"geometry":{"type":"Point","coordinates":[-118.2104121718198,33.925104843576122]},"properties":{"OBJECTID":237,"CITY":"Lynwood","STOP_NAME":"Lynwood Station - West Entrance","STOP_ID":"80312B","TRN_MODE":"LR","TRN_LINE":"C","SB79_TIER":"T2","HQTC_15M":" ","SOURCE":"GTFS (March 2026)","NAME":"Tier 2","YEAR":2026,"ML_FREQ":0,"PS_FREQ":0,"CR_FREQ":0,"FT_BRT_COR":" ","FT_BRT_CO1":" ","FT_BRT_CO2":" "}},{"type":"Feature","id":238,"geometry":{"type":"Point","coordinates":[-118.20951217109547,33.924721843695956]},"properties":{"OBJECTID":238,"CITY":"Lynwood","STOP_NAME":"Lynwood Station - East Entrance","STOP_ID":"80312A","TRN_MODE":"LR","TRN_LINE":"C","SB79_TIER":"T2","HQTC_15M":" ","SOURCE":"GTFS (March 2026)","NAME":"Tier 2","YEAR":2026,"ML_FREQ":0,"PS_FREQ":0,"CR_FREQ":0,"FT_BRT_COR":" ","FT_BRT_CO1":" ","FT_BRT_CO2":" "}},{"type":"Feature","id":239,"geometry":{"type":"Point","coordinates":[-118.1408791586065,33.913037846111919]},"properties":{"OBJECTID":239,"CITY":"Downey","STOP_NAME":"Lakewood Blvd Station - West Entrance","STOP_ID":"80313B","TRN_MODE":"LR","TRN_LINE":"C","SB79_TIER":"T2","HQTC_15M":" ","SOURCE":"GTFS (March 2026)","NAME":"Tier 2","YEAR":2026,"ML_FREQ":0,"PS_FREQ":0,"CR_FREQ":0,"FT_BRT_COR":" ","FT_BRT_CO1":" ","FT_BRT_CO2":" "}},{"type":"Feature","id":240,"geometry":{"type":"Point","coordinates":[-118.14044415899227,33.913050846527376]},"properties":{"OBJECTID":240,"CITY":"Downey","STOP_NAME":"Lakewood Blvd Station - East Entrance","STOP_ID":"80313A","TRN_MODE":"LR","TRN_LINE":"C","SB79_TIER":"T2","HQTC_15M":" ","SOURCE":"GTFS (March 2026)","NAME":"Tier 2","YEAR":2026,"ML_FREQ":0,"PS_FREQ":0,"CR_FREQ":0,"FT_BRT_COR":" ","FT_BRT_CO1":" ","FT_BRT_CO2":" "}},{"type":"Feature","id":241,"geometry":{"type":"Point","coordinates":[-118.10557915299896,33.913587848550357]},"properties":{"OBJECTID":241,"CITY":"Norwalk","STOP_NAME":"Norwalk Station - West Entrance","STOP_ID":"80314B","TRN_MODE":"LR","TRN_LINE":"C","SB79_TIER":"T2","HQTC_15M":" ","SOURCE":"GTFS (March 2026)","NAME":"Tier 2","YEAR":2026,"ML_FREQ":0,"PS_FREQ":0,"CR_FREQ":0,"FT_BRT_COR":" ","FT_BRT_CO1":" ","FT_BRT_CO2":" "}},{"type":"Feature","id":242,"geometry":{"type":"Point","coordinates":[-118.10401215241869,33.913871848344904]},"properties":{"OBJECTID":242,"CITY":"Norwalk","STOP_NAME":"Norwalk Station - East Entrance","STOP_ID":"80314A","TRN_MODE":"LR","TRN_LINE":"C","SB79_TIER":"T2","HQTC_15M":" ","SOURCE":"GTFS (March 2026)","NAME":"Tier 2","YEAR":2026,"ML_FREQ":0,"PS_FREQ":0,"CR_FREQ":0,"FT_BRT_COR":" ","FT_BRT_CO1":" ","FT_BRT_CO2":" "}},{"type":"Feature","id":243,"geometry":{"type":"Point","coordinates":[-118.21020218071536,34.043644856911598]},"properties":{"OBJECTID":243,"CITY":"Los Angeles","STOP_NAME":"Soto Station - Main Entrance","STOP_ID":"80405A","TRN_MODE":"LR","TRN_LINE":"E","SB79_TIER":"T2","HQTC_15M":" ","SOURCE":"GTFS (March 2026)","NAME":"Tier 2","YEAR":2026,"ML_FREQ":0,"PS_FREQ":0,"CR_FREQ":0,"FT_BRT_COR":" ","FT_BRT_CO1":" ","FT_BRT_CO2":" "}},{"type":"Feature","id":244,"geometry":{"type":"Point","coordinates":[-118.22542218379159,34.047634856570625]},"properties":{"OBJECTID":244,"CITY":"Los Angeles","STOP_NAME":"Pico / Aliso Station - Utah Entrance","STOP_ID":"80407A","TRN_MODE":"LR","TRN_LINE":"E","SB79_TIER":"T2","HQTC_15M":" ","SOURCE":"GTFS (March 2026)","NAME":"Tier 2","YEAR":2026,"ML_FREQ":0,"PS_FREQ":0,"CR_FREQ":0,"FT_BRT_COR":" ","FT_BRT_CO1":" ","FT_BRT_CO2":" "}},{"type":"Feature","id":245,"geometry":{"type":"Point","coordinates":[-118.21925218280425,34.04744485687231]},"properties":{"OBJECTID":245,"CITY":"Los Angeles","STOP_NAME":"Mariachi Plaza / Boyle Heights Station - Main Entrance","STOP_ID":"80406A","TRN_MODE":"LR","TRN_LINE":"E","SB79_TIER":"T2","HQTC_15M":" ","SOURCE":"GTFS (March 2026)","NAME":"Tier 2","YEAR":2026,"ML_FREQ":0,"PS_FREQ":0,"CR_FREQ":0,"FT_BRT_COR":" ","FT_BRT_CO1":" ","FT_BRT_CO2":" "}},{"type":"Feature","id":246,"geometry":{"type":"Point","coordinates":[-118.19219217658568,34.033604856925251]},"properties":{"OBJECTID":246,"CITY":"Los Angeles","STOP_NAME":"Indiana Station - 3rd Street Entrance","STOP_ID":"80404A","TRN_MODE":"LR","TRN_LINE":"E","SB79_TIER":"T2","HQTC_15M":" ","SOURCE":"GTFS (March 2026)","NAME":"Tier 2","YEAR":2026,"ML_FREQ":0,"PS_FREQ":0,"CR_FREQ":0,"FT_BRT_COR":" ","FT_BRT_CO1":" ","FT_BRT_CO2":" "}},{"type":"Feature","id":247,"geometry":{"type":"Point","coordinates":[-118.1921921770532,34.034914856570758]},"properties":{"OBJECTID":247,"CITY":"Los Angeles","STOP_NAME":"Indiana Station - Gleason Entrance","STOP_ID":"80404B","TRN_MODE":"LR","TRN_LINE":"E","SB79_TIER":"T2","HQTC_15M":" ","SOURCE":"GTFS (March 2026)","NAME":"Tier 2","YEAR":2026,"ML_FREQ":0,"PS_FREQ":0,"CR_FREQ":0,"FT_BRT_COR":" ","FT_BRT_CO1":" ","FT_BRT_CO2":" "}},{"type":"Feature","id":248,"geometry":{"type":"Point","coordinates":[-118.1689221731276,34.033304858510569]},"properties":{"OBJECTID":248,"CITY":"Unincorporated","STOP_NAME":"Maravilla Station - Ford Entrance","STOP_ID":"80403A","TRN_MODE":"LR","TRN_LINE":"E","SB79_TIER":"T2","HQTC_15M":" ","SOURCE":"GTFS (March 2026)","NAME":"Tier 2","YEAR":2026,"ML_FREQ":0,"PS_FREQ":0,"CR_FREQ":0,"FT_BRT_COR":" ","FT_BRT_CO1":" ","FT_BRT_CO2":" "}},{"type":"Feature","id":249,"geometry":{"type":"Point","coordinates":[-118.16711217316055,34.033334858674557]},"properties":{"OBJECTID":249,"CITY":"Unincorporated","STOP_NAME":"Maravilla Station - McDonnell Entrance","STOP_ID":"80403B","TRN_MODE":"LR","TRN_LINE":"E","SB79_TIER":"T2","HQTC_15M":" ","SOURCE":"GTFS (March 2026)","NAME":"Tier 2","YEAR":2026,"ML_FREQ":0,"PS_FREQ":0,"CR_FREQ":0,"FT_BRT_COR":" ","FT_BRT_CO1":" ","FT_BRT_CO2":" "}},{"type":"Feature","id":250,"geometry":{"type":"Point","coordinates":[-118.16191217198198,34.033384858809661]},"properties":{"OBJECTID":250,"CITY":"Unincorporated","STOP_NAME":"East La Civic Center Station - Mednick Entrance","STOP_ID":"80402B","TRN_MODE":"LR","TRN_LINE":"E","SB79_TIER":"T2","HQTC_15M":" ","SOURCE":"GTFS (March 2026)","NAME":"Tier 2","YEAR":2026,"ML_FREQ":0,"PS_FREQ":0,"CR_FREQ":0,"FT_BRT_COR":" ","FT_BRT_CO1":" ","FT_BRT_CO2":" "}},{"type":"Feature","id":251,"geometry":{"type":"Point","coordinates":[-118.1602721712285,34.033394858215985]},"properties":{"OBJECTID":251,"CITY":"Unincorporated","STOP_NAME":"East La Civic Center Station - Civic Center Way Entrance","STOP_ID":"80402A","TRN_MODE":"LR","TRN_LINE":"E","SB79_TIER":"T2","HQTC_15M":" ","SOURCE":"GTFS (March 2026)","NAME":"Tier 2","YEAR":2026,"ML_FREQ":0,"PS_FREQ":0,"CR_FREQ":0,"FT_BRT_COR":" ","FT_BRT_CO1":" ","FT_BRT_CO2":" "}},{"type":"Feature","id":252,"geometry":{"type":"Point","coordinates":[-118.15532217062702,34.033424859143921]},"properties":{"OBJECTID":252,"CITY":"Unincorporated","STOP_NAME":"Atlantic Station - Pomona & Beverly Entrance","STOP_ID":"80401B","TRN_MODE":"LR","TRN_LINE":"E","SB79_TIER":"T2","HQTC_15M":" ","SOURCE":"GTFS (March 2026)","NAME":"Tier 2","YEAR":2026,"ML_FREQ":0,"PS_FREQ":0,"CR_FREQ":0,"FT_BRT_COR":" ","FT_BRT_CO1":" ","FT_BRT_CO2":" "}},{"type":"Feature","id":253,"geometry":{"type":"Point","coordinates":[-118.15296217015272,34.033374858633181]},"properties":{"OBJECTID":253,"CITY":"Unincorporated","STOP_NAME":"Atlantic Station - Pomona & Atlantic Entrance","STOP_ID":"80401A","TRN_MODE":"LR","TRN_LINE":"E","SB79_TIER":"T2","HQTC_15M":" ","SOURCE":"GTFS (March 2026)","NAME":"Tier 2","YEAR":2026,"ML_FREQ":0,"PS_FREQ":0,"CR_FREQ":0,"FT_BRT_COR":" ","FT_BRT_CO1":" ","FT_BRT_CO2":" "}},{"type":"Feature","id":254,"geometry":{"type":"Point","coordinates":[-118.36266221455126,34.138804858863026]},"properties":{"OBJECTID":254,"CITY":"Los Angeles","STOP_NAME":"Universal / Studio City Station - South Entrance","STOP_ID":"80202D","TRN_MODE":"HR","TRN_LINE":"B","SB79_TIER":"T1","HQTC_15M":" ","SOURCE":"GTFS (March 2026)","NAME":"Tier 1","YEAR":2026,"ML_FREQ":0,"PS_FREQ":0,"CR_FREQ":0,"FT_BRT_COR":" ","FT_BRT_CO1":" ","FT_BRT_CO2":" "}},{"type":"Feature","id":255,"geometry":{"type":"Point","coordinates":[-118.36260221423514,34.138964858854308]},"properties":{"OBJECTID":255,"CITY":"Los Angeles","STOP_NAME":"Universal / Studio City Station - South Elevator","STOP_ID":"80202C","TRN_MODE":"HR","TRN_LINE":"B","SB79_TIER":"T1","HQTC_15M":" ","SOURCE":"GTFS (March 2026)","NAME":"Tier 1","YEAR":2026,"ML_FREQ":0,"PS_FREQ":0,"CR_FREQ":0,"FT_BRT_COR":" ","FT_BRT_CO1":" ","FT_BRT_CO2":" "}},{"type":"Feature","id":256,"geometry":{"type":"Point","coordinates":[-118.36260221465304,34.139424858650756]},"properties":{"OBJECTID":256,"CITY":"Los Angeles","STOP_NAME":"Universal / Studio City Station - North Elevator","STOP_ID":"80202A","TRN_MODE":"HR","TRN_LINE":"B","SB79_TIER":"T1","HQTC_15M":" ","SOURCE":"GTFS (March 2026)","NAME":"Tier 1","YEAR":2026,"ML_FREQ":0,"PS_FREQ":0,"CR_FREQ":0,"FT_BRT_COR":" ","FT_BRT_CO1":" ","FT_BRT_CO2":" "}},{"type":"Feature","id":257,"geometry":{"type":"Point","coordinates":[-118.37652221859533,34.168794861421411]},"properties":{"OBJECTID":257,"CITY":"Los Angeles","STOP_NAME":"North Hollywood Station - Main Entrance","STOP_ID":"80201B","TRN_MODE":"HR","TRN_LINE":"B","SB79_TIER":"T1","HQTC_15M":" ","SOURCE":"GTFS (March 2026)","NAME":"Tier 1","YEAR":2026,"ML_FREQ":0,"PS_FREQ":0,"CR_FREQ":0,"FT_BRT_COR":" ","FT_BRT_CO1":" ","FT_BRT_CO2":" "}},{"type":"Feature","id":258,"geometry":{"type":"Point","coordinates":[-118.37681221871263,34.169064861508438]},"properties":{"OBJECTID":258,"CITY":"Los Angeles","STOP_NAME":"North Hollywood Station - Elevator","STOP_ID":"80201A","TRN_MODE":"HR","TRN_LINE":"B","SB79_TIER":"T1","HQTC_15M":" ","SOURCE":"GTFS (March 2026)","NAME":"Tier 1","YEAR":2026,"ML_FREQ":0,"PS_FREQ":0,"CR_FREQ":0,"FT_BRT_COR":" ","FT_BRT_CO1":" ","FT_BRT_CO2":" "}},{"type":"Feature","id":259,"geometry":{"type":"Point","coordinates":[-118.33928220760409,34.101704855808862]},"properties":{"OBJECTID":259,"CITY":"Los Angeles","STOP_NAME":"Hollywood / Highland Station - Hollywood & Highland Entrance","STOP_ID":"80203A","TRN_MODE":"HR","TRN_LINE":"B","SB79_TIER":"T1","HQTC_15M":" ","SOURCE":"GTFS (March 2026)","NAME":"Tier 1","YEAR":2026,"ML_FREQ":0,"PS_FREQ":0,"CR_FREQ":0,"FT_BRT_COR":" ","FT_BRT_CO1":" ","FT_BRT_CO2":" "}},{"type":"Feature","id":260,"geometry":{"type":"Point","coordinates":[-118.32574220477947,34.101324857030747]},"properties":{"OBJECTID":260,"CITY":"Los Angeles","STOP_NAME":"Hollywood / Vine Station - Main Entrance","STOP_ID":"80204B","TRN_MODE":"HR","TRN_LINE":"B","SB79_TIER":"T1","HQTC_15M":" ","SOURCE":"GTFS (March 2026)","NAME":"Tier 1","YEAR":2026,"ML_FREQ":0,"PS_FREQ":0,"CR_FREQ":0,"FT_BRT_COR":" ","FT_BRT_CO1":" ","FT_BRT_CO2":" "}},{"type":"Feature","id":261,"geometry":{"type":"Point","coordinates":[-118.32558220546981,34.101324856981911]},"properties":{"OBJECTID":261,"CITY":"Los Angeles","STOP_NAME":"Hollywood / Vine Station - Elevator","STOP_ID":"80204A","TRN_MODE":"HR","TRN_LINE":"B","SB79_TIER":"T1","HQTC_15M":" ","SOURCE":"GTFS (March 2026)","NAME":"Tier 1","YEAR":2026,"ML_FREQ":0,"PS_FREQ":0,"CR_FREQ":0,"FT_BRT_COR":" ","FT_BRT_CO1":" ","FT_BRT_CO2":" "}},{"type":"Feature","id":262,"geometry":{"type":"Point","coordinates":[-118.30900220226376,34.101534858020649]},"properties":{"OBJECTID":262,"CITY":"Los Angeles","STOP_NAME":"Hollywood / Western Station - Main Entrance","STOP_ID":"80205B","TRN_MODE":"HR","TRN_LINE":"B","SB79_TIER":"T1","HQTC_15M":" ","SOURCE":"GTFS (March 2026)","NAME":"Tier 1","YEAR":2026,"ML_FREQ":0,"PS_FREQ":0,"CR_FREQ":0,"FT_BRT_COR":" ","FT_BRT_CO1":" ","FT_BRT_CO2":" "}},{"type":"Feature","id":263,"geometry":{"type":"Point","coordinates":[-118.30859220228859,34.101584857378668]},"properties":{"OBJECTID":263,"CITY":"Los Angeles","STOP_NAME":"Hollywood / Western Station - Elevator","STOP_ID":"80205A","TRN_MODE":"HR","TRN_LINE":"B","SB79_TIER":"T1","HQTC_15M":" ","SOURCE":"GTFS (March 2026)","NAME":"Tier 1","YEAR":2026,"ML_FREQ":0,"PS_FREQ":0,"CR_FREQ":0,"FT_BRT_COR":" ","FT_BRT_CO1":" ","FT_BRT_CO2":" "}},{"type":"Feature","id":264,"geometry":{"type":"Point","coordinates":[-118.29199219877165,34.089364857749402]},"properties":{"OBJECTID":264,"CITY":"Los Angeles","STOP_NAME":"Vermont / Santa Monica Station - Willow Brook Elevator","STOP_ID":"80207C","TRN_MODE":"HR","TRN_LINE":"B","SB79_TIER":"T1","HQTC_15M":" ","SOURCE":"GTFS (March 2026)","NAME":"Tier 1","YEAR":2026,"ML_FREQ":0,"PS_FREQ":0,"CR_FREQ":0,"FT_BRT_COR":" ","FT_BRT_CO1":" ","FT_BRT_CO2":" "}},{"type":"Feature","id":265,"geometry":{"type":"Point","coordinates":[-118.29204219834763,34.090604857241743]},"properties":{"OBJECTID":265,"CITY":"Los Angeles","STOP_NAME":"Vermont / Santa Monica Station - Santa Monica Entrance","STOP_ID":"80207B","TRN_MODE":"HR","TRN_LINE":"B","SB79_TIER":"T1","HQTC_15M":" ","SOURCE":"GTFS (March 2026)","NAME":"Tier 1","YEAR":2026,"ML_FREQ":0,"PS_FREQ":0,"CR_FREQ":0,"FT_BRT_COR":" ","FT_BRT_CO1":" ","FT_BRT_CO2":" "}},{"type":"Feature","id":266,"geometry":{"type":"Point","coordinates":[-118.29192219875003,34.090324857296103]},"properties":{"OBJECTID":266,"CITY":"Los Angeles","STOP_NAME":"Vermont / Santa Monica Station - Santa Monica Elevator","STOP_ID":"80207A","TRN_MODE":"HR","TRN_LINE":"B","SB79_TIER":"T1","HQTC_15M":" ","SOURCE":"GTFS (March 2026)","NAME":"Tier 1","YEAR":2026,"ML_FREQ":0,"PS_FREQ":0,"CR_FREQ":0,"FT_BRT_COR":" ","FT_BRT_CO1":" ","FT_BRT_CO2":" "}},{"type":"Feature","id":267,"geometry":{"type":"Point","coordinates":[-118.29206219907203,34.098274857923457]},"properties":{"OBJECTID":267,"CITY":"Los Angeles","STOP_NAME":"Vermont / Sunset Station - NW Main Entrance","STOP_ID":"80206B","TRN_MODE":"HR","TRN_LINE":"B","SB79_TIER":"T1","HQTC_15M":" ","SOURCE":"GTFS (March 2026)","NAME":"Tier 1","YEAR":2026,"ML_FREQ":0,"PS_FREQ":0,"CR_FREQ":0,"FT_BRT_COR":" ","FT_BRT_CO1":" ","FT_BRT_CO2":" "}},{"type":"Feature","id":268,"geometry":{"type":"Point","coordinates":[-118.29149219878097,34.098474858472542]},"properties":{"OBJECTID":268,"CITY":"Los Angeles","STOP_NAME":"Vermont / Sunset Station - NE Main Entrance","STOP_ID":"80206A","TRN_MODE":"HR","TRN_LINE":"B","SB79_TIER":"T1","HQTC_15M":" ","SOURCE":"GTFS (March 2026)","NAME":"Tier 1","YEAR":2026,"ML_FREQ":0,"PS_FREQ":0,"CR_FREQ":0,"FT_BRT_COR":" ","FT_BRT_CO1":" ","FT_BRT_CO2":" "}},{"type":"Feature","id":269,"geometry":{"type":"Point","coordinates":[-118.21991218578847,34.081134860618995]},"properties":{"OBJECTID":269,"CITY":"Los Angeles","STOP_NAME":"Lincoln Heights / Cypress Park Station - East Entrance","STOP_ID":"80411A","TRN_MODE":"LR","TRN_LINE":"A","SB79_TIER":"T2","HQTC_15M":" ","SOURCE":"GTFS (March 2026)","NAME":"Tier 2","YEAR":2026,"ML_FREQ":0,"PS_FREQ":0,"CR_FREQ":0,"FT_BRT_COR":" ","FT_BRT_CO1":" ","FT_BRT_CO2":" "}},{"type":"Feature","id":270,"geometry":{"type":"Point","coordinates":[-118.22016218587821,34.081464860440477]},"properties":{"OBJECTID":270,"CITY":"Los Angeles","STOP_NAME":"Lincoln Heights / Cypress Park Station - West Entrance","STOP_ID":"80411B","TRN_MODE":"LR","TRN_LINE":"A","SB79_TIER":"T2","HQTC_15M":" ","SOURCE":"GTFS (March 2026)","NAME":"Tier 2","YEAR":2026,"ML_FREQ":0,"PS_FREQ":0,"CR_FREQ":0,"FT_BRT_COR":" ","FT_BRT_CO1":" ","FT_BRT_CO2":" "}},{"type":"Feature","id":271,"geometry":{"type":"Point","coordinates":[-118.21274218533894,34.08749486169004]},"properties":{"OBJECTID":271,"CITY":"Los Angeles","STOP_NAME":"Heritage Square / Arroyo Station - East Entrance","STOP_ID":"80412A","TRN_MODE":"LR","TRN_LINE":"A","SB79_TIER":"T2","HQTC_15M":" ","SOURCE":"GTFS (March 2026)","NAME":"Tier 2","YEAR":2026,"ML_FREQ":0,"PS_FREQ":0,"CR_FREQ":0,"FT_BRT_COR":" ","FT_BRT_CO1":" ","FT_BRT_CO2":" "}},{"type":"Feature","id":272,"geometry":{"type":"Point","coordinates":[-118.21285218517485,34.087714861930827]},"properties":{"OBJECTID":272,"CITY":"Los Angeles","STOP_NAME":"Heritage Square / Arroyo Station - West Entrance","STOP_ID":"80412B","TRN_MODE":"LR","TRN_LINE":"A","SB79_TIER":"T2","HQTC_15M":" ","SOURCE":"GTFS (March 2026)","NAME":"Tier 2","YEAR":2026,"ML_FREQ":0,"PS_FREQ":0,"CR_FREQ":0,"FT_BRT_COR":" ","FT_BRT_CO1":" ","FT_BRT_CO2":" "}},{"type":"Feature","id":273,"geometry":{"type":"Point","coordinates":[-118.20623218471398,34.098644863379405]},"properties":{"OBJECTID":273,"CITY":"Los Angeles","STOP_NAME":"Southwest Museum Station - Marmion Ramp","STOP_ID":"80413B","TRN_MODE":"LR","TRN_LINE":"A","SB79_TIER":"T2","HQTC_15M":" ","SOURCE":"GTFS (March 2026)","NAME":"Tier 2","YEAR":2026,"ML_FREQ":0,"PS_FREQ":0,"CR_FREQ":0,"FT_BRT_COR":" ","FT_BRT_CO1":" ","FT_BRT_CO2":" "}},{"type":"Feature","id":274,"geometry":{"type":"Point","coordinates":[-118.20599218502875,34.098824863366154]},"properties":{"OBJECTID":274,"CITY":"Los Angeles","STOP_NAME":"Southwest Museum Station - Marmion Stairs","STOP_ID":"80413C","TRN_MODE":"LR","TRN_LINE":"A","SB79_TIER":"T2","HQTC_15M":" ","SOURCE":"GTFS (March 2026)","NAME":"Tier 2","YEAR":2026,"ML_FREQ":0,"PS_FREQ":0,"CR_FREQ":0,"FT_BRT_COR":" ","FT_BRT_CO1":" ","FT_BRT_CO2":" "}},{"type":"Feature","id":275,"geometry":{"type":"Point","coordinates":[-118.20590218437333,34.09833486321417]},"properties":{"OBJECTID":275,"CITY":"Los Angeles","STOP_NAME":"Southwest Museum Station - Figueroa Entrance","STOP_ID":"80413A","TRN_MODE":"LR","TRN_LINE":"A","SB79_TIER":"T2","HQTC_15M":" ","SOURCE":"GTFS (March 2026)","NAME":"Tier 2","YEAR":2026,"ML_FREQ":0,"PS_FREQ":0,"CR_FREQ":0,"FT_BRT_COR":" ","FT_BRT_CO1":" ","FT_BRT_CO2":" "}},{"type":"Feature","id":276,"geometry":{"type":"Point","coordinates":[-118.19357218321227,34.110704865110783]},"properties":{"OBJECTID":276,"CITY":"Los Angeles","STOP_NAME":"Highland Park Station - Ave 57 Entrance","STOP_ID":"80414A","TRN_MODE":"LR","TRN_LINE":"A","SB79_TIER":"T2","HQTC_15M":" ","SOURCE":"GTFS (March 2026)","NAME":"Tier 2","YEAR":2026,"ML_FREQ":0,"PS_FREQ":0,"CR_FREQ":0,"FT_BRT_COR":" ","FT_BRT_CO1":" ","FT_BRT_CO2":" "}},{"type":"Feature","id":277,"geometry":{"type":"Point","coordinates":[-118.19176218332818,34.111594865244548]},"properties":{"OBJECTID":277,"CITY":"Los Angeles","STOP_NAME":"Highland Park Station - Ave 59 Entrance","STOP_ID":"80414B","TRN_MODE":"LR","TRN_LINE":"A","SB79_TIER":"T2","HQTC_15M":" ","SOURCE":"GTFS (March 2026)","NAME":"Tier 2","YEAR":2026,"ML_FREQ":0,"PS_FREQ":0,"CR_FREQ":0,"FT_BRT_COR":" ","FT_BRT_CO1":" ","FT_BRT_CO2":" "}},{"type":"Feature","id":278,"geometry":{"type":"Point","coordinates":[-118.1584121776504,34.114804867857899]},"properties":{"OBJECTID":278,"CITY":"South Pasadena","STOP_NAME":"South Pasadena Station - El Centro Entrance (SW)","STOP_ID":"80415B","TRN_MODE":"LR","TRN_LINE":"A","SB79_TIER":"T2","HQTC_15M":" ","SOURCE":"GTFS (March 2026)","NAME":"Tier 2","YEAR":2026,"ML_FREQ":0,"PS_FREQ":0,"CR_FREQ":0,"FT_BRT_COR":" ","FT_BRT_CO1":" ","FT_BRT_CO2":" "}},{"type":"Feature","id":279,"geometry":{"type":"Point","coordinates":[-118.15821217753781,34.114804867651998]},"properties":{"OBJECTID":279,"CITY":"South Pasadena","STOP_NAME":"South Pasadena Station - El Centro Entrance (SE)","STOP_ID":"80415A","TRN_MODE":"LR","TRN_LINE":"A","SB79_TIER":"T2","HQTC_15M":" ","SOURCE":"GTFS (March 2026)","NAME":"Tier 2","YEAR":2026,"ML_FREQ":0,"PS_FREQ":0,"CR_FREQ":0,"FT_BRT_COR":" ","FT_BRT_CO1":" ","FT_BRT_CO2":" "}},{"type":"Feature","id":280,"geometry":{"type":"Point","coordinates":[-118.15741217759947,34.115504868233479]},"properties":{"OBJECTID":280,"CITY":"South Pasadena","STOP_NAME":"South Pasadena Station - Mission Entrance (NE)","STOP_ID":"80415C","TRN_MODE":"LR","TRN_LINE":"A","SB79_TIER":"T2","HQTC_15M":" ","SOURCE":"GTFS (March 2026)","NAME":"Tier 2","YEAR":2026,"ML_FREQ":0,"PS_FREQ":0,"CR_FREQ":0,"FT_BRT_COR":" ","FT_BRT_CO1":" ","FT_BRT_CO2":" "}},{"type":"Feature","id":281,"geometry":{"type":"Point","coordinates":[-118.15751217824119,34.115644868133103]},"properties":{"OBJECTID":281,"CITY":"South Pasadena","STOP_NAME":"South Pasadena Station - Mission Entrance (NW)","STOP_ID":"80415D","TRN_MODE":"LR","TRN_LINE":"A","SB79_TIER":"T2","HQTC_15M":" ","SOURCE":"GTFS (March 2026)","NAME":"Tier 2","YEAR":2026,"ML_FREQ":0,"PS_FREQ":0,"CR_FREQ":0,"FT_BRT_COR":" ","FT_BRT_CO1":" ","FT_BRT_CO2":" "}},{"type":"Feature","id":282,"geometry":{"type":"Point","coordinates":[-118.14811217761682,34.132914870338873]},"properties":{"OBJECTID":282,"CITY":"Pasadena","STOP_NAME":"Fillmore Station - Fillmore Entrance","STOP_ID":"80416A","TRN_MODE":"LR","TRN_LINE":"A","SB79_TIER":"T2","HQTC_15M":" ","SOURCE":"GTFS (March 2026)","NAME":"Tier 2","YEAR":2026,"ML_FREQ":0,"PS_FREQ":0,"CR_FREQ":0,"FT_BRT_COR":" ","FT_BRT_CO1":" ","FT_BRT_CO2":" "}},{"type":"Feature","id":283,"geometry":{"type":"Point","coordinates":[-118.14830217896784,34.141434871455111]},"properties":{"OBJECTID":283,"CITY":"Pasadena","STOP_NAME":"Del Mar Station - Central Park Entrance","STOP_ID":"80417A","TRN_MODE":"LR","TRN_LINE":"A","SB79_TIER":"T2","HQTC_15M":" ","SOURCE":"GTFS (March 2026)","NAME":"Tier 2","YEAR":2026,"ML_FREQ":0,"PS_FREQ":0,"CR_FREQ":0,"FT_BRT_COR":" ","FT_BRT_CO1":" ","FT_BRT_CO2":" "}},{"type":"Feature","id":284,"geometry":{"type":"Point","coordinates":[-118.14813217828876,34.141434871604268]},"properties":{"OBJECTID":284,"CITY":"Pasadena","STOP_NAME":"Del Mar Station - Cordova Entrance","STOP_ID":"80417B","TRN_MODE":"LR","TRN_LINE":"A","SB79_TIER":"T2","HQTC_15M":" ","SOURCE":"GTFS (March 2026)","NAME":"Tier 2","YEAR":2026,"ML_FREQ":0,"PS_FREQ":0,"CR_FREQ":0,"FT_BRT_COR":" ","FT_BRT_CO1":" ","FT_BRT_CO2":" "}},{"type":"Feature","id":285,"geometry":{"type":"Point","coordinates":[-118.14791217849356,34.147744872103004]},"properties":{"OBJECTID":285,"CITY":"Pasadena","STOP_NAME":"Memorial Park Station - West Entrance","STOP_ID":"80418B","TRN_MODE":"LR","TRN_LINE":"A","SB79_TIER":"T2","HQTC_15M":" ","SOURCE":"GTFS (March 2026)","NAME":"Tier 2","YEAR":2026,"ML_FREQ":0,"PS_FREQ":0,"CR_FREQ":0,"FT_BRT_COR":" ","FT_BRT_CO1":" ","FT_BRT_CO2":" "}},{"type":"Feature","id":286,"geometry":{"type":"Point","coordinates":[-118.14777217936771,34.147694872231703]},"properties":{"OBJECTID":286,"CITY":"Pasadena","STOP_NAME":"Memorial Park Station - East Entrance","STOP_ID":"80418A","TRN_MODE":"LR","TRN_LINE":"A","SB79_TIER":"T2","HQTC_15M":" ","SOURCE":"GTFS (March 2026)","NAME":"Tier 2","YEAR":2026,"ML_FREQ":0,"PS_FREQ":0,"CR_FREQ":0,"FT_BRT_COR":" ","FT_BRT_CO1":" ","FT_BRT_CO2":" "}},{"type":"Feature","id":287,"geometry":{"type":"Point","coordinates":[-118.13262217716918,34.151804873111914]},"properties":{"OBJECTID":287,"CITY":"Pasadena","STOP_NAME":"Lake Station - Southbound Lake - West Entrance","STOP_ID":"80419B","TRN_MODE":"LR","TRN_LINE":"A","SB79_TIER":"T2","HQTC_15M":" ","SOURCE":"GTFS (March 2026)","NAME":"Tier 2","YEAR":2026,"ML_FREQ":0,"PS_FREQ":0,"CR_FREQ":0,"FT_BRT_COR":" ","FT_BRT_CO1":" ","FT_BRT_CO2":" "}},{"type":"Feature","id":288,"geometry":{"type":"Point","coordinates":[-118.13206217674323,34.151784873394021]},"properties":{"OBJECTID":288,"CITY":"Pasadena","STOP_NAME":"Lake Station - Northbound Lake - East Entrance","STOP_ID":"80419A","TRN_MODE":"LR","TRN_LINE":"A","SB79_TIER":"T2","HQTC_15M":" ","SOURCE":"GTFS (March 2026)","NAME":"Tier 2","YEAR":2026,"ML_FREQ":0,"PS_FREQ":0,"CR_FREQ":0,"FT_BRT_COR":" ","FT_BRT_CO1":" ","FT_BRT_CO2":" "}},{"type":"Feature","id":289,"geometry":{"type":"Point","coordinates":[-118.11353217348514,34.152424874462547]},"properties":{"OBJECTID":289,"CITY":"Pasadena","STOP_NAME":"Allen Station - Main Entrance","STOP_ID":"80420A","TRN_MODE":"LR","TRN_LINE":"A","SB79_TIER":"T2","HQTC_15M":" ","SOURCE":"GTFS (March 2026)","NAME":"Tier 2","YEAR":2026,"ML_FREQ":0,"PS_FREQ":0,"CR_FREQ":0,"FT_BRT_COR":" ","FT_BRT_CO1":" ","FT_BRT_CO2":" "}},{"type":"Feature","id":290,"geometry":{"type":"Point","coordinates":[-118.08164216817772,34.148704875720711]},"properties":{"OBJECTID":290,"CITY":"Pasadena","STOP_NAME":"Sierra Madre Villa Station - Main Entrance","STOP_ID":"80421A","TRN_MODE":"LR","TRN_LINE":"A","SB79_TIER":"T2","HQTC_15M":" ","SOURCE":"GTFS (March 2026)","NAME":"Tier 2","YEAR":2026,"ML_FREQ":0,"PS_FREQ":0,"CR_FREQ":0,"FT_BRT_COR":" ","FT_BRT_CO1":" ","FT_BRT_CO2":" "}},{"type":"Feature","id":291,"geometry":{"type":"Point","coordinates":[-118.02860215874001,34.142394877838456]},"properties":{"OBJECTID":291,"CITY":"Arcadia","STOP_NAME":"Arcadia Station - 1st Street Ramp - South Entrance","STOP_ID":"80422B","TRN_MODE":"LR","TRN_LINE":"A","SB79_TIER":"T2","HQTC_15M":" ","SOURCE":"GTFS (March 2026)","NAME":"Tier 2","YEAR":2026,"ML_FREQ":0,"PS_FREQ":0,"CR_FREQ":0,"FT_BRT_COR":" ","FT_BRT_CO1":" ","FT_BRT_CO2":" "}},{"type":"Feature","id":292,"geometry":{"type":"Point","coordinates":[-118.02851215809113,34.142494878647774]},"properties":{"OBJECTID":292,"CITY":"Arcadia","STOP_NAME":"Arcadia Station - 1st Street Ramp - North Entrance","STOP_ID":"80422A","TRN_MODE":"LR","TRN_LINE":"A","SB79_TIER":"T2","HQTC_15M":" ","SOURCE":"GTFS (March 2026)","NAME":"Tier 2","YEAR":2026,"ML_FREQ":0,"PS_FREQ":0,"CR_FREQ":0,"FT_BRT_COR":" ","FT_BRT_CO1":" ","FT_BRT_CO2":" "}},{"type":"Feature","id":293,"geometry":{"type":"Point","coordinates":[-118.00266215351253,34.132984878165288]},"properties":{"OBJECTID":293,"CITY":"Monrovia","STOP_NAME":"Monrovia Station - East Ramp","STOP_ID":"80423A","TRN_MODE":"LR","TRN_LINE":"A","SB79_TIER":"T2","HQTC_15M":" ","SOURCE":"GTFS (March 2026)","NAME":"Tier 2","YEAR":2026,"ML_FREQ":0,"PS_FREQ":0,"CR_FREQ":0,"FT_BRT_COR":" ","FT_BRT_CO1":" ","FT_BRT_CO2":" "}},{"type":"Feature","id":294,"geometry":{"type":"Point","coordinates":[-117.96879214717194,34.132474880286559]},"properties":{"OBJECTID":294,"CITY":"Duarte","STOP_NAME":"Duarte / City of Hope Station - West Entrance Ramp","STOP_ID":"80424C","TRN_MODE":"LR","TRN_LINE":"A","SB79_TIER":"T2","HQTC_15M":" ","SOURCE":"GTFS (March 2026)","NAME":"Tier 2","YEAR":2026,"ML_FREQ":0,"PS_FREQ":0,"CR_FREQ":0,"FT_BRT_COR":" ","FT_BRT_CO1":" ","FT_BRT_CO2":" "}},{"type":"Feature","id":295,"geometry":{"type":"Point","coordinates":[-117.96845214705513,34.132464880138599]},"properties":{"OBJECTID":295,"CITY":"Duarte","STOP_NAME":"Duarte / City of Hope Station - West Entrance Stairs","STOP_ID":"80424D","TRN_MODE":"LR","TRN_LINE":"A","SB79_TIER":"T2","HQTC_15M":" ","SOURCE":"GTFS (March 2026)","NAME":"Tier 2","YEAR":2026,"ML_FREQ":0,"PS_FREQ":0,"CR_FREQ":0,"FT_BRT_COR":" ","FT_BRT_CO1":" ","FT_BRT_CO2":" "}},{"type":"Feature","id":296,"geometry":{"type":"Point","coordinates":[-117.96684214721087,34.132454880295434]},"properties":{"OBJECTID":296,"CITY":"Duarte","STOP_NAME":"Duarte / City of Hope Station - Southeast Entrance","STOP_ID":"80424B","TRN_MODE":"LR","TRN_LINE":"A","SB79_TIER":"T2","HQTC_15M":" ","SOURCE":"GTFS (March 2026)","NAME":"Tier 2","YEAR":2026,"ML_FREQ":0,"PS_FREQ":0,"CR_FREQ":0,"FT_BRT_COR":" ","FT_BRT_CO1":" ","FT_BRT_CO2":" "}},{"type":"Feature","id":297,"geometry":{"type":"Point","coordinates":[-117.9667721475614,34.132594880632276]},"properties":{"OBJECTID":297,"CITY":"Duarte","STOP_NAME":"Duarte / City of Hope Station - Northeast Entrance","STOP_ID":"80424A","TRN_MODE":"LR","TRN_LINE":"A","SB79_TIER":"T2","HQTC_15M":" ","SOURCE":"GTFS (March 2026)","NAME":"Tier 2","YEAR":2026,"ML_FREQ":0,"PS_FREQ":0,"CR_FREQ":0,"FT_BRT_COR":" ","FT_BRT_CO1":" ","FT_BRT_CO2":" "}},{"type":"Feature","id":298,"geometry":{"type":"Point","coordinates":[-117.93349214128371,34.12877488214761]},"properties":{"OBJECTID":298,"CITY":"Irwindale","STOP_NAME":"Irwindale Station - West Ramp","STOP_ID":"80425A","TRN_MODE":"LR","TRN_LINE":"A","SB79_TIER":"T2","HQTC_15M":" ","SOURCE":"GTFS (March 2026)","NAME":"Tier 2","YEAR":2026,"ML_FREQ":0,"PS_FREQ":0,"CR_FREQ":0,"FT_BRT_COR":" ","FT_BRT_CO1":" ","FT_BRT_CO2":" "}},{"type":"Feature","id":299,"geometry":{"type":"Point","coordinates":[-117.93330214104067,34.128844882540001]},"properties":{"OBJECTID":299,"CITY":"Irwindale","STOP_NAME":"Irwindale Station - West Stairs","STOP_ID":"80425B","TRN_MODE":"LR","TRN_LINE":"A","SB79_TIER":"T2","HQTC_15M":" ","SOURCE":"GTFS (March 2026)","NAME":"Tier 2","YEAR":2026,"ML_FREQ":0,"PS_FREQ":0,"CR_FREQ":0,"FT_BRT_COR":" ","FT_BRT_CO1":" ","FT_BRT_CO2":" "}},{"type":"Feature","id":300,"geometry":{"type":"Point","coordinates":[-117.90742213693865,34.135444884509909]},"properties":{"OBJECTID":300,"CITY":"Azusa","STOP_NAME":"Azusa Downtown Station - Azusa Avenue Entrance - South","STOP_ID":"80426B","TRN_MODE":"LR","TRN_LINE":"A","SB79_TIER":"T2","HQTC_15M":" ","SOURCE":"GTFS (March 2026)","NAME":"Tier 2","YEAR":2026,"ML_FREQ":0,"PS_FREQ":0,"CR_FREQ":0,"FT_BRT_COR":" ","FT_BRT_CO1":" ","FT_BRT_CO2":" "}},{"type":"Feature","id":301,"geometry":{"type":"Point","coordinates":[-117.90742213691273,34.135714884288959]},"properties":{"OBJECTID":301,"CITY":"Azusa","STOP_NAME":"Azusa Downtown Station - Azusa Avenue Entrance - North","STOP_ID":"80426A","TRN_MODE":"LR","TRN_LINE":"A","SB79_TIER":"T2","HQTC_15M":" ","SOURCE":"GTFS (March 2026)","NAME":"Tier 2","YEAR":2026,"ML_FREQ":0,"PS_FREQ":0,"CR_FREQ":0,"FT_BRT_COR":" ","FT_BRT_CO1":" ","FT_BRT_CO2":" "}},{"type":"Feature","id":302,"geometry":{"type":"Point","coordinates":[-117.89086213470549,34.136944885341329]},"properties":{"OBJECTID":302,"CITY":"Azusa","STOP_NAME":"APU / Citrus College Station - East Portal","STOP_ID":"80427A","TRN_MODE":"LR","TRN_LINE":"A","SB79_TIER":"T2","HQTC_15M":" ","SOURCE":"GTFS (March 2026)","NAME":"Tier 2","YEAR":2026,"ML_FREQ":0,"PS_FREQ":0,"CR_FREQ":0,"FT_BRT_COR":" ","FT_BRT_CO1":" ","FT_BRT_CO2":" "}},{"type":"Feature","id":303,"geometry":{"type":"Point","coordinates":[-117.86631213039105,34.131904886668941]},"properties":{"OBJECTID":303,"CITY":"Glendora","STOP_NAME":"Glendora Station","STOP_ID":"801100","TRN_MODE":"LR","TRN_LINE":"A","SB79_TIER":"T2","HQTC_15M":" ","SOURCE":"GTFS (March 2026)","NAME":"Tier 2","YEAR":2026,"ML_FREQ":0,"PS_FREQ":0,"CR_FREQ":0,"FT_BRT_COR":" ","FT_BRT_CO1":" ","FT_BRT_CO2":" "}},{"type":"Feature","id":304,"geometry":{"type":"Point","coordinates":[-117.80581211785255,34.105204886795967]},"properties":{"OBJECTID":304,"CITY":"San Dimas","STOP_NAME":"San Dimas Station","STOP_ID":"801101","TRN_MODE":"LR","TRN_LINE":"A","SB79_TIER":"T2","HQTC_15M":" ","SOURCE":"GTFS (March 2026)","NAME":"Tier 2","YEAR":2026,"ML_FREQ":0,"PS_FREQ":0,"CR_FREQ":0,"FT_BRT_COR":" ","FT_BRT_CO1":" ","FT_BRT_CO2":" "}},{"type":"Feature","id":305,"geometry":{"type":"Point","coordinates":[-117.75221210733675,34.094004888589403]},"properties":{"OBJECTID":305,"CITY":"Pomona","STOP_NAME":"Pomona North Station","STOP_ID":"801103","TRN_MODE":"LR","TRN_LINE":"A","SB79_TIER":"T2","HQTC_15M":" ","SOURCE":"GTFS (March 2026)","NAME":"Tier 2","YEAR":2026,"ML_FREQ":0,"PS_FREQ":0,"CR_FREQ":0,"FT_BRT_COR":" ","FT_BRT_CO1":" ","FT_BRT_CO2":" "}},{"type":"Feature","id":306,"geometry":{"type":"Point","coordinates":[-117.76811211067779,34.097204887697536]},"properties":{"OBJECTID":306,"CITY":"La Verne","STOP_NAME":"La Verne / Fairplex Station","STOP_ID":"801102","TRN_MODE":"LR","TRN_LINE":"A","SB79_TIER":"T2","HQTC_15M":" ","SOURCE":"GTFS (March 2026)","NAME":"Tier 2","YEAR":2026,"ML_FREQ":0,"PS_FREQ":0,"CR_FREQ":0,"FT_BRT_COR":" ","FT_BRT_CO1":" ","FT_BRT_CO2":" "}},{"type":"Feature","id":307,"geometry":{"type":"Point","coordinates":[-118.44878323482628,34.211717862175966]},"properties":{"OBJECTID":307,"CITY":"Los Angeles","STOP_NAME":"Van Nuys/Metrolink","STOP_ID":" ","TRN_MODE":"LR","TRN_LINE":"ESFV","SB79_TIER":"T2","HQTC_15M":" ","SOURCE":"LA Metro","NAME":"Tier 2","YEAR":2026,"ML_FREQ":0,"PS_FREQ":0,"CR_FREQ":0,"FT_BRT_COR":" ","FT_BRT_CO1":" ","FT_BRT_CO2":" "}},{"type":"Feature","id":308,"geometry":{"type":"Point","coordinates":[-118.43866223665646,34.253759866614516]},"properties":{"OBJECTID":308,"CITY":"Los Angeles","STOP_NAME":"Arleta","STOP_ID":" ","TRN_MODE":"LR","TRN_LINE":"ESFV","SB79_TIER":"T2","HQTC_15M":" ","SOURCE":"LA Metro","NAME":"Tier 2","YEAR":2026,"ML_FREQ":0,"PS_FREQ":0,"CR_FREQ":0,"FT_BRT_COR":" ","FT_BRT_CO1":" ","FT_BRT_CO2":" "}},{"type":"Feature","id":309,"geometry":{"type":"Point","coordinates":[-118.43213723600203,34.258776867810504]},"properties":{"OBJECTID":309,"CITY":"Los Angeles","STOP_NAME":"Laurel Canyon","STOP_ID":" ","TRN_MODE":"LR","TRN_LINE":"ESFV","SB79_TIER":"T2","HQTC_15M":" ","SOURCE":"LA Metro","NAME":"Tier 2","YEAR":2026,"ML_FREQ":0,"PS_FREQ":0,"CR_FREQ":0,"FT_BRT_COR":" ","FT_BRT_CO1":" ","FT_BRT_CO2":" "}},{"type":"Feature","id":310,"geometry":{"type":"Point","coordinates":[-118.45024423649249,34.235425864615834]},"properties":{"OBJECTID":310,"CITY":"Los Angeles","STOP_NAME":"Nordhoff","STOP_ID":" ","TRN_MODE":"LR","TRN_LINE":"ESFV","SB79_TIER":"T2","HQTC_15M":" ","SOURCE":"LA Metro","NAME":"Tier 2","YEAR":2026,"ML_FREQ":0,"PS_FREQ":0,"CR_FREQ":0,"FT_BRT_COR":" ","FT_BRT_CO1":" ","FT_BRT_CO2":" "}},{"type":"Feature","id":311,"geometry":{"type":"Point","coordinates":[-118.44867423196811,34.180592858596455]},"properties":{"OBJECTID":311,"CITY":"Los Angeles","STOP_NAME":"Van Nuys/MOL","STOP_ID":" ","TRN_MODE":"LR","TRN_LINE":"ESFV","SB79_TIER":"T2","HQTC_15M":" ","SOURCE":"LA Metro","NAME":"Tier 2","YEAR":2026,"ML_FREQ":0,"PS_FREQ":0,"CR_FREQ":0,"FT_BRT_COR":" ","FT_BRT_CO1":" ","FT_BRT_CO2":" "}},{"type":"Feature","id":312,"geometry":{"type":"Point","coordinates":[-118.44876223516231,34.221550862899257]},"properties":{"OBJECTID":312,"CITY":"Los Angeles","STOP_NAME":"Roscoe","STOP_ID":" ","TRN_MODE":"LR","TRN_LINE":"ESFV","SB79_TIER":"T2","HQTC_15M":" ","SOURCE":"LA Metro","NAME":"Tier 2","YEAR":2026,"ML_FREQ":0,"PS_FREQ":0,"CR_FREQ":0,"FT_BRT_COR":" ","FT_BRT_CO1":" ","FT_BRT_CO2":" "}},{"type":"Feature","id":313,"geometry":{"type":"Point","coordinates":[-118.42212923437376,34.26610386953184]},"properties":{"OBJECTID":313,"CITY":"Los Angeles","STOP_NAME":"Van Nuys/San Fernando","STOP_ID":" ","TRN_MODE":"LR","TRN_LINE":"ESFV","SB79_TIER":"T2","HQTC_15M":" ","SOURCE":"LA Metro","NAME":"Tier 2","YEAR":2026,"ML_FREQ":0,"PS_FREQ":0,"CR_FREQ":0,"FT_BRT_COR":" ","FT_BRT_CO1":" ","FT_BRT_CO2":" "}},{"type":"Feature","id":314,"geometry":{"type":"Point","coordinates":[-118.44871223404203,34.201225861035191]},"properties":{"OBJECTID":314,"CITY":"Los Angeles","STOP_NAME":"Sherman Way","STOP_ID":" ","TRN_MODE":"LR","TRN_LINE":"ESFV","SB79_TIER":"T2","HQTC_15M":" ","SOURCE":"LA Metro","NAME":"Tier 2","YEAR":2026,"ML_FREQ":0,"PS_FREQ":0,"CR_FREQ":0,"FT_BRT_COR":" ","FT_BRT_CO1":" ","FT_BRT_CO2":" "}},{"type":"Feature","id":315,"geometry":{"type":"Point","coordinates":[-118.44869423346188,34.19393886032671]},"properties":{"OBJECTID":315,"CITY":"Los Angeles","STOP_NAME":"Vanowen","STOP_ID":" ","TRN_MODE":"LR","TRN_LINE":"ESFV","SB79_TIER":"T2","HQTC_15M":" ","SOURCE":"LA Metro","NAME":"Tier 2","YEAR":2026,"ML_FREQ":0,"PS_FREQ":0,"CR_FREQ":0,"FT_BRT_COR":" ","FT_BRT_CO1":" ","FT_BRT_CO2":" "}},{"type":"Feature","id":316,"geometry":{"type":"Point","coordinates":[-118.44867723246854,34.186677858964345]},"properties":{"OBJECTID":316,"CITY":"Los Angeles","STOP_NAME":"Victory","STOP_ID":" ","TRN_MODE":"LR","TRN_LINE":"ESFV","SB79_TIER":"T2","HQTC_15M":" ","SOURCE":"LA Metro","NAME":"Tier 2","YEAR":2026,"ML_FREQ":0,"PS_FREQ":0,"CR_FREQ":0,"FT_BRT_COR":" ","FT_BRT_CO1":" ","FT_BRT_CO2":" "}},{"type":"Feature","id":317,"geometry":{"type":"Point","coordinates":[-118.44818623754371,34.247073865886179]},"properties":{"OBJECTID":317,"CITY":"Los Angeles","STOP_NAME":"Woodman","STOP_ID":" ","TRN_MODE":"LR","TRN_LINE":"ESFV","SB79_TIER":"T2","HQTC_15M":" ","SOURCE":"LA Metro","NAME":"Tier 2","YEAR":2026,"ML_FREQ":0,"PS_FREQ":0,"CR_FREQ":0,"FT_BRT_COR":" ","FT_BRT_CO1":" ","FT_BRT_CO2":" "}},{"type":"Feature","id":318,"geometry":{"type":"Point","coordinates":[-118.41594021662092,34.058725846900089]},"properties":{"OBJECTID":318,"CITY":"Los Angeles","STOP_NAME":"Century City","STOP_ID":" ","TRN_MODE":"HR","TRN_LINE":"D Extension II","SB79_TIER":"T1","HQTC_15M":" ","SOURCE":"LA Metro","NAME":"Tier 1","YEAR":2026,"ML_FREQ":0,"PS_FREQ":0,"CR_FREQ":0,"FT_BRT_COR":" ","FT_BRT_CO1":" ","FT_BRT_CO2":" "}},{"type":"Feature","id":319,"geometry":{"type":"Point","coordinates":[-118.44533522135835,34.058480845397284]},"properties":{"OBJECTID":319,"CITY":"Los Angeles","STOP_NAME":"Westewood UCLA","STOP_ID":" ","TRN_MODE":"HR","TRN_LINE":"D Extension III","SB79_TIER":"T1","HQTC_15M":" ","SOURCE":"LA Metro","NAME":"Tier 1","YEAR":2026,"ML_FREQ":0,"PS_FREQ":0,"CR_FREQ":0,"FT_BRT_COR":" ","FT_BRT_CO1":" ","FT_BRT_CO2":" "}},{"type":"Feature","id":320,"geometry":{"type":"Point","coordinates":[-118.45376222249273,34.054314844035055]},"properties":{"OBJECTID":320,"CITY":"Unincorporated","STOP_NAME":"Westwood/VA Hospital","STOP_ID":" ","TRN_MODE":"HR","TRN_LINE":"D Extension III","SB79_TIER":"T1","HQTC_15M":" ","SOURCE":"LA Metro","NAME":"Tier 1","YEAR":2026,"ML_FREQ":0,"PS_FREQ":0,"CR_FREQ":0,"FT_BRT_COR":" ","FT_BRT_CO1":" ","FT_BRT_CO2":" "}},{"type":"Feature","id":321,"geometry":{"type":"Point","coordinates":[-118.39889521416374,34.067079849024346]},"properties":{"OBJECTID":321,"CITY":"Beverly Hills","STOP_NAME":"Beverly Dr","STOP_ID":" ","TRN_MODE":"HR","TRN_LINE":"D Extension II","SB79_TIER":"T1","HQTC_15M":" ","SOURCE":"LA Metro","NAME":"Tier 1","YEAR":2026,"ML_FREQ":0,"PS_FREQ":0,"CR_FREQ":0,"FT_BRT_COR":" ","FT_BRT_CO1":" ","FT_BRT_CO2":" "}},{"type":"Feature","id":322,"geometry":{"type":"Point","coordinates":[-118.29163218971786,33.988840846099784]},"properties":{"OBJECTID":322,"CITY":"Los Angeles","STOP_NAME":"Vermont/Slauson (SB)","STOP_ID":" ","TRN_MODE":"BRT","TRN_LINE":"Vermont BRT","SB79_TIER":"T2","HQTC_15M":" ","SOURCE":"LA Metro","NAME":"Tier 2","YEAR":2026,"ML_FREQ":0,"PS_FREQ":0,"CR_FREQ":0,"FT_BRT_COR":" ","FT_BRT_CO1":" ","FT_BRT_CO2":" "}},{"type":"Feature","id":323,"geometry":{"type":"Point","coordinates":[-118.12611715396385,33.886228844090688]},"properties":{"OBJECTID":323,"CITY":"Bellflower","STOP_NAME":"Bellflower","STOP_ID":" ","TRN_MODE":"LR","TRN_LINE":"SE Gateway","SB79_TIER":"T2","HQTC_15M":" ","SOURCE":"LA Metro","NAME":"Tier 2","YEAR":2026,"ML_FREQ":0,"PS_FREQ":0,"CR_FREQ":0,"FT_BRT_COR":" ","FT_BRT_CO1":" ","FT_BRT_CO2":" "}},{"type":"Feature","id":324,"geometry":{"type":"Point","coordinates":[-118.18208016898362,33.953271848091951]},"properties":{"OBJECTID":324,"CITY":"South Gate","STOP_NAME":"Firestone","STOP_ID":" ","TRN_MODE":"LR","TRN_LINE":"SE Gateway","SB79_TIER":"T2","HQTC_15M":" ","SOURCE":"LA Metro","NAME":"Tier 2","YEAR":2026,"ML_FREQ":0,"PS_FREQ":0,"CR_FREQ":0,"FT_BRT_COR":" ","FT_BRT_CO1":" ","FT_BRT_CO2":" "}},{"type":"Feature","id":325,"geometry":{"type":"Point","coordinates":[-118.20234417346001,33.971083849103593]},"properties":{"OBJECTID":325,"CITY":"Huntington Park","STOP_NAME":"Florence/Salt Lake","STOP_ID":" ","TRN_MODE":"LR","TRN_LINE":"SE Gateway","SB79_TIER":"T2","HQTC_15M":" ","SOURCE":"LA Metro","NAME":"Tier 2","YEAR":2026,"ML_FREQ":0,"PS_FREQ":0,"CR_FREQ":0,"FT_BRT_COR":" ","FT_BRT_CO1":" ","FT_BRT_CO2":" "}},{"type":"Feature","id":326,"geometry":{"type":"Point","coordinates":[-118.16628916348645,33.922304845689098]},"properties":{"OBJECTID":326,"CITY":"Downey","STOP_NAME":"Gardendale","STOP_ID":" ","TRN_MODE":"LR","TRN_LINE":"SE Gateway","SB79_TIER":"T2","HQTC_15M":" ","SOURCE":"LA Metro","NAME":"Tier 2","YEAR":2026,"ML_FREQ":0,"PS_FREQ":0,"CR_FREQ":0,"FT_BRT_COR":" ","FT_BRT_CO1":" ","FT_BRT_CO2":" "}},{"type":"Feature","id":327,"geometry":{"type":"Point","coordinates":[-118.16455416290042,33.913380845032094]},"properties":{"OBJECTID":327,"CITY":"South Gate","STOP_NAME":"I-105/C","STOP_ID":" ","TRN_MODE":"LR","TRN_LINE":"SE Gateway","SB79_TIER":"T2","HQTC_15M":" ","SOURCE":"LA Metro","NAME":"Tier 2","YEAR":2026,"ML_FREQ":0,"PS_FREQ":0,"CR_FREQ":0,"FT_BRT_COR":" ","FT_BRT_CO1":" ","FT_BRT_CO2":" "}},{"type":"Feature","id":328,"geometry":{"type":"Point","coordinates":[-118.22422517889214,33.985321849673056]},"properties":{"OBJECTID":328,"CITY":"Huntington Park","STOP_NAME":"Pacific/Randolph","STOP_ID":" ","TRN_MODE":"LR","TRN_LINE":"SE Gateway","SB79_TIER":"T2","HQTC_15M":" ","SOURCE":"LA Metro","NAME":"Tier 2","YEAR":2026,"ML_FREQ":0,"PS_FREQ":0,"CR_FREQ":0,"FT_BRT_COR":" ","FT_BRT_CO1":" ","FT_BRT_CO2":" "}},{"type":"Feature","id":329,"geometry":{"type":"Point","coordinates":[-118.16144016114774,33.904173844606262]},"properties":{"OBJECTID":329,"CITY":"Paramount","STOP_NAME":"Paramount/Rosecrans","STOP_ID":" ","TRN_MODE":"LR","TRN_LINE":"SE Gateway","SB79_TIER":"T2","HQTC_15M":" ","SOURCE":"LA Metro","NAME":"Tier 2","YEAR":2026,"ML_FREQ":0,"PS_FREQ":0,"CR_FREQ":0,"FT_BRT_COR":" ","FT_BRT_CO1":" ","FT_BRT_CO2":" "}},{"type":"Feature","id":330,"geometry":{"type":"Point","coordinates":[-118.16495116208472,33.911453844477634]},"properties":{"OBJECTID":330,"CITY":"Paramount","STOP_NAME":"I-105/C","STOP_ID":" ","TRN_MODE":"LR","TRN_LINE":"C","SB79_TIER":"T2","HQTC_15M":" ","SOURCE":"LA Metro","NAME":"Tier 2","YEAR":2026,"ML_FREQ":0,"PS_FREQ":0,"CR_FREQ":0,"FT_BRT_COR":" ","FT_BRT_CO1":" ","FT_BRT_CO2":" "}},{"type":"Feature","id":331,"geometry":{"type":"Point","coordinates":[-118.24318018205442,33.988858849462957]},"properties":{"OBJECTID":331,"CITY":"Unincorporated","STOP_NAME":"Slauson (Blue)","STOP_ID":" ","TRN_MODE":"LR","TRN_LINE":"SE Gateway","SB79_TIER":"T2","HQTC_15M":" ","SOURCE":"LA Metro","NAME":"Tier 2","YEAR":2026,"ML_FREQ":0,"PS_FREQ":0,"CR_FREQ":0,"FT_BRT_COR":" ","FT_BRT_CO1":" ","FT_BRT_CO2":" "}},{"type":"Feature","id":332,"geometry":{"type":"Point","coordinates":[-117.7158461011432,34.093996890278504]},"properties":{"OBJECTID":332,"CITY":"Claremont","STOP_NAME":"Claremont","STOP_ID":" ","TRN_MODE":"LR","TRN_LINE":"A to Claremont","SB79_TIER":"T2","HQTC_15M":" ","SOURCE":"RTP 2024","NAME":"Tier 2","YEAR":2026,"ML_FREQ":0,"PS_FREQ":0,"CR_FREQ":0,"FT_BRT_COR":" ","FT_BRT_CO1":" ","FT_BRT_CO2":" "}},{"type":"Feature","id":333,"geometry":{"type":"Point","coordinates":[-118.3525561904078,33.871869830204204]},"properties":{"OBJECTID":333,"CITY":"Redondo Beach","STOP_NAME":"South Bay Galleria","STOP_ID":" ","TRN_MODE":"LR","TRN_LINE":"K to Torrance","SB79_TIER":"T2","HQTC_15M":" ","SOURCE":"LA Metro","NAME":"Tier 2","YEAR":2026,"ML_FREQ":0,"PS_FREQ":0,"CR_FREQ":0,"FT_BRT_COR":" ","FT_BRT_CO1":" ","FT_BRT_CO2":" "}},{"type":"Feature","id":334,"geometry":{"type":"Point","coordinates":[-118.33127518492579,33.842448827806301]},"properties":{"OBJECTID":334,"CITY":"Torrance","STOP_NAME":"Torrance Transit Center","STOP_ID":" ","TRN_MODE":"LR","TRN_LINE":"K to Torrance","SB79_TIER":"T2","HQTC_15M":" ","SOURCE":"LA Metro","NAME":"Tier 2","YEAR":2026,"ML_FREQ":0,"PS_FREQ":0,"CR_FREQ":0,"FT_BRT_COR":" ","FT_BRT_CO1":" ","FT_BRT_CO2":" "}},{"type":"Feature","id":335,"geometry":{"type":"Point","coordinates":[-118.29145819157425,34.004011847736862]},"properties":{"OBJECTID":335,"CITY":"Los Angeles","STOP_NAME":"Vermont/Vernon (NB)","STOP_ID":" ","TRN_MODE":"BRT","TRN_LINE":"Vermont BRT","SB79_TIER":"T2","HQTC_15M":" ","SOURCE":"LA Metro","NAME":"Tier 2","YEAR":2026,"ML_FREQ":0,"PS_FREQ":0,"CR_FREQ":0,"FT_BRT_COR":" ","FT_BRT_CO1":" ","FT_BRT_CO2":" "}},{"type":"Feature","id":336,"geometry":{"type":"Point","coordinates":[-118.29143219230687,34.018725849609389]},"properties":{"OBJECTID":336,"CITY":"Los Angeles","STOP_NAME":"Vermont/Exposition (NB)","STOP_ID":" ","TRN_MODE":"BRT","TRN_LINE":"Vermont BRT","SB79_TIER":"T2","HQTC_15M":" ","SOURCE":"LA Metro","NAME":"Tier 2","YEAR":2026,"ML_FREQ":0,"PS_FREQ":0,"CR_FREQ":0,"FT_BRT_COR":" ","FT_BRT_CO1":" ","FT_BRT_CO2":" "}},{"type":"Feature","id":337,"geometry":{"type":"Point","coordinates":[-118.29166219351976,34.032495851479936]},"properties":{"OBJECTID":337,"CITY":"Los Angeles","STOP_NAME":"Vermont/Adams (SB)","STOP_ID":" ","TRN_MODE":"BRT","TRN_LINE":"Vermont BRT","SB79_TIER":"T2","HQTC_15M":" ","SOURCE":"LA Metro","NAME":"Tier 2","YEAR":2026,"ML_FREQ":0,"PS_FREQ":0,"CR_FREQ":0,"FT_BRT_COR":" ","FT_BRT_CO1":" ","FT_BRT_CO2":" "}},{"type":"Feature","id":338,"geometry":{"type":"Point","coordinates":[-118.29173519498926,34.046969852341014]},"properties":{"OBJECTID":338,"CITY":"Los Angeles","STOP_NAME":"Vermont/Pico (SB)","STOP_ID":" ","TRN_MODE":"BRT","TRN_LINE":"Vermont BRT","SB79_TIER":"T2","HQTC_15M":" ","SOURCE":"LA Metro","NAME":"Tier 2","YEAR":2026,"ML_FREQ":0,"PS_FREQ":0,"CR_FREQ":0,"FT_BRT_COR":" ","FT_BRT_CO1":" ","FT_BRT_CO2":" "}},{"type":"Feature","id":339,"geometry":{"type":"Point","coordinates":[-118.29180319658383,34.062098854427788]},"properties":{"OBJECTID":339,"CITY":"Los Angeles","STOP_NAME":"Vermont/Wilshire (SB)","STOP_ID":" ","TRN_MODE":"BRT","TRN_LINE":"Vermont BRT","SB79_TIER":"T2","HQTC_15M":" ","SOURCE":"LA Metro","NAME":"Tier 2","YEAR":2026,"ML_FREQ":0,"PS_FREQ":0,"CR_FREQ":0,"FT_BRT_COR":" ","FT_BRT_CO1":" ","FT_BRT_CO2":" "}},{"type":"Feature","id":340,"geometry":{"type":"Point","coordinates":[-118.29182219706068,34.068618854869122]},"properties":{"OBJECTID":340,"CITY":"Los Angeles","STOP_NAME":"Vermont/3rd Street (SB)","STOP_ID":" ","TRN_MODE":"BRT","TRN_LINE":"Vermont BRT","SB79_TIER":"T2","HQTC_15M":" ","SOURCE":"LA Metro","NAME":"Tier 2","YEAR":2026,"ML_FREQ":0,"PS_FREQ":0,"CR_FREQ":0,"FT_BRT_COR":" ","FT_BRT_CO1":" ","FT_BRT_CO2":" "}},{"type":"Feature","id":341,"geometry":{"type":"Point","coordinates":[-118.30907120922267,34.18076286643857]},"properties":{"OBJECTID":341,"CITY":"Burbank","STOP_NAME":"Olive/San Fernando (WB)","STOP_ID":" ","TRN_MODE":"BRT","TRN_LINE":"NoHo2Pas","SB79_TIER":"T2","HQTC_15M":" ","SOURCE":"LA Metro","NAME":"Tier 2","YEAR":2026,"ML_FREQ":0,"PS_FREQ":0,"CR_FREQ":0,"FT_BRT_COR":" ","FT_BRT_CO1":" ","FT_BRT_CO2":" "}},{"type":"Feature","id":342,"geometry":{"type":"Point","coordinates":[-118.29769420624993,34.176992866812057]},"properties":{"OBJECTID":342,"CITY":"Burbank","STOP_NAME":"Glenaoks/Alameda (WB)","STOP_ID":" ","TRN_MODE":"BRT","TRN_LINE":"NoHo2Pas","SB79_TIER":"T2","HQTC_15M":" ","SOURCE":"LA Metro","NAME":"Tier 2","YEAR":2026,"ML_FREQ":0,"PS_FREQ":0,"CR_FREQ":0,"FT_BRT_COR":" ","FT_BRT_CO1":" ","FT_BRT_CO2":" "}},{"type":"Feature","id":343,"geometry":{"type":"Point","coordinates":[-118.2899872052019,34.171354866447665]},"properties":{"OBJECTID":343,"CITY":"Glendale","STOP_NAME":"Glenoaks/Western (WB)","STOP_ID":" ","TRN_MODE":"BRT","TRN_LINE":"NoHo2Pas","SB79_TIER":"T2","HQTC_15M":" ","SOURCE":"LA Metro","NAME":"Tier 2","YEAR":2026,"ML_FREQ":0,"PS_FREQ":0,"CR_FREQ":0,"FT_BRT_COR":" ","FT_BRT_CO1":" ","FT_BRT_CO2":" "}},{"type":"Feature","id":344,"geometry":{"type":"Point","coordinates":[-118.28167120242176,34.165293866549916]},"properties":{"OBJECTID":344,"CITY":"Glendale","STOP_NAME":"Glenoaks/Grandview (WB)","STOP_ID":" ","TRN_MODE":"BRT","TRN_LINE":"NoHo2Pas","SB79_TIER":"T2","HQTC_15M":" ","SOURCE":"LA Metro","NAME":"Tier 2","YEAR":2026,"ML_FREQ":0,"PS_FREQ":0,"CR_FREQ":0,"FT_BRT_COR":" ","FT_BRT_CO1":" ","FT_BRT_CO2":" "}},{"type":"Feature","id":345,"geometry":{"type":"Point","coordinates":[-118.26453219923219,34.159535866447513]},"properties":{"OBJECTID":345,"CITY":"Glendale","STOP_NAME":"Glenoaks/Pacific (WB)","STOP_ID":" ","TRN_MODE":"BRT","TRN_LINE":"NoHo2Pas","SB79_TIER":"T2","HQTC_15M":" ","SOURCE":"LA Metro","NAME":"Tier 2","YEAR":2026,"ML_FREQ":0,"PS_FREQ":0,"CR_FREQ":0,"FT_BRT_COR":" ","FT_BRT_CO1":" ","FT_BRT_CO2":" "}},{"type":"Feature","id":346,"geometry":{"type":"Point","coordinates":[-118.25781619825567,34.152030866464628]},"properties":{"OBJECTID":346,"CITY":"Glendale","STOP_NAME":"Central/Lexington (WB)","STOP_ID":" ","TRN_MODE":"BRT","TRN_LINE":"NoHo2Pas","SB79_TIER":"T2","HQTC_15M":" ","SOURCE":"LA Metro","NAME":"Tier 2","YEAR":2026,"ML_FREQ":0,"PS_FREQ":0,"CR_FREQ":0,"FT_BRT_COR":" ","FT_BRT_CO1":" ","FT_BRT_CO2":" "}},{"type":"Feature","id":347,"geometry":{"type":"Point","coordinates":[-118.25542219708984,34.146390865583435]},"properties":{"OBJECTID":347,"CITY":"Glendale","STOP_NAME":"Broadway/Brand (WB)","STOP_ID":" ","TRN_MODE":"BRT","TRN_LINE":"NoHo2Pas","SB79_TIER":"T2","HQTC_15M":" ","SOURCE":"LA Metro","NAME":"Tier 2","YEAR":2026,"ML_FREQ":0,"PS_FREQ":0,"CR_FREQ":0,"FT_BRT_COR":" ","FT_BRT_CO1":" ","FT_BRT_CO2":" "}},{"type":"Feature","id":348,"geometry":{"type":"Point","coordinates":[-118.24754019514265,34.146463866476921]},"properties":{"OBJECTID":348,"CITY":"Glendale","STOP_NAME":"Broadway/Glendale (WB)","STOP_ID":" ","TRN_MODE":"BRT","TRN_LINE":"NoHo2Pas","SB79_TIER":"T2","HQTC_15M":" ","SOURCE":"LA Metro","NAME":"Tier 2","YEAR":2026,"ML_FREQ":0,"PS_FREQ":0,"CR_FREQ":0,"FT_BRT_COR":" ","FT_BRT_CO1":" ","FT_BRT_CO2":" "}},{"type":"Feature","id":349,"geometry":{"type":"Point","coordinates":[-118.23573119408344,34.146284867036485]},"properties":{"OBJECTID":349,"CITY":"Glendale","STOP_NAME":"Broadway/Verdugo (WB)","STOP_ID":" ","TRN_MODE":"BRT","TRN_LINE":"NoHo2Pas","SB79_TIER":"T2","HQTC_15M":" ","SOURCE":"LA Metro","NAME":"Tier 2","YEAR":2026,"ML_FREQ":0,"PS_FREQ":0,"CR_FREQ":0,"FT_BRT_COR":" ","FT_BRT_CO1":" ","FT_BRT_CO2":" "}},{"type":"Feature","id":350,"geometry":{"type":"Point","coordinates":[-118.22345819070092,34.142163867174013]},"properties":{"OBJECTID":350,"CITY":"Los Angeles","STOP_NAME":"Colorado/Broadway (EB)","STOP_ID":" ","TRN_MODE":"BRT","TRN_LINE":"NoHo2Pas","SB79_TIER":"T2","HQTC_15M":" ","SOURCE":"LA Metro","NAME":"Tier 2","YEAR":2026,"ML_FREQ":0,"PS_FREQ":0,"CR_FREQ":0,"FT_BRT_COR":" ","FT_BRT_CO1":" ","FT_BRT_CO2":" "}},{"type":"Feature","id":351,"geometry":{"type":"Point","coordinates":[-118.21261718917307,34.139153867629247]},"properties":{"OBJECTID":351,"CITY":"Los Angeles","STOP_NAME":"Colorado/Caspar (EB)","STOP_ID":" ","TRN_MODE":"BRT","TRN_LINE":"NoHo2Pas","SB79_TIER":"T2","HQTC_15M":" ","SOURCE":"LA Metro","NAME":"Tier 2","YEAR":2026,"ML_FREQ":0,"PS_FREQ":0,"CR_FREQ":0,"FT_BRT_COR":" ","FT_BRT_CO1":" ","FT_BRT_CO2":" "}},{"type":"Feature","id":352,"geometry":{"type":"Point","coordinates":[-118.20302718748948,34.139493867942249]},"properties":{"OBJECTID":352,"CITY":"Los Angeles","STOP_NAME":"Colorado/Mount Royal (WB)","STOP_ID":" ","TRN_MODE":"BRT","TRN_LINE":"NoHo2Pas","SB79_TIER":"T2","HQTC_15M":" ","SOURCE":"LA Metro","NAME":"Tier 2","YEAR":2026,"ML_FREQ":0,"PS_FREQ":0,"CR_FREQ":0,"FT_BRT_COR":" ","FT_BRT_CO1":" ","FT_BRT_CO2":" "}},{"type":"Feature","id":353,"geometry":{"type":"Point","coordinates":[-118.37601220993605,34.065364850344579]},"properties":{"OBJECTID":353,"CITY":"Beverly Hills","STOP_NAME":"Wilshire / La Cienega Station - Main Entrance","STOP_ID":"80231A","TRN_MODE":"HR","TRN_LINE":"D","SB79_TIER":"T1","HQTC_15M":" ","SOURCE":"GTFS (May 2026)","NAME":"Tier 1","YEAR":2026,"ML_FREQ":0,"PS_FREQ":0,"CR_FREQ":0,"FT_BRT_COR":" ","FT_BRT_CO1":" ","FT_BRT_CO2":" "}},{"type":"Feature","id":354,"geometry":{"type":"Point","coordinates":[-118.37592221048155,34.06537484977752]},"properties":{"OBJECTID":354,"CITY":"Beverly Hills","STOP_NAME":"Wilshire / La Cienega Station - Main Escalators","STOP_ID":"80231C","TRN_MODE":"HR","TRN_LINE":"D","SB79_TIER":"T1","HQTC_15M":" ","SOURCE":"GTFS (May 2026)","NAME":"Tier 1","YEAR":2026,"ML_FREQ":0,"PS_FREQ":0,"CR_FREQ":0,"FT_BRT_COR":" ","FT_BRT_CO1":" ","FT_BRT_CO2":" "}},{"type":"Feature","id":355,"geometry":{"type":"Point","coordinates":[-118.37578221053496,34.065274850114463]},"properties":{"OBJECTID":355,"CITY":"Beverly Hills","STOP_NAME":"Wilshire / La Cienega Station - Main Elevators","STOP_ID":"80231B","TRN_MODE":"HR","TRN_LINE":"D","SB79_TIER":"T1","HQTC_15M":" ","SOURCE":"GTFS (May 2026)","NAME":"Tier 1","YEAR":2026,"ML_FREQ":0,"PS_FREQ":0,"CR_FREQ":0,"FT_BRT_COR":" ","FT_BRT_CO1":" ","FT_BRT_CO2":" "}},{"type":"Feature","id":356,"geometry":{"type":"Point","coordinates":[-118.36044220759122,34.062724850105013]},"properties":{"OBJECTID":356,"CITY":"Los Angeles","STOP_NAME":"Wilshire / Fairfax Station - Main Entrance","STOP_ID":"80230A","TRN_MODE":"HR","TRN_LINE":"D","SB79_TIER":"T1","HQTC_15M":" ","SOURCE":"GTFS (May 2026)","NAME":"Tier 1","YEAR":2026,"ML_FREQ":0,"PS_FREQ":0,"CR_FREQ":0,"FT_BRT_COR":" ","FT_BRT_CO1":" ","FT_BRT_CO2":" "}},{"type":"Feature","id":357,"geometry":{"type":"Point","coordinates":[-118.36045220758719,34.062604850370434]},"properties":{"OBJECTID":357,"CITY":"Los Angeles","STOP_NAME":"Wilshire / Fairfax Station - Main Escalators","STOP_ID":"80230C","TRN_MODE":"HR","TRN_LINE":"D","SB79_TIER":"T1","HQTC_15M":" ","SOURCE":"GTFS (May 2026)","NAME":"Tier 1","YEAR":2026,"ML_FREQ":0,"PS_FREQ":0,"CR_FREQ":0,"FT_BRT_COR":" ","FT_BRT_CO1":" ","FT_BRT_CO2":" "}},{"type":"Feature","id":358,"geometry":{"type":"Point","coordinates":[-118.36029220734514,34.062524850152379]},"properties":{"OBJECTID":358,"CITY":"Los Angeles","STOP_NAME":"Wilshire / Fairfax Station - Main Elevators","STOP_ID":"80230B","TRN_MODE":"HR","TRN_LINE":"D","SB79_TIER":"T1","HQTC_15M":" ","SOURCE":"GTFS (May 2026)","NAME":"Tier 1","YEAR":2026,"ML_FREQ":0,"PS_FREQ":0,"CR_FREQ":0,"FT_BRT_COR":" ","FT_BRT_CO1":" ","FT_BRT_CO2":" "}},{"type":"Feature","id":359,"geometry":{"type":"Point","coordinates":[-118.34444220523969,34.062414851197339]},"properties":{"OBJECTID":359,"CITY":"Los Angeles","STOP_NAME":"Wilshire / La Brea Station - Main Elevators","STOP_ID":"80229B","TRN_MODE":"HR","TRN_LINE":"D","SB79_TIER":"T1","HQTC_15M":" ","SOURCE":"GTFS (May 2026)","NAME":"Tier 1","YEAR":2026,"ML_FREQ":0,"PS_FREQ":0,"CR_FREQ":0,"FT_BRT_COR":" ","FT_BRT_CO1":" ","FT_BRT_CO2":" "}},{"type":"Feature","id":360,"geometry":{"type":"Point","coordinates":[-118.34438220534963,34.062404851135561]},"properties":{"OBJECTID":360,"CITY":"Los Angeles","STOP_NAME":"Wilshire / La Brea Station - Main Entrance","STOP_ID":"80229A","TRN_MODE":"HR","TRN_LINE":"D","SB79_TIER":"T1","HQTC_15M":" ","SOURCE":"GTFS (May 2026)","NAME":"Tier 1","YEAR":2026,"ML_FREQ":0,"PS_FREQ":0,"CR_FREQ":0,"FT_BRT_COR":" ","FT_BRT_CO1":" ","FT_BRT_CO2":" "}},{"type":"Feature","id":361,"geometry":{"type":"Point","coordinates":[-118.34435220535978,34.06252485132039]},"properties":{"OBJECTID":361,"CITY":"Los Angeles","STOP_NAME":"Wilshire / La Brea Station - Main Escalators","STOP_ID":"80229C","TRN_MODE":"HR","TRN_LINE":"D","SB79_TIER":"T1","HQTC_15M":" ","SOURCE":"GTFS (May 2026)","NAME":"Tier 1","YEAR":2026,"ML_FREQ":0,"PS_FREQ":0,"CR_FREQ":0,"FT_BRT_COR":" ","FT_BRT_CO1":" ","FT_BRT_CO2":" "}},{"type":"Feature","id":362,"geometry":{"type":"Point","coordinates":[-118.08298214450456,33.860851844130167]},"properties":{"OBJECTID":362,"CITY":"Artesia","STOP_NAME":"Pioneer","STOP_ID":" ","TRN_MODE":"LR","TRN_LINE":"SE Gateway","SB79_TIER":"T2","HQTC_15M":" ","SOURCE":"LA Metro","NAME":"Tier 2","YEAR":2026,"ML_FREQ":0,"PS_FREQ":0,"CR_FREQ":0,"FT_BRT_COR":" ","FT_BRT_CO1":" ","FT_BRT_CO2":" "}},{"type":"Feature","id":363,"geometry":{"type":"Point","coordinates":[-118.49641222620195,34.012956837682694]},"properties":{"OBJECTID":363,"CITY":"Santa Monica","STOP_NAME":"Broadway / Ocean","STOP_ID":"14361","TRN_MODE":"FT_BUS_LN","TRN_LINE":"Metro 33","SB79_TIER":"T2","HQTC_15M":"MT-33-R[29|47]","SOURCE":"GTFS (March 2026)","NAME":"Tier 2","YEAR":2026,"ML_FREQ":0,"PS_FREQ":0,"CR_FREQ":0,"FT_BRT_COR":"Boradway","FT_BRT_CO1":"5th St to Ocean Ave","FT_BRT_CO2":"WB"}},{"type":"Feature","id":364,"geometry":{"type":"Point","coordinates":[-118.49501022604677,34.016526838198359]},"properties":{"OBJECTID":364,"CITY":"Santa Monica","STOP_NAME":"SANTA MONICA EB & 4TH FS","STOP_ID":"227","TRN_MODE":"FT_BUS_LN","TRN_LINE":"SM BBB 1 and 7","SB79_TIER":"T2","HQTC_15M":"SM-1-F[37|51]; SM-7-R[46|66]","SOURCE":"GTFS (March 2026)","NAME":"Tier 2","YEAR":2026,"ML_FREQ":0,"PS_FREQ":0,"CR_FREQ":0,"FT_BRT_COR":"Santa Monica Blvd","FT_BRT_CO1":"Ocean Ave to 5th St","FT_BRT_CO2":"EB"}},{"type":"Feature","id":365,"geometry":{"type":"Point","coordinates":[-118.49469222677355,34.016653837654978]},"properties":{"OBJECTID":365,"CITY":"Santa Monica","STOP_NAME":"Santa Monica / 4th","STOP_ID":"14360","TRN_MODE":"FT_BUS_LN","TRN_LINE":"Metro 20/720 and 4","SB79_TIER":"T2","HQTC_15M":"MT-20/720-R[43|76]; MT-4-F[28|65]","SOURCE":"GTFS (March 2026)","NAME":"Tier 2","YEAR":2026,"ML_FREQ":0,"PS_FREQ":0,"CR_FREQ":0,"FT_BRT_COR":"Santa Monica Blvd","FT_BRT_CO1":"Ocean Ave to 5th St","FT_BRT_CO2":"EB"}},{"type":"Feature","id":366,"geometry":{"type":"Point","coordinates":[-118.49613722665971,34.01547483758165]},"properties":{"OBJECTID":366,"CITY":"Santa Monica","STOP_NAME":"Santa Monica / 3rd St Promenade","STOP_ID":"3104","TRN_MODE":"FT_BUS_LN","TRN_LINE":"Metro 33 and 4","SB79_TIER":"T2","HQTC_15M":"MT-33-R[29|47]; MT-4-R[28|59]","SOURCE":"GTFS (March 2026)","NAME":"Tier 2","YEAR":2026,"ML_FREQ":0,"PS_FREQ":0,"CR_FREQ":0,"FT_BRT_COR":"Santa Monica Blvd","FT_BRT_CO1":"Ocean Ave to 5th St","FT_BRT_CO2":"EB"}},{"type":"Feature","id":367,"geometry":{"type":"Point","coordinates":[-118.19202315568893,33.76796182693041]},"properties":{"OBJECTID":367,"CITY":"Long Beach","STOP_NAME":"1st & Shelter E S","STOP_ID":"4009","TRN_MODE":"FT_BUS_LN","TRN_LINE":"LBT 91/92/93/94","SB79_TIER":"T2","HQTC_15M":"LB-91/92/93/94-F[37|51]; LB-91/92/93/94-R[37|47]","SOURCE":"GTFS (May 2026)","NAME":"Tier 2","YEAR":2026,"ML_FREQ":0,"PS_FREQ":0,"CR_FREQ":0,"FT_BRT_COR":"1st St","FT_BRT_CO1":"Pacific Ave to Long Beach Blvd","FT_BRT_CO2":"EB"}},{"type":"Feature","id":368,"geometry":{"type":"Point","coordinates":[-118.19130815535048,33.768001827290959]},"properties":{"OBJECTID":368,"CITY":"Long Beach","STOP_NAME":"1st & Shelter F S","STOP_ID":"4008","TRN_MODE":"FT_BUS_LN","TRN_LINE":"LBT 172/173/174","SB79_TIER":"T2","HQTC_15M":"LB-172/173/174-F[28|39]; LB-172/173/174-R[28|39]","SOURCE":"GTFS (May 2026)","NAME":"Tier 2","YEAR":2026,"ML_FREQ":0,"PS_FREQ":0,"CR_FREQ":0,"FT_BRT_COR":"1st St","FT_BRT_CO1":"Pacific Ave to Long Beach Blvd","FT_BRT_CO2":"EB"}},{"type":"Feature","id":369,"geometry":{"type":"Point","coordinates":[-118.19059615497613,33.768021827588342]},"properties":{"OBJECTID":369,"CITY":"Long Beach","STOP_NAME":"1st & Shelter G S","STOP_ID":"4011","TRN_MODE":"FT_BUS_LN","TRN_LINE":"LBT 51 and 61","SB79_TIER":"T2","HQTC_15M":"LB-51-R[28|36]; LB-61-F[30|38]; LB-61-R[32|40]","SOURCE":"GTFS (May 2026)","NAME":"Tier 2","YEAR":2026,"ML_FREQ":0,"PS_FREQ":0,"CR_FREQ":0,"FT_BRT_COR":"1st St","FT_BRT_CO1":"Pacific Ave to Long Beach Blvd","FT_BRT_CO2":"EB"}},{"type":"Feature","id":370,"geometry":{"type":"Point","coordinates":[-118.18974415470717,33.768024827196349]},"properties":{"OBJECTID":370,"CITY":"Long Beach","STOP_NAME":"1st & Shelter H S","STOP_ID":"4012","TRN_MODE":"FT_BUS_LN","TRN_LINE":"LBT 21/22","SB79_TIER":"T2","HQTC_15M":"LB-21/22-R[28|37]","SOURCE":"GTFS (May 2026)","NAME":"Tier 2","YEAR":2026,"ML_FREQ":0,"PS_FREQ":0,"CR_FREQ":0,"FT_BRT_COR":"1st St","FT_BRT_CO1":"Pacific Ave to Long Beach Blvd","FT_BRT_CO2":"EB"}},{"type":"Feature","id":371,"geometry":{"type":"Point","coordinates":[-118.1916531558801,33.768159827612806]},"properties":{"OBJECTID":371,"CITY":"Long Beach","STOP_NAME":"1st & Shelter C N","STOP_ID":"4003","TRN_MODE":"FT_BUS_LN","TRN_LINE":"LBT 191/192","SB79_TIER":"T2","HQTC_15M":"LB-191/192-F[28|38]; LB-191/192-R[28|39]","SOURCE":"GTFS (May 2026)","NAME":"Tier 2","YEAR":2026,"ML_FREQ":0,"PS_FREQ":0,"CR_FREQ":0,"FT_BRT_COR":"1st St","FT_BRT_CO1":"Long Beach Blvd to Pacific Ave","FT_BRT_CO2":"WB"}},{"type":"Feature","id":372,"geometry":{"type":"Point","coordinates":[-118.27426619022611,34.03083885164515]},"properties":{"OBJECTID":372,"CITY":"Los Angeles","STOP_NAME":"Figueroa St & 23rd St","STOP_ID":"4896687","TRN_MODE":"FT_BUS_LN","TRN_LINE":"Dash F","SB79_TIER":"T2","HQTC_15M":"LD-F-F[42|52]","SOURCE":"GTFS (March 2026)","NAME":"Tier 2","YEAR":2026,"ML_FREQ":0,"PS_FREQ":0,"CR_FREQ":0,"FT_BRT_COR":"Figueroa St","FT_BRT_CO1":"23rd St to Wilshire Blvd","FT_BRT_CO2":"NB"}},{"type":"Feature","id":373,"geometry":{"type":"Point","coordinates":[-118.2719001905311,34.034532852815374]},"properties":{"OBJECTID":373,"CITY":"Los Angeles","STOP_NAME":"Figueroa St & Washington Blvd","STOP_ID":"4896688","TRN_MODE":"FT_BUS_LN","TRN_LINE":"Dash F","SB79_TIER":"T2","HQTC_15M":"LD-F-F[42|52]","SOURCE":"GTFS (March 2026)","NAME":"Tier 2","YEAR":2026,"ML_FREQ":0,"PS_FREQ":0,"CR_FREQ":0,"FT_BRT_COR":"Figueroa St","FT_BRT_CO1":"23rd St to Wilshire Blvd","FT_BRT_CO2":"NB"}},{"type":"Feature","id":374,"geometry":{"type":"Point","coordinates":[-118.27009319087969,34.037342852670193]},"properties":{"OBJECTID":374,"CITY":"Los Angeles","STOP_NAME":"Figueroa St & Venice Blvd","STOP_ID":"4896689","TRN_MODE":"FT_BUS_LN","TRN_LINE":"Dash F","SB79_TIER":"T2","HQTC_15M":"LD-F-F[43|52]","SOURCE":"GTFS (March 2026)","NAME":"Tier 2","YEAR":2026,"ML_FREQ":0,"PS_FREQ":0,"CR_FREQ":0,"FT_BRT_COR":"Figueroa St","FT_BRT_CO1":"23rd St to Wilshire Blvd","FT_BRT_CO2":"NB"}},{"type":"Feature","id":375,"geometry":{"type":"Point","coordinates":[-118.26357519050018,34.045383853891117]},"properties":{"OBJECTID":375,"CITY":"Los Angeles","STOP_NAME":"Figueroa St & Olympic Blvd","STOP_ID":"4896691","TRN_MODE":"FT_BUS_LN","TRN_LINE":"Dash F","SB79_TIER":"T2","HQTC_15M":"LD-F-F[42|53]","SOURCE":"GTFS (March 2026)","NAME":"Tier 2","YEAR":2026,"ML_FREQ":0,"PS_FREQ":0,"CR_FREQ":0,"FT_BRT_COR":"Figueroa St","FT_BRT_CO1":"23rd St to Wilshire Blvd","FT_BRT_CO2":"NB"}},{"type":"Feature","id":376,"geometry":{"type":"Point","coordinates":[-118.2613761898058,34.047779854348789]},"properties":{"OBJECTID":376,"CITY":"Los Angeles","STOP_NAME":"Figueroa St & 8th St","STOP_ID":"4896692","TRN_MODE":"FT_BUS_LN","TRN_LINE":"Dash F","SB79_TIER":"T2","HQTC_15M":"LD-F-F[42|53]","SOURCE":"GTFS (March 2026)","NAME":"Tier 2","YEAR":2026,"ML_FREQ":0,"PS_FREQ":0,"CR_FREQ":0,"FT_BRT_COR":"Figueroa St","FT_BRT_CO1":"23rd St to Wilshire Blvd","FT_BRT_CO2":"NB"}},{"type":"Feature","id":377,"geometry":{"type":"Point","coordinates":[-118.25955718929291,34.049730854514912]},"properties":{"OBJECTID":377,"CITY":"Los Angeles","STOP_NAME":"Figueroa St & 7th St","STOP_ID":"4896846","TRN_MODE":"FT_BUS_LN","TRN_LINE":"Dash A and F","SB79_TIER":"T2","HQTC_15M":"LD-A-F[59|74]; LD-F-F[42|53]","SOURCE":"GTFS (March 2026)","NAME":"Tier 2","YEAR":2026,"ML_FREQ":0,"PS_FREQ":0,"CR_FREQ":0,"FT_BRT_COR":"Figueroa St","FT_BRT_CO1":"23rd St to Wilshire Blvd","FT_BRT_CO2":"NB"}},{"type":"Feature","id":378,"geometry":{"type":"Point","coordinates":[-118.24009318688778,34.057511857203131]},"properties":{"OBJECTID":378,"CITY":"Los Angeles","STOP_NAME":"Spring / Cesar E Chavez","STOP_ID":"3931","TRN_MODE":"FT_BUS_LN","TRN_LINE":"Metro 70 and 78","SB79_TIER":"T2","HQTC_15M":"MT-70-F[51|71]; MT-78-F[39|49]","SOURCE":"GTFS (March 2026)","NAME":"Tier 2","YEAR":2026,"ML_FREQ":0,"PS_FREQ":0,"CR_FREQ":0,"FT_BRT_COR":"Spring St","FT_BRT_CO1":"1st St to Cesar Chavez Ave","FT_BRT_CO2":"NB"}},{"type":"Feature","id":379,"geometry":{"type":"Point","coordinates":[-118.24271618748919,34.054703856523176]},"properties":{"OBJECTID":379,"CITY":"Los Angeles","STOP_NAME":"Spring / Temple","STOP_ID":"3935","TRN_MODE":"FT_BUS_LN","TRN_LINE":"Metro 78","SB79_TIER":"T2","HQTC_15M":"MT-78-F[39|49]","SOURCE":"GTFS (March 2026)","NAME":"Tier 2","YEAR":2026,"ML_FREQ":0,"PS_FREQ":0,"CR_FREQ":0,"FT_BRT_COR":"Spring St","FT_BRT_CO1":"1st St to Cesar Chavez Ave","FT_BRT_CO2":"NB"}},{"type":"Feature","id":380,"geometry":{"type":"Point","coordinates":[-118.27405419072321,34.030966852085072]},"properties":{"OBJECTID":380,"CITY":"Los Angeles","STOP_NAME":"Figueroa / 23rd","STOP_ID":"4994","TRN_MODE":"FT_BUS_LN","TRN_LINE":"Metro 910/950","SB79_TIER":"T2","HQTC_15M":"MT-910/950-F[74|63]","SOURCE":"GTFS (March 2026)","NAME":"Tier 2","YEAR":2026,"ML_FREQ":0,"PS_FREQ":0,"CR_FREQ":0,"FT_BRT_COR":"Figueroa St","FT_BRT_CO1":"23rd St to Wilshire Blvd","FT_BRT_CO2":"NB"}},{"type":"Feature","id":381,"geometry":{"type":"Point","coordinates":[-118.26366319004278,34.045135854368482]},"properties":{"OBJECTID":381,"CITY":"Los Angeles","STOP_NAME":"Figueroa / Olympic","STOP_ID":"5040","TRN_MODE":"FT_BUS_LN","TRN_LINE":"Metro 910/950 and 81","SB79_TIER":"T2","HQTC_15M":"MT-81-F[29|36]; MT-910/950-F[75|62]","SOURCE":"GTFS (March 2026)","NAME":"Tier 2","YEAR":2026,"ML_FREQ":0,"PS_FREQ":0,"CR_FREQ":0,"FT_BRT_COR":"Figueroa St","FT_BRT_CO1":"23rd St to Wilshire Blvd","FT_BRT_CO2":"NB"}},{"type":"Feature","id":382,"geometry":{"type":"Point","coordinates":[-118.26772919054761,34.040807853482576]},"properties":{"OBJECTID":382,"CITY":"Los Angeles","STOP_NAME":"Figueroa / Pico","STOP_ID":"5041","TRN_MODE":"FT_BUS_LN","TRN_LINE":"Metro 910/950","SB79_TIER":"T2","HQTC_15M":"MT-910/950-F[74|63]","SOURCE":"GTFS (March 2026)","NAME":"Tier 2","YEAR":2026,"ML_FREQ":0,"PS_FREQ":0,"CR_FREQ":0,"FT_BRT_COR":"Figueroa St","FT_BRT_CO1":"23rd St to Wilshire Blvd","FT_BRT_CO2":"NB"}},{"type":"Feature","id":383,"geometry":{"type":"Point","coordinates":[-118.27175219091063,34.034576852489003]},"properties":{"OBJECTID":383,"CITY":"Los Angeles","STOP_NAME":"Figueroa / Washington","STOP_ID":"5049","TRN_MODE":"FT_BUS_LN","TRN_LINE":"Metro 910/950","SB79_TIER":"T2","HQTC_15M":"MT-910/950-F[74|63]","SOURCE":"GTFS (March 2026)","NAME":"Tier 2","YEAR":2026,"ML_FREQ":0,"PS_FREQ":0,"CR_FREQ":0,"FT_BRT_COR":"Figueroa St","FT_BRT_CO1":"23rd St to Wilshire Blvd","FT_BRT_CO2":"NB"}},{"type":"Feature","id":384,"geometry":{"type":"Point","coordinates":[-118.46748023858004,34.227990862655005]},"properties":{"OBJECTID":384,"CITY":"Los Angeles","STOP_NAME":"Sepulveda / Parthenia","STOP_ID":"6153","TRN_MODE":"FT_BUS_LN","TRN_LINE":"Metro 234","SB79_TIER":"T2","HQTC_15M":"MT-234-F[41|55]","SOURCE":"GTFS (March 2026)","NAME":"Tier 2","YEAR":2026,"ML_FREQ":0,"PS_FREQ":0,"CR_FREQ":0,"FT_BRT_COR":"Sepulveda Blvd","FT_BRT_CO1":"Weddington St to Rayen St","FT_BRT_CO2":"NB"}},{"type":"Feature","id":385,"geometry":{"type":"Point","coordinates":[-118.46757023834027,34.22169786166706]},"properties":{"OBJECTID":385,"CITY":"Los Angeles","STOP_NAME":"Sepulveda / Roscoe","STOP_ID":"6158","TRN_MODE":"FT_BUS_LN","TRN_LINE":"Metro 234","SB79_TIER":"T2","HQTC_15M":"MT-234-F[41|55]","SOURCE":"GTFS (March 2026)","NAME":"Tier 2","YEAR":2026,"ML_FREQ":0,"PS_FREQ":0,"CR_FREQ":0,"FT_BRT_COR":"Sepulveda Blvd","FT_BRT_CO1":"Weddington St to Rayen St","FT_BRT_CO2":"NB"}},{"type":"Feature","id":386,"geometry":{"type":"Point","coordinates":[-118.46605023709392,34.208326860887162]},"properties":{"OBJECTID":386,"CITY":"Los Angeles","STOP_NAME":"Sepulveda / Saticoy","STOP_ID":"6160","TRN_MODE":"FT_BUS_LN","TRN_LINE":"Metro 234","SB79_TIER":"T2","HQTC_15M":"MT-234-F[40|56]","SOURCE":"GTFS (March 2026)","NAME":"Tier 2","YEAR":2026,"ML_FREQ":0,"PS_FREQ":0,"CR_FREQ":0,"FT_BRT_COR":"Sepulveda Blvd","FT_BRT_CO1":"Weddington St to Rayen St","FT_BRT_CO2":"NB"}},{"type":"Feature","id":387,"geometry":{"type":"Point","coordinates":[-118.4660452366164,34.201472859748776]},"properties":{"OBJECTID":387,"CITY":"Los Angeles","STOP_NAME":"Sepulveda / Sherman Way","STOP_ID":"6161","TRN_MODE":"FT_BUS_LN","TRN_LINE":"Metro 234","SB79_TIER":"T2","HQTC_15M":"MT-234-F[41|55]","SOURCE":"GTFS (March 2026)","NAME":"Tier 2","YEAR":2026,"ML_FREQ":0,"PS_FREQ":0,"CR_FREQ":0,"FT_BRT_COR":"Sepulveda Blvd","FT_BRT_CO1":"Weddington St to Rayen St","FT_BRT_CO2":"NB"}},{"type":"Feature","id":388,"geometry":{"type":"Point","coordinates":[-118.46601923266057,34.154294854786102]},"properties":{"OBJECTID":388,"CITY":"Los Angeles","STOP_NAME":"Sepulveda / Ventura","STOP_ID":"6168","TRN_MODE":"FT_BUS_LN","TRN_LINE":"Metro 234","SB79_TIER":"T2","HQTC_15M":"MT-234-F[40|56]; MT-234-R[41|54]","SOURCE":"GTFS (March 2026)","NAME":"Tier 2","YEAR":2026,"ML_FREQ":0,"PS_FREQ":0,"CR_FREQ":0,"FT_BRT_COR":"Sepulveda Blvd","FT_BRT_CO1":"Ventura Blvd to Weddington St","FT_BRT_CO2":"NB"}},{"type":"Feature","id":389,"geometry":{"type":"Point","coordinates":[-118.40667621154159,34.018636842858299]},"properties":{"OBJECTID":389,"CITY":"Los Angeles","STOP_NAME":"Venice / Overland","STOP_ID":"6939","TRN_MODE":"FT_BUS_LN","TRN_LINE":"Metro 33","SB79_TIER":"T2","HQTC_15M":"MT-33-F[54|78]","SOURCE":"GTFS (March 2026)","NAME":"Tier 2","YEAR":2026,"ML_FREQ":0,"PS_FREQ":0,"CR_FREQ":0,"FT_BRT_COR":"Venice Blvd","FT_BRT_CO1":"Tilden Ave to Culver Blvd","FT_BRT_CO2":"EB"}},{"type":"Feature","id":390,"geometry":{"type":"Point","coordinates":[-118.24347618769004,34.05389185601932]},"properties":{"OBJECTID":390,"CITY":"Los Angeles","STOP_NAME":"Spring / 1st - City Hall","STOP_ID":"11917","TRN_MODE":"FT_BUS_LN","TRN_LINE":"Metro 70 & 910/950","SB79_TIER":"T2","HQTC_15M":"MT-70-F[51|71]; MT-910/950-F[73|64]","SOURCE":"GTFS (March 2026)","NAME":"Tier 2","YEAR":2026,"ML_FREQ":0,"PS_FREQ":0,"CR_FREQ":0,"FT_BRT_COR":"Spring St","FT_BRT_CO1":"1st St to Cesar Chavez Ave","FT_BRT_CO2":"NB"}},{"type":"Feature","id":391,"geometry":{"type":"Point","coordinates":[-118.46781623974631,34.228420862320945]},"properties":{"OBJECTID":391,"CITY":"Los Angeles","STOP_NAME":"Sepulveda / Parthenia","STOP_ID":"14534","TRN_MODE":"FT_BUS_LN","TRN_LINE":"Metro 234","SB79_TIER":"T2","HQTC_15M":"MT-234-R[39|56]","SOURCE":"GTFS (March 2026)","NAME":"Tier 2","YEAR":2026,"ML_FREQ":0,"PS_FREQ":0,"CR_FREQ":0,"FT_BRT_COR":"Sepulveda Blvd","FT_BRT_CO1":"Rayen St to Weddington St","FT_BRT_CO2":"SB"}},{"type":"Feature","id":392,"geometry":{"type":"Point","coordinates":[-118.46635723757487,34.208187860169886]},"properties":{"OBJECTID":392,"CITY":"Los Angeles","STOP_NAME":"Sepulveda / Saticoy","STOP_ID":"14541","TRN_MODE":"FT_BUS_LN","TRN_LINE":"Metro 234","SB79_TIER":"T2","HQTC_15M":"MT-234-R[40|55]","SOURCE":"GTFS (March 2026)","NAME":"Tier 2","YEAR":2026,"ML_FREQ":0,"PS_FREQ":0,"CR_FREQ":0,"FT_BRT_COR":"Sepulveda Blvd","FT_BRT_CO1":"Rayen St to Weddington St","FT_BRT_CO2":"SB"}},{"type":"Feature","id":393,"geometry":{"type":"Point","coordinates":[-118.46633823595128,34.193665858910045]},"properties":{"OBJECTID":393,"CITY":"Los Angeles","STOP_NAME":"Sepulveda / Vanowen","STOP_ID":"14547","TRN_MODE":"FT_BUS_LN","TRN_LINE":"Metro 234","SB79_TIER":"T2","HQTC_15M":"MT-234-R[41|54]","SOURCE":"GTFS (March 2026)","NAME":"Tier 2","YEAR":2026,"ML_FREQ":0,"PS_FREQ":0,"CR_FREQ":0,"FT_BRT_COR":"Sepulveda Blvd","FT_BRT_CO1":"Rayen St to Weddington St","FT_BRT_CO2":"SB"}},{"type":"Feature","id":394,"geometry":{"type":"Point","coordinates":[-118.40721821152816,34.018818843361579]},"properties":{"OBJECTID":394,"CITY":"Los Angeles","STOP_NAME":"Venice / Overland","STOP_ID":"15292","TRN_MODE":"FT_BUS_LN","TRN_LINE":"Metro 33","SB79_TIER":"T2","HQTC_15M":"MT-33-R[55|74]","SOURCE":"GTFS (March 2026)","NAME":"Tier 2","YEAR":2026,"ML_FREQ":0,"PS_FREQ":0,"CR_FREQ":0,"FT_BRT_COR":"Venice Blvd","FT_BRT_CO1":"Culver Blvd toTilden Ave","FT_BRT_CO2":"WB"}},{"type":"Feature","id":395,"geometry":{"type":"Point","coordinates":[-118.46603023510723,34.187074858426733]},"properties":{"OBJECTID":395,"CITY":"Los Angeles","STOP_NAME":"Sepulveda / Victory","STOP_ID":"23403","TRN_MODE":"FT_BUS_LN","TRN_LINE":"Metro 234","SB79_TIER":"T2","HQTC_15M":"MT-234-F[41|55]","SOURCE":"GTFS (March 2026)","NAME":"Tier 2","YEAR":2026,"ML_FREQ":0,"PS_FREQ":0,"CR_FREQ":0,"FT_BRT_COR":"Sepulveda Blvd","FT_BRT_CO1":"Weddington St to Rayen St","FT_BRT_CO2":"NB"}},{"type":"Feature","id":396,"geometry":{"type":"Point","coordinates":[-118.46634323554008,34.186248857710112]},"properties":{"OBJECTID":396,"CITY":"Los Angeles","STOP_NAME":"Sepulveda / Victory","STOP_ID":"23404","TRN_MODE":"FT_BUS_LN","TRN_LINE":"Metro 234","SB79_TIER":"T2","HQTC_15M":"MT-234-R[41|54]","SOURCE":"GTFS (March 2026)","NAME":"Tier 2","YEAR":2026,"ML_FREQ":0,"PS_FREQ":0,"CR_FREQ":0,"FT_BRT_COR":"Sepulveda Blvd","FT_BRT_CO1":"Rayen St to Weddington St","FT_BRT_CO2":"SB"}},{"type":"Feature","id":397,"geometry":{"type":"Point","coordinates":[-118.466037236178,34.193666858745559]},"properties":{"OBJECTID":397,"CITY":"Los Angeles","STOP_NAME":"Sepulveda / Vanowen","STOP_ID":"23405","TRN_MODE":"FT_BUS_LN","TRN_LINE":"Metro 234","SB79_TIER":"T2","HQTC_15M":"MT-234-F[41|55]","SOURCE":"GTFS (March 2026)","NAME":"Tier 2","YEAR":2026,"ML_FREQ":0,"PS_FREQ":0,"CR_FREQ":0,"FT_BRT_COR":"Sepulveda Blvd","FT_BRT_CO1":"Weddington St to Rayen St","FT_BRT_CO2":"NB"}},{"type":"Feature","id":398,"geometry":{"type":"Point","coordinates":[-118.46634523634866,34.200784859257752]},"properties":{"OBJECTID":398,"CITY":"Los Angeles","STOP_NAME":"Sepulveda / Sherman Way","STOP_ID":"23406","TRN_MODE":"FT_BUS_LN","TRN_LINE":"Metro 234","SB79_TIER":"T2","HQTC_15M":"MT-234-R[40|55]","SOURCE":"GTFS (March 2026)","NAME":"Tier 2","YEAR":2026,"ML_FREQ":0,"PS_FREQ":0,"CR_FREQ":0,"FT_BRT_COR":"Sepulveda Blvd","FT_BRT_CO1":"Rayen St to Weddington St","FT_BRT_CO2":"SB"}},{"type":"Feature","id":399,"geometry":{"type":"Point","coordinates":[-118.46785123873707,34.221003861394969]},"properties":{"OBJECTID":399,"CITY":"Los Angeles","STOP_NAME":"Sepulveda / Roscoe","STOP_ID":"23408","TRN_MODE":"FT_BUS_LN","TRN_LINE":"Metro 234","SB79_TIER":"T2","HQTC_15M":"MT-234-R[40|55]","SOURCE":"GTFS (March 2026)","NAME":"Tier 2","YEAR":2026,"ML_FREQ":0,"PS_FREQ":0,"CR_FREQ":0,"FT_BRT_COR":"Sepulveda Blvd","FT_BRT_CO1":"Rayen St to Weddington St","FT_BRT_CO2":"SB"}},{"type":"Feature","id":400,"geometry":{"type":"Point","coordinates":[-118.25961619005082,34.049477855117331]},"properties":{"OBJECTID":400,"CITY":"Los Angeles","STOP_NAME":"Figueroa / 7th","STOP_ID":"65300042","TRN_MODE":"FT_BUS_LN","TRN_LINE":"Metro 910/950","SB79_TIER":"T2","HQTC_15M":"MT-910/950-F[75|62]","SOURCE":"GTFS (March 2026)","NAME":"Tier 2","YEAR":2026,"ML_FREQ":0,"PS_FREQ":0,"CR_FREQ":0,"FT_BRT_COR":"Figueroa St","FT_BRT_CO1":"23rd St to Wilshire Blvd","FT_BRT_CO2":"NB"}},{"type":"Feature","id":401,"geometry":{"type":"Point","coordinates":[-118.40644021145236,34.018890843359529]},"properties":{"OBJECTID":401,"CITY":"Los Angeles","STOP_NAME":"VENICE EB & OVERLAND FS","STOP_ID":"1541","TRN_MODE":"FT_BUS_LN","TRN_LINE":"SM BBB Rapid 12","SB79_TIER":"T2","HQTC_15M":"SM-R12-R[33|47]","SOURCE":"GTFS (March 2026)","NAME":"Tier 2","YEAR":2026,"ML_FREQ":0,"PS_FREQ":0,"CR_FREQ":0,"FT_BRT_COR":"Venice Blvd","FT_BRT_CO1":"Tilden Ave to Culver Blvd","FT_BRT_CO2":"EB"}},{"type":"Feature","id":402,"geometry":{"type":"Point","coordinates":[-118.23352518550075,34.055733857345835]},"properties":{"OBJECTID":402,"CITY":"Los Angeles","STOP_NAME":"L.A. Union Station","STOP_ID":"107","TRN_MODE":"CR","TRN_LINE":"All","SB79_TIER":"T1","HQTC_15M":" ","SOURCE":"GTFS (March 2026)","NAME":"Tier 1 (Commuter Rail)","YEAR":2026,"ML_FREQ":146,"PS_FREQ":24,"CR_FREQ":170,"FT_BRT_COR":" ","FT_BRT_CO1":" ","FT_BRT_CO2":" "}},{"type":"Feature","id":403,"geometry":{"type":"Point","coordinates":[-118.31287820914042,34.178948866031803]},"properties":{"OBJECTID":403,"CITY":"Burbank","STOP_NAME":"Burbank - Downtown","STOP_ID":"102","TRN_MODE":"CR","TRN_LINE":"AV; VC; PS","SB79_TIER":"T2","HQTC_15M":" ","SOURCE":"GTFS (March 2026)","NAME":"Tier 2 (Commuter Rail)","YEAR":2026,"ML_FREQ":52,"PS_FREQ":4,"CR_FREQ":56,"FT_BRT_COR":" ","FT_BRT_CO1":" ","FT_BRT_CO2":" "}},{"type":"Feature","id":404,"geometry":{"type":"Point","coordinates":[-118.25893819541483,34.123345863298027]},"properties":{"OBJECTID":404,"CITY":"Glendale","STOP_NAME":"Glendale","STOP_ID":"106","TRN_MODE":"CR","TRN_LINE":"AV; VC; PS","SB79_TIER":"T2","HQTC_15M":" ","SOURCE":"GTFS (March 2026)","NAME":"Tier 2 (Commuter Rail)","YEAR":2026,"ML_FREQ":52,"PS_FREQ":10,"CR_FREQ":62,"FT_BRT_COR":" ","FT_BRT_CO1":" ","FT_BRT_CO2":" "}},{"type":"Feature","id":405,"geometry":{"type":"Point","coordinates":[-118.1680121755582,34.062810417251406]},"properties":{"OBJECTID":405,"CITY":"Los Angeles","STOP_NAME":"Cal State LA","STOP_ID":"115","TRN_MODE":"CR","TRN_LINE":"SB","SB79_TIER":"T2","HQTC_15M":" ","SOURCE":"Metrolink Oct. 2024","NAME":"Tier 2 (Commuter Rail)","YEAR":2026,"ML_FREQ":48,"PS_FREQ":0,"CR_FREQ":48,"FT_BRT_COR":" ","FT_BRT_CO1":" ","FT_BRT_CO2":" "}},{"type":"Feature","id":406,"geometry":{"type":"Point","coordinates":[-117.88890513073508,34.092144880357139]},"properties":{"OBJECTID":406,"CITY":"Covina","STOP_NAME":"Covina","STOP_ID":"104","TRN_MODE":"CR","TRN_LINE":"SB","SB79_TIER":"T2","HQTC_15M":" ","SOURCE":"Metrolink Oct. 2024","NAME":"Tier 2 (Commuter Rail)","YEAR":2026,"ML_FREQ":48,"PS_FREQ":0,"CR_FREQ":48,"FT_BRT_COR":" ","FT_BRT_CO1":" ","FT_BRT_CO2":" "}}]}